<annotation verified="no"><folder>images</folder><filename>02640d9da</filename><path>/home/badhon/Documents/thesis/final_dataset/ethz_1/images/02640d9da.jpg</path><source><database>Unknown</database></source><size><width>1024</width><height>1024</height><depth>3</depth></size><segmented>0</segmented><object><type>robndbox</type><name>wheat_head</name><pose>Unspecified</pose><truncated>0</truncated><difficult>0</difficult><robndbox><cx>689.2435</cx><cy>310.6336</cy><w>60.5196</w><h>31.1133</h><angle>0.975116</angle></robndbox></object><object><type>robndbox</type><name>wheat_head</name><pose>Unspecified</pose><truncated>0</truncated><difficult>0</difficult><robndbox><cx>575.3801</cx><cy>931.5038</cy><w>141.6037</w><h>38.792</h><angle>0.929705</angle></robndbox></object><object><type>robndbox</type><name>wheat_head</name><pose>Unspecified</pose><truncated>0</truncated><difficult>0</difficult><robndbox><cx>327.2016</cx><cy>933.8063</cy><w>120.2356</w><h>42.8111</h><angle>0.375266</angle></robndbox></object><object><type>robndbox</type><name>wheat_head</name><pose>Unspecified</pose><truncated>0</truncated><difficult>0</difficult><robndbox><cx>783.9427</cx><cy>959.2516</cy><w>93.9418</w><h>38.1738</h><angle>0.56249</angle></robndbox></object><object><type>robndbox</type><name>wheat_head</name><pose>Unspecified</pose><truncated>0</truncated><difficult>0</difficult><robndbox><cx>446.8559</cx><cy>58.0956</cy><w>86.1387</w><h>33.3188</h><angle>0.922575</angle></robndbox></object><object><type>robndbox</type><name>wheat_head</name><pose>Unspecified</pose><truncated>0</truncated><difficult>0</difficult><robndbox><cx>104.1218</cx><cy>633.1392</cy><w>64.3706</w><h>39.6642</h><angle>0.886094</angle></robndbox></object><object><type>robndbox</type><name>wheat_head</name><pose>Unspecified</pose><truncated>0</truncated><difficult>0</difficult><robndbox><cx>843.2288</cx><cy>646.6601</cy><w>75.5906</w><h>25.0656</h><angle>0.766763</angle></robndbox></object><object><type>robndbox</type><name>wheat_head</name><pose>Unspecified</pose><truncated>0</truncated><difficult>0</difficult><robndbox><cx>101.2532</cx><cy>926.8939</cy><w>118.3502</w><h>41.3193</h><angle>0.532546</angle></robndbox></object><object><type>robndbox</type><name>wheat_head</name><pose>Unspecified</pose><truncated>0</truncated><difficult>0</difficult><robndbox><cx>793.7067</cx><cy>110.9181</cy><w>84.6924</w><h>37.6563</h><angle>0.731749</angle></robndbox></object><object><type>robndbox</type><name>wheat_head</name><pose>Unspecified</pose><truncated>0</truncated><difficult>0</difficult><robndbox><cx>916.9733</cx><cy>559.481</cy><w>99.7969</w><h>40.1301</h><angle>0.939328</angle></robndbox></object><object><type>robndbox</type><name>wheat_head</name><pose>Unspecified</pose><truncated>0</truncated><difficult>0</difficult><robndbox><cx>210.2649</cx><cy>734.353</cy><w>64.3753</w><h>34.3468</h><angle>1.065956</angle></robndbox></object><object><type>robndbox</type><name>wheat_head</name><pose>Unspecified</pose><truncated>0</truncated><difficult>0</difficult><robndbox><cx>193.2956</cx><cy>236.9162</cy><w>43.9494</w><h>35.5748</h><angle>2.804185</angle></robndbox></object><object><type>robndbox</type><name>wheat_head</name><pose>Unspecified</pose><truncated>0</truncated><difficult>0</difficult><robndbox><cx>930.7142</cx><cy>180.1604</cy><w>57.2252</w><h>34.8772</h><angle>1.027351</angle></robndbox></object><object><type>robndbox</type><name>wheat_head</name><pose>Unspecified</pose><truncated>0</truncated><difficult>0</difficult><robndbox><cx>337.4284</cx><cy>341.0703</cy><w>108.7638</w><h>40.941</h><angle>1.920764</angle></robndbox></object><object><type>robndbox</type><name>wheat_head</name><pose>Unspecified</pose><truncated>0</truncated><difficult>0</difficult><robndbox><cx>749.8247</cx><cy>637.4577</cy><w>147.9386</w><h>36.138</h><angle>0.369662</angle></robndbox></object><object><type>robndbox</type><name>wheat_head</name><pose>Unspecified</pose><truncated>0</truncated><difficult>0</difficult><robndbox><cx>457.4575</cx><cy>311.6813</cy><w>89.6366</w><h>30.354</h><angle>0.876028</angle></robndbox></object><object><type>robndbox</type><name>wheat_head</name><pose>Unspecified</pose><truncated>0</truncated><difficult>0</difficult><robndbox><cx>333.5542</cx><cy>148.7378</cy><w>71.6489</w><h>26.5629</h><angle>1.047963</angle></robndbox></object><object><type>robndbox</type><name>wheat_head</name><pose>Unspecified</pose><truncated>0</truncated><difficult>0</difficult><robndbox><cx>654.5299</cx><cy>142.6873</cy><w>127.033</w><h>35.1747</h><angle>0.659129</angle></robndbox></object><object><type>robndbox</type><name>wheat_head</name><pose>Unspecified</pose><truncated>0</truncated><difficult>0</difficult><robndbox><cx>342.7216</cx><cy>197.2776</cy><w>78.5358</w><h>33.2055</h><angle>0.947963</angle></robndbox></object><object><type>robndbox</type><name>wheat_head</name><pose>Unspecified</pose><truncated>0</truncated><difficult>0</difficult><robndbox><cx>18.5892</cx><cy>247.5018</cy><w>44.5009</w><h>30.2505</h><angle>0.991743</angle></robndbox></object><object><type>robndbox</type><name>wheat_head</name><pose>Unspecified</pose><truncated>0</truncated><difficult>0</difficult><robndbox><cx>566.5746</cx><cy>534.0939</cy><w>124.6898</w><h>36.4273</h><angle>0.779019</angle></robndbox></object><object><type>robndbox</type><name>wheat_head</name><pose>Unspecified</pose><truncated>0</truncated><difficult>0</difficult><robndbox><cx>152.6431</cx><cy>997.0375</cy><w>84.1325</w><h>37.2894</h><angle>0.265589</angle></robndbox></object><object><type>robndbox</type><name>wheat_head</name><pose>Unspecified</pose><truncated>0</truncated><difficult>0</difficult><robndbox><cx>848.0381</cx><cy>987.4139</cy><w>46.6512</w><h>28.6693</h><angle>1.18439</angle></robndbox></object><object><type>robndbox</type><name>wheat_head</name><pose>Unspecified</pose><truncated>0</truncated><difficult>0</difficult><robndbox><cx>971.4952</cx><cy>921.8149</cy><w>100.7603</w><h>35.3752</h><angle>0.410445</angle></robndbox></object><object><type>robndbox</type><name>wheat_head</name><pose>Unspecified</pose><truncated>0</truncated><difficult>0</difficult><robndbox><cx>262.0278</cx><cy>966.2263</cy><w>83.8375</w><h>34.0759</h><angle>0.726042</angle></robndbox></object><object><type>robndbox</type><name>wheat_head</name><pose>Unspecified</pose><truncated>0</truncated><difficult>0</difficult><robndbox><cx>962.702</cx><cy>309.2732</cy><w>113.8976</w><h>41.3448</h><angle>0.213147</angle></robndbox></object><object><type>robndbox</type><name>wheat_head</name><pose>Unspecified</pose><truncated>0</truncated><difficult>0</difficult><robndbox><cx>432.8893</cx><cy>641.1413</cy><w>54.9507</w><h>32.0047</h><angle>0.972463</angle></robndbox></object><object><type>robndbox</type><name>wheat_head</name><pose>Unspecified</pose><truncated>0</truncated><difficult>0</difficult><robndbox><cx>996.9084</cx><cy>985.2298</cy><w>50.9066</w><h>33.0294</h><angle>0.518991</angle></robndbox></object><object><type>robndbox</type><name>wheat_head</name><pose>Unspecified</pose><truncated>0</truncated><difficult>0</difficult><robndbox><cx>208.5113</cx><cy>908.5079</cy><w>60.1038</w><h>27.2526</h><angle>0.626042</angle></robndbox></object><object><type>robndbox</type><name>wheat_head</name><pose>Unspecified</pose><truncated>0</truncated><difficult>0</difficult><robndbox><cx>512.6173</cx><cy>363.9919</cy><w>54.9469</w><h>36.0321</h><angle>0.944316</angle></robndbox></object><object><type>robndbox</type><name>wheat_head</name><pose>Unspecified</pose><truncated>0</truncated><difficult>0</difficult><robndbox><cx>90.4798</cx><cy>266.5697</cy><w>67.2592</w><h>36.1127</h><angle>1.353671</angle></robndbox></object><object><type>robndbox</type><name>wheat_head</name><pose>Unspecified</pose><truncated>0</truncated><difficult>0</difficult><robndbox><cx>376.7304</cx><cy>836.4202</cy><w>72.7803</w><h>42.7419</h><angle>0.297455</angle></robndbox></object><object><type>robndbox</type><name>wheat_head</name><pose>Unspecified</pose><truncated>0</truncated><difficult>0</difficult><robndbox><cx>324.0302</cx><cy>9.4628</cy><w>58.3607</w><h>29.4641</h><angle>0.137734</angle></robndbox></object><object><type>robndbox</type><name>wheat_head</name><pose>Unspecified</pose><truncated>0</truncated><difficult>0</difficult><robndbox><cx>836.0348</cx><cy>924.7504</cy><w>60.4278</w><h>37.7185</h><angle>2.903453</angle></robndbox></object><object><type>robndbox</type><name>wheat_head</name><pose>Unspecified</pose><truncated>0</truncated><difficult>0</difficult><robndbox><cx>486.029</cx><cy>760.1566</cy><w>61.1371</w><h>32.994</h><angle>0.787319</angle></robndbox></object><object><type>robndbox</type><name>wheat_head</name><pose>Unspecified</pose><truncated>0</truncated><difficult>0</difficult><robndbox><cx>109.0056</cx><cy>722.5673</cy><w>129.4237</w><h>21.9112</h><angle>0.24442</angle></robndbox></object><object><type>robndbox</type><name>wheat_head</name><pose>Unspecified</pose><truncated>0</truncated><difficult>0</difficult><robndbox><cx>695.4903</cx><cy>723.4679</cy><w>66.4036</w><h>36.4924</h><angle>0.522917</angle></robndbox></object><object><type>robndbox</type><name>wheat_head</name><pose>Unspecified</pose><truncated>0</truncated><difficult>0</difficult><robndbox><cx>828.4924</cx><cy>714.9445</cy><w>51.8018</w><h>37.7517</h><angle>0.788494</angle></robndbox></object><object><type>robndbox</type><name>wheat_head</name><pose>Unspecified</pose><truncated>0</truncated><difficult>0</difficult><robndbox><cx>642.3683</cx><cy>711.5305</cy><w>122.4815</w><h>34.4358</h><angle>1.208386</angle></robndbox></object><object><type>robndbox</type><name>wheat_head</name><pose>Unspecified</pose><truncated>0</truncated><difficult>0</difficult><robndbox><cx>124.9925</cx><cy>507.2302</cy><w>50.3676</w><h>32.6174</h><angle>0.704342</angle></robndbox></object><object><type>robndbox</type><name>wheat_head</name><pose>Unspecified</pose><truncated>0</truncated><difficult>0</difficult><robndbox><cx>423.6925</cx><cy>258.5459</cy><w>49.883</w><h>31.3268</h><angle>0.571324</angle></robndbox></object><object><type>robndbox</type><name>wheat_head</name><pose>Unspecified</pose><truncated>0</truncated><difficult>0</difficult><robndbox><cx>212.8358</cx><cy>418.6711</cy><w>49.3229</w><h>32.8983</h><angle>0.710781</angle></robndbox></object><object><type>robndbox</type><name>wheat_head</name><pose>Unspecified</pose><truncated>0</truncated><difficult>0</difficult><robndbox><cx>103.1991</cx><cy>129.4739</cy><w>68.1734</w><h>41.5842</h><angle>0.329275</angle></robndbox></object><object><type>robndbox</type><name>wheat_head</name><pose>Unspecified</pose><truncated>0</truncated><difficult>0</difficult><robndbox><cx>70.7156</cx><cy>538.8135</cy><w>44.2856</w><h>32.7974</h><angle>0.708425</angle></robndbox></object><object><type>robndbox</type><name>wheat_head</name><pose>Unspecified</pose><truncated>0</truncated><difficult>0</difficult><robndbox><cx>447.7181</cx><cy>164.5582</cy><w>48.401</w><h>34.0659</h><angle>2.963678</angle></robndbox></object><object><type>robndbox</type><name>wheat_head</name><pose>Unspecified</pose><truncated>0</truncated><difficult>0</difficult><robndbox><cx>279.316</cx><cy>801.9346</cy><w>69.761</w><h>34.6662</h><angle>0.108903</angle></robndbox></object><object><type>robndbox</type><name>wheat_head</name><pose>Unspecified</pose><truncated>0</truncated><difficult>0</difficult><robndbox><cx>515.0138</cx><cy>1008.6963</cy><w>78.3887</w><h>24.4056</h><angle>0.024844</angle></robndbox></object><object><type>robndbox</type><name>wheat_head</name><pose>Unspecified</pose><truncated>0</truncated><difficult>0</difficult><robndbox><cx>212.1423</cx><cy>51.5379</cy><w>115.5092</w><h>35.2136</h><angle>0.268929</angle></robndbox></object><object><type>robndbox</type><name>wheat_head</name><pose>Unspecified</pose><truncated>0</truncated><difficult>0</difficult><robndbox><cx>762.7529</cx><cy>606.176</cy><w>102.3541</w><h>36.901</h><angle>0.378448</angle></robndbox></object><object><type>robndbox</type><name>wheat_head</name><pose>Unspecified</pose><truncated>0</truncated><difficult>0</difficult><robndbox><cx>884.6131</cx><cy>76.8447</cy><w>41.576</w><h>22.8545</h><angle>0.629951</angle></robndbox></object><object><type>robndbox</type><name>wheat_head</name><pose>Unspecified</pose><truncated>0</truncated><difficult>0</difficult><robndbox><cx>769.4335</cx><cy>242.7791</cy><w>54.3925</w><h>34.9244</h><angle>1.200582</angle></robndbox></object><object><type>robndbox</type><name>wheat_head</name><pose>Unspecified</pose><truncated>0</truncated><difficult>0</difficult><robndbox><cx>164.1972</cx><cy>129.3209</cy><w>54.813</w><h>35.6198</h><angle>0.534027</angle></robndbox></object><object><type>robndbox</type><name>wheat_head</name><pose>Unspecified</pose><truncated>0</truncated><difficult>0</difficult><robndbox><cx>717.3376</cx><cy>1000.7273</cy><w>36.3602</w><h>29.5285</h><angle>3.115611</angle></robndbox></object><object><type>robndbox</type><name>wheat_head</name><pose>Unspecified</pose><truncated>0</truncated><difficult>0</difficult><robndbox><cx>994.5975</cx><cy>724.2672</cy><w>40.3778</w><h>33.4341</h><angle>0.403818</angle></robndbox></object><object><type>robndbox</type><name>wheat_head</name><pose>Unspecified</pose><truncated>0</truncated><difficult>0</difficult><robndbox><cx>1001.4053</cx><cy>121.5533</cy><w>41.5396</w><h>35.7858</h><angle>0.495336</angle></robndbox></object><object><type>robndbox</type><name>wheat_head</name><pose>Unspecified</pose><truncated>0</truncated><difficult>0</difficult><robndbox><cx>1003.2762</cx><cy>826.4009</cy><w>37.7794</w><h>31.1829</h><angle>0.374218</angle></robndbox></object><object><type>robndbox</type><name>wheat_head</name><pose>Unspecified</pose><truncated>0</truncated><difficult>0</difficult><robndbox><cx>1010.2371</cx><cy>685.7332</cy><w>41.2084</w><h>28.1293</h><angle>1.728647</angle></robndbox></object><object><type>robndbox</type><name>wheat_head</name><pose>Unspecified</pose><truncated>0</truncated><difficult>0</difficult><robndbox><cx>160.4556</cx><cy>254.3098</cy><w>103.1976</w><h>32.9205</h><angle>0.542592</angle></robndbox></object><object><type>robndbox</type><name>wheat_head</name><pose>Unspecified</pose><truncated>0</truncated><difficult>0</difficult><robndbox><cx>96.5056</cx><cy>743.5673</cy><w>96.9159</w><h>36.2026</h><angle>0.24442</angle></robndbox></object><object><type>robndbox</type><name>wheat_head</name><pose>Unspecified</pose><truncated>0</truncated><difficult>0</difficult><robndbox><cx>585.243</cx><cy>691.2811</cy><w>67.4835</w><h>26.1683</h><angle>0.637718</angle></robndbox></object><object><type>robndbox</type><name>wheat_head</name><pose>Unspecified</pose><truncated>0</truncated><difficult>0</difficult><robndbox><cx>587.4479</cx><cy>258.958</cy><w>52.9697</w><h>24.1623</h><angle>0.597062</angle></robndbox></object><object><type>robndbox</type><name>wheat_head</name><pose>Unspecified</pose><truncated>0</truncated><difficult>0</difficult><robndbox><cx>1009.3566</cx><cy>590.4349</cy><w>38.6333</w><h>30.1247</h><angle>1.444276</angle></robndbox></object><object><type>robndbox</type><name>wheat_head</name><pose>Unspecified</pose><truncated>0</truncated><difficult>0</difficult><robndbox><cx>531.8699</cx><cy>669.46</cy><w>117.612</w><h>26.6543</h><angle>0.681541</angle></robndbox></object><object><type>robndbox</type><name>wheat_head</name><pose>Unspecified</pose><truncated>0</truncated><difficult>0</difficult><robndbox><cx>153.2671</cx><cy>15.9883</cy><w>30.4795</w><h>29.5683</h><angle>0.855053</angle></robndbox></object><object><type>robndbox</type><name>wheat_head</name><pose>Unspecified</pose><truncated>0</truncated><difficult>0</difficult><robndbox><cx>694.7067</cx><cy>765.8104</cy><w>45.9674</w><h>24.8301</h><angle>0.800782</angle></robndbox></object></annotation>