<annotation verified="no"><folder>images</folder><filename>04981ca30</filename><path>/home/badhon/Documents/thesis/final_dataset/ethz_1/images/04981ca30.jpg</path><source><database>Unknown</database></source><size><width>1024</width><height>1024</height><depth>3</depth></size><segmented>0</segmented><object><type>robndbox</type><name>wheat_head</name><pose>Unspecified</pose><truncated>0</truncated><difficult>0</difficult><robndbox><cx>215.24</cx><cy>33.2483</cy><w>104.9163</w><h>38.5401</h><angle>0.65598</angle></robndbox></object><object><type>robndbox</type><name>wheat_head</name><pose>Unspecified</pose><truncated>0</truncated><difficult>0</difficult><robndbox><cx>53.8959</cx><cy>437.6443</cy><w>91.4475</w><h>30.7672</h><angle>0.903212</angle></robndbox></object><object><type>robndbox</type><name>wheat_head</name><pose>Unspecified</pose><truncated>0</truncated><difficult>0</difficult><robndbox><cx>728.479</cx><cy>738.3243</cy><w>120.8558</w><h>40.0613</h><angle>0.646883</angle></robndbox></object><object><type>robndbox</type><name>wheat_head</name><pose>Unspecified</pose><truncated>0</truncated><difficult>0</difficult><robndbox><cx>729.833</cx><cy>573.7788</cy><w>64.0068</w><h>31.8543</h><angle>0.695505</angle></robndbox></object><object><type>robndbox</type><name>wheat_head</name><pose>Unspecified</pose><truncated>0</truncated><difficult>0</difficult><robndbox><cx>78.653</cx><cy>280.6838</cy><w>139.9963</w><h>39.8703</h><angle>0.249628</angle></robndbox></object><object><type>robndbox</type><name>wheat_head</name><pose>Unspecified</pose><truncated>0</truncated><difficult>0</difficult><robndbox><cx>329.0521</cx><cy>802.6498</cy><w>79.1107</w><h>34.134</h><angle>0.273731</angle></robndbox></object><object><type>robndbox</type><name>wheat_head</name><pose>Unspecified</pose><truncated>0</truncated><difficult>0</difficult><robndbox><cx>992.2484</cx><cy>183.966</cy><w>63.9264</w><h>28.7009</h><angle>1.047977</angle></robndbox></object><object><type>robndbox</type><name>wheat_head</name><pose>Unspecified</pose><truncated>0</truncated><difficult>0</difficult><robndbox><cx>853.4679</cx><cy>940.353</cy><w>114.2764</w><h>37.3191</h><angle>2.793336</angle></robndbox></object><object><type>robndbox</type><name>wheat_head</name><pose>Unspecified</pose><truncated>0</truncated><difficult>0</difficult><robndbox><cx>264.44</cx><cy>740.3609</cy><w>129.3845</w><h>41.0693</h><angle>0.354884</angle></robndbox></object><object><type>robndbox</type><name>wheat_head</name><pose>Unspecified</pose><truncated>0</truncated><difficult>0</difficult><robndbox><cx>843.8956</cx><cy>655.5714</cy><w>165.7568</w><h>44.5308</h><angle>2.514356</angle></robndbox></object><object><type>robndbox</type><name>wheat_head</name><pose>Unspecified</pose><truncated>0</truncated><difficult>0</difficult><robndbox><cx>10.2369</cx><cy>544.1541</cy><w>25.8789</w><h>17.1434</h><angle>1.53272</angle></robndbox></object><object><type>robndbox</type><name>wheat_head</name><pose>Unspecified</pose><truncated>0</truncated><difficult>0</difficult><robndbox><cx>678.7235</cx><cy>523.9787</cy><w>89.4193</w><h>34.8578</h><angle>2.832242</angle></robndbox></object><object><type>robndbox</type><name>wheat_head</name><pose>Unspecified</pose><truncated>0</truncated><difficult>0</difficult><robndbox><cx>527.7162</cx><cy>526.3735</cy><w>75.1809</w><h>34.8599</h><angle>0.416003</angle></robndbox></object><object><type>robndbox</type><name>wheat_head</name><pose>Unspecified</pose><truncated>0</truncated><difficult>0</difficult><robndbox><cx>511.5846</cx><cy>633.9322</cy><w>135.0243</w><h>35.3712</h><angle>2.104185</angle></robndbox></object><object><type>robndbox</type><name>wheat_head</name><pose>Unspecified</pose><truncated>0</truncated><difficult>0</difficult><robndbox><cx>704.3881</cx><cy>825.5844</cy><w>119.1872</w><h>37.1926</h><angle>0.116756</angle></robndbox></object><object><type>robndbox</type><name>wheat_head</name><pose>Unspecified</pose><truncated>0</truncated><difficult>0</difficult><robndbox><cx>406.2863</cx><cy>336.7068</cy><w>89.1568</w><h>28.3932</h><angle>1.546832</angle></robndbox></object><object><type>robndbox</type><name>wheat_head</name><pose>Unspecified</pose><truncated>0</truncated><difficult>0</difficult><robndbox><cx>71.1253</cx><cy>875.0603</cy><w>62.4455</w><h>37.0748</h><angle>0.525469</angle></robndbox></object><object><type>robndbox</type><name>wheat_head</name><pose>Unspecified</pose><truncated>0</truncated><difficult>0</difficult><robndbox><cx>180.3692</cx><cy>936.0311</cy><w>136.5296</w><h>43.9456</h><angle>2.794839</angle></robndbox></object><object><type>robndbox</type><name>wheat_head</name><pose>Unspecified</pose><truncated>0</truncated><difficult>0</difficult><robndbox><cx>314.0437</cx><cy>855.1079</cy><w>78.1065</w><h>32.6222</h><angle>0.262178</angle></robndbox></object><object><type>robndbox</type><name>wheat_head</name><pose>Unspecified</pose><truncated>0</truncated><difficult>0</difficult><robndbox><cx>970.3093</cx><cy>76.5043</cy><w>123.8178</w><h>32.9571</h><angle>1.603327</angle></robndbox></object><object><type>robndbox</type><name>wheat_head</name><pose>Unspecified</pose><truncated>0</truncated><difficult>0</difficult><robndbox><cx>483.6181</cx><cy>831.2789</cy><w>74.9093</w><h>36.8077</h><angle>0.418785</angle></robndbox></object><object><type>robndbox</type><name>wheat_head</name><pose>Unspecified</pose><truncated>0</truncated><difficult>0</difficult><robndbox><cx>273.5753</cx><cy>458.0945</cy><w>66.2104</w><h>33.3573</h><angle>0.389625</angle></robndbox></object><object><type>robndbox</type><name>wheat_head</name><pose>Unspecified</pose><truncated>0</truncated><difficult>0</difficult><robndbox><cx>754.7099</cx><cy>223.3754</cy><w>109.8585</w><h>31.1522</h><angle>2.786922</angle></robndbox></object><object><type>robndbox</type><name>wheat_head</name><pose>Unspecified</pose><truncated>0</truncated><difficult>0</difficult><robndbox><cx>862.1146</cx><cy>886.6699</cy><w>71.1341</w><h>29.0779</h><angle>3.043841</angle></robndbox></object><object><type>robndbox</type><name>wheat_head</name><pose>Unspecified</pose><truncated>0</truncated><difficult>0</difficult><robndbox><cx>776.7447</cx><cy>401.1838</cy><w>39.3063</w><h>28.1566</h><angle>2.757091</angle></robndbox></object><object><type>robndbox</type><name>wheat_head</name><pose>Unspecified</pose><truncated>0</truncated><difficult>0</difficult><robndbox><cx>517.34</cx><cy>157.7821</cy><w>72.8434</w><h>30.2735</h><angle>1.215096</angle></robndbox></object><object><type>robndbox</type><name>wheat_head</name><pose>Unspecified</pose><truncated>0</truncated><difficult>0</difficult><robndbox><cx>64.7993</cx><cy>198.14</cy><w>95.5036</w><h>30.3582</h><angle>2.982385</angle></robndbox></object><object><type>robndbox</type><name>wheat_head</name><pose>Unspecified</pose><truncated>0</truncated><difficult>0</difficult><robndbox><cx>84.6897</cx><cy>17.8168</cy><w>65.2009</w><h>20.4733</h><angle>3.065632</angle></robndbox></object><object><type>robndbox</type><name>wheat_head</name><pose>Unspecified</pose><truncated>0</truncated><difficult>0</difficult><robndbox><cx>16.9647</cx><cy>151.0414</cy><w>46.149</w><h>30.7807</h><angle>1.152869</angle></robndbox></object><object><type>robndbox</type><name>wheat_head</name><pose>Unspecified</pose><truncated>0</truncated><difficult>0</difficult><robndbox><cx>902.9103</cx><cy>497.6678</cy><w>90.2033</w><h>34.7654</h><angle>2.961217</angle></robndbox></object><object><type>robndbox</type><name>wheat_head</name><pose>Unspecified</pose><truncated>0</truncated><difficult>0</difficult><robndbox><cx>261.9015</cx><cy>204.1101</cy><w>47.1376</w><h>26.5488</h><angle>0.106556</angle></robndbox></object><object><type>robndbox</type><name>wheat_head</name><pose>Unspecified</pose><truncated>0</truncated><difficult>0</difficult><robndbox><cx>661.2692</cx><cy>892.5754</cy><w>54.1085</w><h>33.8375</h><angle>3.130238</angle></robndbox></object><object><type>robndbox</type><name>wheat_head</name><pose>Unspecified</pose><truncated>0</truncated><difficult>0</difficult><robndbox><cx>972.2845</cx><cy>611.2382</cy><w>81.5433</w><h>35.676</h><angle>0.079576</angle></robndbox></object><object><type>robndbox</type><name>wheat_head</name><pose>Unspecified</pose><truncated>0</truncated><difficult>0</difficult><robndbox><cx>51.5433</cx><cy>744.8474</cy><w>134.2108</w><h>41.4759</h><angle>0.544278</angle></robndbox></object><object><type>robndbox</type><name>wheat_head</name><pose>Unspecified</pose><truncated>0</truncated><difficult>0</difficult><robndbox><cx>255.3275</cx><cy>555.7474</cy><w>78.9306</w><h>34.6107</h><angle>3.091574</angle></robndbox></object><object><type>robndbox</type><name>wheat_head</name><pose>Unspecified</pose><truncated>0</truncated><difficult>0</difficult><robndbox><cx>61.0209</cx><cy>969.1082</cy><w>106.646</w><h>43.6263</h><angle>2.81661</angle></robndbox></object><object><type>robndbox</type><name>wheat_head</name><pose>Unspecified</pose><truncated>0</truncated><difficult>0</difficult><robndbox><cx>574.64</cx><cy>17.0138</cy><w>41.8951</w><h>24.4038</h><angle>3.050949</angle></robndbox></object><object><type>robndbox</type><name>wheat_head</name><pose>Unspecified</pose><truncated>0</truncated><difficult>0</difficult><robndbox><cx>812.1948</cx><cy>280.2691</cy><w>117.6626</w><h>35.6236</h><angle>3.04558</angle></robndbox></object><object><type>robndbox</type><name>wheat_head</name><pose>Unspecified</pose><truncated>0</truncated><difficult>0</difficult><robndbox><cx>425.132</cx><cy>575.8884</cy><w>54.5551</w><h>33.1188</h><angle>2.577571</angle></robndbox></object><object><type>robndbox</type><name>wheat_head</name><pose>Unspecified</pose><truncated>0</truncated><difficult>0</difficult><robndbox><cx>480.5468</cx><cy>1001.8242</cy><w>23.5485</w><h>21.9373</h><angle>1.507</angle></robndbox></object><object><type>robndbox</type><name>wheat_head</name><pose>Unspecified</pose><truncated>0</truncated><difficult>0</difficult><robndbox><cx>10.5</cx><cy>218.5</cy><w>25.7356</w><h>19.2402</h><angle>2.525234</angle></robndbox></object><object><type>robndbox</type><name>wheat_head</name><pose>Unspecified</pose><truncated>0</truncated><difficult>0</difficult><robndbox><cx>131.8718</cx><cy>580.1146</cy><w>50.0783</w><h>32.6585</h><angle>0.38338</angle></robndbox></object><object><type>robndbox</type><name>wheat_head</name><pose>Unspecified</pose><truncated>0</truncated><difficult>0</difficult><robndbox><cx>205.1556</cx><cy>503.6264</cy><w>116.6533</w><h>36.2182</h><angle>3.064589</angle></robndbox></object><object><type>robndbox</type><name>wheat_head</name><pose>Unspecified</pose><truncated>0</truncated><difficult>0</difficult><robndbox><cx>520.5361</cx><cy>142.6188</cy><w>156.6082</w><h>37.844</h><angle>0.532333</angle></robndbox></object><object><type>robndbox</type><name>wheat_head</name><pose>Unspecified</pose><truncated>0</truncated><difficult>0</difficult><robndbox><cx>733.5597</cx><cy>18.4934</cy><w>118.1945</w><h>31.3858</h><angle>2.986226</angle></robndbox></object><object><type>robndbox</type><name>wheat_head</name><pose>Unspecified</pose><truncated>0</truncated><difficult>0</difficult><robndbox><cx>822.4833</cx><cy>761.7081</cy><w>67.9226</w><h>33.4944</h><angle>0.035249</angle></robndbox></object><object><type>robndbox</type><name>wheat_head</name><pose>Unspecified</pose><truncated>0</truncated><difficult>0</difficult><robndbox><cx>418.0182</cx><cy>264.5257</cy><w>39.309</w><h>35.3184</h><angle>1.262183</angle></robndbox></object><object><type>robndbox</type><name>wheat_head</name><pose>Unspecified</pose><truncated>0</truncated><difficult>0</difficult><robndbox><cx>472.8262</cx><cy>941.5504</cy><w>68.962</w><h>29.5614</h><angle>0.018481</angle></robndbox></object><object><type>robndbox</type><name>wheat_head</name><pose>Unspecified</pose><truncated>0</truncated><difficult>0</difficult><robndbox><cx>157.0334</cx><cy>1008.5726</cy><w>25.377</w><h>18.7288</h><angle>0.071267</angle></robndbox></object><object><type>robndbox</type><name>wheat_head</name><pose>Unspecified</pose><truncated>0</truncated><difficult>0</difficult><robndbox><cx>342.9453</cx><cy>22.1356</cy><w>48.1981</w><h>30.5091</h><angle>2.503153</angle></robndbox></object><object><type>robndbox</type><name>wheat_head</name><pose>Unspecified</pose><truncated>0</truncated><difficult>0</difficult><robndbox><cx>557.2117</cx><cy>997.0322</cy><w>44.7711</w><h>29.2489</h><angle>2.716032</angle></robndbox></object><object><type>robndbox</type><name>wheat_head</name><pose>Unspecified</pose><truncated>0</truncated><difficult>0</difficult><robndbox><cx>1002.7932</cx><cy>526.1086</cy><w>30.8548</w><h>29.6252</h><angle>3.054882</angle></robndbox></object><object><type>robndbox</type><name>wheat_head</name><pose>Unspecified</pose><truncated>0</truncated><difficult>0</difficult><robndbox><cx>652.0345</cx><cy>141.5996</cy><w>42.0721</w><h>29.4152</h><angle>1.958932</angle></robndbox></object><object><type>robndbox</type><name>wheat_head</name><pose>Unspecified</pose><truncated>0</truncated><difficult>0</difficult><robndbox><cx>101.9977</cx><cy>607.419</cy><w>36.8857</w><h>28.275</h><angle>1.841418</angle></robndbox></object><object><type>robndbox</type><name>wheat_head</name><pose>Unspecified</pose><truncated>0</truncated><difficult>0</difficult><robndbox><cx>170.233</cx><cy>645.0203</cy><w>42.7819</w><h>36.305</h><angle>2.73951</angle></robndbox></object><object><type>robndbox</type><name>wheat_head</name><pose>Unspecified</pose><truncated>0</truncated><difficult>0</difficult><robndbox><cx>998.6022</cx><cy>949.3602</cy><w>36.0628</w><h>32.5516</h><angle>1.389203</angle></robndbox></object><object><type>robndbox</type><name>wheat_head</name><pose>Unspecified</pose><truncated>0</truncated><difficult>0</difficult><robndbox><cx>492.1232</cx><cy>11.3001</cy><w>90.6044</w><h>32.8229</h><angle>2.843105</angle></robndbox></object><object><type>robndbox</type><name>wheat_head</name><pose>Unspecified</pose><truncated>0</truncated><difficult>0</difficult><robndbox><cx>816.3284</cx><cy>36.7828</cy><w>71.5578</w><h>31.9796</h><angle>0.565526</angle></robndbox></object><object><type>robndbox</type><name>wheat_head</name><pose>Unspecified</pose><truncated>0</truncated><difficult>0</difficult><robndbox><cx>356.7069</cx><cy>327.7131</cy><w>39.3728</w><h>26.8149</h><angle>3.049817</angle></robndbox></object><object><type>robndbox</type><name>wheat_head</name><pose>Unspecified</pose><truncated>0</truncated><difficult>0</difficult><robndbox><cx>146.7462</cx><cy>186.4707</cy><w>67.832</w><h>37.5955</h><angle>0.535317</angle></robndbox></object><object><type>robndbox</type><name>wheat_head</name><pose>Unspecified</pose><truncated>0</truncated><difficult>0</difficult><robndbox><cx>654.2568</cx><cy>228.5317</cy><w>82.217</w><h>33.3139</h><angle>0.396843</angle></robndbox></object><object><type>robndbox</type><name>wheat_head</name><pose>Unspecified</pose><truncated>0</truncated><difficult>0</difficult><robndbox><cx>299.1548</cx><cy>529.9937</cy><w>112.9831</w><h>39.3124</h><angle>0.616171</angle></robndbox></object><object><type>robndbox</type><name>wheat_head</name><pose>Unspecified</pose><truncated>0</truncated><difficult>0</difficult><robndbox><cx>349.2502</cx><cy>473.5984</cy><w>41.1042</w><h>29.8014</h><angle>2.681524</angle></robndbox></object><object><type>robndbox</type><name>wheat_head</name><pose>Unspecified</pose><truncated>0</truncated><difficult>0</difficult><robndbox><cx>635.1342</cx><cy>584.932</cy><w>113.8654</w><h>36.9503</h><angle>3.056647</angle></robndbox></object><object><type>robndbox</type><name>wheat_head</name><pose>Unspecified</pose><truncated>0</truncated><difficult>0</difficult><robndbox><cx>943.6791</cx><cy>533.7421</cy><w>34.7068</w><h>29.3405</h><angle>1.168495</angle></robndbox></object><object><type>robndbox</type><name>wheat_head</name><pose>Unspecified</pose><truncated>0</truncated><difficult>0</difficult><robndbox><cx>965.0037</cx><cy>487.3677</cy><w>76.4977</w><h>30.8434</h><angle>2.961217</angle></robndbox></object><object><type>robndbox</type><name>wheat_head</name><pose>Unspecified</pose><truncated>0</truncated><difficult>0</difficult><robndbox><cx>560.7313</cx><cy>272.9099</cy><w>45.0012</w><h>31.9018</h><angle>0.175284</angle></robndbox></object><object><type>robndbox</type><name>wheat_head</name><pose>Unspecified</pose><truncated>0</truncated><difficult>0</difficult><robndbox><cx>390.6317</cx><cy>6.7896</cy><w>28.5675</w><h>16.6943</h><angle>3.106674</angle></robndbox></object><object><type>robndbox</type><name>wheat_head</name><pose>Unspecified</pose><truncated>0</truncated><difficult>0</difficult><robndbox><cx>763.6562</cx><cy>915.3372</cy><w>39.457</w><h>27.8727</h><angle>0.248583</angle></robndbox></object><object><type>robndbox</type><name>wheat_head</name><pose>Unspecified</pose><truncated>0</truncated><difficult>0</difficult><robndbox><cx>79.8571</cx><cy>156.4061</cy><w>56.6481</w><h>29.3182</h><angle>0.423649</angle></robndbox></object><object><type>robndbox</type><name>wheat_head</name><pose>Unspecified</pose><truncated>0</truncated><difficult>0</difficult><robndbox><cx>758.9127</cx><cy>252.6774</cy><w>53.255</w><h>33.4196</h><angle>0.189988</angle></robndbox></object><object><type>robndbox</type><name>wheat_head</name><pose>Unspecified</pose><truncated>0</truncated><difficult>0</difficult><robndbox><cx>602.259</cx><cy>197.1095</cy><w>35.2278</w><h>24.0521</h><angle>0.967047</angle></robndbox></object><object><type>robndbox</type><name>wheat_head</name><pose>Unspecified</pose><truncated>0</truncated><difficult>0</difficult><robndbox><cx>119.4402</cx><cy>519.7718</cy><w>42.9535</w><h>23.6308</h><angle>2.930499</angle></robndbox></object><object><type>robndbox</type><name>wheat_head</name><pose>Unspecified</pose><truncated>0</truncated><difficult>0</difficult><robndbox><cx>986.939</cx><cy>1007.6943</cy><w>75.0267</w><h>29.3752</h><angle>3.114932</angle></robndbox></object></annotation>