<annotation verified="no"><folder>images</folder><filename>04fe56fd3</filename><path>/home/badhon/Documents/thesis/final_dataset/ethz_1/images/04fe56fd3.jpg</path><source><database>Unknown</database></source><size><width>1024</width><height>1024</height><depth>3</depth></size><segmented>0</segmented><object><type>robndbox</type><name>wheat_head</name><pose>Unspecified</pose><truncated>0</truncated><difficult>0</difficult><robndbox><cx>988.1583</cx><cy>697.6206</cy><w>73.215</w><h>38.2865</h><angle>1.13013</angle></robndbox></object><object><type>robndbox</type><name>wheat_head</name><pose>Unspecified</pose><truncated>0</truncated><difficult>0</difficult><robndbox><cx>538.5275</cx><cy>29.1426</cy><w>71.9785</w><h>35.7228</h><angle>1.290568</angle></robndbox></object><object><type>robndbox</type><name>wheat_head</name><pose>Unspecified</pose><truncated>0</truncated><difficult>0</difficult><robndbox><cx>58.8633</cx><cy>258.8406</cy><w>92.0954</w><h>32.9366</h><angle>1.245486</angle></robndbox></object><object><type>robndbox</type><name>wheat_head</name><pose>Unspecified</pose><truncated>0</truncated><difficult>0</difficult><robndbox><cx>108.2677</cx><cy>549.6418</cy><w>97.5102</w><h>35.9105</h><angle>1.072387</angle></robndbox></object><object><type>robndbox</type><name>wheat_head</name><pose>Unspecified</pose><truncated>0</truncated><difficult>0</difficult><robndbox><cx>184.1464</cx><cy>888.644</cy><w>87.4034</w><h>37.3739</h><angle>0.92048</angle></robndbox></object><object><type>robndbox</type><name>wheat_head</name><pose>Unspecified</pose><truncated>0</truncated><difficult>0</difficult><robndbox><cx>352.2695</cx><cy>351.5005</cy><w>81.7909</w><h>34.2419</h><angle>1.042595</angle></robndbox></object><object><type>robndbox</type><name>wheat_head</name><pose>Unspecified</pose><truncated>0</truncated><difficult>0</difficult><robndbox><cx>972.7275</cx><cy>292.3921</cy><w>61.1914</w><h>33.5471</h><angle>1.161125</angle></robndbox></object><object><type>robndbox</type><name>wheat_head</name><pose>Unspecified</pose><truncated>0</truncated><difficult>0</difficult><robndbox><cx>357.4976</cx><cy>252.4154</cy><w>93.6312</w><h>35.2571</h><angle>0.948566</angle></robndbox></object><object><type>robndbox</type><name>wheat_head</name><pose>Unspecified</pose><truncated>0</truncated><difficult>0</difficult><robndbox><cx>983.1471</cx><cy>60.3739</cy><w>70.4333</w><h>34.8418</h><angle>0.688514</angle></robndbox></object><object><type>robndbox</type><name>wheat_head</name><pose>Unspecified</pose><truncated>0</truncated><difficult>0</difficult><robndbox><cx>183.3719</cx><cy>147.2263</cy><w>134.3929</w><h>30.1985</h><angle>1.30331</angle></robndbox></object><object><type>robndbox</type><name>wheat_head</name><pose>Unspecified</pose><truncated>0</truncated><difficult>0</difficult><robndbox><cx>124.019</cx><cy>126.1078</cy><w>117.9436</w><h>37.1339</h><angle>1.0944</angle></robndbox></object><object><type>robndbox</type><name>wheat_head</name><pose>Unspecified</pose><truncated>0</truncated><difficult>0</difficult><robndbox><cx>101.0182</cx><cy>442.5956</cy><w>157.3468</w><h>39.9154</h><angle>1.115504</angle></robndbox></object><object><type>robndbox</type><name>wheat_head</name><pose>Unspecified</pose><truncated>0</truncated><difficult>0</difficult><robndbox><cx>716.309</cx><cy>324.0484</cy><w>63.9823</w><h>32.2704</h><angle>1.332784</angle></robndbox></object><object><type>robndbox</type><name>wheat_head</name><pose>Unspecified</pose><truncated>0</truncated><difficult>0</difficult><robndbox><cx>531.0412</cx><cy>262.1179</cy><w>114.9374</w><h>34.5491</h><angle>1.01283</angle></robndbox></object><object><type>robndbox</type><name>wheat_head</name><pose>Unspecified</pose><truncated>0</truncated><difficult>0</difficult><robndbox><cx>839.1501</cx><cy>830.7769</cy><w>80.5821</w><h>39.3066</h><angle>0.624212</angle></robndbox></object><object><type>robndbox</type><name>wheat_head</name><pose>Unspecified</pose><truncated>0</truncated><difficult>0</difficult><robndbox><cx>993.1625</cx><cy>558.3522</cy><w>84.0594</w><h>35.8213</h><angle>1.564229</angle></robndbox></object><object><type>robndbox</type><name>wheat_head</name><pose>Unspecified</pose><truncated>0</truncated><difficult>0</difficult><robndbox><cx>274.9317</cx><cy>38.4581</cy><w>87.1919</w><h>39.678</h><angle>0.341439</angle></robndbox></object><object><type>robndbox</type><name>wheat_head</name><pose>Unspecified</pose><truncated>0</truncated><difficult>0</difficult><robndbox><cx>550.4175</cx><cy>673.7437</cy><w>63.5444</w><h>30.4234</h><angle>1.135321</angle></robndbox></object><object><type>robndbox</type><name>wheat_head</name><pose>Unspecified</pose><truncated>0</truncated><difficult>0</difficult><robndbox><cx>87.278</cx><cy>206.7662</cy><w>86.1894</w><h>31.6842</h><angle>1.048206</angle></robndbox></object><object><type>robndbox</type><name>wheat_head</name><pose>Unspecified</pose><truncated>0</truncated><difficult>0</difficult><robndbox><cx>566.7064</cx><cy>588.8646</cy><w>55.0265</w><h>33.5334</h><angle>0.965227</angle></robndbox></object><object><type>robndbox</type><name>wheat_head</name><pose>Unspecified</pose><truncated>0</truncated><difficult>0</difficult><robndbox><cx>791.2538</cx><cy>597.3958</cy><w>63.6317</w><h>34.5054</h><angle>1.43116</angle></robndbox></object><object><type>robndbox</type><name>wheat_head</name><pose>Unspecified</pose><truncated>0</truncated><difficult>0</difficult><robndbox><cx>623.9873</cx><cy>278.6131</cy><w>70.3299</w><h>34.893</h><angle>0.950912</angle></robndbox></object><object><type>robndbox</type><name>wheat_head</name><pose>Unspecified</pose><truncated>0</truncated><difficult>0</difficult><robndbox><cx>995.3132</cx><cy>838.5472</cy><w>92.9101</w><h>32.384</h><angle>1.419809</angle></robndbox></object><object><type>robndbox</type><name>wheat_head</name><pose>Unspecified</pose><truncated>0</truncated><difficult>0</difficult><robndbox><cx>911.5075</cx><cy>527.9508</cy><w>53.9992</w><h>32.1935</h><angle>1.341842</angle></robndbox></object><object><type>robndbox</type><name>wheat_head</name><pose>Unspecified</pose><truncated>0</truncated><difficult>0</difficult><robndbox><cx>78.3009</cx><cy>663.7843</cy><w>61.6886</w><h>32.2826</h><angle>0.95535</angle></robndbox></object><object><type>robndbox</type><name>wheat_head</name><pose>Unspecified</pose><truncated>0</truncated><difficult>0</difficult><robndbox><cx>921.3013</cx><cy>43.5933</cy><w>79.9251</w><h>32.5436</h><angle>1.352862</angle></robndbox></object><object><type>robndbox</type><name>wheat_head</name><pose>Unspecified</pose><truncated>0</truncated><difficult>0</difficult><robndbox><cx>412.9429</cx><cy>54.8856</cy><w>68.8814</w><h>34.0191</h><angle>0.915026</angle></robndbox></object><object><type>robndbox</type><name>wheat_head</name><pose>Unspecified</pose><truncated>0</truncated><difficult>0</difficult><robndbox><cx>962.936</cx><cy>903.4715</cy><w>88.1552</w><h>41.8271</h><angle>0.608115</angle></robndbox></object><object><type>robndbox</type><name>wheat_head</name><pose>Unspecified</pose><truncated>0</truncated><difficult>0</difficult><robndbox><cx>319.1877</cx><cy>399.153</cy><w>84.8003</w><h>40.8669</h><angle>0.649613</angle></robndbox></object><object><type>robndbox</type><name>wheat_head</name><pose>Unspecified</pose><truncated>0</truncated><difficult>0</difficult><robndbox><cx>791.0652</cx><cy>38.0461</cy><w>40.276</w><h>21.5803</h><angle>1.391293</angle></robndbox></object><object><type>robndbox</type><name>wheat_head</name><pose>Unspecified</pose><truncated>0</truncated><difficult>0</difficult><robndbox><cx>594.7097</cx><cy>430.1532</cy><w>64.0623</w><h>37.9698</h><angle>0.621359</angle></robndbox></object><object><type>robndbox</type><name>wheat_head</name><pose>Unspecified</pose><truncated>0</truncated><difficult>0</difficult><robndbox><cx>558.9232</cx><cy>985.2434</cy><w>51.6617</w><h>30.225</h><angle>1.152596</angle></robndbox></object><object><type>robndbox</type><name>wheat_head</name><pose>Unspecified</pose><truncated>0</truncated><difficult>0</difficult><robndbox><cx>819.2252</cx><cy>377.0594</cy><w>56.609</w><h>38.3414</h><angle>1.189045</angle></robndbox></object><object><type>robndbox</type><name>wheat_head</name><pose>Unspecified</pose><truncated>0</truncated><difficult>0</difficult><robndbox><cx>637.2987</cx><cy>782.4543</cy><w>48.7024</w><h>34.9518</h><angle>2.636142</angle></robndbox></object><object><type>robndbox</type><name>wheat_head</name><pose>Unspecified</pose><truncated>0</truncated><difficult>0</difficult><robndbox><cx>66.39</cx><cy>1005.2853</cy><w>45.5624</w><h>26.7152</h><angle>0.204965</angle></robndbox></object><object><type>robndbox</type><name>wheat_head</name><pose>Unspecified</pose><truncated>0</truncated><difficult>0</difficult><robndbox><cx>714.867</cx><cy>780.3845</cy><w>62.6077</w><h>38.869</h><angle>1.111788</angle></robndbox></object><object><type>robndbox</type><name>wheat_head</name><pose>Unspecified</pose><truncated>0</truncated><difficult>0</difficult><robndbox><cx>631.5122</cx><cy>139.0756</cy><w>44.5742</w><h>23.8035</h><angle>1.194534</angle></robndbox></object><object><type>robndbox</type><name>wheat_head</name><pose>Unspecified</pose><truncated>0</truncated><difficult>0</difficult><robndbox><cx>787.0673</cx><cy>975.8378</cy><w>61.1626</w><h>27.3332</h><angle>1.729201</angle></robndbox></object><object><type>robndbox</type><name>wheat_head</name><pose>Unspecified</pose><truncated>0</truncated><difficult>0</difficult><robndbox><cx>138.388</cx><cy>823.9484</cy><w>65.3578</w><h>36.0034</h><angle>0.64604</angle></robndbox></object><object><type>robndbox</type><name>wheat_head</name><pose>Unspecified</pose><truncated>0</truncated><difficult>0</difficult><robndbox><cx>237.815</cx><cy>278.7083</cy><w>54.9925</w><h>42.9606</h><angle>0.399288</angle></robndbox></object><object><type>robndbox</type><name>wheat_head</name><pose>Unspecified</pose><truncated>0</truncated><difficult>0</difficult><robndbox><cx>584.1186</cx><cy>223.4434</cy><w>56.3047</w><h>33.2028</h><angle>0.553125</angle></robndbox></object><object><type>robndbox</type><name>wheat_head</name><pose>Unspecified</pose><truncated>0</truncated><difficult>0</difficult><robndbox><cx>522.5035</cx><cy>837.0161</cy><w>66.2635</w><h>39.5279</h><angle>0.513656</angle></robndbox></object><object><type>robndbox</type><name>wheat_head</name><pose>Unspecified</pose><truncated>0</truncated><difficult>0</difficult><robndbox><cx>34.273</cx><cy>12.5389</cy><w>40.2379</w><h>27.1805</h><angle>0.430106</angle></robndbox></object><object><type>robndbox</type><name>wheat_head</name><pose>Unspecified</pose><truncated>0</truncated><difficult>0</difficult><robndbox><cx>183.1357</cx><cy>258.0437</cy><w>47.6749</w><h>31.533</h><angle>1.266298</angle></robndbox></object><object><type>robndbox</type><name>wheat_head</name><pose>Unspecified</pose><truncated>0</truncated><difficult>0</difficult><robndbox><cx>475.2684</cx><cy>902.5739</cy><w>93.2668</w><h>30.6299</h><angle>1.634024</angle></robndbox></object><object><type>robndbox</type><name>wheat_head</name><pose>Unspecified</pose><truncated>0</truncated><difficult>0</difficult><robndbox><cx>213.6783</cx><cy>776.8293</cy><w>38.5314</w><h>25.3133</h><angle>0.966862</angle></robndbox></object><object><type>robndbox</type><name>wheat_head</name><pose>Unspecified</pose><truncated>0</truncated><difficult>0</difficult><robndbox><cx>1006.8843</cx><cy>966.3054</cy><w>32.8341</w><h>24.9455</h><angle>1.573231</angle></robndbox></object><object><type>robndbox</type><name>wheat_head</name><pose>Unspecified</pose><truncated>0</truncated><difficult>0</difficult><robndbox><cx>519.9955</cx><cy>999.9562</cy><w>29.5799</w><h>23.768</h><angle>1.477242</angle></robndbox></object><object><type>robndbox</type><name>wheat_head</name><pose>Unspecified</pose><truncated>0</truncated><difficult>0</difficult><robndbox><cx>628.0297</cx><cy>1003.0233</cy><w>32.4412</w><h>23.0485</h><angle>2.948648</angle></robndbox></object><object><type>robndbox</type><name>wheat_head</name><pose>Unspecified</pose><truncated>0</truncated><difficult>0</difficult><robndbox><cx>784.4571</cx><cy>493.886</cy><w>54.0232</w><h>35.7893</h><angle>1.10475</angle></robndbox></object><object><type>robndbox</type><name>wheat_head</name><pose>Unspecified</pose><truncated>0</truncated><difficult>0</difficult><robndbox><cx>643.4963</cx><cy>696.354</cy><w>63.101</w><h>32.4902</h><angle>1.306544</angle></robndbox></object><object><type>robndbox</type><name>wheat_head</name><pose>Unspecified</pose><truncated>0</truncated><difficult>0</difficult><robndbox><cx>590.6401</cx><cy>857.1007</cy><w>46.3772</w><h>30.067</h><angle>0.125277</angle></robndbox></object><object><type>robndbox</type><name>wheat_head</name><pose>Unspecified</pose><truncated>0</truncated><difficult>0</difficult><robndbox><cx>526.5</cx><cy>973.5</cy><w>62.4354</w><h>55.4543</h><angle>2.584654</angle></robndbox></object><object><type>robndbox</type><name>wheat_head</name><pose>Unspecified</pose><truncated>0</truncated><difficult>0</difficult><robndbox><cx>1008.0</cx><cy>657.0</cy><w>34.3408</w><h>33.9122</h><angle>0.371353</angle></robndbox></object><object><type>robndbox</type><name>wheat_head</name><pose>Unspecified</pose><truncated>0</truncated><difficult>0</difficult><robndbox><cx>825.3837</cx><cy>533.3968</cy><w>51.2434</w><h>33.0229</h><angle>2.807229</angle></robndbox></object><object><type>robndbox</type><name>wheat_head</name><pose>Unspecified</pose><truncated>0</truncated><difficult>0</difficult><robndbox><cx>280.9499</cx><cy>705.0148</cy><w>57.8542</w><h>34.5279</h><angle>0.21378</angle></robndbox></object><object><type>robndbox</type><name>wheat_head</name><pose>Unspecified</pose><truncated>0</truncated><difficult>0</difficult><robndbox><cx>281.0426</cx><cy>654.7607</cy><w>29.8012</w><h>26.686</h><angle>1.851548</angle></robndbox></object><object><type>robndbox</type><name>wheat_head</name><pose>Unspecified</pose><truncated>0</truncated><difficult>0</difficult><robndbox><cx>226.6661</cx><cy>640.658</cy><w>66.3235</w><h>34.9173</h><angle>0.507007</angle></robndbox></object><object><type>robndbox</type><name>wheat_head</name><pose>Unspecified</pose><truncated>0</truncated><difficult>0</difficult><robndbox><cx>279.1291</cx><cy>602.5666</cy><w>101.6095</w><h>35.0698</h><angle>0.642932</angle></robndbox></object><object><type>robndbox</type><name>wheat_head</name><pose>Unspecified</pose><truncated>0</truncated><difficult>0</difficult><robndbox><cx>291.3593</cx><cy>547.8077</cy><w>125.3001</w><h>32.1238</h><angle>1.0357</angle></robndbox></object><object><type>robndbox</type><name>wheat_head</name><pose>Unspecified</pose><truncated>0</truncated><difficult>0</difficult><robndbox><cx>342.3611</cx><cy>525.0188</cy><w>45.1757</w><h>25.8211</h><angle>1.332114</angle></robndbox></object></annotation>