<annotation verified="no"><folder>images</folder><filename>05ac5dc96</filename><path>/home/badhon/Documents/thesis/final_dataset/ethz_1/images/05ac5dc96.jpg</path><source><database>Unknown</database></source><size><width>1024</width><height>1024</height><depth>3</depth></size><segmented>0</segmented><object><type>robndbox</type><name>wheat_head</name><pose>Unspecified</pose><truncated>0</truncated><difficult>0</difficult><robndbox><cx>865.6578</cx><cy>494.849</cy><w>82.357</w><h>25.0615</h><angle>1.053393</angle></robndbox></object><object><type>robndbox</type><name>wheat_head</name><pose>Unspecified</pose><truncated>0</truncated><difficult>0</difficult><robndbox><cx>586.0349</cx><cy>620.6589</cy><w>110.0042</w><h>40.9913</h><angle>0.468527</angle></robndbox></object><object><type>robndbox</type><name>wheat_head</name><pose>Unspecified</pose><truncated>0</truncated><difficult>0</difficult><robndbox><cx>944.8434</cx><cy>149.8138</cy><w>72.9947</w><h>27.7474</h><angle>1.135715</angle></robndbox></object><object><type>robndbox</type><name>wheat_head</name><pose>Unspecified</pose><truncated>0</truncated><difficult>0</difficult><robndbox><cx>36.8298</cx><cy>328.0272</cy><w>124.9067</w><h>37.3374</h><angle>1.103551</angle></robndbox></object><object><type>robndbox</type><name>wheat_head</name><pose>Unspecified</pose><truncated>0</truncated><difficult>0</difficult><robndbox><cx>462.8476</cx><cy>539.6871</cy><w>85.7764</w><h>37.497</h><angle>0.914078</angle></robndbox></object><object><type>robndbox</type><name>wheat_head</name><pose>Unspecified</pose><truncated>0</truncated><difficult>0</difficult><robndbox><cx>578.1909</cx><cy>470.6469</cy><w>81.2913</w><h>40.0203</h><angle>0.612397</angle></robndbox></object><object><type>robndbox</type><name>wheat_head</name><pose>Unspecified</pose><truncated>0</truncated><difficult>0</difficult><robndbox><cx>905.4567</cx><cy>819.7078</cy><w>97.6619</w><h>40.3146</h><angle>0.501606</angle></robndbox></object><object><type>robndbox</type><name>wheat_head</name><pose>Unspecified</pose><truncated>0</truncated><difficult>0</difficult><robndbox><cx>547.6065</cx><cy>199.7361</cy><w>94.3633</w><h>32.4128</h><angle>1.268876</angle></robndbox></object><object><type>robndbox</type><name>wheat_head</name><pose>Unspecified</pose><truncated>0</truncated><difficult>0</difficult><robndbox><cx>275.7346</cx><cy>938.2856</cy><w>99.4909</w><h>40.3553</h><angle>0.672011</angle></robndbox></object><object><type>robndbox</type><name>wheat_head</name><pose>Unspecified</pose><truncated>0</truncated><difficult>0</difficult><robndbox><cx>818.6737</cx><cy>810.1829</cy><w>85.7901</w><h>38.6437</h><angle>0.932397</angle></robndbox></object><object><type>robndbox</type><name>wheat_head</name><pose>Unspecified</pose><truncated>0</truncated><difficult>0</difficult><robndbox><cx>338.8972</cx><cy>228.6033</cy><w>99.4034</w><h>39.1187</h><angle>1.025633</angle></robndbox></object><object><type>robndbox</type><name>wheat_head</name><pose>Unspecified</pose><truncated>0</truncated><difficult>0</difficult><robndbox><cx>228.4363</cx><cy>33.4728</cy><w>94.7619</w><h>33.2499</h><angle>0.84782</angle></robndbox></object><object><type>robndbox</type><name>wheat_head</name><pose>Unspecified</pose><truncated>0</truncated><difficult>0</difficult><robndbox><cx>888.0189</cx><cy>104.5639</cy><w>98.5149</w><h>35.3492</h><angle>1.185814</angle></robndbox></object><object><type>robndbox</type><name>wheat_head</name><pose>Unspecified</pose><truncated>0</truncated><difficult>0</difficult><robndbox><cx>839.5942</cx><cy>754.2983</cy><w>78.297</w><h>33.5662</h><angle>0.905414</angle></robndbox></object><object><type>robndbox</type><name>wheat_head</name><pose>Unspecified</pose><truncated>0</truncated><difficult>0</difficult><robndbox><cx>446.5352</cx><cy>392.7074</cy><w>94.8864</w><h>32.4087</h><angle>0.713653</angle></robndbox></object><object><type>robndbox</type><name>wheat_head</name><pose>Unspecified</pose><truncated>0</truncated><difficult>0</difficult><robndbox><cx>359.6671</cx><cy>491.2508</cy><w>115.746</w><h>38.9571</h><angle>0.585478</angle></robndbox></object><object><type>robndbox</type><name>wheat_head</name><pose>Unspecified</pose><truncated>0</truncated><difficult>0</difficult><robndbox><cx>670.9299</cx><cy>740.3404</cy><w>91.1647</w><h>38.3185</h><angle>1.206361</angle></robndbox></object><object><type>robndbox</type><name>wheat_head</name><pose>Unspecified</pose><truncated>0</truncated><difficult>0</difficult><robndbox><cx>500.2698</cx><cy>663.701</cy><w>101.6322</w><h>44.2542</h><angle>0.688541</angle></robndbox></object><object><type>robndbox</type><name>wheat_head</name><pose>Unspecified</pose><truncated>0</truncated><difficult>0</difficult><robndbox><cx>182.7818</cx><cy>542.785</cy><w>123.8216</w><h>39.0127</h><angle>0.809727</angle></robndbox></object><object><type>robndbox</type><name>wheat_head</name><pose>Unspecified</pose><truncated>0</truncated><difficult>0</difficult><robndbox><cx>413.1703</cx><cy>107.6769</cy><w>102.0382</w><h>38.2121</h><angle>0.650713</angle></robndbox></object><object><type>robndbox</type><name>wheat_head</name><pose>Unspecified</pose><truncated>0</truncated><difficult>0</difficult><robndbox><cx>257.1517</cx><cy>320.2298</cy><w>145.6149</w><h>36.3311</h><angle>0.695037</angle></robndbox></object><object><type>robndbox</type><name>wheat_head</name><pose>Unspecified</pose><truncated>0</truncated><difficult>0</difficult><robndbox><cx>790.8256</cx><cy>984.508</cy><w>57.7296</w><h>35.7196</h><angle>1.091931</angle></robndbox></object><object><type>robndbox</type><name>wheat_head</name><pose>Unspecified</pose><truncated>0</truncated><difficult>0</difficult><robndbox><cx>782.8925</cx><cy>309.2738</cy><w>108.7192</w><h>39.1433</h><angle>0.977083</angle></robndbox></object><object><type>robndbox</type><name>wheat_head</name><pose>Unspecified</pose><truncated>0</truncated><difficult>0</difficult><robndbox><cx>683.2715</cx><cy>804.9285</cy><w>68.1994</w><h>30.8584</h><angle>0.584708</angle></robndbox></object><object><type>robndbox</type><name>wheat_head</name><pose>Unspecified</pose><truncated>0</truncated><difficult>0</difficult><robndbox><cx>987.1531</cx><cy>736.3483</cy><w>60.5346</w><h>38.7507</h><angle>0.293738</angle></robndbox></object><object><type>robndbox</type><name>wheat_head</name><pose>Unspecified</pose><truncated>0</truncated><difficult>0</difficult><robndbox><cx>97.4221</cx><cy>438.083</cy><w>104.8846</w><h>42.1204</h><angle>0.636712</angle></robndbox></object><object><type>robndbox</type><name>wheat_head</name><pose>Unspecified</pose><truncated>0</truncated><difficult>0</difficult><robndbox><cx>293.8831</cx><cy>529.1549</cy><w>120.2024</w><h>36.4547</h><angle>0.610387</angle></robndbox></object><object><type>robndbox</type><name>wheat_head</name><pose>Unspecified</pose><truncated>0</truncated><difficult>0</difficult><robndbox><cx>261.6297</cx><cy>852.6571</cy><w>102.9404</w><h>38.8368</h><angle>0.846043</angle></robndbox></object><object><type>robndbox</type><name>wheat_head</name><pose>Unspecified</pose><truncated>0</truncated><difficult>0</difficult><robndbox><cx>34.5408</cx><cy>201.6982</cy><w>84.452</w><h>37.8171</h><angle>0.665296</angle></robndbox></object><object><type>robndbox</type><name>wheat_head</name><pose>Unspecified</pose><truncated>0</truncated><difficult>0</difficult><robndbox><cx>87.1258</cx><cy>749.3501</cy><w>84.948</w><h>35.0403</h><angle>0.715407</angle></robndbox></object><object><type>robndbox</type><name>wheat_head</name><pose>Unspecified</pose><truncated>0</truncated><difficult>0</difficult><robndbox><cx>150.3329</cx><cy>306.929</cy><w>116.62</w><h>39.0125</h><angle>0.869362</angle></robndbox></object><object><type>robndbox</type><name>wheat_head</name><pose>Unspecified</pose><truncated>0</truncated><difficult>0</difficult><robndbox><cx>400.8215</cx><cy>32.1234</cy><w>77.6239</w><h>36.5516</h><angle>1.038886</angle></robndbox></object><object><type>robndbox</type><name>wheat_head</name><pose>Unspecified</pose><truncated>0</truncated><difficult>0</difficult><robndbox><cx>37.074</cx><cy>133.4862</cy><w>116.1873</w><h>32.5641</h><angle>0.976815</angle></robndbox></object><object><type>robndbox</type><name>wheat_head</name><pose>Unspecified</pose><truncated>0</truncated><difficult>0</difficult><robndbox><cx>818.9267</cx><cy>499.425</cy><w>77.3189</w><h>37.3626</h><angle>0.619573</angle></robndbox></object><object><type>robndbox</type><name>wheat_head</name><pose>Unspecified</pose><truncated>0</truncated><difficult>0</difficult><robndbox><cx>264.1053</cx><cy>252.4004</cy><w>98.186</w><h>38.0872</h><angle>0.686808</angle></robndbox></object><object><type>robndbox</type><name>wheat_head</name><pose>Unspecified</pose><truncated>0</truncated><difficult>0</difficult><robndbox><cx>690.7199</cx><cy>639.1592</cy><w>80.2262</w><h>32.9041</h><angle>1.083592</angle></robndbox></object><object><type>robndbox</type><name>wheat_head</name><pose>Unspecified</pose><truncated>0</truncated><difficult>0</difficult><robndbox><cx>759.5548</cx><cy>611.92</cy><w>63.1745</w><h>32.6147</h><angle>0.367733</angle></robndbox></object><object><type>robndbox</type><name>wheat_head</name><pose>Unspecified</pose><truncated>0</truncated><difficult>0</difficult><robndbox><cx>586.2806</cx><cy>751.2024</cy><w>67.0856</w><h>33.1616</h><angle>0.651399</angle></robndbox></object><object><type>robndbox</type><name>wheat_head</name><pose>Unspecified</pose><truncated>0</truncated><difficult>0</difficult><robndbox><cx>991.369</cx><cy>35.9988</cy><w>76.8084</w><h>30.5529</h><angle>1.330952</angle></robndbox></object><object><type>robndbox</type><name>wheat_head</name><pose>Unspecified</pose><truncated>0</truncated><difficult>0</difficult><robndbox><cx>35.0781</cx><cy>844.9209</cy><w>85.4266</w><h>40.3458</h><angle>0.501037</angle></robndbox></object><object><type>robndbox</type><name>wheat_head</name><pose>Unspecified</pose><truncated>0</truncated><difficult>0</difficult><robndbox><cx>205.8325</cx><cy>688.1992</cy><w>68.921</w><h>34.8711</h><angle>0.43935</angle></robndbox></object><object><type>robndbox</type><name>wheat_head</name><pose>Unspecified</pose><truncated>0</truncated><difficult>0</difficult><robndbox><cx>295.0402</cx><cy>478.6177</cy><w>60.2913</w><h>29.1006</h><angle>0.607443</angle></robndbox></object><object><type>robndbox</type><name>wheat_head</name><pose>Unspecified</pose><truncated>0</truncated><difficult>0</difficult><robndbox><cx>267.8978</cx><cy>782.835</cy><w>87.0372</w><h>35.8487</h><angle>1.105835</angle></robndbox></object><object><type>robndbox</type><name>wheat_head</name><pose>Unspecified</pose><truncated>0</truncated><difficult>0</difficult><robndbox><cx>770.93</cx><cy>108.4756</cy><w>132.5274</w><h>35.6056</h><angle>0.305349</angle></robndbox></object><object><type>robndbox</type><name>wheat_head</name><pose>Unspecified</pose><truncated>0</truncated><difficult>0</difficult><robndbox><cx>192.37</cx><cy>463.9303</cy><w>95.4179</w><h>37.7738</h><angle>0.584129</angle></robndbox></object><object><type>robndbox</type><name>wheat_head</name><pose>Unspecified</pose><truncated>0</truncated><difficult>0</difficult><robndbox><cx>23.5521</cx><cy>603.3372</cy><w>59.6131</w><h>37.5374</h><angle>0.64296</angle></robndbox></object><object><type>robndbox</type><name>wheat_head</name><pose>Unspecified</pose><truncated>0</truncated><difficult>0</difficult><robndbox><cx>886.121</cx><cy>1000.5886</cy><w>26.4535</w><h>24.8911</h><angle>1.43776</angle></robndbox></object><object><type>robndbox</type><name>wheat_head</name><pose>Unspecified</pose><truncated>0</truncated><difficult>0</difficult><robndbox><cx>790.0902</cx><cy>7.1731</cy><w>24.9219</w><h>22.0715</h><angle>2.850249</angle></robndbox></object><object><type>robndbox</type><name>wheat_head</name><pose>Unspecified</pose><truncated>0</truncated><difficult>0</difficult><robndbox><cx>230.086</cx><cy>990.8755</cy><w>75.2778</w><h>34.223</h><angle>0.372038</angle></robndbox></object><object><type>robndbox</type><name>wheat_head</name><pose>Unspecified</pose><truncated>0</truncated><difficult>0</difficult><robndbox><cx>150.3329</cx><cy>306.929</cy><w>116.62</w><h>39.0125</h><angle>0.869362</angle></robndbox></object><object><type>robndbox</type><name>wheat_head</name><pose>Unspecified</pose><truncated>0</truncated><difficult>0</difficult><robndbox><cx>243.6564</cx><cy>369.7705</cy><w>106.8499</w><h>27.9915</h><angle>0.857836</angle></robndbox></object><object><type>robndbox</type><name>wheat_head</name><pose>Unspecified</pose><truncated>0</truncated><difficult>0</difficult><robndbox><cx>619.1411</cx><cy>904.4382</cy><w>70.0412</w><h>28.926</h><angle>1.569522</angle></robndbox></object><object><type>robndbox</type><name>wheat_head</name><pose>Unspecified</pose><truncated>0</truncated><difficult>0</difficult><robndbox><cx>361.1419</cx><cy>311.6736</cy><w>94.0468</w><h>33.4566</h><angle>1.067541</angle></robndbox></object><object><type>robndbox</type><name>wheat_head</name><pose>Unspecified</pose><truncated>0</truncated><difficult>0</difficult><robndbox><cx>74.4397</cx><cy>996.1971</cy><w>66.8943</w><h>31.1797</h><angle>0.271982</angle></robndbox></object><object><type>robndbox</type><name>wheat_head</name><pose>Unspecified</pose><truncated>0</truncated><difficult>0</difficult><robndbox><cx>139.1145</cx><cy>138.8513</cy><w>70.6444</w><h>32.4028</h><angle>0.813107</angle></robndbox></object><object><type>robndbox</type><name>wheat_head</name><pose>Unspecified</pose><truncated>0</truncated><difficult>0</difficult><robndbox><cx>991.369</cx><cy>35.9988</cy><w>76.8084</w><h>30.5529</h><angle>1.330952</angle></robndbox></object><object><type>robndbox</type><name>wheat_head</name><pose>Unspecified</pose><truncated>0</truncated><difficult>0</difficult><robndbox><cx>17.4981</cx><cy>702.2272</cy><w>44.0318</w><h>32.9694</h><angle>0.625439</angle></robndbox></object><object><type>robndbox</type><name>wheat_head</name><pose>Unspecified</pose><truncated>0</truncated><difficult>0</difficult><robndbox><cx>285.3379</cx><cy>14.9458</cy><w>49.4555</w><h>30.2307</h><angle>0.964188</angle></robndbox></object><object><type>robndbox</type><name>wheat_head</name><pose>Unspecified</pose><truncated>0</truncated><difficult>0</difficult><robndbox><cx>452.3564</cx><cy>345.9413</cy><w>94.3102</w><h>31.234</h><angle>0.693139</angle></robndbox></object><object><type>robndbox</type><name>wheat_head</name><pose>Unspecified</pose><truncated>0</truncated><difficult>0</difficult><robndbox><cx>690.7199</cx><cy>639.1592</cy><w>80.2262</w><h>32.9041</h><angle>1.083592</angle></robndbox></object><object><type>robndbox</type><name>wheat_head</name><pose>Unspecified</pose><truncated>0</truncated><difficult>0</difficult><robndbox><cx>205.838</cx><cy>398.92</cy><w>183.5624</w><h>31.5671</h><angle>0.571261</angle></robndbox></object><object><type>robndbox</type><name>wheat_head</name><pose>Unspecified</pose><truncated>0</truncated><difficult>0</difficult><robndbox><cx>902.8759</cx><cy>235.0483</cy><w>34.4236</w><h>26.0551</h><angle>0.930031</angle></robndbox></object><object><type>robndbox</type><name>wheat_head</name><pose>Unspecified</pose><truncated>0</truncated><difficult>0</difficult><robndbox><cx>285.3379</cx><cy>14.9458</cy><w>49.4555</w><h>30.2307</h><angle>0.964188</angle></robndbox></object><object><type>robndbox</type><name>wheat_head</name><pose>Unspecified</pose><truncated>0</truncated><difficult>0</difficult><robndbox><cx>726.0065</cx><cy>1002.7954</cy><w>26.267</w><h>25.8859</h><angle>1.448917</angle></robndbox></object><object><type>robndbox</type><name>wheat_head</name><pose>Unspecified</pose><truncated>0</truncated><difficult>0</difficult><robndbox><cx>167.172</cx><cy>198.4946</cy><w>73.3923</w><h>27.4667</h><angle>0.913107</angle></robndbox></object><object><type>robndbox</type><name>wheat_head</name><pose>Unspecified</pose><truncated>0</truncated><difficult>0</difficult><robndbox><cx>515.8394</cx><cy>282.8331</cy><w>96.5349</w><h>40.1596</h><angle>1.037806</angle></robndbox></object><object><type>robndbox</type><name>wheat_head</name><pose>Unspecified</pose><truncated>0</truncated><difficult>0</difficult><robndbox><cx>673.6982</cx><cy>37.8591</cy><w>102.7896</w><h>33.7634</h><angle>0.915762</angle></robndbox></object><object><type>robndbox</type><name>wheat_head</name><pose>Unspecified</pose><truncated>0</truncated><difficult>0</difficult><robndbox><cx>205.838</cx><cy>398.92</cy><w>183.5624</w><h>31.5671</h><angle>0.571261</angle></robndbox></object><object><type>robndbox</type><name>wheat_head</name><pose>Unspecified</pose><truncated>0</truncated><difficult>0</difficult><robndbox><cx>413.4152</cx><cy>288.714</cy><w>36.4861</w><h>28.1475</h><angle>0.996727</angle></robndbox></object><object><type>robndbox</type><name>wheat_head</name><pose>Unspecified</pose><truncated>0</truncated><difficult>0</difficult><robndbox><cx>559.664</cx><cy>346.9649</cy><w>69.1158</w><h>25.6434</h><angle>1.022933</angle></robndbox></object><object><type>robndbox</type><name>wheat_head</name><pose>Unspecified</pose><truncated>0</truncated><difficult>0</difficult><robndbox><cx>518.4708</cx><cy>387.8894</cy><w>62.0081</w><h>16.4997</h><angle>0.911168</angle></robndbox></object></annotation>