<annotation verified="no"><folder>images</folder><filename>09d50b59d</filename><path>/home/badhon/Documents/thesis/final_dataset/ethz_1/images/09d50b59d.jpg</path><source><database>Unknown</database></source><size><width>1024</width><height>1024</height><depth>3</depth></size><segmented>0</segmented><object><type>robndbox</type><name>wheat_head</name><pose>Unspecified</pose><truncated>0</truncated><difficult>0</difficult><robndbox><cx>129.4798</cx><cy>140.7532</cy><w>86.5663</w><h>30.9005</h><angle>2.863662</angle></robndbox></object><object><type>robndbox</type><name>wheat_head</name><pose>Unspecified</pose><truncated>0</truncated><difficult>0</difficult><robndbox><cx>495.6575</cx><cy>509.3666</cy><w>85.0352</w><h>31.6748</h><angle>0.638592</angle></robndbox></object><object><type>robndbox</type><name>wheat_head</name><pose>Unspecified</pose><truncated>0</truncated><difficult>0</difficult><robndbox><cx>307.9562</cx><cy>861.478</cy><w>84.1976</w><h>31.4111</h><angle>0.098402</angle></robndbox></object><object><type>robndbox</type><name>wheat_head</name><pose>Unspecified</pose><truncated>0</truncated><difficult>0</difficult><robndbox><cx>246.703</cx><cy>475.8608</cy><w>89.183</w><h>29.5203</h><angle>0.964867</angle></robndbox></object><object><type>robndbox</type><name>wheat_head</name><pose>Unspecified</pose><truncated>0</truncated><difficult>0</difficult><robndbox><cx>201.3271</cx><cy>502.05</cy><w>102.3668</w><h>31.4272</h><angle>0.316197</angle></robndbox></object><object><type>robndbox</type><name>wheat_head</name><pose>Unspecified</pose><truncated>0</truncated><difficult>0</difficult><robndbox><cx>258.1164</cx><cy>176.016</cy><w>123.8892</w><h>33.1728</h><angle>0.443048</angle></robndbox></object><object><type>robndbox</type><name>wheat_head</name><pose>Unspecified</pose><truncated>0</truncated><difficult>0</difficult><robndbox><cx>510.2089</cx><cy>997.1771</cy><w>66.2324</w><h>27.3814</h><angle>0.112246</angle></robndbox></object><object><type>robndbox</type><name>wheat_head</name><pose>Unspecified</pose><truncated>0</truncated><difficult>0</difficult><robndbox><cx>616.2239</cx><cy>192.5793</cy><w>83.147</w><h>34.6329</h><angle>0.662743</angle></robndbox></object><object><type>robndbox</type><name>wheat_head</name><pose>Unspecified</pose><truncated>0</truncated><difficult>0</difficult><robndbox><cx>687.5499</cx><cy>10.9378</cy><w>71.9644</w><h>25.8389</h><angle>0.243921</angle></robndbox></object><object><type>robndbox</type><name>wheat_head</name><pose>Unspecified</pose><truncated>0</truncated><difficult>0</difficult><robndbox><cx>50.4516</cx><cy>280.1614</cy><w>113.2142</w><h>39.2844</h><angle>0.352924</angle></robndbox></object><object><type>robndbox</type><name>wheat_head</name><pose>Unspecified</pose><truncated>0</truncated><difficult>0</difficult><robndbox><cx>957.6467</cx><cy>252.5487</cy><w>53.7064</w><h>34.5477</h><angle>0.632163</angle></robndbox></object><object><type>robndbox</type><name>wheat_head</name><pose>Unspecified</pose><truncated>0</truncated><difficult>0</difficult><robndbox><cx>966.7191</cx><cy>826.9701</cy><w>104.4969</w><h>34.7865</h><angle>0.414942</angle></robndbox></object><object><type>robndbox</type><name>wheat_head</name><pose>Unspecified</pose><truncated>0</truncated><difficult>0</difficult><robndbox><cx>472.7895</cx><cy>426.0633</cy><w>130.7261</w><h>36.9339</h><angle>1.022851</angle></robndbox></object><object><type>robndbox</type><name>wheat_head</name><pose>Unspecified</pose><truncated>0</truncated><difficult>0</difficult><robndbox><cx>565.8221</cx><cy>660.1127</cy><w>53.1326</w><h>21.5257</h><angle>0.0352</angle></robndbox></object><object><type>robndbox</type><name>wheat_head</name><pose>Unspecified</pose><truncated>0</truncated><difficult>0</difficult><robndbox><cx>426.7087</cx><cy>942.2005</cy><w>89.9808</w><h>33.4359</h><angle>0.887965</angle></robndbox></object><object><type>robndbox</type><name>wheat_head</name><pose>Unspecified</pose><truncated>0</truncated><difficult>0</difficult><robndbox><cx>715.7964</cx><cy>148.7867</cy><w>63.7488</w><h>30.8665</h><angle>0.647981</angle></robndbox></object><object><type>robndbox</type><name>wheat_head</name><pose>Unspecified</pose><truncated>0</truncated><difficult>0</difficult><robndbox><cx>318.5237</cx><cy>606.0572</cy><w>88.0693</w><h>31.7951</h><angle>0.315371</angle></robndbox></object><object><type>robndbox</type><name>wheat_head</name><pose>Unspecified</pose><truncated>0</truncated><difficult>0</difficult><robndbox><cx>781.9383</cx><cy>204.4708</cy><w>178.2072</w><h>32.3887</h><angle>2.973511</angle></robndbox></object><object><type>robndbox</type><name>wheat_head</name><pose>Unspecified</pose><truncated>0</truncated><difficult>0</difficult><robndbox><cx>250.0043</cx><cy>806.7465</cy><w>41.4502</w><h>31.4289</h><angle>0.472399</angle></robndbox></object><object><type>robndbox</type><name>wheat_head</name><pose>Unspecified</pose><truncated>0</truncated><difficult>0</difficult><robndbox><cx>949.7376</cx><cy>975.1396</cy><w>58.3988</w><h>30.7733</h><angle>0.321913</angle></robndbox></object><object><type>robndbox</type><name>wheat_head</name><pose>Unspecified</pose><truncated>0</truncated><difficult>0</difficult><robndbox><cx>932.9882</cx><cy>858.1451</cy><w>67.9422</w><h>27.0298</h><angle>0.492347</angle></robndbox></object><object><type>robndbox</type><name>wheat_head</name><pose>Unspecified</pose><truncated>0</truncated><difficult>0</difficult><robndbox><cx>302.3837</cx><cy>142.079</cy><w>88.5148</w><h>26.2918</h><angle>0.902315</angle></robndbox></object><object><type>robndbox</type><name>wheat_head</name><pose>Unspecified</pose><truncated>0</truncated><difficult>0</difficult><robndbox><cx>508.3421</cx><cy>911.5467</cy><w>171.6434</w><h>36.4599</h><angle>0.319386</angle></robndbox></object><object><type>robndbox</type><name>wheat_head</name><pose>Unspecified</pose><truncated>0</truncated><difficult>0</difficult><robndbox><cx>877.7994</cx><cy>186.4831</cy><w>74.0101</w><h>26.8126</h><angle>0.622203</angle></robndbox></object><object><type>robndbox</type><name>wheat_head</name><pose>Unspecified</pose><truncated>0</truncated><difficult>0</difficult><robndbox><cx>584.5682</cx><cy>835.5023</cy><w>51.2268</w><h>25.4425</h><angle>0.04371</angle></robndbox></object><object><type>robndbox</type><name>wheat_head</name><pose>Unspecified</pose><truncated>0</truncated><difficult>0</difficult><robndbox><cx>704.2493</cx><cy>823.067</cy><w>93.0709</w><h>32.8372</h><angle>1.526832</angle></robndbox></object><object><type>robndbox</type><name>wheat_head</name><pose>Unspecified</pose><truncated>0</truncated><difficult>0</difficult><robndbox><cx>309.897</cx><cy>276.66</cy><w>78.2074</w><h>30.8367</h><angle>0.325835</angle></robndbox></object><object><type>robndbox</type><name>wheat_head</name><pose>Unspecified</pose><truncated>0</truncated><difficult>0</difficult><robndbox><cx>318.1644</cx><cy>642.4766</cy><w>70.5947</w><h>23.6233</h><angle>0.057608</angle></robndbox></object><object><type>robndbox</type><name>wheat_head</name><pose>Unspecified</pose><truncated>0</truncated><difficult>0</difficult><robndbox><cx>782.9694</cx><cy>155.739</cy><w>46.4839</w><h>26.2598</h><angle>0.507941</angle></robndbox></object><object><type>robndbox</type><name>wheat_head</name><pose>Unspecified</pose><truncated>0</truncated><difficult>0</difficult><robndbox><cx>390.101</cx><cy>369.288</cy><w>91.2596</w><h>34.2925</h><angle>0.563625</angle></robndbox></object><object><type>robndbox</type><name>wheat_head</name><pose>Unspecified</pose><truncated>0</truncated><difficult>0</difficult><robndbox><cx>237.9865</cx><cy>242.0935</cy><w>64.8441</w><h>32.8272</h><angle>0.464489</angle></robndbox></object><object><type>robndbox</type><name>wheat_head</name><pose>Unspecified</pose><truncated>0</truncated><difficult>0</difficult><robndbox><cx>679.7284</cx><cy>560.7245</cy><w>80.5305</w><h>35.1167</h><angle>0.567709</angle></robndbox></object><object><type>robndbox</type><name>wheat_head</name><pose>Unspecified</pose><truncated>0</truncated><difficult>0</difficult><robndbox><cx>551.8599</cx><cy>354.5639</cy><w>75.0498</w><h>25.9769</h><angle>0.211659</angle></robndbox></object><object><type>robndbox</type><name>wheat_head</name><pose>Unspecified</pose><truncated>0</truncated><difficult>0</difficult><robndbox><cx>33.8729</cx><cy>468.1773</cy><w>57.2917</w><h>27.2303</h><angle>0.36452</angle></robndbox></object><object><type>robndbox</type><name>wheat_head</name><pose>Unspecified</pose><truncated>0</truncated><difficult>0</difficult><robndbox><cx>238.4443</cx><cy>954.1455</cy><w>71.2562</w><h>35.0123</h><angle>0.873278</angle></robndbox></object><object><type>robndbox</type><name>wheat_head</name><pose>Unspecified</pose><truncated>0</truncated><difficult>0</difficult><robndbox><cx>731.6087</cx><cy>514.558</cy><w>80.774</w><h>29.6744</h><angle>0.3172</angle></robndbox></object><object><type>robndbox</type><name>wheat_head</name><pose>Unspecified</pose><truncated>0</truncated><difficult>0</difficult><robndbox><cx>508.3421</cx><cy>911.5467</cy><w>171.6434</w><h>36.4599</h><angle>0.319386</angle></robndbox></object><object><type>robndbox</type><name>wheat_head</name><pose>Unspecified</pose><truncated>0</truncated><difficult>0</difficult><robndbox><cx>930.9534</cx><cy>181.0527</cy><w>134.5171</w><h>32.9059</h><angle>0.708016</angle></robndbox></object><object><type>robndbox</type><name>wheat_head</name><pose>Unspecified</pose><truncated>0</truncated><difficult>0</difficult><robndbox><cx>607.3901</cx><cy>888.6431</cy><w>110.8355</w><h>30.7309</h><angle>0.045491</angle></robndbox></object><object><type>robndbox</type><name>wheat_head</name><pose>Unspecified</pose><truncated>0</truncated><difficult>0</difficult><robndbox><cx>336.5697</cx><cy>1002.6421</cy><w>130.0387</w><h>23.2471</h><angle>3.094854</angle></robndbox></object><object><type>robndbox</type><name>wheat_head</name><pose>Unspecified</pose><truncated>0</truncated><difficult>0</difficult><robndbox><cx>81.8042</cx><cy>545.6933</cy><w>196.7972</w><h>32.0356</h><angle>0.370162</angle></robndbox></object><object><type>robndbox</type><name>wheat_head</name><pose>Unspecified</pose><truncated>0</truncated><difficult>0</difficult><robndbox><cx>7.8746</cx><cy>550.2556</cy><w>33.1708</w><h>10.472</h><angle>1.652707</angle></robndbox></object><object><type>robndbox</type><name>wheat_head</name><pose>Unspecified</pose><truncated>0</truncated><difficult>0</difficult><robndbox><cx>581.5</cx><cy>642.0</cy><w>48.3719</w><h>44.1605</h><angle>3.056316</angle></robndbox></object><object><type>robndbox</type><name>wheat_head</name><pose>Unspecified</pose><truncated>0</truncated><difficult>0</difficult><robndbox><cx>966.7191</cx><cy>826.9701</cy><w>104.4969</w><h>34.7865</h><angle>0.414942</angle></robndbox></object><object><type>robndbox</type><name>wheat_head</name><pose>Unspecified</pose><truncated>0</truncated><difficult>0</difficult><robndbox><cx>161.5239</cx><cy>345.0896</cy><w>70.0323</w><h>34.5582</h><angle>1.643997</angle></robndbox></object><object><type>robndbox</type><name>wheat_head</name><pose>Unspecified</pose><truncated>0</truncated><difficult>0</difficult><robndbox><cx>876.7139</cx><cy>246.2076</cy><w>43.3572</w><h>25.6761</h><angle>0.346996</angle></robndbox></object><object><type>robndbox</type><name>wheat_head</name><pose>Unspecified</pose><truncated>0</truncated><difficult>0</difficult><robndbox><cx>554.4152</cx><cy>854.8895</cy><w>40.0335</w><h>23.2436</h><angle>0.124006</angle></robndbox></object><object><type>robndbox</type><name>wheat_head</name><pose>Unspecified</pose><truncated>0</truncated><difficult>0</difficult><robndbox><cx>345.5224</cx><cy>6.9671</cy><w>29.0208</w><h>17.2849</h><angle>2.680793</angle></robndbox></object><object><type>robndbox</type><name>wheat_head</name><pose>Unspecified</pose><truncated>0</truncated><difficult>0</difficult><robndbox><cx>767.2868</cx><cy>874.3428</cy><w>64.3872</w><h>32.5195</h><angle>0.374568</angle></robndbox></object><object><type>robndbox</type><name>wheat_head</name><pose>Unspecified</pose><truncated>0</truncated><difficult>0</difficult><robndbox><cx>101.4608</cx><cy>510.8732</cy><w>99.5507</w><h>29.615</h><angle>0.493371</angle></robndbox></object><object><type>robndbox</type><name>wheat_head</name><pose>Unspecified</pose><truncated>0</truncated><difficult>0</difficult><robndbox><cx>632.5698</cx><cy>621.364</cy><w>128.111</w><h>37.5444</h><angle>2.903376</angle></robndbox></object><object><type>robndbox</type><name>wheat_head</name><pose>Unspecified</pose><truncated>0</truncated><difficult>0</difficult><robndbox><cx>368.5406</cx><cy>805.5677</cy><w>62.6042</w><h>29.2083</h><angle>0.404151</angle></robndbox></object><object><type>robndbox</type><name>wheat_head</name><pose>Unspecified</pose><truncated>0</truncated><difficult>0</difficult><robndbox><cx>22.5</cx><cy>496.0</cy><w>36.1391</w><h>28.3559</h><angle>1.916584</angle></robndbox></object><object><type>robndbox</type><name>wheat_head</name><pose>Unspecified</pose><truncated>0</truncated><difficult>0</difficult><robndbox><cx>341.0417</cx><cy>104.9488</cy><w>169.2178</w><h>37.4988</h><angle>0.429114</angle></robndbox></object><object><type>robndbox</type><name>wheat_head</name><pose>Unspecified</pose><truncated>0</truncated><difficult>0</difficult><robndbox><cx>1003.1807</cx><cy>904.8743</cy><w>32.6871</w><h>30.3201</h><angle>1.389374</angle></robndbox></object><object><type>robndbox</type><name>wheat_head</name><pose>Unspecified</pose><truncated>0</truncated><difficult>0</difficult><robndbox><cx>633.9503</cx><cy>76.3282</cy><w>71.6834</w><h>25.6539</h><angle>0.193105</angle></robndbox></object></annotation>