<annotation verified="no"><folder>images</folder><filename>0a7338e6f</filename><path>/home/badhon/Documents/thesis/final_dataset/ethz_1/images/0a7338e6f.jpg</path><source><database>Unknown</database></source><size><width>1024</width><height>1024</height><depth>3</depth></size><segmented>0</segmented><object><type>robndbox</type><name>wheat_head</name><pose>Unspecified</pose><truncated>0</truncated><difficult>0</difficult><robndbox><cx>873.3024</cx><cy>346.2671</cy><w>121.4446</w><h>31.1605</h><angle>0.97463</angle></robndbox></object><object><type>robndbox</type><name>wheat_head</name><pose>Unspecified</pose><truncated>0</truncated><difficult>0</difficult><robndbox><cx>904.9844</cx><cy>49.0778</cy><w>110.9095</w><h>35.3761</h><angle>0.664451</angle></robndbox></object><object><type>robndbox</type><name>wheat_head</name><pose>Unspecified</pose><truncated>0</truncated><difficult>0</difficult><robndbox><cx>202.4267</cx><cy>196.6222</cy><w>143.9389</w><h>39.3536</h><angle>0.663365</angle></robndbox></object><object><type>robndbox</type><name>wheat_head</name><pose>Unspecified</pose><truncated>0</truncated><difficult>0</difficult><robndbox><cx>548.2651</cx><cy>68.9985</cy><w>99.3954</w><h>37.7677</h><angle>0.638647</angle></robndbox></object><object><type>robndbox</type><name>wheat_head</name><pose>Unspecified</pose><truncated>0</truncated><difficult>0</difficult><robndbox><cx>238.4834</cx><cy>23.1232</cy><w>79.321</w><h>32.7219</h><angle>0.484395</angle></robndbox></object><object><type>robndbox</type><name>wheat_head</name><pose>Unspecified</pose><truncated>0</truncated><difficult>0</difficult><robndbox><cx>736.075</cx><cy>400.7365</cy><w>98.8192</w><h>40.0664</h><angle>0.38354</angle></robndbox></object><object><type>robndbox</type><name>wheat_head</name><pose>Unspecified</pose><truncated>0</truncated><difficult>0</difficult><robndbox><cx>40.1824</cx><cy>996.9847</cy><w>80.0866</w><h>27.5691</h><angle>0.252248</angle></robndbox></object><object><type>robndbox</type><name>wheat_head</name><pose>Unspecified</pose><truncated>0</truncated><difficult>0</difficult><robndbox><cx>429.5673</cx><cy>118.1369</cy><w>99.4378</w><h>29.2439</h><angle>0.381538</angle></robndbox></object><object><type>robndbox</type><name>wheat_head</name><pose>Unspecified</pose><truncated>0</truncated><difficult>0</difficult><robndbox><cx>666.798</cx><cy>183.7838</cy><w>99.3426</w><h>36.3041</h><angle>2.701024</angle></robndbox></object><object><type>robndbox</type><name>wheat_head</name><pose>Unspecified</pose><truncated>0</truncated><difficult>0</difficult><robndbox><cx>86.5108</cx><cy>533.3582</cy><w>93.9693</w><h>37.741</h><angle>0.434041</angle></robndbox></object><object><type>robndbox</type><name>wheat_head</name><pose>Unspecified</pose><truncated>0</truncated><difficult>0</difficult><robndbox><cx>641.6346</cx><cy>249.143</cy><w>81.5496</w><h>34.5989</h><angle>2.657043</angle></robndbox></object><object><type>robndbox</type><name>wheat_head</name><pose>Unspecified</pose><truncated>0</truncated><difficult>0</difficult><robndbox><cx>26.2731</cx><cy>648.9908</cy><w>58.983</w><h>36.2496</h><angle>0.497359</angle></robndbox></object><object><type>robndbox</type><name>wheat_head</name><pose>Unspecified</pose><truncated>0</truncated><difficult>0</difficult><robndbox><cx>795.1022</cx><cy>776.3306</cy><w>101.2518</w><h>38.8852</h><angle>0.329752</angle></robndbox></object><object><type>robndbox</type><name>wheat_head</name><pose>Unspecified</pose><truncated>0</truncated><difficult>0</difficult><robndbox><cx>971.967</cx><cy>782.052</cy><w>69.2874</w><h>31.4067</h><angle>0.413815</angle></robndbox></object><object><type>robndbox</type><name>wheat_head</name><pose>Unspecified</pose><truncated>0</truncated><difficult>0</difficult><robndbox><cx>971.3092</cx><cy>393.4986</cy><w>92.7128</w><h>29.8385</h><angle>0.525847</angle></robndbox></object><object><type>robndbox</type><name>wheat_head</name><pose>Unspecified</pose><truncated>0</truncated><difficult>0</difficult><robndbox><cx>644.9961</cx><cy>861.683</cy><w>104.9428</w><h>36.4271</h><angle>2.869261</angle></robndbox></object><object><type>robndbox</type><name>wheat_head</name><pose>Unspecified</pose><truncated>0</truncated><difficult>0</difficult><robndbox><cx>304.3924</cx><cy>795.9911</cy><w>79.6092</w><h>31.1729</h><angle>0.243919</angle></robndbox></object><object><type>robndbox</type><name>wheat_head</name><pose>Unspecified</pose><truncated>0</truncated><difficult>0</difficult><robndbox><cx>429.466</cx><cy>474.4517</cy><w>98.1051</w><h>36.2927</h><angle>0.589119</angle></robndbox></object><object><type>robndbox</type><name>wheat_head</name><pose>Unspecified</pose><truncated>0</truncated><difficult>0</difficult><robndbox><cx>108.0522</cx><cy>449.5541</cy><w>123.5277</w><h>27.6022</h><angle>0.337895</angle></robndbox></object><object><type>robndbox</type><name>wheat_head</name><pose>Unspecified</pose><truncated>0</truncated><difficult>0</difficult><robndbox><cx>558.1761</cx><cy>156.0294</cy><w>64.0447</w><h>29.6538</h><angle>0.353849</angle></robndbox></object><object><type>robndbox</type><name>wheat_head</name><pose>Unspecified</pose><truncated>0</truncated><difficult>0</difficult><robndbox><cx>24.5037</cx><cy>19.6776</cy><w>41.9551</w><h>22.2426</h><angle>0.385658</angle></robndbox></object><object><type>robndbox</type><name>wheat_head</name><pose>Unspecified</pose><truncated>0</truncated><difficult>0</difficult><robndbox><cx>56.6325</cx><cy>329.2149</cy><w>111.474</w><h>29.6854</h><angle>0.423075</angle></robndbox></object><object><type>robndbox</type><name>wheat_head</name><pose>Unspecified</pose><truncated>0</truncated><difficult>0</difficult><robndbox><cx>65.8585</cx><cy>802.017</cy><w>132.6162</w><h>36.5018</h><angle>0.073294</angle></robndbox></object><object><type>robndbox</type><name>wheat_head</name><pose>Unspecified</pose><truncated>0</truncated><difficult>0</difficult><robndbox><cx>921.9297</cx><cy>342.944</cy><w>65.618</w><h>23.7547</h><angle>0.982665</angle></robndbox></object><object><type>robndbox</type><name>wheat_head</name><pose>Unspecified</pose><truncated>0</truncated><difficult>0</difficult><robndbox><cx>302.8666</cx><cy>938.2695</cy><w>97.9588</w><h>36.0413</h><angle>2.850706</angle></robndbox></object><object><type>robndbox</type><name>wheat_head</name><pose>Unspecified</pose><truncated>0</truncated><difficult>0</difficult><robndbox><cx>416.7767</cx><cy>682.7093</cy><w>149.0331</w><h>38.3573</h><angle>0.203316</angle></robndbox></object><object><type>robndbox</type><name>wheat_head</name><pose>Unspecified</pose><truncated>0</truncated><difficult>0</difficult><robndbox><cx>974.7255</cx><cy>439.128</cy><w>71.6858</w><h>31.6559</h><angle>0.247683</angle></robndbox></object><object><type>robndbox</type><name>wheat_head</name><pose>Unspecified</pose><truncated>0</truncated><difficult>0</difficult><robndbox><cx>216.6003</cx><cy>393.7835</cy><w>114.6635</w><h>25.6807</h><angle>3.116505</angle></robndbox></object><object><type>robndbox</type><name>wheat_head</name><pose>Unspecified</pose><truncated>0</truncated><difficult>0</difficult><robndbox><cx>624.3566</cx><cy>19.3414</cy><w>79.1178</w><h>37.4146</h><angle>0.485585</angle></robndbox></object><object><type>robndbox</type><name>wheat_head</name><pose>Unspecified</pose><truncated>0</truncated><difficult>0</difficult><robndbox><cx>179.932</cx><cy>350.3873</cy><w>93.2088</w><h>27.9613</h><angle>0.278831</angle></robndbox></object><object><type>robndbox</type><name>wheat_head</name><pose>Unspecified</pose><truncated>0</truncated><difficult>0</difficult><robndbox><cx>962.3471</cx><cy>46.8455</cy><w>89.3508</w><h>27.3708</h><angle>0.69581</angle></robndbox></object><object><type>robndbox</type><name>wheat_head</name><pose>Unspecified</pose><truncated>0</truncated><difficult>0</difficult><robndbox><cx>750.2159</cx><cy>700.7386</cy><w>82.1605</w><h>38.476</h><angle>0.304977</angle></robndbox></object><object><type>robndbox</type><name>wheat_head</name><pose>Unspecified</pose><truncated>0</truncated><difficult>0</difficult><robndbox><cx>548.2651</cx><cy>68.9985</cy><w>99.3954</w><h>37.7677</h><angle>0.638647</angle></robndbox></object><object><type>robndbox</type><name>wheat_head</name><pose>Unspecified</pose><truncated>0</truncated><difficult>0</difficult><robndbox><cx>431.944</cx><cy>840.8509</cy><w>82.3847</w><h>37.734</h><angle>2.749718</angle></robndbox></object><object><type>robndbox</type><name>wheat_head</name><pose>Unspecified</pose><truncated>0</truncated><difficult>0</difficult><robndbox><cx>349.9763</cx><cy>426.6903</cy><w>90.6505</w><h>33.821</h><angle>0.4864</angle></robndbox></object><object><type>robndbox</type><name>wheat_head</name><pose>Unspecified</pose><truncated>0</truncated><difficult>0</difficult><robndbox><cx>1013.4255</cx><cy>772.7332</cy><w>19.8132</w><h>10.8939</h><angle>1.689782</angle></robndbox></object><object><type>robndbox</type><name>wheat_head</name><pose>Unspecified</pose><truncated>0</truncated><difficult>0</difficult><robndbox><cx>198.6264</cx><cy>770.8439</cy><w>170.5032</w><h>33.1244</h><angle>3.090818</angle></robndbox></object><object><type>robndbox</type><name>wheat_head</name><pose>Unspecified</pose><truncated>0</truncated><difficult>0</difficult><robndbox><cx>624.3566</cx><cy>19.3414</cy><w>79.1178</w><h>37.4146</h><angle>0.485585</angle></robndbox></object><object><type>robndbox</type><name>wheat_head</name><pose>Unspecified</pose><truncated>0</truncated><difficult>0</difficult><robndbox><cx>798.3595</cx><cy>5.9007</cy><w>57.7483</w><h>16.2518</h><angle>0.040656</angle></robndbox></object><object><type>robndbox</type><name>wheat_head</name><pose>Unspecified</pose><truncated>0</truncated><difficult>0</difficult><robndbox><cx>56.6325</cx><cy>329.2149</cy><w>111.474</w><h>29.6854</h><angle>0.423075</angle></robndbox></object><object><type>robndbox</type><name>wheat_head</name><pose>Unspecified</pose><truncated>0</truncated><difficult>0</difficult><robndbox><cx>303.6072</cx><cy>842.7607</cy><w>85.0606</w><h>28.8425</h><angle>0.103458</angle></robndbox></object><object><type>robndbox</type><name>wheat_head</name><pose>Unspecified</pose><truncated>0</truncated><difficult>0</difficult><robndbox><cx>130.6873</cx><cy>421.2795</cy><w>114.5931</w><h>22.5605</h><angle>0.049767</angle></robndbox></object><object><type>robndbox</type><name>wheat_head</name><pose>Unspecified</pose><truncated>0</truncated><difficult>0</difficult><robndbox><cx>869.5307</cx><cy>750.7977</cy><w>127.3395</w><h>39.0063</h><angle>0.412759</angle></robndbox></object><object><type>robndbox</type><name>wheat_head</name><pose>Unspecified</pose><truncated>0</truncated><difficult>0</difficult><robndbox><cx>889.5172</cx><cy>410.4139</cy><w>106.801</w><h>33.2274</h><angle>0.251686</angle></robndbox></object><object><type>robndbox</type><name>wheat_head</name><pose>Unspecified</pose><truncated>0</truncated><difficult>0</difficult><robndbox><cx>576.7336</cx><cy>444.9456</cy><w>77.1045</w><h>39.1881</h><angle>0.268454</angle></robndbox></object><object><type>robndbox</type><name>wheat_head</name><pose>Unspecified</pose><truncated>0</truncated><difficult>0</difficult><robndbox><cx>854.4486</cx><cy>837.2032</cy><w>73.0218</w><h>37.4913</h><angle>3.073837</angle></robndbox></object><object><type>robndbox</type><name>wheat_head</name><pose>Unspecified</pose><truncated>0</truncated><difficult>0</difficult><robndbox><cx>948.4164</cx><cy>826.5297</cy><w>99.4961</w><h>31.7225</h><angle>0.177883</angle></robndbox></object><object><type>robndbox</type><name>wheat_head</name><pose>Unspecified</pose><truncated>0</truncated><difficult>0</difficult><robndbox><cx>304.179</cx><cy>340.7708</cy><w>234.6964</w><h>31.8558</h><angle>0.127291</angle></robndbox></object><object><type>robndbox</type><name>wheat_head</name><pose>Unspecified</pose><truncated>0</truncated><difficult>0</difficult><robndbox><cx>492.9313</cx><cy>419.4731</cy><w>87.5444</w><h>34.737</h><angle>2.903871</angle></robndbox></object><object><type>robndbox</type><name>wheat_head</name><pose>Unspecified</pose><truncated>0</truncated><difficult>0</difficult><robndbox><cx>447.1619</cx><cy>382.8863</cy><w>100.4496</w><h>32.4049</h><angle>3.036943</angle></robndbox></object><object><type>robndbox</type><name>wheat_head</name><pose>Unspecified</pose><truncated>0</truncated><difficult>0</difficult><robndbox><cx>795.1022</cx><cy>776.3306</cy><w>101.2518</w><h>38.8852</h><angle>0.329752</angle></robndbox></object><object><type>robndbox</type><name>wheat_head</name><pose>Unspecified</pose><truncated>0</truncated><difficult>0</difficult><robndbox><cx>24.5</cx><cy>89.0</cy><w>37.2954</w><h>15.4997</h><angle>0.294335</angle></robndbox></object><object><type>robndbox</type><name>wheat_head</name><pose>Unspecified</pose><truncated>0</truncated><difficult>0</difficult><robndbox><cx>9.1371</cx><cy>836.7446</cy><w>26.454</w><h>25.6469</h><angle>0.211814</angle></robndbox></object><object><type>robndbox</type><name>wheat_head</name><pose>Unspecified</pose><truncated>0</truncated><difficult>0</difficult><robndbox><cx>485.7912</cx><cy>442.8831</cy><w>72.3664</w><h>22.1191</h><angle>0.327692</angle></robndbox></object><object><type>robndbox</type><name>wheat_head</name><pose>Unspecified</pose><truncated>0</truncated><difficult>0</difficult><robndbox><cx>159.4681</cx><cy>735.0804</cy><w>64.1945</w><h>24.6192</h><angle>0.248932</angle></robndbox></object><object><type>robndbox</type><name>wheat_head</name><pose>Unspecified</pose><truncated>0</truncated><difficult>0</difficult><robndbox><cx>69.8344</cx><cy>719.0198</cy><w>79.5024</w><h>27.5451</h><angle>0.045009</angle></robndbox></object><object><type>robndbox</type><name>wheat_head</name><pose>Unspecified</pose><truncated>0</truncated><difficult>0</difficult><robndbox><cx>524.7768</cx><cy>981.2245</cy><w>121.7287</w><h>31.2887</h><angle>0.233026</angle></robndbox></object><object><type>robndbox</type><name>wheat_head</name><pose>Unspecified</pose><truncated>0</truncated><difficult>0</difficult><robndbox><cx>86.5108</cx><cy>533.3582</cy><w>93.9693</w><h>37.741</h><angle>0.434041</angle></robndbox></object><object><type>robndbox</type><name>wheat_head</name><pose>Unspecified</pose><truncated>0</truncated><difficult>0</difficult><robndbox><cx>165.6399</cx><cy>507.9792</cy><w>49.5531</w><h>26.3888</h><angle>0.271067</angle></robndbox></object><object><type>robndbox</type><name>wheat_head</name><pose>Unspecified</pose><truncated>0</truncated><difficult>0</difficult><robndbox><cx>52.8166</cx><cy>297.4389</cy><w>115.1043</w><h>23.9834</h><angle>0.518069</angle></robndbox></object><object><type>robndbox</type><name>wheat_head</name><pose>Unspecified</pose><truncated>0</truncated><difficult>0</difficult><robndbox><cx>65.304</cx><cy>358.9164</cy><w>120.2082</w><h>17.8942</h><angle>0.295441</angle></robndbox></object><object><type>robndbox</type><name>wheat_head</name><pose>Unspecified</pose><truncated>0</truncated><difficult>0</difficult><robndbox><cx>393.1869</cx><cy>399.9587</cy><w>69.5845</w><h>31.441</h><angle>0.129703</angle></robndbox></object><object><type>robndbox</type><name>wheat_head</name><pose>Unspecified</pose><truncated>0</truncated><difficult>0</difficult><robndbox><cx>801.9043</cx><cy>753.0216</cy><w>101.6366</w><h>23.6849</h><angle>0.415227</angle></robndbox></object><object><type>robndbox</type><name>wheat_head</name><pose>Unspecified</pose><truncated>0</truncated><difficult>0</difficult><robndbox><cx>898.7879</cx><cy>121.5989</cy><w>164.6845</w><h>33.5488</h><angle>0.09121</angle></robndbox></object></annotation>