<annotation verified="no"><folder>images</folder><filename>0adcb2a1a</filename><path>/home/badhon/Documents/thesis/final_dataset/ethz_1/images/0adcb2a1a.jpg</path><source><database>Unknown</database></source><size><width>1024</width><height>1024</height><depth>3</depth></size><segmented>0</segmented><object><type>robndbox</type><name>wheat_head</name><pose>Unspecified</pose><truncated>0</truncated><difficult>0</difficult><robndbox><cx>680.2914</cx><cy>28.4603</cy><w>77.6047</w><h>30.2885</h><angle>1.105885</angle></robndbox></object><object><type>robndbox</type><name>wheat_head</name><pose>Unspecified</pose><truncated>0</truncated><difficult>0</difficult><robndbox><cx>561.5411</cx><cy>760.7044</cy><w>74.5292</w><h>32.5435</h><angle>1.037912</angle></robndbox></object><object><type>robndbox</type><name>wheat_head</name><pose>Unspecified</pose><truncated>0</truncated><difficult>0</difficult><robndbox><cx>504.7081</cx><cy>769.1801</cy><w>72.9786</w><h>30.947</h><angle>1.09113</angle></robndbox></object><object><type>robndbox</type><name>wheat_head</name><pose>Unspecified</pose><truncated>0</truncated><difficult>0</difficult><robndbox><cx>998.5671</cx><cy>386.6501</cy><w>59.6634</w><h>29.652</h><angle>1.350189</angle></robndbox></object><object><type>robndbox</type><name>wheat_head</name><pose>Unspecified</pose><truncated>0</truncated><difficult>0</difficult><robndbox><cx>749.1087</cx><cy>622.058</cy><w>88.9584</w><h>27.702</h><angle>0.518226</angle></robndbox></object><object><type>robndbox</type><name>wheat_head</name><pose>Unspecified</pose><truncated>0</truncated><difficult>0</difficult><robndbox><cx>224.3872</cx><cy>580.9771</cy><w>126.7031</w><h>30.5789</h><angle>0.407673</angle></robndbox></object><object><type>robndbox</type><name>wheat_head</name><pose>Unspecified</pose><truncated>0</truncated><difficult>0</difficult><robndbox><cx>650.1425</cx><cy>462.8699</cy><w>158.0399</w><h>41.3967</h><angle>0.509258</angle></robndbox></object><object><type>robndbox</type><name>wheat_head</name><pose>Unspecified</pose><truncated>0</truncated><difficult>0</difficult><robndbox><cx>350.3981</cx><cy>581.352</cy><w>104.6328</w><h>28.9127</h><angle>0.468146</angle></robndbox></object><object><type>robndbox</type><name>wheat_head</name><pose>Unspecified</pose><truncated>0</truncated><difficult>0</difficult><robndbox><cx>563.5704</cx><cy>873.111</cy><w>86.6753</w><h>34.8957</h><angle>0.973243</angle></robndbox></object><object><type>robndbox</type><name>wheat_head</name><pose>Unspecified</pose><truncated>0</truncated><difficult>0</difficult><robndbox><cx>914.0367</cx><cy>584.0737</cy><w>152.3741</w><h>40.3435</h><angle>0.417806</angle></robndbox></object><object><type>robndbox</type><name>wheat_head</name><pose>Unspecified</pose><truncated>0</truncated><difficult>0</difficult><robndbox><cx>960.8167</cx><cy>143.201</cy><w>119.7653</w><h>40.4319</h><angle>0.648384</angle></robndbox></object><object><type>robndbox</type><name>wheat_head</name><pose>Unspecified</pose><truncated>0</truncated><difficult>0</difficult><robndbox><cx>799.8807</cx><cy>351.9115</cy><w>153.2874</w><h>37.791</h><angle>0.526735</angle></robndbox></object><object><type>robndbox</type><name>wheat_head</name><pose>Unspecified</pose><truncated>0</truncated><difficult>0</difficult><robndbox><cx>604.8334</cx><cy>625.3086</cy><w>102.0528</w><h>33.63</h><angle>0.273462</angle></robndbox></object><object><type>robndbox</type><name>wheat_head</name><pose>Unspecified</pose><truncated>0</truncated><difficult>0</difficult><robndbox><cx>480.1696</cx><cy>467.7336</cy><w>112.3278</w><h>37.6304</h><angle>0.417543</angle></robndbox></object><object><type>robndbox</type><name>wheat_head</name><pose>Unspecified</pose><truncated>0</truncated><difficult>0</difficult><robndbox><cx>514.5698</cx><cy>61.149</cy><w>112.7466</w><h>30.3251</h><angle>0.833892</angle></robndbox></object><object><type>robndbox</type><name>wheat_head</name><pose>Unspecified</pose><truncated>0</truncated><difficult>0</difficult><robndbox><cx>65.5973</cx><cy>481.0365</cy><w>82.5823</w><h>31.5059</h><angle>0.310457</angle></robndbox></object><object><type>robndbox</type><name>wheat_head</name><pose>Unspecified</pose><truncated>0</truncated><difficult>0</difficult><robndbox><cx>766.8517</cx><cy>474.5894</cy><w>80.607</w><h>37.2062</h><angle>1.162278</angle></robndbox></object><object><type>robndbox</type><name>wheat_head</name><pose>Unspecified</pose><truncated>0</truncated><difficult>0</difficult><robndbox><cx>427.051</cx><cy>512.9927</cy><w>98.4622</w><h>32.8061</h><angle>0.943966</angle></robndbox></object><object><type>robndbox</type><name>wheat_head</name><pose>Unspecified</pose><truncated>0</truncated><difficult>0</difficult><robndbox><cx>806.9526</cx><cy>826.6893</cy><w>102.3216</w><h>31.6876</h><angle>0.331675</angle></robndbox></object><object><type>robndbox</type><name>wheat_head</name><pose>Unspecified</pose><truncated>0</truncated><difficult>0</difficult><robndbox><cx>877.5974</cx><cy>508.5756</cy><w>104.0181</w><h>33.6239</h><angle>0.87755</angle></robndbox></object><object><type>robndbox</type><name>wheat_head</name><pose>Unspecified</pose><truncated>0</truncated><difficult>0</difficult><robndbox><cx>724.4702</cx><cy>934.9291</cy><w>95.998</w><h>32.9599</h><angle>0.292041</angle></robndbox></object><object><type>robndbox</type><name>wheat_head</name><pose>Unspecified</pose><truncated>0</truncated><difficult>0</difficult><robndbox><cx>1003.0328</cx><cy>474.9931</cy><w>32.2856</w><h>31.1237</h><angle>0.282298</angle></robndbox></object><object><type>robndbox</type><name>wheat_head</name><pose>Unspecified</pose><truncated>0</truncated><difficult>0</difficult><robndbox><cx>453.8549</cx><cy>69.9729</cy><w>109.1188</w><h>34.4113</h><angle>0.384112</angle></robndbox></object><object><type>robndbox</type><name>wheat_head</name><pose>Unspecified</pose><truncated>0</truncated><difficult>0</difficult><robndbox><cx>490.1715</cx><cy>520.2552</cy><w>72.4057</w><h>30.6218</h><angle>0.651083</angle></robndbox></object><object><type>robndbox</type><name>wheat_head</name><pose>Unspecified</pose><truncated>0</truncated><difficult>0</difficult><robndbox><cx>597.0496</cx><cy>310.7804</cy><w>82.5803</w><h>37.1103</h><angle>0.346076</angle></robndbox></object><object><type>robndbox</type><name>wheat_head</name><pose>Unspecified</pose><truncated>0</truncated><difficult>0</difficult><robndbox><cx>1015.5</cx><cy>752.5</cy><w>17.6706</w><h>17.5604</h><angle>1.317491</angle></robndbox></object><object><type>robndbox</type><name>wheat_head</name><pose>Unspecified</pose><truncated>0</truncated><difficult>0</difficult><robndbox><cx>414.3008</cx><cy>155.9423</cy><w>123.1037</w><h>43.2077</h><angle>0.570912</angle></robndbox></object><object><type>robndbox</type><name>wheat_head</name><pose>Unspecified</pose><truncated>0</truncated><difficult>0</difficult><robndbox><cx>190.742</cx><cy>330.1275</cy><w>133.0698</w><h>34.381</h><angle>0.667282</angle></robndbox></object><object><type>robndbox</type><name>wheat_head</name><pose>Unspecified</pose><truncated>0</truncated><difficult>0</difficult><robndbox><cx>587.1598</cx><cy>238.6178</cy><w>80.8122</w><h>28.8638</h><angle>0.280679</angle></robndbox></object><object><type>robndbox</type><name>wheat_head</name><pose>Unspecified</pose><truncated>0</truncated><difficult>0</difficult><robndbox><cx>279.4069</cx><cy>464.8128</cy><w>177.3188</w><h>40.181</h><angle>0.410006</angle></robndbox></object><object><type>robndbox</type><name>wheat_head</name><pose>Unspecified</pose><truncated>0</truncated><difficult>0</difficult><robndbox><cx>142.7191</cx><cy>151.2623</cy><w>108.5629</w><h>34.0442</h><angle>0.361343</angle></robndbox></object><object><type>robndbox</type><name>wheat_head</name><pose>Unspecified</pose><truncated>0</truncated><difficult>0</difficult><robndbox><cx>634.8094</cx><cy>181.7408</cy><w>48.3081</w><h>31.65</h><angle>0.474024</angle></robndbox></object><object><type>robndbox</type><name>wheat_head</name><pose>Unspecified</pose><truncated>0</truncated><difficult>0</difficult><robndbox><cx>400.4043</cx><cy>977.0273</cy><w>46.5343</w><h>30.6469</h><angle>0.554668</angle></robndbox></object><object><type>robndbox</type><name>wheat_head</name><pose>Unspecified</pose><truncated>0</truncated><difficult>0</difficult><robndbox><cx>817.7971</cx><cy>922.9066</cy><w>88.1351</w><h>29.8214</h><angle>0.223791</angle></robndbox></object><object><type>robndbox</type><name>wheat_head</name><pose>Unspecified</pose><truncated>0</truncated><difficult>0</difficult><robndbox><cx>43.3779</cx><cy>851.4172</cy><w>67.7249</w><h>33.7229</h><angle>2.895344</angle></robndbox></object><object><type>robndbox</type><name>wheat_head</name><pose>Unspecified</pose><truncated>0</truncated><difficult>0</difficult><robndbox><cx>420.9133</cx><cy>784.8252</cy><w>139.5978</w><h>36.5143</h><angle>0.268192</angle></robndbox></object><object><type>robndbox</type><name>wheat_head</name><pose>Unspecified</pose><truncated>0</truncated><difficult>0</difficult><robndbox><cx>487.9464</cx><cy>588.198</cy><w>101.9379</w><h>35.7075</h><angle>0.310151</angle></robndbox></object><object><type>robndbox</type><name>wheat_head</name><pose>Unspecified</pose><truncated>0</truncated><difficult>0</difficult><robndbox><cx>1007.4191</cx><cy>873.3563</cy><w>32.2292</w><h>24.7962</h><angle>1.402951</angle></robndbox></object><object><type>robndbox</type><name>wheat_head</name><pose>Unspecified</pose><truncated>0</truncated><difficult>0</difficult><robndbox><cx>827.3549</cx><cy>880.5353</cy><w>110.1453</w><h>28.9096</h><angle>0.445295</angle></robndbox></object><object><type>robndbox</type><name>wheat_head</name><pose>Unspecified</pose><truncated>0</truncated><difficult>0</difficult><robndbox><cx>68.718</cx><cy>967.4173</cy><w>129.7691</w><h>39.6249</h><angle>2.683175</angle></robndbox></object><object><type>robndbox</type><name>wheat_head</name><pose>Unspecified</pose><truncated>0</truncated><difficult>0</difficult><robndbox><cx>155.5413</cx><cy>661.9233</cy><w>47.3695</w><h>41.5068</h><angle>2.925311</angle></robndbox></object><object><type>robndbox</type><name>wheat_head</name><pose>Unspecified</pose><truncated>0</truncated><difficult>0</difficult><robndbox><cx>788.7418</cx><cy>535.4432</cy><w>51.3306</w><h>29.9595</h><angle>0.245176</angle></robndbox></object><object><type>robndbox</type><name>wheat_head</name><pose>Unspecified</pose><truncated>0</truncated><difficult>0</difficult><robndbox><cx>20.2173</cx><cy>258.3169</cy><w>43.2526</w><h>28.6555</h><angle>0.402707</angle></robndbox></object><object><type>robndbox</type><name>wheat_head</name><pose>Unspecified</pose><truncated>0</truncated><difficult>0</difficult><robndbox><cx>209.3034</cx><cy>805.478</cy><w>117.0349</w><h>30.6227</h><angle>0.171432</angle></robndbox></object><object><type>robndbox</type><name>wheat_head</name><pose>Unspecified</pose><truncated>0</truncated><difficult>0</difficult><robndbox><cx>314.1662</cx><cy>299.4253</cy><w>59.2671</w><h>33.9793</h><angle>0.473787</angle></robndbox></object><object><type>robndbox</type><name>wheat_head</name><pose>Unspecified</pose><truncated>0</truncated><difficult>0</difficult><robndbox><cx>198.1986</cx><cy>755.4871</cy><w>69.4383</w><h>27.1534</h><angle>0.341372</angle></robndbox></object><object><type>robndbox</type><name>wheat_head</name><pose>Unspecified</pose><truncated>0</truncated><difficult>0</difficult><robndbox><cx>168.7262</cx><cy>852.9362</cy><w>75.6288</w><h>38.4041</h><angle>0.135143</angle></robndbox></object><object><type>robndbox</type><name>wheat_head</name><pose>Unspecified</pose><truncated>0</truncated><difficult>0</difficult><robndbox><cx>89.3151</cx><cy>319.2812</cy><w>54.5201</w><h>24.0624</h><angle>0.248272</angle></robndbox></object><object><type>robndbox</type><name>wheat_head</name><pose>Unspecified</pose><truncated>0</truncated><difficult>0</difficult><robndbox><cx>455.806</cx><cy>231.9298</cy><w>133.0643</w><h>32.7452</h><angle>3.06525</angle></robndbox></object><object><type>robndbox</type><name>wheat_head</name><pose>Unspecified</pose><truncated>0</truncated><difficult>0</difficult><robndbox><cx>299.8347</cx><cy>910.2057</cy><w>67.037</w><h>30.1629</h><angle>3.101939</angle></robndbox></object><object><type>robndbox</type><name>wheat_head</name><pose>Unspecified</pose><truncated>0</truncated><difficult>0</difficult><robndbox><cx>211.9943</cx><cy>208.3084</cy><w>51.9106</w><h>29.1712</h><angle>0.085532</angle></robndbox></object><object><type>robndbox</type><name>wheat_head</name><pose>Unspecified</pose><truncated>0</truncated><difficult>0</difficult><robndbox><cx>856.0551</cx><cy>199.5073</cy><w>31.0961</w><h>29.544</h><angle>1.356069</angle></robndbox></object><object><type>robndbox</type><name>wheat_head</name><pose>Unspecified</pose><truncated>0</truncated><difficult>0</difficult><robndbox><cx>171.4605</cx><cy>916.8012</cy><w>160.2483</w><h>33.2059</h><angle>0.096641</angle></robndbox></object><object><type>robndbox</type><name>wheat_head</name><pose>Unspecified</pose><truncated>0</truncated><difficult>0</difficult><robndbox><cx>631.0392</cx><cy>913.3156</cy><w>46.5295</w><h>25.597</h><angle>2.820731</angle></robndbox></object><object><type>robndbox</type><name>wheat_head</name><pose>Unspecified</pose><truncated>0</truncated><difficult>0</difficult><robndbox><cx>964.5314</cx><cy>180.0962</cy><w>74.0554</w><h>14.0763</h><angle>0.748384</angle></robndbox></object><object><type>robndbox</type><name>wheat_head</name><pose>Unspecified</pose><truncated>0</truncated><difficult>0</difficult><robndbox><cx>1007.4191</cx><cy>873.3563</cy><w>32.2292</w><h>24.7962</h><angle>1.402951</angle></robndbox></object><object><type>robndbox</type><name>wheat_head</name><pose>Unspecified</pose><truncated>0</truncated><difficult>0</difficult><robndbox><cx>969.9536</cx><cy>564.2226</cy><w>28.2103</w><h>25.8142</h><angle>0.040007</angle></robndbox></object><object><type>robndbox</type><name>wheat_head</name><pose>Unspecified</pose><truncated>0</truncated><difficult>0</difficult><robndbox><cx>875.05</cx><cy>237.118</cy><w>30.542</w><h>30.4486</h><angle>3.124288</angle></robndbox></object><object><type>robndbox</type><name>wheat_head</name><pose>Unspecified</pose><truncated>0</truncated><difficult>0</difficult><robndbox><cx>759.5</cx><cy>322.0</cy><w>31.785</w><h>23.2454</h><angle>1.907522</angle></robndbox></object><object><type>robndbox</type><name>wheat_head</name><pose>Unspecified</pose><truncated>0</truncated><difficult>0</difficult><robndbox><cx>221.0822</cx><cy>183.5208</cy><w>50.5668</w><h>24.1205</h><angle>0.428264</angle></robndbox></object><object><type>robndbox</type><name>wheat_head</name><pose>Unspecified</pose><truncated>0</truncated><difficult>0</difficult><robndbox><cx>243.5486</cx><cy>697.8876</cy><w>122.4949</w><h>40.2126</h><angle>2.408171</angle></robndbox></object></annotation>