<annotation verified="no"><folder>images</folder><filename>0bff84dd0</filename><path>/home/badhon/Documents/thesis/final_dataset/ethz_1/images/0bff84dd0.jpg</path><source><database>Unknown</database></source><size><width>1024</width><height>1024</height><depth>3</depth></size><segmented>0</segmented><object><type>robndbox</type><name>wheat_head</name><pose>Unspecified</pose><truncated>0</truncated><difficult>0</difficult><robndbox><cx>574.9302</cx><cy>514.7167</cy><w>92.4621</w><h>33.4458</h><angle>1.078816</angle></robndbox></object><object><type>robndbox</type><name>wheat_head</name><pose>Unspecified</pose><truncated>0</truncated><difficult>0</difficult><robndbox><cx>79.7747</cx><cy>521.8182</cy><w>90.532</w><h>39.4097</h><angle>1.04019</angle></robndbox></object><object><type>robndbox</type><name>wheat_head</name><pose>Unspecified</pose><truncated>0</truncated><difficult>0</difficult><robndbox><cx>565.8024</cx><cy>685.5901</cy><w>117.4595</w><h>44.7509</h><angle>1.036486</angle></robndbox></object><object><type>robndbox</type><name>wheat_head</name><pose>Unspecified</pose><truncated>0</truncated><difficult>0</difficult><robndbox><cx>355.9529</cx><cy>158.6855</cy><w>90.666</w><h>42.3887</h><angle>0.761876</angle></robndbox></object><object><type>robndbox</type><name>wheat_head</name><pose>Unspecified</pose><truncated>0</truncated><difficult>0</difficult><robndbox><cx>192.5959</cx><cy>529.5163</cy><w>134.9486</w><h>28.082</h><angle>0.506551</angle></robndbox></object><object><type>robndbox</type><name>wheat_head</name><pose>Unspecified</pose><truncated>0</truncated><difficult>0</difficult><robndbox><cx>477.9634</cx><cy>815.8182</cy><w>118.6903</w><h>42.8246</h><angle>0.959821</angle></robndbox></object><object><type>robndbox</type><name>wheat_head</name><pose>Unspecified</pose><truncated>0</truncated><difficult>0</difficult><robndbox><cx>363.5109</cx><cy>496.8175</cy><w>93.319</w><h>40.0543</h><angle>0.886988</angle></robndbox></object><object><type>robndbox</type><name>wheat_head</name><pose>Unspecified</pose><truncated>0</truncated><difficult>0</difficult><robndbox><cx>434.9898</cx><cy>272.2685</cy><w>61.0279</w><h>16.395</h><angle>0.980583</angle></robndbox></object><object><type>robndbox</type><name>wheat_head</name><pose>Unspecified</pose><truncated>0</truncated><difficult>0</difficult><robndbox><cx>845.0143</cx><cy>834.8159</cy><w>60.6378</w><h>29.5035</h><angle>1.133414</angle></robndbox></object><object><type>robndbox</type><name>wheat_head</name><pose>Unspecified</pose><truncated>0</truncated><difficult>0</difficult><robndbox><cx>540.9683</cx><cy>254.7357</cy><w>81.0561</w><h>36.3483</h><angle>1.105796</angle></robndbox></object><object><type>robndbox</type><name>wheat_head</name><pose>Unspecified</pose><truncated>0</truncated><difficult>0</difficult><robndbox><cx>71.2908</cx><cy>434.1657</cy><w>155.789</w><h>34.2486</h><angle>0.72889</angle></robndbox></object><object><type>robndbox</type><name>wheat_head</name><pose>Unspecified</pose><truncated>0</truncated><difficult>0</difficult><robndbox><cx>257.1259</cx><cy>481.845</cy><w>58.0747</w><h>35.3815</h><angle>1.42748</angle></robndbox></object><object><type>robndbox</type><name>wheat_head</name><pose>Unspecified</pose><truncated>0</truncated><difficult>0</difficult><robndbox><cx>715.6863</cx><cy>141.8058</cy><w>128.7468</w><h>45.2406</h><angle>2.056453</angle></robndbox></object><object><type>robndbox</type><name>wheat_head</name><pose>Unspecified</pose><truncated>0</truncated><difficult>0</difficult><robndbox><cx>151.529</cx><cy>323.3213</cy><w>176.3046</w><h>44.0934</h><angle>0.94118</angle></robndbox></object><object><type>robndbox</type><name>wheat_head</name><pose>Unspecified</pose><truncated>0</truncated><difficult>0</difficult><robndbox><cx>389.0213</cx><cy>261.3299</cy><w>90.8642</w><h>25.2199</h><angle>0.980583</angle></robndbox></object><object><type>robndbox</type><name>wheat_head</name><pose>Unspecified</pose><truncated>0</truncated><difficult>0</difficult><robndbox><cx>828.3499</cx><cy>320.0834</cy><w>92.4705</w><h>39.6563</h><angle>0.996326</angle></robndbox></object><object><type>robndbox</type><name>wheat_head</name><pose>Unspecified</pose><truncated>0</truncated><difficult>0</difficult><robndbox><cx>660.1488</cx><cy>962.388</cy><w>58.6611</w><h>37.586</h><angle>0.703984</angle></robndbox></object><object><type>robndbox</type><name>wheat_head</name><pose>Unspecified</pose><truncated>0</truncated><difficult>0</difficult><robndbox><cx>854.0562</cx><cy>594.5209</cy><w>95.4323</w><h>32.9293</h><angle>1.395945</angle></robndbox></object><object><type>robndbox</type><name>wheat_head</name><pose>Unspecified</pose><truncated>0</truncated><difficult>0</difficult><robndbox><cx>12.5806</cx><cy>807.6606</cy><w>34.1894</w><h>33.3229</h><angle>0.159646</angle></robndbox></object><object><type>robndbox</type><name>wheat_head</name><pose>Unspecified</pose><truncated>0</truncated><difficult>0</difficult><robndbox><cx>558.4014</cx><cy>992.5281</cy><w>48.7422</w><h>31.3178</h><angle>1.565767</angle></robndbox></object><object><type>robndbox</type><name>wheat_head</name><pose>Unspecified</pose><truncated>0</truncated><difficult>0</difficult><robndbox><cx>204.934</cx><cy>49.4269</cy><w>88.1023</w><h>24.6722</h><angle>0.774766</angle></robndbox></object><object><type>robndbox</type><name>wheat_head</name><pose>Unspecified</pose><truncated>0</truncated><difficult>0</difficult><robndbox><cx>505.8557</cx><cy>983.6972</cy><w>60.2415</w><h>34.8195</h><angle>1.771656</angle></robndbox></object><object><type>robndbox</type><name>wheat_head</name><pose>Unspecified</pose><truncated>0</truncated><difficult>0</difficult><robndbox><cx>682.1225</cx><cy>311.6414</cy><w>30.6845</w><h>23.8884</h><angle>1.247076</angle></robndbox></object><object><type>robndbox</type><name>wheat_head</name><pose>Unspecified</pose><truncated>0</truncated><difficult>0</difficult><robndbox><cx>298.9262</cx><cy>121.2267</cy><w>66.1495</w><h>30.6842</h><angle>1.555189</angle></robndbox></object><object><type>robndbox</type><name>wheat_head</name><pose>Unspecified</pose><truncated>0</truncated><difficult>0</difficult><robndbox><cx>147.8101</cx><cy>983.9166</cy><w>62.6229</w><h>32.7331</h><angle>1.766598</angle></robndbox></object><object><type>robndbox</type><name>wheat_head</name><pose>Unspecified</pose><truncated>0</truncated><difficult>0</difficult><robndbox><cx>516.0997</cx><cy>304.4869</cy><w>43.5896</w><h>31.0681</h><angle>1.107063</angle></robndbox></object><object><type>robndbox</type><name>wheat_head</name><pose>Unspecified</pose><truncated>0</truncated><difficult>0</difficult><robndbox><cx>785.1299</cx><cy>594.9485</cy><w>101.6072</w><h>35.9068</h><angle>0.697697</angle></robndbox></object><object><type>robndbox</type><name>wheat_head</name><pose>Unspecified</pose><truncated>0</truncated><difficult>0</difficult><robndbox><cx>423.683</cx><cy>911.5345</cy><w>177.4269</w><h>39.8763</h><angle>0.200422</angle></robndbox></object><object><type>robndbox</type><name>wheat_head</name><pose>Unspecified</pose><truncated>0</truncated><difficult>0</difficult><robndbox><cx>923.1442</cx><cy>266.8095</cy><w>66.2276</w><h>35.4015</h><angle>1.243456</angle></robndbox></object><object><type>robndbox</type><name>wheat_head</name><pose>Unspecified</pose><truncated>0</truncated><difficult>0</difficult><robndbox><cx>576.1956</cx><cy>862.6233</cy><w>161.2948</w><h>37.6379</h><angle>1.264033</angle></robndbox></object><object><type>robndbox</type><name>wheat_head</name><pose>Unspecified</pose><truncated>0</truncated><difficult>0</difficult><robndbox><cx>335.1999</cx><cy>570.0729</cy><w>215.5237</w><h>40.7701</h><angle>0.321129</angle></robndbox></object><object><type>robndbox</type><name>wheat_head</name><pose>Unspecified</pose><truncated>0</truncated><difficult>0</difficult><robndbox><cx>543.9119</cx><cy>78.0695</cy><w>91.1268</w><h>33.8542</h><angle>1.558578</angle></robndbox></object><object><type>robndbox</type><name>wheat_head</name><pose>Unspecified</pose><truncated>0</truncated><difficult>0</difficult><robndbox><cx>19.9427</cx><cy>959.5415</cy><w>109.2101</w><h>29.1199</h><angle>1.300843</angle></robndbox></object><object><type>robndbox</type><name>wheat_head</name><pose>Unspecified</pose><truncated>0</truncated><difficult>0</difficult><robndbox><cx>973.6973</cx><cy>456.449</cy><w>179.5482</w><h>36.793</h><angle>1.523063</angle></robndbox></object><object><type>robndbox</type><name>wheat_head</name><pose>Unspecified</pose><truncated>0</truncated><difficult>0</difficult><robndbox><cx>251.1013</cx><cy>394.8561</cy><w>125.042</w><h>41.5161</h><angle>2.066226</angle></robndbox></object><object><type>robndbox</type><name>wheat_head</name><pose>Unspecified</pose><truncated>0</truncated><difficult>0</difficult><robndbox><cx>284.2595</cx><cy>617.5972</cy><w>75.0753</w><h>39.658</h><angle>2.49074</angle></robndbox></object><object><type>robndbox</type><name>wheat_head</name><pose>Unspecified</pose><truncated>0</truncated><difficult>0</difficult><robndbox><cx>57.364</cx><cy>371.1569</cy><w>46.135</w><h>30.653</h><angle>0.993895</angle></robndbox></object><object><type>robndbox</type><name>wheat_head</name><pose>Unspecified</pose><truncated>0</truncated><difficult>0</difficult><robndbox><cx>382.3213</cx><cy>317.9564</cy><w>128.5639</w><h>44.9898</h><angle>0.035479</angle></robndbox></object><object><type>robndbox</type><name>wheat_head</name><pose>Unspecified</pose><truncated>0</truncated><difficult>0</difficult><robndbox><cx>697.72</cx><cy>793.2427</cy><w>111.9104</w><h>46.4575</h><angle>0.610268</angle></robndbox></object><object><type>robndbox</type><name>wheat_head</name><pose>Unspecified</pose><truncated>0</truncated><difficult>0</difficult><robndbox><cx>287.733</cx><cy>181.0116</cy><w>96.8851</w><h>35.0405</h><angle>0.701335</angle></robndbox></object><object><type>robndbox</type><name>wheat_head</name><pose>Unspecified</pose><truncated>0</truncated><difficult>0</difficult><robndbox><cx>750.4268</cx><cy>511.6332</cy><w>124.2778</w><h>38.9123</h><angle>0.905542</angle></robndbox></object><object><type>robndbox</type><name>wheat_head</name><pose>Unspecified</pose><truncated>0</truncated><difficult>0</difficult><robndbox><cx>201.5166</cx><cy>93.9291</cy><w>134.1196</w><h>35.0646</h><angle>1.574766</angle></robndbox></object><object><type>robndbox</type><name>wheat_head</name><pose>Unspecified</pose><truncated>0</truncated><difficult>0</difficult><robndbox><cx>19.9427</cx><cy>959.5415</cy><w>109.2101</w><h>29.1199</h><angle>1.300843</angle></robndbox></object><object><type>robndbox</type><name>wheat_head</name><pose>Unspecified</pose><truncated>0</truncated><difficult>0</difficult><robndbox><cx>263.5602</cx><cy>987.1667</cy><w>83.2546</w><h>46.3311</h><angle>0.698813</angle></robndbox></object><object><type>robndbox</type><name>wheat_head</name><pose>Unspecified</pose><truncated>0</truncated><difficult>0</difficult><robndbox><cx>881.0464</cx><cy>154.5635</cy><w>40.4434</w><h>30.3277</h><angle>2.080559</angle></robndbox></object><object><type>robndbox</type><name>wheat_head</name><pose>Unspecified</pose><truncated>0</truncated><difficult>0</difficult><robndbox><cx>62.5957</cx><cy>945.2779</cy><w>49.9372</w><h>30.3173</h><angle>0.329483</angle></robndbox></object><object><type>robndbox</type><name>wheat_head</name><pose>Unspecified</pose><truncated>0</truncated><difficult>0</difficult><robndbox><cx>377.5738</cx><cy>219.0747</cy><w>65.4216</w><h>19.8031</h><angle>0.780583</angle></robndbox></object><object><type>robndbox</type><name>wheat_head</name><pose>Unspecified</pose><truncated>0</truncated><difficult>0</difficult><robndbox><cx>844.3788</cx><cy>993.6134</cy><w>39.263</w><h>37.8989</h><angle>3.037982</angle></robndbox></object><object><type>robndbox</type><name>wheat_head</name><pose>Unspecified</pose><truncated>0</truncated><difficult>0</difficult><robndbox><cx>19.9427</cx><cy>959.5415</cy><w>109.2101</w><h>29.1199</h><angle>1.300843</angle></robndbox></object><object><type>robndbox</type><name>wheat_head</name><pose>Unspecified</pose><truncated>0</truncated><difficult>0</difficult><robndbox><cx>927.202</cx><cy>818.6532</cy><w>43.8493</w><h>36.4415</h><angle>2.349165</angle></robndbox></object><object><type>robndbox</type><name>wheat_head</name><pose>Unspecified</pose><truncated>0</truncated><difficult>0</difficult><robndbox><cx>828.8477</cx><cy>445.074</cy><w>30.7346</w><h>30.3787</h><angle>1.662474</angle></robndbox></object><object><type>robndbox</type><name>wheat_head</name><pose>Unspecified</pose><truncated>0</truncated><difficult>0</difficult><robndbox><cx>935.5709</cx><cy>963.8804</cy><w>42.7857</w><h>32.5396</h><angle>1.097051</angle></robndbox></object><object><type>robndbox</type><name>wheat_head</name><pose>Unspecified</pose><truncated>0</truncated><difficult>0</difficult><robndbox><cx>554.7989</cx><cy>894.962</cy><w>96.8208</w><h>34.8679</h><angle>0.764033</angle></robndbox></object><object><type>robndbox</type><name>wheat_head</name><pose>Unspecified</pose><truncated>0</truncated><difficult>0</difficult><robndbox><cx>714.3082</cx><cy>618.8014</cy><w>42.1301</w><h>32.8804</h><angle>1.174244</angle></robndbox></object><object><type>robndbox</type><name>wheat_head</name><pose>Unspecified</pose><truncated>0</truncated><difficult>0</difficult><robndbox><cx>251.5</cx><cy>1004.8826</cy><w>31.2244</w><h>26.5521</h><angle>0.379742</angle></robndbox></object><object><type>robndbox</type><name>wheat_head</name><pose>Unspecified</pose><truncated>0</truncated><difficult>0</difficult><robndbox><cx>1006.4952</cx><cy>861.5519</cy><w>37.3715</w><h>34.774</h><angle>0.428498</angle></robndbox></object><object><type>robndbox</type><name>wheat_head</name><pose>Unspecified</pose><truncated>0</truncated><difficult>0</difficult><robndbox><cx>781.754</cx><cy>835.8452</cy><w>57.2957</w><h>32.4322</h><angle>1.775786</angle></robndbox></object><object><type>robndbox</type><name>wheat_head</name><pose>Unspecified</pose><truncated>0</truncated><difficult>0</difficult><robndbox><cx>661.3881</cx><cy>590.0577</cy><w>129.9413</w><h>38.9835</h><angle>1.569299</angle></robndbox></object><object><type>robndbox</type><name>wheat_head</name><pose>Unspecified</pose><truncated>0</truncated><difficult>0</difficult><robndbox><cx>335.1999</cx><cy>570.0729</cy><w>215.5237</w><h>40.7701</h><angle>0.321129</angle></robndbox></object><object><type>robndbox</type><name>wheat_head</name><pose>Unspecified</pose><truncated>0</truncated><difficult>0</difficult><robndbox><cx>97.2697</cx><cy>413.5772</cy><w>55.7642</w><h>18.9099</h><angle>0.690903</angle></robndbox></object><object><type>robndbox</type><name>wheat_head</name><pose>Unspecified</pose><truncated>0</truncated><difficult>0</difficult><robndbox><cx>688.2951</cx><cy>521.0485</cy><w>35.2169</w><h>29.7876</h><angle>1.293883</angle></robndbox></object><object><type>robndbox</type><name>wheat_head</name><pose>Unspecified</pose><truncated>0</truncated><difficult>0</difficult><robndbox><cx>345.9646</cx><cy>1004.0914</cy><w>51.5038</w><h>32.1924</h><angle>3.128869</angle></robndbox></object><object><type>robndbox</type><name>wheat_head</name><pose>Unspecified</pose><truncated>0</truncated><difficult>0</difficult><robndbox><cx>263.5602</cx><cy>987.1667</cy><w>83.2546</w><h>46.3311</h><angle>0.698813</angle></robndbox></object><object><type>robndbox</type><name>wheat_head</name><pose>Unspecified</pose><truncated>0</truncated><difficult>0</difficult><robndbox><cx>533.672</cx><cy>842.2679</cy><w>30.8043</w><h>25.4032</h><angle>1.321365</angle></robndbox></object><object><type>robndbox</type><name>wheat_head</name><pose>Unspecified</pose><truncated>0</truncated><difficult>0</difficult><robndbox><cx>956.7186</cx><cy>835.6292</cy><w>59.7763</w><h>39.941</h><angle>1.678368</angle></robndbox></object><object><type>robndbox</type><name>wheat_head</name><pose>Unspecified</pose><truncated>0</truncated><difficult>0</difficult><robndbox><cx>565.8024</cx><cy>685.5901</cy><w>117.4595</w><h>44.7509</h><angle>1.036486</angle></robndbox></object><object><type>robndbox</type><name>wheat_head</name><pose>Unspecified</pose><truncated>0</truncated><difficult>0</difficult><robndbox><cx>287.733</cx><cy>181.0116</cy><w>96.8851</w><h>35.0405</h><angle>0.701335</angle></robndbox></object><object><type>robndbox</type><name>wheat_head</name><pose>Unspecified</pose><truncated>0</truncated><difficult>0</difficult><robndbox><cx>714.3082</cx><cy>618.8014</cy><w>42.1301</w><h>32.8804</h><angle>1.174244</angle></robndbox></object><object><type>robndbox</type><name>wheat_head</name><pose>Unspecified</pose><truncated>0</truncated><difficult>0</difficult><robndbox><cx>635.7133</cx><cy>571.8101</cy><w>45.8452</w><h>21.9636</h><angle>1.239582</angle></robndbox></object><object><type>robndbox</type><name>wheat_head</name><pose>Unspecified</pose><truncated>0</truncated><difficult>0</difficult><robndbox><cx>679.9906</cx><cy>678.134</cy><w>145.0086</w><h>36.0193</h><angle>1.669299</angle></robndbox></object><object><type>robndbox</type><name>wheat_head</name><pose>Unspecified</pose><truncated>0</truncated><difficult>0</difficult><robndbox><cx>822.4731</cx><cy>885.5474</cy><w>81.7347</w><h>35.4394</h><angle>3.05331</angle></robndbox></object><object><type>robndbox</type><name>wheat_head</name><pose>Unspecified</pose><truncated>0</truncated><difficult>0</difficult><robndbox><cx>822.4731</cx><cy>885.5474</cy><w>81.7347</w><h>35.4394</h><angle>3.05331</angle></robndbox></object><object><type>robndbox</type><name>wheat_head</name><pose>Unspecified</pose><truncated>0</truncated><difficult>0</difficult><robndbox><cx>717.3375</cx><cy>200.0032</cy><w>63.2917</w><h>23.9759</h><angle>1.524324</angle></robndbox></object><object><type>robndbox</type><name>wheat_head</name><pose>Unspecified</pose><truncated>0</truncated><difficult>0</difficult><robndbox><cx>641.3786</cx><cy>695.4343</cy><w>39.4588</w><h>33.2777</h><angle>0.152649</angle></robndbox></object><object><type>robndbox</type><name>wheat_head</name><pose>Unspecified</pose><truncated>0</truncated><difficult>0</difficult><robndbox><cx>190.2894</cx><cy>198.8093</cy><w>48.6004</w><h>23.9103</h><angle>0.93141</angle></robndbox></object></annotation>