<annotation verified="no"><folder>images</folder><filename>0d82ef017</filename><path>/home/badhon/Documents/thesis/final_dataset/ethz_1/images/0d82ef017.jpg</path><source><database>Unknown</database></source><size><width>1024</width><height>1024</height><depth>3</depth></size><segmented>0</segmented><object><type>robndbox</type><name>wheat_head</name><pose>Unspecified</pose><truncated>0</truncated><difficult>0</difficult><robndbox><cx>250.6293</cx><cy>505.5108</cy><w>91.1241</w><h>40.0667</h><angle>1.089074</angle></robndbox></object><object><type>robndbox</type><name>wheat_head</name><pose>Unspecified</pose><truncated>0</truncated><difficult>0</difficult><robndbox><cx>254.0752</cx><cy>103.0588</cy><w>94.3345</w><h>33.658</h><angle>1.093191</angle></robndbox></object><object><type>robndbox</type><name>wheat_head</name><pose>Unspecified</pose><truncated>0</truncated><difficult>0</difficult><robndbox><cx>20.3797</cx><cy>85.8391</cy><w>60.7998</w><h>32.6931</h><angle>1.012423</angle></robndbox></object><object><type>robndbox</type><name>wheat_head</name><pose>Unspecified</pose><truncated>0</truncated><difficult>0</difficult><robndbox><cx>733.0182</cx><cy>190.2826</cy><w>70.8658</w><h>32.7785</h><angle>1.105935</angle></robndbox></object><object><type>robndbox</type><name>wheat_head</name><pose>Unspecified</pose><truncated>0</truncated><difficult>0</difficult><robndbox><cx>828.9351</cx><cy>260.2658</cy><w>74.4511</w><h>34.8536</h><angle>1.086334</angle></robndbox></object><object><type>robndbox</type><name>wheat_head</name><pose>Unspecified</pose><truncated>0</truncated><difficult>0</difficult><robndbox><cx>245.4645</cx><cy>186.8352</cy><w>120.4662</w><h>38.643</h><angle>1.23322</angle></robndbox></object><object><type>robndbox</type><name>wheat_head</name><pose>Unspecified</pose><truncated>0</truncated><difficult>0</difficult><robndbox><cx>420.562</cx><cy>155.4248</cy><w>98.3737</w><h>38.5001</h><angle>0.624784</angle></robndbox></object><object><type>robndbox</type><name>wheat_head</name><pose>Unspecified</pose><truncated>0</truncated><difficult>0</difficult><robndbox><cx>374.4887</cx><cy>732.2653</cy><w>89.8488</w><h>39.331</h><angle>1.003001</angle></robndbox></object><object><type>robndbox</type><name>wheat_head</name><pose>Unspecified</pose><truncated>0</truncated><difficult>0</difficult><robndbox><cx>72.6715</cx><cy>911.858</cy><w>76.1939</w><h>33.962</h><angle>0.404917</angle></robndbox></object><object><type>robndbox</type><name>wheat_head</name><pose>Unspecified</pose><truncated>0</truncated><difficult>0</difficult><robndbox><cx>319.7213</cx><cy>299.7941</cy><w>88.485</w><h>40.6011</h><angle>0.559394</angle></robndbox></object><object><type>robndbox</type><name>wheat_head</name><pose>Unspecified</pose><truncated>0</truncated><difficult>0</difficult><robndbox><cx>109.1073</cx><cy>822.692</cy><w>87.6213</w><h>37.0679</h><angle>0.592593</angle></robndbox></object><object><type>robndbox</type><name>wheat_head</name><pose>Unspecified</pose><truncated>0</truncated><difficult>0</difficult><robndbox><cx>441.9897</cx><cy>509.2626</cy><w>75.9408</w><h>37.229</h><angle>0.689303</angle></robndbox></object><object><type>robndbox</type><name>wheat_head</name><pose>Unspecified</pose><truncated>0</truncated><difficult>0</difficult><robndbox><cx>337.5973</cx><cy>80.3315</cy><w>75.7507</w><h>38.0501</h><angle>0.959108</angle></robndbox></object><object><type>robndbox</type><name>wheat_head</name><pose>Unspecified</pose><truncated>0</truncated><difficult>0</difficult><robndbox><cx>551.7939</cx><cy>57.9307</cy><w>61.8442</w><h>31.8596</h><angle>0.627917</angle></robndbox></object><object><type>robndbox</type><name>wheat_head</name><pose>Unspecified</pose><truncated>0</truncated><difficult>0</difficult><robndbox><cx>560.3384</cx><cy>765.8088</cy><w>86.8051</w><h>41.0797</h><angle>0.716164</angle></robndbox></object><object><type>robndbox</type><name>wheat_head</name><pose>Unspecified</pose><truncated>0</truncated><difficult>0</difficult><robndbox><cx>704.7581</cx><cy>819.6083</cy><w>59.6911</w><h>30.9951</h><angle>1.351563</angle></robndbox></object><object><type>robndbox</type><name>wheat_head</name><pose>Unspecified</pose><truncated>0</truncated><difficult>0</difficult><robndbox><cx>16.977</cx><cy>169.0699</cy><w>37.4193</w><h>30.2591</h><angle>0.599605</angle></robndbox></object><object><type>robndbox</type><name>wheat_head</name><pose>Unspecified</pose><truncated>0</truncated><difficult>0</difficult><robndbox><cx>920.2308</cx><cy>322.9132</cy><w>44.9331</w><h>30.7391</h><angle>1.128615</angle></robndbox></object><object><type>robndbox</type><name>wheat_head</name><pose>Unspecified</pose><truncated>0</truncated><difficult>0</difficult><robndbox><cx>196.9213</cx><cy>262.952</cy><w>54.7617</w><h>29.3607</h><angle>0.397812</angle></robndbox></object><object><type>robndbox</type><name>wheat_head</name><pose>Unspecified</pose><truncated>0</truncated><difficult>0</difficult><robndbox><cx>141.5535</cx><cy>447.531</cy><w>108.1485</w><h>46.6818</h><angle>0.602617</angle></robndbox></object><object><type>robndbox</type><name>wheat_head</name><pose>Unspecified</pose><truncated>0</truncated><difficult>0</difficult><robndbox><cx>177.6216</cx><cy>820.9383</cy><w>100.7001</w><h>42.6821</h><angle>0.599426</angle></robndbox></object><object><type>robndbox</type><name>wheat_head</name><pose>Unspecified</pose><truncated>0</truncated><difficult>0</difficult><robndbox><cx>789.2444</cx><cy>909.6412</cy><w>67.4801</w><h>36.9307</h><angle>0.500499</angle></robndbox></object><object><type>robndbox</type><name>wheat_head</name><pose>Unspecified</pose><truncated>0</truncated><difficult>0</difficult><robndbox><cx>749.7041</cx><cy>469.9794</cy><w>76.4196</w><h>39.5341</h><angle>0.669206</angle></robndbox></object><object><type>robndbox</type><name>wheat_head</name><pose>Unspecified</pose><truncated>0</truncated><difficult>0</difficult><robndbox><cx>477.379</cx><cy>408.6593</cy><w>84.4509</w><h>42.139</h><angle>0.560266</angle></robndbox></object><object><type>robndbox</type><name>wheat_head</name><pose>Unspecified</pose><truncated>0</truncated><difficult>0</difficult><robndbox><cx>120.0225</cx><cy>128.3508</cy><w>87.3219</w><h>37.0846</h><angle>0.521888</angle></robndbox></object><object><type>robndbox</type><name>wheat_head</name><pose>Unspecified</pose><truncated>0</truncated><difficult>0</difficult><robndbox><cx>852.1833</cx><cy>971.8634</cy><w>55.0074</w><h>32.7969</h><angle>0.970382</angle></robndbox></object><object><type>robndbox</type><name>wheat_head</name><pose>Unspecified</pose><truncated>0</truncated><difficult>0</difficult><robndbox><cx>126.2177</cx><cy>228.1533</cy><w>81.1498</w><h>35.704</h><angle>1.288578</angle></robndbox></object><object><type>robndbox</type><name>wheat_head</name><pose>Unspecified</pose><truncated>0</truncated><difficult>0</difficult><robndbox><cx>530.0014</cx><cy>588.7514</cy><w>112.3642</w><h>43.3569</h><angle>0.623648</angle></robndbox></object><object><type>robndbox</type><name>wheat_head</name><pose>Unspecified</pose><truncated>0</truncated><difficult>0</difficult><robndbox><cx>573.4639</cx><cy>499.076</cy><w>84.5527</w><h>38.7278</h><angle>0.892956</angle></robndbox></object><object><type>robndbox</type><name>wheat_head</name><pose>Unspecified</pose><truncated>0</truncated><difficult>0</difficult><robndbox><cx>444.2406</cx><cy>122.7444</cy><w>66.8497</w><h>27.8261</h><angle>0.701071</angle></robndbox></object><object><type>robndbox</type><name>wheat_head</name><pose>Unspecified</pose><truncated>0</truncated><difficult>0</difficult><robndbox><cx>668.5015</cx><cy>670.532</cy><w>60.563</w><h>31.0924</h><angle>1.138638</angle></robndbox></object><object><type>robndbox</type><name>wheat_head</name><pose>Unspecified</pose><truncated>0</truncated><difficult>0</difficult><robndbox><cx>302.8252</cx><cy>1007.7776</cy><w>40.2006</w><h>23.3173</h><angle>0.188715</angle></robndbox></object><object><type>robndbox</type><name>wheat_head</name><pose>Unspecified</pose><truncated>0</truncated><difficult>0</difficult><robndbox><cx>632.375</cx><cy>997.1169</cy><w>56.5851</w><h>29.3964</h><angle>0.190774</angle></robndbox></object><object><type>robndbox</type><name>wheat_head</name><pose>Unspecified</pose><truncated>0</truncated><difficult>0</difficult><robndbox><cx>847.332</cx><cy>331.6114</cy><w>52.7924</w><h>32.0486</h><angle>0.291048</angle></robndbox></object><object><type>robndbox</type><name>wheat_head</name><pose>Unspecified</pose><truncated>0</truncated><difficult>0</difficult><robndbox><cx>258.2475</cx><cy>713.2626</cy><w>74.5569</w><h>37.1934</h><angle>0.269126</angle></robndbox></object><object><type>robndbox</type><name>wheat_head</name><pose>Unspecified</pose><truncated>0</truncated><difficult>0</difficult><robndbox><cx>1007.2334</cx><cy>184.6207</cy><w>43.7025</w><h>22.2205</h><angle>1.537735</angle></robndbox></object><object><type>robndbox</type><name>wheat_head</name><pose>Unspecified</pose><truncated>0</truncated><difficult>0</difficult><robndbox><cx>27.4706</cx><cy>32.0871</cy><w>47.8861</w><h>31.4427</h><angle>0.556313</angle></robndbox></object><object><type>robndbox</type><name>wheat_head</name><pose>Unspecified</pose><truncated>0</truncated><difficult>0</difficult><robndbox><cx>548.0306</cx><cy>962.8284</cy><w>81.5535</w><h>38.5053</h><angle>0.466688</angle></robndbox></object><object><type>robndbox</type><name>wheat_head</name><pose>Unspecified</pose><truncated>0</truncated><difficult>0</difficult><robndbox><cx>866.4166</cx><cy>648.4495</cy><w>35.5019</w><h>29.8416</h><angle>1.180654</angle></robndbox></object><object><type>robndbox</type><name>wheat_head</name><pose>Unspecified</pose><truncated>0</truncated><difficult>0</difficult><robndbox><cx>477.6661</cx><cy>969.9557</cy><w>61.0192</w><h>34.6483</h><angle>0.451652</angle></robndbox></object><object><type>robndbox</type><name>wheat_head</name><pose>Unspecified</pose><truncated>0</truncated><difficult>0</difficult><robndbox><cx>48.1314</cx><cy>528.1014</cy><w>52.7032</w><h>30.6799</h><angle>0.4845</angle></robndbox></object><object><type>robndbox</type><name>wheat_head</name><pose>Unspecified</pose><truncated>0</truncated><difficult>0</difficult><robndbox><cx>998.991</cx><cy>878.2417</cy><w>30.7135</w><h>28.7973</h><angle>0.051823</angle></robndbox></object><object><type>robndbox</type><name>wheat_head</name><pose>Unspecified</pose><truncated>0</truncated><difficult>0</difficult><robndbox><cx>66.5754</cx><cy>745.0433</cy><w>70.7826</w><h>40.3379</h><angle>0.342797</angle></robndbox></object><object><type>robndbox</type><name>wheat_head</name><pose>Unspecified</pose><truncated>0</truncated><difficult>0</difficult><robndbox><cx>386.6947</cx><cy>935.7662</cy><w>53.1845</w><h>32.3199</h><angle>0.192524</angle></robndbox></object><object><type>robndbox</type><name>wheat_head</name><pose>Unspecified</pose><truncated>0</truncated><difficult>0</difficult><robndbox><cx>916.9781</cx><cy>578.6473</cy><w>44.6553</w><h>30.5697</h><angle>0.564431</angle></robndbox></object><object><type>robndbox</type><name>wheat_head</name><pose>Unspecified</pose><truncated>0</truncated><difficult>0</difficult><robndbox><cx>374.4887</cx><cy>732.2653</cy><w>89.8488</w><h>39.331</h><angle>1.003001</angle></robndbox></object><object><type>robndbox</type><name>wheat_head</name><pose>Unspecified</pose><truncated>0</truncated><difficult>0</difficult><robndbox><cx>706.4414</cx><cy>471.8905</cy><w>52.9451</w><h>20.3938</h><angle>0.911092</angle></robndbox></object><object><type>robndbox</type><name>wheat_head</name><pose>Unspecified</pose><truncated>0</truncated><difficult>0</difficult><robndbox><cx>27.8628</cx><cy>342.9134</cy><w>42.5618</w><h>31.3126</h><angle>2.8383</angle></robndbox></object><object><type>robndbox</type><name>wheat_head</name><pose>Unspecified</pose><truncated>0</truncated><difficult>0</difficult><robndbox><cx>537.1252</cx><cy>456.1825</cy><w>47.1316</w><h>25.3719</h><angle>3.051931</angle></robndbox></object><object><type>robndbox</type><name>wheat_head</name><pose>Unspecified</pose><truncated>0</truncated><difficult>0</difficult><robndbox><cx>675.3896</cx><cy>980.4387</cy><w>29.6644</w><h>21.975</h><angle>1.529548</angle></robndbox></object><object><type>robndbox</type><name>wheat_head</name><pose>Unspecified</pose><truncated>0</truncated><difficult>0</difficult><robndbox><cx>1008.9056</cx><cy>698.2541</cy><w>36.6697</w><h>23.2707</h><angle>1.469223</angle></robndbox></object><object><type>robndbox</type><name>wheat_head</name><pose>Unspecified</pose><truncated>0</truncated><difficult>0</difficult><robndbox><cx>538.5389</cx><cy>898.8003</cy><w>86.7555</w><h>34.3592</h><angle>3.038253</angle></robndbox></object><object><type>robndbox</type><name>wheat_head</name><pose>Unspecified</pose><truncated>0</truncated><difficult>0</difficult><robndbox><cx>820.315</cx><cy>753.0405</cy><w>43.9245</w><h>30.4144</h><angle>0.609377</angle></robndbox></object><object><type>robndbox</type><name>wheat_head</name><pose>Unspecified</pose><truncated>0</truncated><difficult>0</difficult><robndbox><cx>564.4521</cx><cy>803.5633</cy><w>51.6202</w><h>18.9958</h><angle>0.544553</angle></robndbox></object><object><type>robndbox</type><name>wheat_head</name><pose>Unspecified</pose><truncated>0</truncated><difficult>0</difficult><robndbox><cx>313.2106</cx><cy>551.6767</cy><w>26.2221</w><h>22.8035</h><angle>0.266252</angle></robndbox></object></annotation>