<annotation verified="no"><folder>images</folder><filename>0f9100915</filename><path>/home/badhon/Documents/thesis/final_dataset/ethz_1/images/0f9100915.jpg</path><source><database>Unknown</database></source><size><width>1024</width><height>1024</height><depth>3</depth></size><segmented>0</segmented><object><type>robndbox</type><name>wheat_head</name><pose>Unspecified</pose><truncated>0</truncated><difficult>0</difficult><robndbox><cx>527.6434</cx><cy>709.1805</cy><w>132.5283</w><h>41.7436</h><angle>0.584558</angle></robndbox></object><object><type>robndbox</type><name>wheat_head</name><pose>Unspecified</pose><truncated>0</truncated><difficult>0</difficult><robndbox><cx>379.6171</cx><cy>45.1084</cy><w>105.0081</w><h>31.297</h><angle>1.875501</angle></robndbox></object><object><type>robndbox</type><name>wheat_head</name><pose>Unspecified</pose><truncated>0</truncated><difficult>0</difficult><robndbox><cx>769.2505</cx><cy>679.4155</cy><w>129.1321</w><h>31.8491</h><angle>0.637668</angle></robndbox></object><object><type>robndbox</type><name>wheat_head</name><pose>Unspecified</pose><truncated>0</truncated><difficult>0</difficult><robndbox><cx>65.0912</cx><cy>774.1457</cy><w>69.7024</w><h>36.3887</h><angle>1.029709</angle></robndbox></object><object><type>robndbox</type><name>wheat_head</name><pose>Unspecified</pose><truncated>0</truncated><difficult>0</difficult><robndbox><cx>411.701</cx><cy>989.1763</cy><w>76.7303</w><h>40.2165</h><angle>0.286326</angle></robndbox></object><object><type>robndbox</type><name>wheat_head</name><pose>Unspecified</pose><truncated>0</truncated><difficult>0</difficult><robndbox><cx>41.5966</cx><cy>291.9615</cy><w>99.2971</w><h>36.9642</h><angle>0.526651</angle></robndbox></object><object><type>robndbox</type><name>wheat_head</name><pose>Unspecified</pose><truncated>0</truncated><difficult>0</difficult><robndbox><cx>998.5486</cx><cy>535.3637</cy><w>65.2245</w><h>32.2367</h><angle>1.403174</angle></robndbox></object><object><type>robndbox</type><name>wheat_head</name><pose>Unspecified</pose><truncated>0</truncated><difficult>0</difficult><robndbox><cx>545.3613</cx><cy>316.9584</cy><w>100.0741</w><h>40.6724</h><angle>0.274595</angle></robndbox></object><object><type>robndbox</type><name>wheat_head</name><pose>Unspecified</pose><truncated>0</truncated><difficult>0</difficult><robndbox><cx>768.9261</cx><cy>333.2337</cy><w>88.1697</w><h>27.776</h><angle>0.563887</angle></robndbox></object><object><type>robndbox</type><name>wheat_head</name><pose>Unspecified</pose><truncated>0</truncated><difficult>0</difficult><robndbox><cx>179.8911</cx><cy>901.848</cy><w>58.6727</w><h>32.6756</h><angle>0.522028</angle></robndbox></object><object><type>robndbox</type><name>wheat_head</name><pose>Unspecified</pose><truncated>0</truncated><difficult>0</difficult><robndbox><cx>311.2741</cx><cy>365.0217</cy><w>62.9142</w><h>38.4593</h><angle>1.11708</angle></robndbox></object><object><type>robndbox</type><name>wheat_head</name><pose>Unspecified</pose><truncated>0</truncated><difficult>0</difficult><robndbox><cx>359.8719</cx><cy>945.7657</cy><w>61.7243</w><h>32.7934</h><angle>0.850757</angle></robndbox></object><object><type>robndbox</type><name>wheat_head</name><pose>Unspecified</pose><truncated>0</truncated><difficult>0</difficult><robndbox><cx>177.4511</cx><cy>266.6496</cy><w>119.3853</w><h>37.3489</h><angle>2.971758</angle></robndbox></object><object><type>robndbox</type><name>wheat_head</name><pose>Unspecified</pose><truncated>0</truncated><difficult>0</difficult><robndbox><cx>60.496</cx><cy>131.9378</cy><w>135.9418</w><h>41.7736</h><angle>0.485426</angle></robndbox></object><object><type>robndbox</type><name>wheat_head</name><pose>Unspecified</pose><truncated>0</truncated><difficult>0</difficult><robndbox><cx>742.611</cx><cy>896.924</cy><w>139.7987</w><h>33.5359</h><angle>0.207999</angle></robndbox></object><object><type>robndbox</type><name>wheat_head</name><pose>Unspecified</pose><truncated>0</truncated><difficult>0</difficult><robndbox><cx>267.2809</cx><cy>634.7538</cy><w>70.5683</w><h>29.939</h><angle>0.438865</angle></robndbox></object><object><type>robndbox</type><name>wheat_head</name><pose>Unspecified</pose><truncated>0</truncated><difficult>0</difficult><robndbox><cx>723.4535</cx><cy>522.2358</cy><w>80.6568</w><h>31.4655</h><angle>1.09795</angle></robndbox></object><object><type>robndbox</type><name>wheat_head</name><pose>Unspecified</pose><truncated>0</truncated><difficult>0</difficult><robndbox><cx>376.283</cx><cy>622.7191</cy><w>69.8426</w><h>33.5129</h><angle>0.362238</angle></robndbox></object><object><type>robndbox</type><name>wheat_head</name><pose>Unspecified</pose><truncated>0</truncated><difficult>0</difficult><robndbox><cx>393.3658</cx><cy>692.4901</cy><w>87.4368</w><h>36.8539</h><angle>0.509321</angle></robndbox></object><object><type>robndbox</type><name>wheat_head</name><pose>Unspecified</pose><truncated>0</truncated><difficult>0</difficult><robndbox><cx>379.0</cx><cy>920.0</cy><w>54.5967</w><h>19.5356</h><angle>1.244921</angle></robndbox></object><object><type>robndbox</type><name>wheat_head</name><pose>Unspecified</pose><truncated>0</truncated><difficult>0</difficult><robndbox><cx>701.0388</cx><cy>765.7809</cy><w>67.5509</w><h>33.4193</h><angle>0.389679</angle></robndbox></object><object><type>robndbox</type><name>wheat_head</name><pose>Unspecified</pose><truncated>0</truncated><difficult>0</difficult><robndbox><cx>627.1853</cx><cy>587.258</cy><w>53.8634</w><h>36.5118</h><angle>0.504934</angle></robndbox></object><object><type>robndbox</type><name>wheat_head</name><pose>Unspecified</pose><truncated>0</truncated><difficult>0</difficult><robndbox><cx>302.6049</cx><cy>483.2674</cy><w>164.3026</w><h>39.8167</h><angle>0.613374</angle></robndbox></object><object><type>robndbox</type><name>wheat_head</name><pose>Unspecified</pose><truncated>0</truncated><difficult>0</difficult><robndbox><cx>918.6862</cx><cy>813.4544</cy><w>93.3003</w><h>37.4578</h><angle>0.331485</angle></robndbox></object><object><type>robndbox</type><name>wheat_head</name><pose>Unspecified</pose><truncated>0</truncated><difficult>0</difficult><robndbox><cx>74.738</cx><cy>243.9537</cy><w>76.1764</w><h>33.9764</h><angle>1.08752</angle></robndbox></object><object><type>robndbox</type><name>wheat_head</name><pose>Unspecified</pose><truncated>0</truncated><difficult>0</difficult><robndbox><cx>239.8669</cx><cy>412.1207</cy><w>67.1511</w><h>33.0133</h><angle>0.387514</angle></robndbox></object><object><type>robndbox</type><name>wheat_head</name><pose>Unspecified</pose><truncated>0</truncated><difficult>0</difficult><robndbox><cx>8.8372</cx><cy>678.7457</cy><w>22.7961</w><h>16.0924</h><angle>1.653326</angle></robndbox></object><object><type>robndbox</type><name>wheat_head</name><pose>Unspecified</pose><truncated>0</truncated><difficult>0</difficult><robndbox><cx>856.0692</cx><cy>645.9557</cy><w>76.2962</w><h>27.6354</h><angle>1.10567</angle></robndbox></object><object><type>robndbox</type><name>wheat_head</name><pose>Unspecified</pose><truncated>0</truncated><difficult>0</difficult><robndbox><cx>832.577</cx><cy>763.2495</cy><w>53.0993</w><h>32.9136</h><angle>1.642471</angle></robndbox></object><object><type>robndbox</type><name>wheat_head</name><pose>Unspecified</pose><truncated>0</truncated><difficult>0</difficult><robndbox><cx>321.5746</cx><cy>754.8473</cy><w>109.3813</w><h>36.9687</h><angle>0.555484</angle></robndbox></object><object><type>robndbox</type><name>wheat_head</name><pose>Unspecified</pose><truncated>0</truncated><difficult>0</difficult><robndbox><cx>897.351</cx><cy>560.672</cy><w>56.5066</w><h>28.3032</h><angle>0.99331</angle></robndbox></object><object><type>robndbox</type><name>wheat_head</name><pose>Unspecified</pose><truncated>0</truncated><difficult>0</difficult><robndbox><cx>992.1838</cx><cy>909.741</cy><w>51.4959</w><h>33.9405</h><angle>0.619833</angle></robndbox></object><object><type>robndbox</type><name>wheat_head</name><pose>Unspecified</pose><truncated>0</truncated><difficult>0</difficult><robndbox><cx>822.8946</cx><cy>409.6113</cy><w>64.7275</w><h>36.8028</h><angle>0.920095</angle></robndbox></object><object><type>robndbox</type><name>wheat_head</name><pose>Unspecified</pose><truncated>0</truncated><difficult>0</difficult><robndbox><cx>149.3587</cx><cy>791.5734</cy><w>100.3329</w><h>26.9651</h><angle>2.866074</angle></robndbox></object><object><type>robndbox</type><name>wheat_head</name><pose>Unspecified</pose><truncated>0</truncated><difficult>0</difficult><robndbox><cx>45.6733</cx><cy>7.1024</cy><w>53.8017</w><h>25.1901</h><angle>0.294026</angle></robndbox></object><object><type>robndbox</type><name>wheat_head</name><pose>Unspecified</pose><truncated>0</truncated><difficult>0</difficult><robndbox><cx>461.4025</cx><cy>10.1328</cy><w>57.8217</w><h>30.2916</h><angle>2.654679</angle></robndbox></object><object><type>robndbox</type><name>wheat_head</name><pose>Unspecified</pose><truncated>0</truncated><difficult>0</difficult><robndbox><cx>443.6362</cx><cy>242.2089</cy><w>67.3427</w><h>25.9879</h><angle>0.099735</angle></robndbox></object><object><type>robndbox</type><name>wheat_head</name><pose>Unspecified</pose><truncated>0</truncated><difficult>0</difficult><robndbox><cx>798.2133</cx><cy>139.5649</cy><w>48.803</w><h>26.2573</h><angle>1.609629</angle></robndbox></object><object><type>robndbox</type><name>wheat_head</name><pose>Unspecified</pose><truncated>0</truncated><difficult>0</difficult><robndbox><cx>822.6866</cx><cy>592.9555</cy><w>41.3166</w><h>29.591</h><angle>0.748088</angle></robndbox></object><object><type>robndbox</type><name>wheat_head</name><pose>Unspecified</pose><truncated>0</truncated><difficult>0</difficult><robndbox><cx>523.0673</cx><cy>590.6494</cy><w>92.6308</w><h>39.1877</h><angle>0.605986</angle></robndbox></object><object><type>robndbox</type><name>wheat_head</name><pose>Unspecified</pose><truncated>0</truncated><difficult>0</difficult><robndbox><cx>924.4565</cx><cy>648.7478</cy><w>62.8876</w><h>32.8848</h><angle>1.272374</angle></robndbox></object><object><type>robndbox</type><name>wheat_head</name><pose>Unspecified</pose><truncated>0</truncated><difficult>0</difficult><robndbox><cx>43.2273</cx><cy>715.5634</cy><w>74.7563</w><h>35.2034</h><angle>3.054411</angle></robndbox></object><object><type>robndbox</type><name>wheat_head</name><pose>Unspecified</pose><truncated>0</truncated><difficult>0</difficult><robndbox><cx>319.5611</cx><cy>691.3989</cy><w>118.8368</w><h>35.2994</h><angle>0.590858</angle></robndbox></object><object><type>robndbox</type><name>wheat_head</name><pose>Unspecified</pose><truncated>0</truncated><difficult>0</difficult><robndbox><cx>783.1173</cx><cy>846.9485</cy><w>29.2896</w><h>28.5291</h><angle>1.566583</angle></robndbox></object><object><type>robndbox</type><name>wheat_head</name><pose>Unspecified</pose><truncated>0</truncated><difficult>0</difficult><robndbox><cx>839.0685</cx><cy>271.6459</cy><w>40.0478</w><h>31.4755</h><angle>0.116639</angle></robndbox></object><object><type>robndbox</type><name>wheat_head</name><pose>Unspecified</pose><truncated>0</truncated><difficult>0</difficult><robndbox><cx>115.1849</cx><cy>827.7064</cy><w>72.3503</w><h>29.117</h><angle>2.587647</angle></robndbox></object><object><type>robndbox</type><name>wheat_head</name><pose>Unspecified</pose><truncated>0</truncated><difficult>0</difficult><robndbox><cx>696.0</cx><cy>16.0</cy><w>34.9224</w><h>24.6494</h><angle>2.108187</angle></robndbox></object><object><type>robndbox</type><name>wheat_head</name><pose>Unspecified</pose><truncated>0</truncated><difficult>0</difficult><robndbox><cx>229.4156</cx><cy>777.0646</cy><w>88.4383</w><h>40.2902</h><angle>2.423401</angle></robndbox></object><object><type>robndbox</type><name>wheat_head</name><pose>Unspecified</pose><truncated>0</truncated><difficult>0</difficult><robndbox><cx>457.0919</cx><cy>314.5396</cy><w>66.1289</w><h>36.477</h><angle>2.979381</angle></robndbox></object><object><type>robndbox</type><name>wheat_head</name><pose>Unspecified</pose><truncated>0</truncated><difficult>0</difficult><robndbox><cx>457.8152</cx><cy>872.14</cy><w>179.4982</w><h>39.899</h><angle>0.538899</angle></robndbox></object><object><type>robndbox</type><name>wheat_head</name><pose>Unspecified</pose><truncated>0</truncated><difficult>0</difficult><robndbox><cx>775.0629</cx><cy>376.8255</cy><w>53.2113</w><h>27.7817</h><angle>0.674538</angle></robndbox></object><object><type>robndbox</type><name>wheat_head</name><pose>Unspecified</pose><truncated>0</truncated><difficult>0</difficult><robndbox><cx>89.7759</cx><cy>389.5269</cy><w>41.832</w><h>24.0597</h><angle>0.510292</angle></robndbox></object></annotation>