<annotation verified="no"><folder>images</folder><filename>144dca605</filename><path>/home/badhon/Documents/thesis/final_dataset/ethz_1/images/144dca605.jpg</path><source><database>Unknown</database></source><size><width>1024</width><height>1024</height><depth>3</depth></size><segmented>0</segmented><object><type>robndbox</type><name>wheat_head</name><pose>Unspecified</pose><truncated>0</truncated><difficult>0</difficult><robndbox><cx>469.2027</cx><cy>363.2373</cy><w>125.0291</w><h>39.3563</h><angle>0.322546</angle></robndbox></object><object><type>robndbox</type><name>wheat_head</name><pose>Unspecified</pose><truncated>0</truncated><difficult>0</difficult><robndbox><cx>922.8154</cx><cy>727.6029</cy><w>108.259</w><h>38.5556</h><angle>1.333046</angle></robndbox></object><object><type>robndbox</type><name>wheat_head</name><pose>Unspecified</pose><truncated>0</truncated><difficult>0</difficult><robndbox><cx>226.1993</cx><cy>131.2891</cy><w>81.3685</w><h>31.8839</h><angle>1.074555</angle></robndbox></object><object><type>robndbox</type><name>wheat_head</name><pose>Unspecified</pose><truncated>0</truncated><difficult>0</difficult><robndbox><cx>131.2478</cx><cy>826.3984</cy><w>102.368</w><h>37.0013</h><angle>0.409823</angle></robndbox></object><object><type>robndbox</type><name>wheat_head</name><pose>Unspecified</pose><truncated>0</truncated><difficult>0</difficult><robndbox><cx>388.1407</cx><cy>523.534</cy><w>122.3388</w><h>37.337</h><angle>0.605618</angle></robndbox></object><object><type>robndbox</type><name>wheat_head</name><pose>Unspecified</pose><truncated>0</truncated><difficult>0</difficult><robndbox><cx>221.6528</cx><cy>928.7274</cy><w>122.8403</w><h>38.9581</h><angle>0.612491</angle></robndbox></object><object><type>robndbox</type><name>wheat_head</name><pose>Unspecified</pose><truncated>0</truncated><difficult>0</difficult><robndbox><cx>137.7917</cx><cy>227.1235</cy><w>92.8691</w><h>33.9827</h><angle>0.971455</angle></robndbox></object><object><type>robndbox</type><name>wheat_head</name><pose>Unspecified</pose><truncated>0</truncated><difficult>0</difficult><robndbox><cx>391.2776</cx><cy>233.4739</cy><w>129.5032</w><h>40.5162</h><angle>0.801593</angle></robndbox></object><object><type>robndbox</type><name>wheat_head</name><pose>Unspecified</pose><truncated>0</truncated><difficult>0</difficult><robndbox><cx>616.6731</cx><cy>50.8406</cy><w>137.3816</w><h>33.2171</h><angle>0.972625</angle></robndbox></object><object><type>robndbox</type><name>wheat_head</name><pose>Unspecified</pose><truncated>0</truncated><difficult>0</difficult><robndbox><cx>441.7941</cx><cy>716.3542</cy><w>105.3792</w><h>34.6307</h><angle>2.631462</angle></robndbox></object><object><type>robndbox</type><name>wheat_head</name><pose>Unspecified</pose><truncated>0</truncated><difficult>0</difficult><robndbox><cx>835.6849</cx><cy>453.9505</cy><w>66.3838</w><h>30.1174</h><angle>0.549605</angle></robndbox></object><object><type>robndbox</type><name>wheat_head</name><pose>Unspecified</pose><truncated>0</truncated><difficult>0</difficult><robndbox><cx>778.6197</cx><cy>179.0816</cy><w>62.3421</w><h>27.9308</h><angle>1.745633</angle></robndbox></object><object><type>robndbox</type><name>wheat_head</name><pose>Unspecified</pose><truncated>0</truncated><difficult>0</difficult><robndbox><cx>222.9964</cx><cy>791.0969</cy><w>96.3483</w><h>35.6049</h><angle>0.945882</angle></robndbox></object><object><type>robndbox</type><name>wheat_head</name><pose>Unspecified</pose><truncated>0</truncated><difficult>0</difficult><robndbox><cx>432.143</cx><cy>653.7521</cy><w>72.8075</w><h>36.0731</h><angle>0.450451</angle></robndbox></object><object><type>robndbox</type><name>wheat_head</name><pose>Unspecified</pose><truncated>0</truncated><difficult>0</difficult><robndbox><cx>692.6632</cx><cy>751.3448</cy><w>114.7378</w><h>39.8337</h><angle>0.524668</angle></robndbox></object><object><type>robndbox</type><name>wheat_head</name><pose>Unspecified</pose><truncated>0</truncated><difficult>0</difficult><robndbox><cx>8.5607</cx><cy>491.9264</cy><w>29.1035</w><h>14.2098</h><angle>1.584089</angle></robndbox></object><object><type>robndbox</type><name>wheat_head</name><pose>Unspecified</pose><truncated>0</truncated><difficult>0</difficult><robndbox><cx>37.1165</cx><cy>176.7327</cy><w>88.1016</w><h>44.2695</h><angle>0.557869</angle></robndbox></object><object><type>robndbox</type><name>wheat_head</name><pose>Unspecified</pose><truncated>0</truncated><difficult>0</difficult><robndbox><cx>924.2988</cx><cy>257.095</cy><w>67.2924</w><h>36.3596</h><angle>1.090997</angle></robndbox></object><object><type>robndbox</type><name>wheat_head</name><pose>Unspecified</pose><truncated>0</truncated><difficult>0</difficult><robndbox><cx>317.2113</cx><cy>390.2557</cy><w>208.1204</w><h>38.9187</h><angle>0.340207</angle></robndbox></object><object><type>robndbox</type><name>wheat_head</name><pose>Unspecified</pose><truncated>0</truncated><difficult>0</difficult><robndbox><cx>494.4087</cx><cy>568.014</cy><w>54.6484</w><h>29.5382</h><angle>1.68865</angle></robndbox></object><object><type>robndbox</type><name>wheat_head</name><pose>Unspecified</pose><truncated>0</truncated><difficult>0</difficult><robndbox><cx>512.3722</cx><cy>680.4691</cy><w>92.0965</w><h>32.9231</h><angle>2.801455</angle></robndbox></object><object><type>robndbox</type><name>wheat_head</name><pose>Unspecified</pose><truncated>0</truncated><difficult>0</difficult><robndbox><cx>173.8343</cx><cy>335.8294</cy><w>106.1633</w><h>34.7248</h><angle>0.431626</angle></robndbox></object><object><type>robndbox</type><name>wheat_head</name><pose>Unspecified</pose><truncated>0</truncated><difficult>0</difficult><robndbox><cx>590.7806</cx><cy>303.0392</cy><w>128.2842</w><h>33.773</h><angle>1.111399</angle></robndbox></object><object><type>robndbox</type><name>wheat_head</name><pose>Unspecified</pose><truncated>0</truncated><difficult>0</difficult><robndbox><cx>206.6989</cx><cy>300.3042</cy><w>131.9991</w><h>36.0707</h><angle>0.440575</angle></robndbox></object><object><type>robndbox</type><name>wheat_head</name><pose>Unspecified</pose><truncated>0</truncated><difficult>0</difficult><robndbox><cx>540.6612</cx><cy>50.6438</cy><w>179.8987</w><h>40.1395</h><angle>0.550167</angle></robndbox></object><object><type>robndbox</type><name>wheat_head</name><pose>Unspecified</pose><truncated>0</truncated><difficult>0</difficult><robndbox><cx>809.6969</cx><cy>478.9483</cy><w>77.9165</w><h>33.3683</h><angle>0.677451</angle></robndbox></object><object><type>robndbox</type><name>wheat_head</name><pose>Unspecified</pose><truncated>0</truncated><difficult>0</difficult><robndbox><cx>14.203</cx><cy>660.4613</cy><w>105.5809</w><h>23.7233</h><angle>1.450285</angle></robndbox></object><object><type>robndbox</type><name>wheat_head</name><pose>Unspecified</pose><truncated>0</truncated><difficult>0</difficult><robndbox><cx>294.1079</cx><cy>177.9463</cy><w>72.5829</w><h>30.1503</h><angle>0.34257</angle></robndbox></object><object><type>robndbox</type><name>wheat_head</name><pose>Unspecified</pose><truncated>0</truncated><difficult>0</difficult><robndbox><cx>577.1826</cx><cy>429.5262</cy><w>91.6379</w><h>41.3127</h><angle>0.444815</angle></robndbox></object><object><type>robndbox</type><name>wheat_head</name><pose>Unspecified</pose><truncated>0</truncated><difficult>0</difficult><robndbox><cx>79.5934</cx><cy>43.2331</cy><w>158.8792</w><h>41.2893</h><angle>0.524214</angle></robndbox></object><object><type>robndbox</type><name>wheat_head</name><pose>Unspecified</pose><truncated>0</truncated><difficult>0</difficult><robndbox><cx>641.2146</cx><cy>954.8972</cy><w>54.2735</w><h>29.2094</h><angle>1.006224</angle></robndbox></object><object><type>robndbox</type><name>wheat_head</name><pose>Unspecified</pose><truncated>0</truncated><difficult>0</difficult><robndbox><cx>295.98</cx><cy>12.038</cy><w>55.7696</w><h>32.928</h><angle>0.523094</angle></robndbox></object><object><type>robndbox</type><name>wheat_head</name><pose>Unspecified</pose><truncated>0</truncated><difficult>0</difficult><robndbox><cx>396.3219</cx><cy>796.8484</cy><w>53.5055</w><h>33.3643</h><angle>0.109581</angle></robndbox></object><object><type>robndbox</type><name>wheat_head</name><pose>Unspecified</pose><truncated>0</truncated><difficult>0</difficult><robndbox><cx>97.3676</cx><cy>910.0342</cy><w>98.5231</w><h>30.5181</h><angle>3.078896</angle></robndbox></object><object><type>robndbox</type><name>wheat_head</name><pose>Unspecified</pose><truncated>0</truncated><difficult>0</difficult><robndbox><cx>465.7029</cx><cy>66.2935</cy><w>65.0868</w><h>31.2152</h><angle>0.126235</angle></robndbox></object><object><type>robndbox</type><name>wheat_head</name><pose>Unspecified</pose><truncated>0</truncated><difficult>0</difficult><robndbox><cx>740.6347</cx><cy>678.1649</cy><w>90.7892</w><h>36.4469</h><angle>1.065181</angle></robndbox></object><object><type>robndbox</type><name>wheat_head</name><pose>Unspecified</pose><truncated>0</truncated><difficult>0</difficult><robndbox><cx>297.1261</cx><cy>583.5092</cy><w>49.2563</w><h>30.5718</h><angle>0.300035</angle></robndbox></object><object><type>robndbox</type><name>wheat_head</name><pose>Unspecified</pose><truncated>0</truncated><difficult>0</difficult><robndbox><cx>27.1095</cx><cy>996.4457</cy><w>37.1799</w><h>23.9829</h><angle>3.079529</angle></robndbox></object><object><type>robndbox</type><name>wheat_head</name><pose>Unspecified</pose><truncated>0</truncated><difficult>0</difficult><robndbox><cx>916.1053</cx><cy>991.4913</cy><w>41.3914</w><h>35.3047</h><angle>1.913656</angle></robndbox></object><object><type>robndbox</type><name>wheat_head</name><pose>Unspecified</pose><truncated>0</truncated><difficult>0</difficult><robndbox><cx>67.9804</cx><cy>845.1594</cy><w>47.2821</w><h>32.027</h><angle>2.789991</angle></robndbox></object><object><type>robndbox</type><name>wheat_head</name><pose>Unspecified</pose><truncated>0</truncated><difficult>0</difficult><robndbox><cx>600.5</cx><cy>999.0</cy><w>24.5458</w><h>22.0</h><angle>0.001863</angle></robndbox></object><object><type>robndbox</type><name>wheat_head</name><pose>Unspecified</pose><truncated>0</truncated><difficult>0</difficult><robndbox><cx>677.0229</cx><cy>300.1335</cy><w>41.8891</w><h>32.9865</h><angle>0.886171</angle></robndbox></object><object><type>robndbox</type><name>wheat_head</name><pose>Unspecified</pose><truncated>0</truncated><difficult>0</difficult><robndbox><cx>916.1053</cx><cy>991.4913</cy><w>41.3914</w><h>35.3047</h><angle>1.913656</angle></robndbox></object><object><type>robndbox</type><name>wheat_head</name><pose>Unspecified</pose><truncated>0</truncated><difficult>0</difficult><robndbox><cx>740.6347</cx><cy>678.1649</cy><w>90.7892</w><h>36.4469</h><angle>1.065181</angle></robndbox></object><object><type>robndbox</type><name>wheat_head</name><pose>Unspecified</pose><truncated>0</truncated><difficult>0</difficult><robndbox><cx>213.8041</cx><cy>10.8413</cy><w>35.641</w><h>28.8265</h><angle>1.262167</angle></robndbox></object><object><type>robndbox</type><name>wheat_head</name><pose>Unspecified</pose><truncated>0</truncated><difficult>0</difficult><robndbox><cx>760.414</cx><cy>830.2132</cy><w>81.0306</w><h>34.3625</h><angle>0.026249</angle></robndbox></object><object><type>robndbox</type><name>wheat_head</name><pose>Unspecified</pose><truncated>0</truncated><difficult>0</difficult><robndbox><cx>79.5934</cx><cy>43.2331</cy><w>158.8792</w><h>41.2893</h><angle>0.524214</angle></robndbox></object><object><type>robndbox</type><name>wheat_head</name><pose>Unspecified</pose><truncated>0</truncated><difficult>0</difficult><robndbox><cx>238.4522</cx><cy>250.7329</cy><w>48.7164</w><h>29.9894</h><angle>0.469924</angle></robndbox></object><object><type>robndbox</type><name>wheat_head</name><pose>Unspecified</pose><truncated>0</truncated><difficult>0</difficult><robndbox><cx>396.4824</cx><cy>316.5378</cy><w>48.3499</w><h>28.4295</h><angle>0.505206</angle></robndbox></object><object><type>robndbox</type><name>wheat_head</name><pose>Unspecified</pose><truncated>0</truncated><difficult>0</difficult><robndbox><cx>411.5158</cx><cy>883.4309</cy><w>71.3809</w><h>26.8116</h><angle>0.007983</angle></robndbox></object><object><type>robndbox</type><name>wheat_head</name><pose>Unspecified</pose><truncated>0</truncated><difficult>0</difficult><robndbox><cx>52.6218</cx><cy>279.4447</cy><w>48.2038</w><h>29.9937</h><angle>0.631838</angle></robndbox></object><object><type>robndbox</type><name>wheat_head</name><pose>Unspecified</pose><truncated>0</truncated><difficult>0</difficult><robndbox><cx>171.9189</cx><cy>577.4767</cy><w>79.0181</w><h>30.6567</h><angle>0.286963</angle></robndbox></object><object><type>robndbox</type><name>wheat_head</name><pose>Unspecified</pose><truncated>0</truncated><difficult>0</difficult><robndbox><cx>470.2278</cx><cy>987.4753</cy><w>55.1458</w><h>31.0701</h><angle>2.80352</angle></robndbox></object><object><type>robndbox</type><name>wheat_head</name><pose>Unspecified</pose><truncated>0</truncated><difficult>0</difficult><robndbox><cx>723.1815</cx><cy>219.8764</cy><w>209.6969</w><h>40.8813</h><angle>1.054328</angle></robndbox></object><object><type>robndbox</type><name>wheat_head</name><pose>Unspecified</pose><truncated>0</truncated><difficult>0</difficult><robndbox><cx>264.5936</cx><cy>994.7032</cy><w>48.672</w><h>27.2948</h><angle>2.56412</angle></robndbox></object><object><type>robndbox</type><name>wheat_head</name><pose>Unspecified</pose><truncated>0</truncated><difficult>0</difficult><robndbox><cx>130.6478</cx><cy>372.0209</cy><w>56.069</w><h>27.7311</h><angle>2.784662</angle></robndbox></object><object><type>robndbox</type><name>wheat_head</name><pose>Unspecified</pose><truncated>0</truncated><difficult>0</difficult><robndbox><cx>694.1792</cx><cy>624.8326</cy><w>70.3704</w><h>35.5941</h><angle>0.474001</angle></robndbox></object><object><type>robndbox</type><name>wheat_head</name><pose>Unspecified</pose><truncated>0</truncated><difficult>0</difficult><robndbox><cx>537.6835</cx><cy>245.8519</cy><w>50.4058</w><h>30.5379</h><angle>2.7603</angle></robndbox></object><object><type>robndbox</type><name>wheat_head</name><pose>Unspecified</pose><truncated>0</truncated><difficult>0</difficult><robndbox><cx>812.0916</cx><cy>6.6104</cy><w>30.7699</w><h>13.6901</h><angle>0.001681</angle></robndbox></object><object><type>robndbox</type><name>wheat_head</name><pose>Unspecified</pose><truncated>0</truncated><difficult>0</difficult><robndbox><cx>590.7806</cx><cy>303.0392</cy><w>128.2842</w><h>33.773</h><angle>1.111399</angle></robndbox></object><object><type>robndbox</type><name>wheat_head</name><pose>Unspecified</pose><truncated>0</truncated><difficult>0</difficult><robndbox><cx>280.4882</cx><cy>638.2662</cy><w>95.0414</w><h>32.658</h><angle>1.092517</angle></robndbox></object><object><type>robndbox</type><name>wheat_head</name><pose>Unspecified</pose><truncated>0</truncated><difficult>0</difficult><robndbox><cx>230.6424</cx><cy>582.0945</cy><w>49.4968</w><h>29.6085</h><angle>0.676349</angle></robndbox></object><object><type>robndbox</type><name>wheat_head</name><pose>Unspecified</pose><truncated>0</truncated><difficult>0</difficult><robndbox><cx>280.4882</cx><cy>638.2662</cy><w>95.0414</w><h>32.658</h><angle>1.092517</angle></robndbox></object><object><type>robndbox</type><name>wheat_head</name><pose>Unspecified</pose><truncated>0</truncated><difficult>0</difficult><robndbox><cx>12.5</cx><cy>966.0</cy><w>27.3033</w><h>22.7801</h><angle>2.727892</angle></robndbox></object><object><type>robndbox</type><name>wheat_head</name><pose>Unspecified</pose><truncated>0</truncated><difficult>0</difficult><robndbox><cx>627.2567</cx><cy>303.006</cy><w>53.4135</w><h>24.5703</h><angle>0.665969</angle></robndbox></object><object><type>robndbox</type><name>wheat_head</name><pose>Unspecified</pose><truncated>0</truncated><difficult>0</difficult><robndbox><cx>813.0524</cx><cy>607.3612</cy><w>39.0128</w><h>31.8541</h><angle>3.115957</angle></robndbox></object></annotation>