<annotation verified="no"><folder>images</folder><filename>152d16ce7</filename><path>/home/badhon/Documents/thesis/final_dataset/ethz_1/images/152d16ce7.jpg</path><source><database>Unknown</database></source><size><width>1024</width><height>1024</height><depth>3</depth></size><segmented>0</segmented><object><type>robndbox</type><name>wheat_head</name><pose>Unspecified</pose><truncated>0</truncated><difficult>0</difficult><robndbox><cx>68.7192</cx><cy>944.5384</cy><w>69.1965</w><h>30.7118</h><angle>1.002328</angle></robndbox></object><object><type>robndbox</type><name>wheat_head</name><pose>Unspecified</pose><truncated>0</truncated><difficult>0</difficult><robndbox><cx>383.8131</cx><cy>561.2405</cy><w>122.7828</w><h>38.4036</h><angle>1.235507</angle></robndbox></object><object><type>robndbox</type><name>wheat_head</name><pose>Unspecified</pose><truncated>0</truncated><difficult>0</difficult><robndbox><cx>612.0572</cx><cy>880.901</cy><w>90.0786</w><h>35.7729</h><angle>2.040084</angle></robndbox></object><object><type>robndbox</type><name>wheat_head</name><pose>Unspecified</pose><truncated>0</truncated><difficult>0</difficult><robndbox><cx>19.4372</cx><cy>97.6775</cy><w>59.7567</w><h>24.1328</h><angle>1.26194</angle></robndbox></object><object><type>robndbox</type><name>wheat_head</name><pose>Unspecified</pose><truncated>0</truncated><difficult>0</difficult><robndbox><cx>695.2263</cx><cy>634.4032</cy><w>76.8971</w><h>33.298</h><angle>2.041183</angle></robndbox></object><object><type>robndbox</type><name>wheat_head</name><pose>Unspecified</pose><truncated>0</truncated><difficult>0</difficult><robndbox><cx>653.2057</cx><cy>696.7209</cy><w>99.5869</w><h>34.9842</h><angle>0.972268</angle></robndbox></object><object><type>robndbox</type><name>wheat_head</name><pose>Unspecified</pose><truncated>0</truncated><difficult>0</difficult><robndbox><cx>179.5834</cx><cy>862.958</cy><w>54.2417</w><h>34.5189</h><angle>1.073064</angle></robndbox></object><object><type>robndbox</type><name>wheat_head</name><pose>Unspecified</pose><truncated>0</truncated><difficult>0</difficult><robndbox><cx>312.7292</cx><cy>334.2276</cy><w>102.7903</w><h>43.8273</h><angle>0.891362</angle></robndbox></object><object><type>robndbox</type><name>wheat_head</name><pose>Unspecified</pose><truncated>0</truncated><difficult>0</difficult><robndbox><cx>179.1008</cx><cy>600.1969</cy><w>75.2381</w><h>38.0474</h><angle>1.143723</angle></robndbox></object><object><type>robndbox</type><name>wheat_head</name><pose>Unspecified</pose><truncated>0</truncated><difficult>0</difficult><robndbox><cx>510.9854</cx><cy>520.2012</cy><w>96.5296</w><h>42.4675</h><angle>0.903871</angle></robndbox></object><object><type>robndbox</type><name>wheat_head</name><pose>Unspecified</pose><truncated>0</truncated><difficult>0</difficult><robndbox><cx>544.7177</cx><cy>975.056</cy><w>71.2329</w><h>33.4069</h><angle>0.971308</angle></robndbox></object><object><type>robndbox</type><name>wheat_head</name><pose>Unspecified</pose><truncated>0</truncated><difficult>0</difficult><robndbox><cx>114.3804</cx><cy>439.2196</cy><w>88.7035</w><h>34.469</h><angle>0.980103</angle></robndbox></object><object><type>robndbox</type><name>wheat_head</name><pose>Unspecified</pose><truncated>0</truncated><difficult>0</difficult><robndbox><cx>859.5709</cx><cy>75.8395</cy><w>119.5121</w><h>32.9334</h><angle>1.729056</angle></robndbox></object><object><type>robndbox</type><name>wheat_head</name><pose>Unspecified</pose><truncated>0</truncated><difficult>0</difficult><robndbox><cx>746.0438</cx><cy>309.6339</cy><w>125.0326</w><h>37.8239</h><angle>1.096735</angle></robndbox></object><object><type>robndbox</type><name>wheat_head</name><pose>Unspecified</pose><truncated>0</truncated><difficult>0</difficult><robndbox><cx>798.3358</cx><cy>199.8342</cy><w>96.7312</w><h>32.8087</h><angle>0.893046</angle></robndbox></object><object><type>robndbox</type><name>wheat_head</name><pose>Unspecified</pose><truncated>0</truncated><difficult>0</difficult><robndbox><cx>228.7239</cx><cy>739.9448</cy><w>160.5483</w><h>44.0224</h><angle>0.389575</angle></robndbox></object><object><type>robndbox</type><name>wheat_head</name><pose>Unspecified</pose><truncated>0</truncated><difficult>0</difficult><robndbox><cx>457.4861</cx><cy>367.9005</cy><w>102.9695</w><h>39.5133</h><angle>0.931198</angle></robndbox></object><object><type>robndbox</type><name>wheat_head</name><pose>Unspecified</pose><truncated>0</truncated><difficult>0</difficult><robndbox><cx>380.2857</cx><cy>116.9286</cy><w>105.3355</w><h>32.0847</h><angle>0.341091</angle></robndbox></object><object><type>robndbox</type><name>wheat_head</name><pose>Unspecified</pose><truncated>0</truncated><difficult>0</difficult><robndbox><cx>49.6021</cx><cy>671.9348</cy><w>132.6928</w><h>37.8493</h><angle>0.996935</angle></robndbox></object><object><type>robndbox</type><name>wheat_head</name><pose>Unspecified</pose><truncated>0</truncated><difficult>0</difficult><robndbox><cx>724.7739</cx><cy>133.7604</cy><w>66.9256</w><h>22.7859</h><angle>1.519729</angle></robndbox></object><object><type>robndbox</type><name>wheat_head</name><pose>Unspecified</pose><truncated>0</truncated><difficult>0</difficult><robndbox><cx>93.7767</cx><cy>164.0102</cy><w>56.2162</w><h>28.2364</h><angle>1.988275</angle></robndbox></object><object><type>robndbox</type><name>wheat_head</name><pose>Unspecified</pose><truncated>0</truncated><difficult>0</difficult><robndbox><cx>843.6935</cx><cy>726.9476</cy><w>124.4149</w><h>43.9864</h><angle>1.33599</angle></robndbox></object><object><type>robndbox</type><name>wheat_head</name><pose>Unspecified</pose><truncated>0</truncated><difficult>0</difficult><robndbox><cx>585.0018</cx><cy>119.7612</cy><w>92.0223</w><h>36.8639</h><angle>1.194291</angle></robndbox></object><object><type>robndbox</type><name>wheat_head</name><pose>Unspecified</pose><truncated>0</truncated><difficult>0</difficult><robndbox><cx>966.0118</cx><cy>460.654</cy><w>79.8267</w><h>34.7771</h><angle>2.708787</angle></robndbox></object><object><type>robndbox</type><name>wheat_head</name><pose>Unspecified</pose><truncated>0</truncated><difficult>0</difficult><robndbox><cx>467.4902</cx><cy>974.7632</cy><w>79.401</w><h>38.8497</h><angle>2.471228</angle></robndbox></object><object><type>robndbox</type><name>wheat_head</name><pose>Unspecified</pose><truncated>0</truncated><difficult>0</difficult><robndbox><cx>600.5704</cx><cy>460.7744</cy><w>119.0551</w><h>40.6557</h><angle>1.325879</angle></robndbox></object><object><type>robndbox</type><name>wheat_head</name><pose>Unspecified</pose><truncated>0</truncated><difficult>0</difficult><robndbox><cx>16.3052</cx><cy>299.963</cy><w>41.8348</w><h>25.5524</h><angle>1.257749</angle></robndbox></object><object><type>robndbox</type><name>wheat_head</name><pose>Unspecified</pose><truncated>0</truncated><difficult>0</difficult><robndbox><cx>44.1577</cx><cy>576.0828</cy><w>119.4519</w><h>31.0581</h><angle>0.973108</angle></robndbox></object><object><type>robndbox</type><name>wheat_head</name><pose>Unspecified</pose><truncated>0</truncated><difficult>0</difficult><robndbox><cx>995.008</cx><cy>221.3426</cy><w>66.8622</w><h>34.694</h><angle>2.031424</angle></robndbox></object><object><type>robndbox</type><name>wheat_head</name><pose>Unspecified</pose><truncated>0</truncated><difficult>0</difficult><robndbox><cx>101.6254</cx><cy>820.5413</cy><w>51.0815</w><h>35.5463</h><angle>0.97584</angle></robndbox></object><object><type>robndbox</type><name>wheat_head</name><pose>Unspecified</pose><truncated>0</truncated><difficult>0</difficult><robndbox><cx>269.6197</cx><cy>491.8762</cy><w>65.373</w><h>29.1655</h><angle>1.103041</angle></robndbox></object><object><type>robndbox</type><name>wheat_head</name><pose>Unspecified</pose><truncated>0</truncated><difficult>0</difficult><robndbox><cx>506.7878</cx><cy>89.4566</cy><w>86.0776</w><h>38.1719</h><angle>2.44881</angle></robndbox></object><object><type>robndbox</type><name>wheat_head</name><pose>Unspecified</pose><truncated>0</truncated><difficult>0</difficult><robndbox><cx>553.0904</cx><cy>744.8682</cy><w>59.9563</w><h>32.8822</h><angle>1.0433</angle></robndbox></object><object><type>robndbox</type><name>wheat_head</name><pose>Unspecified</pose><truncated>0</truncated><difficult>0</difficult><robndbox><cx>756.3326</cx><cy>207.5418</cy><w>67.7738</w><h>33.3067</h><angle>1.187591</angle></robndbox></object><object><type>robndbox</type><name>wheat_head</name><pose>Unspecified</pose><truncated>0</truncated><difficult>0</difficult><robndbox><cx>450.6164</cx><cy>237.7932</cy><w>83.7437</w><h>34.0478</h><angle>1.514967</angle></robndbox></object><object><type>robndbox</type><name>wheat_head</name><pose>Unspecified</pose><truncated>0</truncated><difficult>0</difficult><robndbox><cx>610.6794</cx><cy>954.5839</cy><w>51.9498</w><h>27.9497</h><angle>0.805953</angle></robndbox></object><object><type>robndbox</type><name>wheat_head</name><pose>Unspecified</pose><truncated>0</truncated><difficult>0</difficult><robndbox><cx>244.337</cx><cy>257.871</cy><w>52.1013</w><h>31.0391</h><angle>0.955168</angle></robndbox></object><object><type>robndbox</type><name>wheat_head</name><pose>Unspecified</pose><truncated>0</truncated><difficult>0</difficult><robndbox><cx>86.4555</cx><cy>474.0816</cy><w>58.6944</w><h>34.1548</h><angle>0.649891</angle></robndbox></object><object><type>robndbox</type><name>wheat_head</name><pose>Unspecified</pose><truncated>0</truncated><difficult>0</difficult><robndbox><cx>971.1205</cx><cy>793.8176</cy><w>97.1874</w><h>36.4458</h><angle>2.682818</angle></robndbox></object><object><type>robndbox</type><name>wheat_head</name><pose>Unspecified</pose><truncated>0</truncated><difficult>0</difficult><robndbox><cx>336.0</cx><cy>687.0</cy><w>55.2236</w><h>50.7913</h><angle>2.930688</angle></robndbox></object><object><type>robndbox</type><name>wheat_head</name><pose>Unspecified</pose><truncated>0</truncated><difficult>0</difficult><robndbox><cx>359.3489</cx><cy>658.361</cy><w>73.9326</w><h>34.5871</h><angle>1.325708</angle></robndbox></object><object><type>robndbox</type><name>wheat_head</name><pose>Unspecified</pose><truncated>0</truncated><difficult>0</difficult><robndbox><cx>779.7564</cx><cy>10.6304</cy><w>27.4363</w><h>25.9884</h><angle>1.397031</angle></robndbox></object><object><type>robndbox</type><name>wheat_head</name><pose>Unspecified</pose><truncated>0</truncated><difficult>0</difficult><robndbox><cx>307.5356</cx><cy>250.2103</cy><w>54.803</w><h>34.0572</h><angle>1.197067</angle></robndbox></object><object><type>robndbox</type><name>wheat_head</name><pose>Unspecified</pose><truncated>0</truncated><difficult>0</difficult><robndbox><cx>923.2167</cx><cy>347.3557</cy><w>90.3049</w><h>31.5547</h><angle>1.475406</angle></robndbox></object><object><type>robndbox</type><name>wheat_head</name><pose>Unspecified</pose><truncated>0</truncated><difficult>0</difficult><robndbox><cx>650.1177</cx><cy>807.0219</cy><w>48.9645</w><h>31.2552</h><angle>2.876268</angle></robndbox></object><object><type>robndbox</type><name>wheat_head</name><pose>Unspecified</pose><truncated>0</truncated><difficult>0</difficult><robndbox><cx>279.541</cx><cy>995.5728</cy><w>47.1811</w><h>38.5434</h><angle>1.115857</angle></robndbox></object><object><type>robndbox</type><name>wheat_head</name><pose>Unspecified</pose><truncated>0</truncated><difficult>0</difficult><robndbox><cx>54.1705</cx><cy>308.2413</cy><w>177.0706</w><h>32.0828</h><angle>1.482828</angle></robndbox></object><object><type>robndbox</type><name>wheat_head</name><pose>Unspecified</pose><truncated>0</truncated><difficult>0</difficult><robndbox><cx>983.996</cx><cy>522.8004</cy><w>52.7166</w><h>41.6011</h><angle>2.577115</angle></robndbox></object><object><type>robndbox</type><name>wheat_head</name><pose>Unspecified</pose><truncated>0</truncated><difficult>0</difficult><robndbox><cx>817.9666</cx><cy>506.5476</cy><w>67.421</w><h>34.7372</h><angle>2.169796</angle></robndbox></object><object><type>robndbox</type><name>wheat_head</name><pose>Unspecified</pose><truncated>0</truncated><difficult>0</difficult><robndbox><cx>435.5771</cx><cy>158.3009</cy><w>95.6819</w><h>38.6778</h><angle>2.929877</angle></robndbox></object><object><type>robndbox</type><name>wheat_head</name><pose>Unspecified</pose><truncated>0</truncated><difficult>0</difficult><robndbox><cx>688.1427</cx><cy>472.0844</cy><w>110.2709</w><h>44.8979</h><angle>2.995282</angle></robndbox></object><object><type>robndbox</type><name>wheat_head</name><pose>Unspecified</pose><truncated>0</truncated><difficult>0</difficult><robndbox><cx>229.7872</cx><cy>470.2864</cy><w>106.3477</w><h>34.1172</h><angle>1.603468</angle></robndbox></object><object><type>robndbox</type><name>wheat_head</name><pose>Unspecified</pose><truncated>0</truncated><difficult>0</difficult><robndbox><cx>818.8985</cx><cy>359.1548</cy><w>76.2191</w><h>34.7418</h><angle>1.094073</angle></robndbox></object><object><type>robndbox</type><name>wheat_head</name><pose>Unspecified</pose><truncated>0</truncated><difficult>0</difficult><robndbox><cx>55.2327</cx><cy>765.3728</cy><w>107.9265</w><h>40.4076</h><angle>2.999176</angle></robndbox></object><object><type>robndbox</type><name>wheat_head</name><pose>Unspecified</pose><truncated>0</truncated><difficult>0</difficult><robndbox><cx>358.4771</cx><cy>892.1625</cy><w>53.9943</w><h>32.5617</h><angle>1.607148</angle></robndbox></object><object><type>robndbox</type><name>wheat_head</name><pose>Unspecified</pose><truncated>0</truncated><difficult>0</difficult><robndbox><cx>636.9201</cx><cy>754.3226</cy><w>45.7694</w><h>29.9367</h><angle>0.338904</angle></robndbox></object><object><type>robndbox</type><name>wheat_head</name><pose>Unspecified</pose><truncated>0</truncated><difficult>0</difficult><robndbox><cx>965.8224</cx><cy>919.9649</cy><w>37.4023</w><h>28.6481</h><angle>0.011398</angle></robndbox></object><object><type>robndbox</type><name>wheat_head</name><pose>Unspecified</pose><truncated>0</truncated><difficult>0</difficult><robndbox><cx>857.4539</cx><cy>340.3982</cy><w>70.6297</w><h>28.7737</h><angle>0.22713</angle></robndbox></object><object><type>robndbox</type><name>wheat_head</name><pose>Unspecified</pose><truncated>0</truncated><difficult>0</difficult><robndbox><cx>600.5704</cx><cy>460.7744</cy><w>119.0551</w><h>40.6557</h><angle>1.325879</angle></robndbox></object><object><type>robndbox</type><name>wheat_head</name><pose>Unspecified</pose><truncated>0</truncated><difficult>0</difficult><robndbox><cx>790.0428</cx><cy>584.4055</cy><w>67.4891</w><h>45.9656</h><angle>3.088753</angle></robndbox></object><object><type>robndbox</type><name>wheat_head</name><pose>Unspecified</pose><truncated>0</truncated><difficult>0</difficult><robndbox><cx>747.9913</cx><cy>937.7749</cy><w>106.2479</w><h>39.5203</h><angle>0.021544</angle></robndbox></object><object><type>robndbox</type><name>wheat_head</name><pose>Unspecified</pose><truncated>0</truncated><difficult>0</difficult><robndbox><cx>843.6935</cx><cy>726.9476</cy><w>124.4149</w><h>43.9864</h><angle>1.33599</angle></robndbox></object><object><type>robndbox</type><name>wheat_head</name><pose>Unspecified</pose><truncated>0</truncated><difficult>0</difficult><robndbox><cx>958.7604</cx><cy>840.7048</cy><w>65.7194</w><h>42.6489</h><angle>0.116102</angle></robndbox></object><object><type>robndbox</type><name>wheat_head</name><pose>Unspecified</pose><truncated>0</truncated><difficult>0</difficult><robndbox><cx>933.1683</cx><cy>909.7689</cy><w>60.5</w><h>32.5724</h><angle>2.552991</angle></robndbox></object><object><type>robndbox</type><name>wheat_head</name><pose>Unspecified</pose><truncated>0</truncated><difficult>0</difficult><robndbox><cx>44.1577</cx><cy>576.0828</cy><w>119.4519</w><h>31.0581</h><angle>0.973108</angle></robndbox></object><object><type>robndbox</type><name>wheat_head</name><pose>Unspecified</pose><truncated>0</truncated><difficult>0</difficult><robndbox><cx>521.8662</cx><cy>663.9015</cy><w>42.6742</w><h>23.9856</h><angle>1.075879</angle></robndbox></object><object><type>robndbox</type><name>wheat_head</name><pose>Unspecified</pose><truncated>0</truncated><difficult>0</difficult><robndbox><cx>877.738</cx><cy>835.0284</cy><w>39.8402</w><h>39.3449</h><angle>1.907481</angle></robndbox></object><object><type>robndbox</type><name>wheat_head</name><pose>Unspecified</pose><truncated>0</truncated><difficult>0</difficult><robndbox><cx>818.1541</cx><cy>1008.9824</cy><w>68.3494</w><h>23.6829</h><angle>3.093526</angle></robndbox></object><object><type>robndbox</type><name>wheat_head</name><pose>Unspecified</pose><truncated>0</truncated><difficult>0</difficult><robndbox><cx>104.2462</cx><cy>578.9454</cy><w>190.7849</w><h>34.184</h><angle>0.699849</angle></robndbox></object><object><type>robndbox</type><name>wheat_head</name><pose>Unspecified</pose><truncated>0</truncated><difficult>0</difficult><robndbox><cx>554.6307</cx><cy>22.8992</cy><w>54.9181</w><h>50.0065</h><angle>0.992894</angle></robndbox></object><object><type>robndbox</type><name>wheat_head</name><pose>Unspecified</pose><truncated>0</truncated><difficult>0</difficult><robndbox><cx>865.4205</cx><cy>709.2267</cy><w>50.0899</w><h>21.0603</h><angle>1.630724</angle></robndbox></object><object><type>robndbox</type><name>wheat_head</name><pose>Unspecified</pose><truncated>0</truncated><difficult>0</difficult><robndbox><cx>894.367</cx><cy>721.4013</cy><w>52.0096</w><h>17.9707</h><angle>1.590025</angle></robndbox></object><object><type>robndbox</type><name>wheat_head</name><pose>Unspecified</pose><truncated>0</truncated><difficult>0</difficult><robndbox><cx>877.6743</cx><cy>563.5087</cy><w>77.2334</w><h>25.8098</h><angle>1.493031</angle></robndbox></object><object><type>robndbox</type><name>wheat_head</name><pose>Unspecified</pose><truncated>0</truncated><difficult>0</difficult><robndbox><cx>901.5692</cx><cy>671.7396</cy><w>212.7275</w><h>39.2773</h><angle>0.982794</angle></robndbox></object><object><type>robndbox</type><name>wheat_head</name><pose>Unspecified</pose><truncated>0</truncated><difficult>0</difficult><robndbox><cx>902.5327</cx><cy>571.3097</cy><w>59.9333</w><h>29.1839</h><angle>1.122073</angle></robndbox></object><object><type>robndbox</type><name>wheat_head</name><pose>Unspecified</pose><truncated>0</truncated><difficult>0</difficult><robndbox><cx>776.407</cx><cy>500.3862</cy><w>90.9065</w><h>38.7483</h><angle>2.262718</angle></robndbox></object><object><type>robndbox</type><name>wheat_head</name><pose>Unspecified</pose><truncated>0</truncated><difficult>0</difficult><robndbox><cx>758.2736</cx><cy>453.0959</cy><w>124.908</w><h>35.1905</h><angle>1.060587</angle></robndbox></object><object><type>robndbox</type><name>wheat_head</name><pose>Unspecified</pose><truncated>0</truncated><difficult>0</difficult><robndbox><cx>815.9391</cx><cy>426.2838</cy><w>78.8733</w><h>35.0816</h><angle>2.257418</angle></robndbox></object><object><type>robndbox</type><name>wheat_head</name><pose>Unspecified</pose><truncated>0</truncated><difficult>0</difficult><robndbox><cx>745.8624</cx><cy>400.1126</cy><w>70.2638</w><h>32.2155</h><angle>1.145347</angle></robndbox></object></annotation>