<annotation verified="no"><folder>images</folder><filename>1946be26b</filename><path>/home/badhon/Documents/thesis/final_dataset/ethz_1/images/1946be26b.jpg</path><source><database>Unknown</database></source><size><width>1024</width><height>1024</height><depth>3</depth></size><segmented>0</segmented><object><type>robndbox</type><name>wheat_head</name><pose>Unspecified</pose><truncated>0</truncated><difficult>0</difficult><robndbox><cx>628.6263</cx><cy>402.6956</cy><w>92.1446</w><h>33.8952</h><angle>1.235416</angle></robndbox></object><object><type>robndbox</type><name>wheat_head</name><pose>Unspecified</pose><truncated>0</truncated><difficult>0</difficult><robndbox><cx>704.7804</cx><cy>423.5811</cy><w>77.2061</w><h>32.7949</h><angle>0.968328</angle></robndbox></object><object><type>robndbox</type><name>wheat_head</name><pose>Unspecified</pose><truncated>0</truncated><difficult>0</difficult><robndbox><cx>579.0229</cx><cy>233.9201</cy><w>94.0822</w><h>30.553</h><angle>1.058625</angle></robndbox></object><object><type>robndbox</type><name>wheat_head</name><pose>Unspecified</pose><truncated>0</truncated><difficult>0</difficult><robndbox><cx>152.2167</cx><cy>680.2789</cy><w>124.4238</w><h>32.3135</h><angle>0.334297</angle></robndbox></object><object><type>robndbox</type><name>wheat_head</name><pose>Unspecified</pose><truncated>0</truncated><difficult>0</difficult><robndbox><cx>133.8452</cx><cy>524.9203</cy><w>114.5269</w><h>38.6209</h><angle>0.912189</angle></robndbox></object><object><type>robndbox</type><name>wheat_head</name><pose>Unspecified</pose><truncated>0</truncated><difficult>0</difficult><robndbox><cx>215.3654</cx><cy>438.3857</cy><w>80.9058</w><h>36.5943</h><angle>0.844467</angle></robndbox></object><object><type>robndbox</type><name>wheat_head</name><pose>Unspecified</pose><truncated>0</truncated><difficult>0</difficult><robndbox><cx>219.3958</cx><cy>218.2643</cy><w>95.6416</w><h>37.7167</h><angle>0.843093</angle></robndbox></object><object><type>robndbox</type><name>wheat_head</name><pose>Unspecified</pose><truncated>0</truncated><difficult>0</difficult><robndbox><cx>924.3763</cx><cy>332.3045</cy><w>98.4139</w><h>37.7636</h><angle>0.740552</angle></robndbox></object><object><type>robndbox</type><name>wheat_head</name><pose>Unspecified</pose><truncated>0</truncated><difficult>0</difficult><robndbox><cx>899.7599</cx><cy>469.9653</cy><w>111.289</w><h>39.4251</h><angle>0.934845</angle></robndbox></object><object><type>robndbox</type><name>wheat_head</name><pose>Unspecified</pose><truncated>0</truncated><difficult>0</difficult><robndbox><cx>266.7857</cx><cy>776.9286</cy><w>99.8343</w><h>27.1866</h><angle>0.698159</angle></robndbox></object><object><type>robndbox</type><name>wheat_head</name><pose>Unspecified</pose><truncated>0</truncated><difficult>0</difficult><robndbox><cx>745.5991</cx><cy>357.8404</cy><w>87.7173</w><h>36.351</h><angle>0.568842</angle></robndbox></object><object><type>robndbox</type><name>wheat_head</name><pose>Unspecified</pose><truncated>0</truncated><difficult>0</difficult><robndbox><cx>21.8595</cx><cy>925.0306</cy><w>57.7407</w><h>30.7087</h><angle>1.053292</angle></robndbox></object><object><type>robndbox</type><name>wheat_head</name><pose>Unspecified</pose><truncated>0</truncated><difficult>0</difficult><robndbox><cx>374.5856</cx><cy>212.434</cy><w>82.6963</w><h>40.1722</h><angle>0.354042</angle></robndbox></object><object><type>robndbox</type><name>wheat_head</name><pose>Unspecified</pose><truncated>0</truncated><difficult>0</difficult><robndbox><cx>672.0518</cx><cy>236.4719</cy><w>111.1283</w><h>39.359</h><angle>0.449141</angle></robndbox></object><object><type>robndbox</type><name>wheat_head</name><pose>Unspecified</pose><truncated>0</truncated><difficult>0</difficult><robndbox><cx>509.1058</cx><cy>23.4435</cy><w>75.5745</w><h>38.0702</h><angle>0.629871</angle></robndbox></object><object><type>robndbox</type><name>wheat_head</name><pose>Unspecified</pose><truncated>0</truncated><difficult>0</difficult><robndbox><cx>51.2671</cx><cy>760.6141</cy><w>78.6229</w><h>28.0379</h><angle>0.705417</angle></robndbox></object><object><type>robndbox</type><name>wheat_head</name><pose>Unspecified</pose><truncated>0</truncated><difficult>0</difficult><robndbox><cx>892.6975</cx><cy>245.7308</cy><w>81.3601</w><h>40.149</h><angle>0.720425</angle></robndbox></object><object><type>robndbox</type><name>wheat_head</name><pose>Unspecified</pose><truncated>0</truncated><difficult>0</difficult><robndbox><cx>579.2601</cx><cy>883.8694</cy><w>85.443</w><h>35.8201</h><angle>0.549904</angle></robndbox></object><object><type>robndbox</type><name>wheat_head</name><pose>Unspecified</pose><truncated>0</truncated><difficult>0</difficult><robndbox><cx>658.8828</cx><cy>42.0137</cy><w>74.9734</w><h>39.935</h><angle>0.658363</angle></robndbox></object><object><type>robndbox</type><name>wheat_head</name><pose>Unspecified</pose><truncated>0</truncated><difficult>0</difficult><robndbox><cx>465.8571</cx><cy>896.7916</cy><w>103.2654</w><h>36.2973</h><angle>0.284389</angle></robndbox></object><object><type>robndbox</type><name>wheat_head</name><pose>Unspecified</pose><truncated>0</truncated><difficult>0</difficult><robndbox><cx>236.8434</cx><cy>783.0446</cy><w>99.3654</w><h>29.556</h><angle>0.698159</angle></robndbox></object><object><type>robndbox</type><name>wheat_head</name><pose>Unspecified</pose><truncated>0</truncated><difficult>0</difficult><robndbox><cx>181.9071</cx><cy>331.1117</cy><w>101.5572</w><h>37.615</h><angle>0.695787</angle></robndbox></object><object><type>robndbox</type><name>wheat_head</name><pose>Unspecified</pose><truncated>0</truncated><difficult>0</difficult><robndbox><cx>163.7864</cx><cy>927.4883</cy><w>84.6161</w><h>38.6429</h><angle>0.315135</angle></robndbox></object><object><type>robndbox</type><name>wheat_head</name><pose>Unspecified</pose><truncated>0</truncated><difficult>0</difficult><robndbox><cx>687.8841</cx><cy>886.0001</cy><w>75.8191</w><h>31.1674</h><angle>1.129885</angle></robndbox></object><object><type>robndbox</type><name>wheat_head</name><pose>Unspecified</pose><truncated>0</truncated><difficult>0</difficult><robndbox><cx>238.7711</cx><cy>517.9451</cy><w>71.9136</w><h>30.3375</h><angle>1.192622</angle></robndbox></object><object><type>robndbox</type><name>wheat_head</name><pose>Unspecified</pose><truncated>0</truncated><difficult>0</difficult><robndbox><cx>881.5285</cx><cy>373.6184</cy><w>71.7173</w><h>32.7388</h><angle>1.27982</angle></robndbox></object><object><type>robndbox</type><name>wheat_head</name><pose>Unspecified</pose><truncated>0</truncated><difficult>0</difficult><robndbox><cx>374.5856</cx><cy>212.434</cy><w>82.6963</w><h>40.1722</h><angle>0.354042</angle></robndbox></object><object><type>robndbox</type><name>wheat_head</name><pose>Unspecified</pose><truncated>0</truncated><difficult>0</difficult><robndbox><cx>972.6762</cx><cy>608.5738</cy><w>75.3154</w><h>34.9713</h><angle>0.544232</angle></robndbox></object><object><type>robndbox</type><name>wheat_head</name><pose>Unspecified</pose><truncated>0</truncated><difficult>0</difficult><robndbox><cx>599.7258</cx><cy>533.9413</cy><w>79.7706</w><h>31.6645</h><angle>1.78546</angle></robndbox></object><object><type>robndbox</type><name>wheat_head</name><pose>Unspecified</pose><truncated>0</truncated><difficult>0</difficult><robndbox><cx>225.3913</cx><cy>9.7996</cy><w>53.3851</w><h>26.1419</h><angle>0.180663</angle></robndbox></object><object><type>robndbox</type><name>wheat_head</name><pose>Unspecified</pose><truncated>0</truncated><difficult>0</difficult><robndbox><cx>831.0875</cx><cy>109.8011</cy><w>95.0424</w><h>35.796</h><angle>0.720573</angle></robndbox></object><object><type>robndbox</type><name>wheat_head</name><pose>Unspecified</pose><truncated>0</truncated><difficult>0</difficult><robndbox><cx>885.3858</cx><cy>101.73</cy><w>67.9197</w><h>34.6848</h><angle>0.902406</angle></robndbox></object><object><type>robndbox</type><name>wheat_head</name><pose>Unspecified</pose><truncated>0</truncated><difficult>0</difficult><robndbox><cx>787.4749</cx><cy>997.8534</cy><w>52.1625</w><h>35.4557</h><angle>0.457482</angle></robndbox></object><object><type>robndbox</type><name>wheat_head</name><pose>Unspecified</pose><truncated>0</truncated><difficult>0</difficult><robndbox><cx>371.4919</cx><cy>294.0532</cy><w>120.3917</w><h>45.6037</h><angle>0.158057</angle></robndbox></object><object><type>robndbox</type><name>wheat_head</name><pose>Unspecified</pose><truncated>0</truncated><difficult>0</difficult><robndbox><cx>366.4282</cx><cy>386.7558</cy><w>65.1518</w><h>41.0389</h><angle>0.652102</angle></robndbox></object><object><type>robndbox</type><name>wheat_head</name><pose>Unspecified</pose><truncated>0</truncated><difficult>0</difficult><robndbox><cx>162.3381</cx><cy>844.8401</cy><w>44.2446</w><h>25.4737</h><angle>1.130718</angle></robndbox></object><object><type>robndbox</type><name>wheat_head</name><pose>Unspecified</pose><truncated>0</truncated><difficult>0</difficult><robndbox><cx>358.4263</cx><cy>38.5012</cy><w>77.7888</w><h>37.196</h><angle>0.984335</angle></robndbox></object><object><type>robndbox</type><name>wheat_head</name><pose>Unspecified</pose><truncated>0</truncated><difficult>0</difficult><robndbox><cx>630.2149</cx><cy>626.5884</cy><w>95.866</w><h>38.0106</h><angle>0.421427</angle></robndbox></object><object><type>robndbox</type><name>wheat_head</name><pose>Unspecified</pose><truncated>0</truncated><difficult>0</difficult><robndbox><cx>484.7162</cx><cy>577.7142</cy><w>90.2809</w><h>34.737</h><angle>0.498312</angle></robndbox></object><object><type>robndbox</type><name>wheat_head</name><pose>Unspecified</pose><truncated>0</truncated><difficult>0</difficult><robndbox><cx>282.3295</cx><cy>570.8497</cy><w>86.6429</w><h>35.9868</h><angle>0.742383</angle></robndbox></object><object><type>robndbox</type><name>wheat_head</name><pose>Unspecified</pose><truncated>0</truncated><difficult>0</difficult><robndbox><cx>729.1865</cx><cy>298.8753</cy><w>84.2133</w><h>22.6001</h><angle>1.038732</angle></robndbox></object><object><type>robndbox</type><name>wheat_head</name><pose>Unspecified</pose><truncated>0</truncated><difficult>0</difficult><robndbox><cx>103.0542</cx><cy>872.5146</cy><w>130.5016</w><h>41.7909</h><angle>0.685006</angle></robndbox></object><object><type>robndbox</type><name>wheat_head</name><pose>Unspecified</pose><truncated>0</truncated><difficult>0</difficult><robndbox><cx>683.5148</cx><cy>591.4574</cy><w>97.6974</w><h>32.5656</h><angle>0.781494</angle></robndbox></object><object><type>robndbox</type><name>wheat_head</name><pose>Unspecified</pose><truncated>0</truncated><difficult>0</difficult><robndbox><cx>826.1254</cx><cy>644.1733</cy><w>67.3681</w><h>33.865</h><angle>0.547568</angle></robndbox></object><object><type>robndbox</type><name>wheat_head</name><pose>Unspecified</pose><truncated>0</truncated><difficult>0</difficult><robndbox><cx>847.5222</cx><cy>534.1664</cy><w>127.5465</w><h>34.4963</h><angle>1.70771</angle></robndbox></object><object><type>robndbox</type><name>wheat_head</name><pose>Unspecified</pose><truncated>0</truncated><difficult>0</difficult><robndbox><cx>407.557</cx><cy>511.8545</cy><w>127.9693</w><h>40.6652</h><angle>0.725591</angle></robndbox></object><object><type>robndbox</type><name>wheat_head</name><pose>Unspecified</pose><truncated>0</truncated><difficult>0</difficult><robndbox><cx>999.4018</cx><cy>307.4945</cy><w>53.8505</w><h>28.8071</h><angle>1.419422</angle></robndbox></object><object><type>robndbox</type><name>wheat_head</name><pose>Unspecified</pose><truncated>0</truncated><difficult>0</difficult><robndbox><cx>402.0562</cx><cy>908.586</cy><w>53.9923</w><h>28.0018</h><angle>0.246166</angle></robndbox></object><object><type>robndbox</type><name>wheat_head</name><pose>Unspecified</pose><truncated>0</truncated><difficult>0</difficult><robndbox><cx>895.3214</cx><cy>898.4855</cy><w>198.1076</w><h>36.4561</h><angle>0.923318</angle></robndbox></object><object><type>robndbox</type><name>wheat_head</name><pose>Unspecified</pose><truncated>0</truncated><difficult>0</difficult><robndbox><cx>434.9353</cx><cy>977.4945</cy><w>64.3873</w><h>34.155</h><angle>1.006399</angle></robndbox></object><object><type>robndbox</type><name>wheat_head</name><pose>Unspecified</pose><truncated>0</truncated><difficult>0</difficult><robndbox><cx>162.8815</cx><cy>151.6732</cy><w>79.399</w><h>35.0624</h><angle>0.742303</angle></robndbox></object><object><type>robndbox</type><name>wheat_head</name><pose>Unspecified</pose><truncated>0</truncated><difficult>0</difficult><robndbox><cx>198.4889</cx><cy>883.2866</cy><w>85.145</w><h>34.6196</h><angle>1.130718</angle></robndbox></object><object><type>robndbox</type><name>wheat_head</name><pose>Unspecified</pose><truncated>0</truncated><difficult>0</difficult><robndbox><cx>337.7022</cx><cy>725.3599</cy><w>47.7736</w><h>35.9182</h><angle>0.206603</angle></robndbox></object><object><type>robndbox</type><name>wheat_head</name><pose>Unspecified</pose><truncated>0</truncated><difficult>0</difficult><robndbox><cx>953.6767</cx><cy>1006.648</cy><w>45.6256</w><h>31.6994</h><angle>0.191347</angle></robndbox></object><object><type>robndbox</type><name>wheat_head</name><pose>Unspecified</pose><truncated>0</truncated><difficult>0</difficult><robndbox><cx>587.6653</cx><cy>12.3997</cy><w>34.4391</w><h>28.6737</h><angle>0.988634</angle></robndbox></object><object><type>robndbox</type><name>wheat_head</name><pose>Unspecified</pose><truncated>0</truncated><difficult>0</difficult><robndbox><cx>678.3683</cx><cy>342.0373</cy><w>33.1013</w><h>29.4415</h><angle>0.078163</angle></robndbox></object><object><type>robndbox</type><name>wheat_head</name><pose>Unspecified</pose><truncated>0</truncated><difficult>0</difficult><robndbox><cx>621.0495</cx><cy>845.3271</cy><w>64.6939</w><h>34.8062</h><angle>0.007857</angle></robndbox></object><object><type>robndbox</type><name>wheat_head</name><pose>Unspecified</pose><truncated>0</truncated><difficult>0</difficult><robndbox><cx>529.5194</cx><cy>991.9388</cy><w>56.4896</w><h>38.9111</h><angle>0.176868</angle></robndbox></object><object><type>robndbox</type><name>wheat_head</name><pose>Unspecified</pose><truncated>0</truncated><difficult>0</difficult><robndbox><cx>721.3952</cx><cy>998.1158</cy><w>37.5698</w><h>37.1627</h><angle>1.704793</angle></robndbox></object><object><type>robndbox</type><name>wheat_head</name><pose>Unspecified</pose><truncated>0</truncated><difficult>0</difficult><robndbox><cx>411.9193</cx><cy>933.9276</cy><w>39.9401</w><h>18.7781</h><angle>2.864074</angle></robndbox></object><object><type>robndbox</type><name>wheat_head</name><pose>Unspecified</pose><truncated>0</truncated><difficult>0</difficult><robndbox><cx>1004.1032</cx><cy>714.7098</cy><w>44.4654</w><h>33.1024</h><angle>0.34557</angle></robndbox></object><object><type>robndbox</type><name>wheat_head</name><pose>Unspecified</pose><truncated>0</truncated><difficult>0</difficult><robndbox><cx>552.4219</cx><cy>818.673</cy><w>68.6366</w><h>38.1265</h><angle>0.5086</angle></robndbox></object><object><type>robndbox</type><name>wheat_head</name><pose>Unspecified</pose><truncated>0</truncated><difficult>0</difficult><robndbox><cx>916.9086</cx><cy>11.1965</cy><w>46.7133</w><h>25.8758</h><angle>0.018236</angle></robndbox></object><object><type>robndbox</type><name>wheat_head</name><pose>Unspecified</pose><truncated>0</truncated><difficult>0</difficult><robndbox><cx>250.6121</cx><cy>281.9474</cy><w>62.2522</w><h>31.4993</h><angle>1.168743</angle></robndbox></object><object><type>robndbox</type><name>wheat_head</name><pose>Unspecified</pose><truncated>0</truncated><difficult>0</difficult><robndbox><cx>74.5661</cx><cy>527.1775</cy><w>46.4419</w><h>31.4474</h><angle>0.74739</angle></robndbox></object><object><type>robndbox</type><name>wheat_head</name><pose>Unspecified</pose><truncated>0</truncated><difficult>0</difficult><robndbox><cx>679.0</cx><cy>937.5</cy><w>43.3388</w><h>22.4492</h><angle>0.395094</angle></robndbox></object><object><type>robndbox</type><name>wheat_head</name><pose>Unspecified</pose><truncated>0</truncated><difficult>0</difficult><robndbox><cx>287.8399</cx><cy>1003.0869</cy><w>92.1599</w><h>29.5946</h><angle>0.113323</angle></robndbox></object><object><type>robndbox</type><name>wheat_head</name><pose>Unspecified</pose><truncated>0</truncated><difficult>0</difficult><robndbox><cx>19.2885</cx><cy>766.8994</cy><w>34.0734</w><h>32.1403</h><angle>1.664273</angle></robndbox></object><object><type>robndbox</type><name>wheat_head</name><pose>Unspecified</pose><truncated>0</truncated><difficult>0</difficult><robndbox><cx>701.1054</cx><cy>297.3246</cy><w>64.8845</w><h>24.1159</h><angle>1.141618</angle></robndbox></object></annotation>