<annotation verified="no"><folder>images</folder><filename>19c242397</filename><path>/home/badhon/Documents/thesis/final_dataset/ethz_1/images/19c242397.jpg</path><source><database>Unknown</database></source><size><width>1024</width><height>1024</height><depth>3</depth></size><segmented>0</segmented><object><type>robndbox</type><name>wheat_head</name><pose>Unspecified</pose><truncated>0</truncated><difficult>0</difficult><robndbox><cx>94.3518</cx><cy>677.824</cy><w>94.3978</w><h>38.1625</h><angle>0.668803</angle></robndbox></object><object><type>robndbox</type><name>wheat_head</name><pose>Unspecified</pose><truncated>0</truncated><difficult>0</difficult><robndbox><cx>577.7342</cx><cy>358.2281</cy><w>108.8576</w><h>47.9963</h><angle>1.012818</angle></robndbox></object><object><type>robndbox</type><name>wheat_head</name><pose>Unspecified</pose><truncated>0</truncated><difficult>0</difficult><robndbox><cx>833.953</cx><cy>91.126</cy><w>103.6141</w><h>42.0891</h><angle>0.875229</angle></robndbox></object><object><type>robndbox</type><name>wheat_head</name><pose>Unspecified</pose><truncated>0</truncated><difficult>0</difficult><robndbox><cx>725.7636</cx><cy>339.1894</cy><w>129.1557</w><h>48.0398</h><angle>1.076055</angle></robndbox></object><object><type>robndbox</type><name>wheat_head</name><pose>Unspecified</pose><truncated>0</truncated><difficult>0</difficult><robndbox><cx>658.8122</cx><cy>725.6299</cy><w>101.2538</w><h>41.3745</h><angle>0.944879</angle></robndbox></object><object><type>robndbox</type><name>wheat_head</name><pose>Unspecified</pose><truncated>0</truncated><difficult>0</difficult><robndbox><cx>104.4424</cx><cy>400.9118</cy><w>146.5148</w><h>45.6553</h><angle>0.877593</angle></robndbox></object><object><type>robndbox</type><name>wheat_head</name><pose>Unspecified</pose><truncated>0</truncated><difficult>0</difficult><robndbox><cx>264.3559</cx><cy>441.0288</cy><w>73.6405</w><h>36.9249</h><angle>0.875271</angle></robndbox></object><object><type>robndbox</type><name>wheat_head</name><pose>Unspecified</pose><truncated>0</truncated><difficult>0</difficult><robndbox><cx>573.0327</cx><cy>958.3901</cy><w>115.198</w><h>41.7759</h><angle>0.957358</angle></robndbox></object><object><type>robndbox</type><name>wheat_head</name><pose>Unspecified</pose><truncated>0</truncated><difficult>0</difficult><robndbox><cx>95.4719</cx><cy>746.5156</cy><w>83.9382</w><h>36.0155</h><angle>0.943933</angle></robndbox></object><object><type>robndbox</type><name>wheat_head</name><pose>Unspecified</pose><truncated>0</truncated><difficult>0</difficult><robndbox><cx>624.4692</cx><cy>545.5582</cy><w>97.3309</w><h>43.3107</h><angle>0.732821</angle></robndbox></object><object><type>robndbox</type><name>wheat_head</name><pose>Unspecified</pose><truncated>0</truncated><difficult>0</difficult><robndbox><cx>440.2519</cx><cy>953.1823</cy><w>119.7233</w><h>35.6465</h><angle>0.687233</angle></robndbox></object><object><type>robndbox</type><name>wheat_head</name><pose>Unspecified</pose><truncated>0</truncated><difficult>0</difficult><robndbox><cx>987.9009</cx><cy>88.1235</cy><w>69.4964</w><h>43.1569</h><angle>0.44115</angle></robndbox></object><object><type>robndbox</type><name>wheat_head</name><pose>Unspecified</pose><truncated>0</truncated><difficult>0</difficult><robndbox><cx>159.0764</cx><cy>210.6608</cy><w>90.1138</w><h>41.8336</h><angle>0.87486</angle></robndbox></object><object><type>robndbox</type><name>wheat_head</name><pose>Unspecified</pose><truncated>0</truncated><difficult>0</difficult><robndbox><cx>777.9583</cx><cy>783.8406</cy><w>76.5853</w><h>41.7112</h><angle>0.89119</angle></robndbox></object><object><type>robndbox</type><name>wheat_head</name><pose>Unspecified</pose><truncated>0</truncated><difficult>0</difficult><robndbox><cx>601.0956</cx><cy>854.1543</cy><w>106.0035</w><h>42.1682</h><angle>0.466782</angle></robndbox></object><object><type>robndbox</type><name>wheat_head</name><pose>Unspecified</pose><truncated>0</truncated><difficult>0</difficult><robndbox><cx>72.677</cx><cy>205.9967</cy><w>119.1026</w><h>37.0078</h><angle>0.58179</angle></robndbox></object><object><type>robndbox</type><name>wheat_head</name><pose>Unspecified</pose><truncated>0</truncated><difficult>0</difficult><robndbox><cx>495.8835</cx><cy>910.5872</cy><w>82.955</w><h>35.9823</h><angle>0.638134</angle></robndbox></object><object><type>robndbox</type><name>wheat_head</name><pose>Unspecified</pose><truncated>0</truncated><difficult>0</difficult><robndbox><cx>306.213</cx><cy>971.8044</cy><w>125.7769</w><h>42.0279</h><angle>0.670977</angle></robndbox></object><object><type>robndbox</type><name>wheat_head</name><pose>Unspecified</pose><truncated>0</truncated><difficult>0</difficult><robndbox><cx>407.6769</cx><cy>416.9957</cy><w>111.0623</w><h>46.2872</h><angle>0.69718</angle></robndbox></object><object><type>robndbox</type><name>wheat_head</name><pose>Unspecified</pose><truncated>0</truncated><difficult>0</difficult><robndbox><cx>938.4312</cx><cy>257.9265</cy><w>89.0612</w><h>36.0504</h><angle>0.736996</angle></robndbox></object><object><type>robndbox</type><name>wheat_head</name><pose>Unspecified</pose><truncated>0</truncated><difficult>0</difficult><robndbox><cx>805.576</cx><cy>184.7338</cy><w>107.8754</w><h>49.4584</h><angle>1.008934</angle></robndbox></object><object><type>robndbox</type><name>wheat_head</name><pose>Unspecified</pose><truncated>0</truncated><difficult>0</difficult><robndbox><cx>124.5091</cx><cy>491.0364</cy><w>74.4596</w><h>36.4422</h><angle>0.704098</angle></robndbox></object><object><type>robndbox</type><name>wheat_head</name><pose>Unspecified</pose><truncated>0</truncated><difficult>0</difficult><robndbox><cx>855.104</cx><cy>993.8218</cy><w>63.7059</w><h>40.5704</h><angle>0.570174</angle></robndbox></object><object><type>robndbox</type><name>wheat_head</name><pose>Unspecified</pose><truncated>0</truncated><difficult>0</difficult><robndbox><cx>355.4102</cx><cy>304.2456</cy><w>121.339</w><h>40.1249</h><angle>0.861041</angle></robndbox></object><object><type>robndbox</type><name>wheat_head</name><pose>Unspecified</pose><truncated>0</truncated><difficult>0</difficult><robndbox><cx>374.6466</cx><cy>924.0603</cy><w>61.8142</w><h>39.1501</h><angle>1.090582</angle></robndbox></object><object><type>robndbox</type><name>wheat_head</name><pose>Unspecified</pose><truncated>0</truncated><difficult>0</difficult><robndbox><cx>350.6527</cx><cy>166.0206</cy><w>129.3173</w><h>39.8052</h><angle>0.692396</angle></robndbox></object><object><type>robndbox</type><name>wheat_head</name><pose>Unspecified</pose><truncated>0</truncated><difficult>0</difficult><robndbox><cx>868.9363</cx><cy>321.6761</cy><w>83.6931</w><h>30.8061</h><angle>0.968417</angle></robndbox></object><object><type>robndbox</type><name>wheat_head</name><pose>Unspecified</pose><truncated>0</truncated><difficult>0</difficult><robndbox><cx>260.949</cx><cy>796.6655</cy><w>43.7113</w><h>27.7621</h><angle>0.508301</angle></robndbox></object><object><type>robndbox</type><name>wheat_head</name><pose>Unspecified</pose><truncated>0</truncated><difficult>0</difficult><robndbox><cx>876.5298</cx><cy>563.936</cy><w>32.1459</w><h>30.3268</h><angle>1.533257</angle></robndbox></object><object><type>robndbox</type><name>wheat_head</name><pose>Unspecified</pose><truncated>0</truncated><difficult>0</difficult><robndbox><cx>742.3881</cx><cy>949.6341</cy><w>143.5581</w><h>42.7601</h><angle>0.8799</angle></robndbox></object><object><type>robndbox</type><name>wheat_head</name><pose>Unspecified</pose><truncated>0</truncated><difficult>0</difficult><robndbox><cx>140.3415</cx><cy>288.7734</cy><w>95.0728</w><h>33.1767</h><angle>0.975031</angle></robndbox></object><object><type>robndbox</type><name>wheat_head</name><pose>Unspecified</pose><truncated>0</truncated><difficult>0</difficult><robndbox><cx>838.876</cx><cy>443.6984</cy><w>128.0013</w><h>40.7115</h><angle>0.614174</angle></robndbox></object><object><type>robndbox</type><name>wheat_head</name><pose>Unspecified</pose><truncated>0</truncated><difficult>0</difficult><robndbox><cx>613.3169</cx><cy>130.157</cy><w>67.5951</w><h>26.2987</h><angle>0.617252</angle></robndbox></object><object><type>robndbox</type><name>wheat_head</name><pose>Unspecified</pose><truncated>0</truncated><difficult>0</difficult><robndbox><cx>421.1467</cx><cy>999.9482</cy><w>48.0883</w><h>32.5697</h><angle>0.396758</angle></robndbox></object><object><type>robndbox</type><name>wheat_head</name><pose>Unspecified</pose><truncated>0</truncated><difficult>0</difficult><robndbox><cx>196.5721</cx><cy>734.4516</cy><w>90.4846</w><h>41.784</h><angle>0.612824</angle></robndbox></object><object><type>robndbox</type><name>wheat_head</name><pose>Unspecified</pose><truncated>0</truncated><difficult>0</difficult><robndbox><cx>477.6368</cx><cy>371.0687</cy><w>65.4329</w><h>41.1115</h><angle>0.983815</angle></robndbox></object><object><type>robndbox</type><name>wheat_head</name><pose>Unspecified</pose><truncated>0</truncated><difficult>0</difficult><robndbox><cx>605.8072</cx><cy>66.4817</cy><w>142.143</w><h>37.2078</h><angle>0.772393</angle></robndbox></object><object><type>robndbox</type><name>wheat_head</name><pose>Unspecified</pose><truncated>0</truncated><difficult>0</difficult><robndbox><cx>1004.6721</cx><cy>331.0663</cy><w>54.6055</w><h>30.1493</h><angle>1.387903</angle></robndbox></object><object><type>robndbox</type><name>wheat_head</name><pose>Unspecified</pose><truncated>0</truncated><difficult>0</difficult><robndbox><cx>210.8443</cx><cy>160.8372</cy><w>89.6387</w><h>37.3659</h><angle>0.902277</angle></robndbox></object><object><type>robndbox</type><name>wheat_head</name><pose>Unspecified</pose><truncated>0</truncated><difficult>0</difficult><robndbox><cx>35.4497</cx><cy>746.4791</cy><w>54.1008</w><h>46.4351</h><angle>0.157788</angle></robndbox></object><object><type>robndbox</type><name>wheat_head</name><pose>Unspecified</pose><truncated>0</truncated><difficult>0</difficult><robndbox><cx>497.336</cx><cy>480.9982</cy><w>87.3298</w><h>44.5679</h><angle>0.302753</angle></robndbox></object><object><type>robndbox</type><name>wheat_head</name><pose>Unspecified</pose><truncated>0</truncated><difficult>0</difficult><robndbox><cx>533.6121</cx><cy>759.9432</cy><w>62.1753</w><h>35.8453</h><angle>0.445436</angle></robndbox></object><object><type>robndbox</type><name>wheat_head</name><pose>Unspecified</pose><truncated>0</truncated><difficult>0</difficult><robndbox><cx>329.3996</cx><cy>814.6671</cy><w>71.1406</w><h>29.8337</h><angle>0.208301</angle></robndbox></object><object><type>robndbox</type><name>wheat_head</name><pose>Unspecified</pose><truncated>0</truncated><difficult>0</difficult><robndbox><cx>520.1088</cx><cy>204.6742</cy><w>69.3768</w><h>37.183</h><angle>2.715134</angle></robndbox></object><object><type>robndbox</type><name>wheat_head</name><pose>Unspecified</pose><truncated>0</truncated><difficult>0</difficult><robndbox><cx>808.1089</cx><cy>345.0107</cy><w>80.8301</w><h>40.1308</h><angle>1.044749</angle></robndbox></object><object><type>robndbox</type><name>wheat_head</name><pose>Unspecified</pose><truncated>0</truncated><difficult>0</difficult><robndbox><cx>19.2005</cx><cy>996.0223</cy><w>40.0126</w><h>39.1443</h><angle>0.380205</angle></robndbox></object><object><type>robndbox</type><name>wheat_head</name><pose>Unspecified</pose><truncated>0</truncated><difficult>0</difficult><robndbox><cx>154.3745</cx><cy>802.9003</cy><w>69.7003</w><h>41.1377</h><angle>1.578665</angle></robndbox></object><object><type>robndbox</type><name>wheat_head</name><pose>Unspecified</pose><truncated>0</truncated><difficult>0</difficult><robndbox><cx>156.1999</cx><cy>355.576</cy><w>98.3559</w><h>31.1312</h><angle>1.075031</angle></robndbox></object><object><type>robndbox</type><name>wheat_head</name><pose>Unspecified</pose><truncated>0</truncated><difficult>0</difficult><robndbox><cx>991.6466</cx><cy>642.2094</cy><w>85.6598</w><h>40.004</h><angle>0.981997</angle></robndbox></object><object><type>robndbox</type><name>wheat_head</name><pose>Unspecified</pose><truncated>0</truncated><difficult>0</difficult><robndbox><cx>921.7073</cx><cy>436.7181</cy><w>116.9836</w><h>43.2363</h><angle>0.437253</angle></robndbox></object><object><type>robndbox</type><name>wheat_head</name><pose>Unspecified</pose><truncated>0</truncated><difficult>0</difficult><robndbox><cx>115.8843</cx><cy>61.207</cy><w>150.8699</w><h>40.8868</h><angle>0.290919</angle></robndbox></object><object><type>robndbox</type><name>wheat_head</name><pose>Unspecified</pose><truncated>0</truncated><difficult>0</difficult><robndbox><cx>991.2787</cx><cy>990.8288</cy><w>49.726</w><h>42.1845</h><angle>0.360333</angle></robndbox></object><object><type>robndbox</type><name>wheat_head</name><pose>Unspecified</pose><truncated>0</truncated><difficult>0</difficult><robndbox><cx>504.3671</cx><cy>178.1506</cy><w>31.813</w><h>23.0241</h><angle>1.250509</angle></robndbox></object><object><type>robndbox</type><name>wheat_head</name><pose>Unspecified</pose><truncated>0</truncated><difficult>0</difficult><robndbox><cx>605.8072</cx><cy>66.4817</cy><w>142.143</w><h>37.2078</h><angle>0.772393</angle></robndbox></object><object><type>robndbox</type><name>wheat_head</name><pose>Unspecified</pose><truncated>0</truncated><difficult>0</difficult><robndbox><cx>711.6091</cx><cy>867.8703</cy><w>87.9343</w><h>40.5905</h><angle>0.136094</angle></robndbox></object><object><type>robndbox</type><name>wheat_head</name><pose>Unspecified</pose><truncated>0</truncated><difficult>0</difficult><robndbox><cx>520.4872</cx><cy>260.2018</cy><w>93.0502</w><h>31.9642</h><angle>1.485571</angle></robndbox></object><object><type>robndbox</type><name>wheat_head</name><pose>Unspecified</pose><truncated>0</truncated><difficult>0</difficult><robndbox><cx>166.2108</cx><cy>871.2568</cy><w>50.6977</w><h>31.8567</h><angle>0.642826</angle></robndbox></object><object><type>robndbox</type><name>wheat_head</name><pose>Unspecified</pose><truncated>0</truncated><difficult>0</difficult><robndbox><cx>663.8374</cx><cy>255.5386</cy><w>76.4843</w><h>37.213</h><angle>0.835748</angle></robndbox></object><object><type>robndbox</type><name>wheat_head</name><pose>Unspecified</pose><truncated>0</truncated><difficult>0</difficult><robndbox><cx>908.4583</cx><cy>292.0854</cy><w>166.1956</w><h>35.2107</h><angle>0.671878</angle></robndbox></object><object><type>robndbox</type><name>wheat_head</name><pose>Unspecified</pose><truncated>0</truncated><difficult>0</difficult><robndbox><cx>277.7412</cx><cy>874.1236</cy><w>55.5521</w><h>33.0424</h><angle>0.418364</angle></robndbox></object><object><type>robndbox</type><name>wheat_head</name><pose>Unspecified</pose><truncated>0</truncated><difficult>0</difficult><robndbox><cx>851.0211</cx><cy>386.0225</cy><w>50.4039</w><h>26.4839</h><angle>0.603716</angle></robndbox></object><object><type>robndbox</type><name>wheat_head</name><pose>Unspecified</pose><truncated>0</truncated><difficult>0</difficult><robndbox><cx>541.6938</cx><cy>533.7328</cy><w>54.1416</w><h>31.6609</h><angle>0.946032</angle></robndbox></object><object><type>robndbox</type><name>wheat_head</name><pose>Unspecified</pose><truncated>0</truncated><difficult>0</difficult><robndbox><cx>285.5735</cx><cy>99.6314</cy><w>53.9837</w><h>28.508</h><angle>0.918474</angle></robndbox></object><object><type>robndbox</type><name>wheat_head</name><pose>Unspecified</pose><truncated>0</truncated><difficult>0</difficult><robndbox><cx>264.4974</cx><cy>174.9292</cy><w>131.432</w><h>40.7586</h><angle>0.502277</angle></robndbox></object><object><type>robndbox</type><name>wheat_head</name><pose>Unspecified</pose><truncated>0</truncated><difficult>0</difficult><robndbox><cx>104.3192</cx><cy>21.0261</cy><w>55.7584</w><h>30.7003</h><angle>0.568105</angle></robndbox></object></annotation>