<annotation verified="no"><folder>images</folder><filename>1aa099fd7</filename><path>/home/badhon/Documents/thesis/final_dataset/ethz_1/images/1aa099fd7.jpg</path><source><database>Unknown</database></source><size><width>1024</width><height>1024</height><depth>3</depth></size><segmented>0</segmented><object><type>robndbox</type><name>wheat_head</name><pose>Unspecified</pose><truncated>0</truncated><difficult>0</difficult><robndbox><cx>235.0611</cx><cy>454.181</cy><w>74.6898</w><h>37.2814</h><angle>1.037864</angle></robndbox></object><object><type>robndbox</type><name>wheat_head</name><pose>Unspecified</pose><truncated>0</truncated><difficult>0</difficult><robndbox><cx>16.0</cx><cy>203.5</cy><w>37.3403</w><h>16.4438</h><angle>2.600181</angle></robndbox></object><object><type>robndbox</type><name>wheat_head</name><pose>Unspecified</pose><truncated>0</truncated><difficult>0</difficult><robndbox><cx>547.2926</cx><cy>191.0006</cy><w>93.9999</w><h>34.683</h><angle>0.980425</angle></robndbox></object><object><type>robndbox</type><name>wheat_head</name><pose>Unspecified</pose><truncated>0</truncated><difficult>0</difficult><robndbox><cx>214.5283</cx><cy>297.5976</cy><w>100.6727</w><h>39.5236</h><angle>0.368976</angle></robndbox></object><object><type>robndbox</type><name>wheat_head</name><pose>Unspecified</pose><truncated>0</truncated><difficult>0</difficult><robndbox><cx>75.6334</cx><cy>168.2052</cy><w>82.4986</w><h>34.8798</h><angle>0.938683</angle></robndbox></object><object><type>robndbox</type><name>wheat_head</name><pose>Unspecified</pose><truncated>0</truncated><difficult>0</difficult><robndbox><cx>179.5951</cx><cy>209.8697</cy><w>80.3543</w><h>33.0699</h><angle>0.55255</angle></robndbox></object><object><type>robndbox</type><name>wheat_head</name><pose>Unspecified</pose><truncated>0</truncated><difficult>0</difficult><robndbox><cx>937.8024</cx><cy>885.1271</cy><w>70.0001</w><h>34.3529</h><angle>0.813264</angle></robndbox></object><object><type>robndbox</type><name>wheat_head</name><pose>Unspecified</pose><truncated>0</truncated><difficult>0</difficult><robndbox><cx>742.2238</cx><cy>371.4579</cy><w>109.8172</w><h>34.3049</h><angle>0.643477</angle></robndbox></object><object><type>robndbox</type><name>wheat_head</name><pose>Unspecified</pose><truncated>0</truncated><difficult>0</difficult><robndbox><cx>715.4271</cx><cy>905.6141</cy><w>76.6227</w><h>38.609</h><angle>0.884117</angle></robndbox></object><object><type>robndbox</type><name>wheat_head</name><pose>Unspecified</pose><truncated>0</truncated><difficult>0</difficult><robndbox><cx>436.1529</cx><cy>464.5919</cy><w>76.3994</w><h>37.0724</h><angle>0.569655</angle></robndbox></object><object><type>robndbox</type><name>wheat_head</name><pose>Unspecified</pose><truncated>0</truncated><difficult>0</difficult><robndbox><cx>227.4411</cx><cy>135.5171</cy><w>65.296</w><h>25.5386</h><angle>1.354116</angle></robndbox></object><object><type>robndbox</type><name>wheat_head</name><pose>Unspecified</pose><truncated>0</truncated><difficult>0</difficult><robndbox><cx>40.2599</cx><cy>936.587</cy><w>83.7421</w><h>41.9234</h><angle>0.305445</angle></robndbox></object><object><type>robndbox</type><name>wheat_head</name><pose>Unspecified</pose><truncated>0</truncated><difficult>0</difficult><robndbox><cx>800.8713</cx><cy>724.3762</cy><w>97.0842</w><h>38.8959</h><angle>1.029837</angle></robndbox></object><object><type>robndbox</type><name>wheat_head</name><pose>Unspecified</pose><truncated>0</truncated><difficult>0</difficult><robndbox><cx>413.0185</cx><cy>679.9575</cy><w>33.5154</w><h>27.0937</h><angle>3.018055</angle></robndbox></object><object><type>robndbox</type><name>wheat_head</name><pose>Unspecified</pose><truncated>0</truncated><difficult>0</difficult><robndbox><cx>183.2573</cx><cy>975.3003</cy><w>69.2346</w><h>33.1926</h><angle>0.629847</angle></robndbox></object><object><type>robndbox</type><name>wheat_head</name><pose>Unspecified</pose><truncated>0</truncated><difficult>0</difficult><robndbox><cx>950.1644</cx><cy>472.5674</cy><w>66.3867</w><h>34.8278</h><angle>1.249267</angle></robndbox></object><object><type>robndbox</type><name>wheat_head</name><pose>Unspecified</pose><truncated>0</truncated><difficult>0</difficult><robndbox><cx>958.9092</cx><cy>85.0413</cy><w>40.157</w><h>31.6722</h><angle>1.111768</angle></robndbox></object><object><type>robndbox</type><name>wheat_head</name><pose>Unspecified</pose><truncated>0</truncated><difficult>0</difficult><robndbox><cx>531.8329</cx><cy>392.573</cy><w>94.9936</w><h>34.9141</h><angle>1.189675</angle></robndbox></object><object><type>robndbox</type><name>wheat_head</name><pose>Unspecified</pose><truncated>0</truncated><difficult>0</difficult><robndbox><cx>490.4269</cx><cy>419.1542</cy><w>70.6811</w><h>37.5463</h><angle>0.896311</angle></robndbox></object><object><type>robndbox</type><name>wheat_head</name><pose>Unspecified</pose><truncated>0</truncated><difficult>0</difficult><robndbox><cx>27.6498</cx><cy>177.31</cy><w>62.9866</w><h>32.7386</h><angle>0.723399</angle></robndbox></object><object><type>robndbox</type><name>wheat_head</name><pose>Unspecified</pose><truncated>0</truncated><difficult>0</difficult><robndbox><cx>15.6274</cx><cy>307.2744</cy><w>35.6589</w><h>30.0749</h><angle>1.389272</angle></robndbox></object><object><type>robndbox</type><name>wheat_head</name><pose>Unspecified</pose><truncated>0</truncated><difficult>0</difficult><robndbox><cx>342.0439</cx><cy>699.1381</cy><w>84.5475</w><h>36.2793</h><angle>0.329445</angle></robndbox></object><object><type>robndbox</type><name>wheat_head</name><pose>Unspecified</pose><truncated>0</truncated><difficult>0</difficult><robndbox><cx>289.7089</cx><cy>50.9001</cy><w>53.8351</w><h>31.94</h><angle>0.49572</angle></robndbox></object><object><type>robndbox</type><name>wheat_head</name><pose>Unspecified</pose><truncated>0</truncated><difficult>0</difficult><robndbox><cx>986.0439</cx><cy>644.5118</cy><w>61.0263</w><h>31.2758</h><angle>0.125044</angle></robndbox></object><object><type>robndbox</type><name>wheat_head</name><pose>Unspecified</pose><truncated>0</truncated><difficult>0</difficult><robndbox><cx>635.3265</cx><cy>417.3053</cy><w>73.3094</w><h>37.9229</h><angle>0.956157</angle></robndbox></object><object><type>robndbox</type><name>wheat_head</name><pose>Unspecified</pose><truncated>0</truncated><difficult>0</difficult><robndbox><cx>19.5</cx><cy>655.0</cy><w>62.1337</w><h>24.6099</h><angle>2.14999</angle></robndbox></object><object><type>robndbox</type><name>wheat_head</name><pose>Unspecified</pose><truncated>0</truncated><difficult>0</difficult><robndbox><cx>841.8536</cx><cy>966.1584</cy><w>61.0409</w><h>35.0037</h><angle>0.516679</angle></robndbox></object><object><type>robndbox</type><name>wheat_head</name><pose>Unspecified</pose><truncated>0</truncated><difficult>0</difficult><robndbox><cx>401.4366</cx><cy>249.8284</cy><w>57.4243</w><h>41.7106</h><angle>0.996194</angle></robndbox></object><object><type>robndbox</type><name>wheat_head</name><pose>Unspecified</pose><truncated>0</truncated><difficult>0</difficult><robndbox><cx>431.544</cx><cy>184.9844</cy><w>82.3595</w><h>38.4842</h><angle>0.295521</angle></robndbox></object><object><type>robndbox</type><name>wheat_head</name><pose>Unspecified</pose><truncated>0</truncated><difficult>0</difficult><robndbox><cx>400.0049</cx><cy>883.2507</cy><w>42.4922</w><h>28.0592</h><angle>0.438179</angle></robndbox></object><object><type>robndbox</type><name>wheat_head</name><pose>Unspecified</pose><truncated>0</truncated><difficult>0</difficult><robndbox><cx>51.8885</cx><cy>512.1686</cy><w>80.3218</w><h>35.951</h><angle>0.888768</angle></robndbox></object><object><type>robndbox</type><name>wheat_head</name><pose>Unspecified</pose><truncated>0</truncated><difficult>0</difficult><robndbox><cx>365.9986</cx><cy>745.841</cy><w>62.7635</w><h>28.3792</h><angle>0.339832</angle></robndbox></object><object><type>robndbox</type><name>wheat_head</name><pose>Unspecified</pose><truncated>0</truncated><difficult>0</difficult><robndbox><cx>688.2874</cx><cy>740.5192</cy><w>64.2058</w><h>39.1412</h><angle>0.532765</angle></robndbox></object><object><type>robndbox</type><name>wheat_head</name><pose>Unspecified</pose><truncated>0</truncated><difficult>0</difficult><robndbox><cx>725.4767</cx><cy>426.0388</cy><w>79.1728</w><h>36.8163</h><angle>0.571664</angle></robndbox></object><object><type>robndbox</type><name>wheat_head</name><pose>Unspecified</pose><truncated>0</truncated><difficult>0</difficult><robndbox><cx>612.7808</cx><cy>864.4637</cy><w>51.6338</w><h>33.8493</h><angle>1.368776</angle></robndbox></object><object><type>robndbox</type><name>wheat_head</name><pose>Unspecified</pose><truncated>0</truncated><difficult>0</difficult><robndbox><cx>917.0239</cx><cy>6.9791</cy><w>42.9211</w><h>26.4094</h><angle>0.441861</angle></robndbox></object><object><type>robndbox</type><name>wheat_head</name><pose>Unspecified</pose><truncated>0</truncated><difficult>0</difficult><robndbox><cx>184.0509</cx><cy>162.6498</cy><w>67.5742</w><h>28.1612</h><angle>0.251572</angle></robndbox></object><object><type>robndbox</type><name>wheat_head</name><pose>Unspecified</pose><truncated>0</truncated><difficult>0</difficult><robndbox><cx>745.7154</cx><cy>508.9617</cy><w>54.8024</w><h>33.9105</h><angle>1.238088</angle></robndbox></object><object><type>robndbox</type><name>wheat_head</name><pose>Unspecified</pose><truncated>0</truncated><difficult>0</difficult><robndbox><cx>595.9843</cx><cy>638.7112</cy><w>70.7178</w><h>36.6606</h><angle>3.017462</angle></robndbox></object><object><type>robndbox</type><name>wheat_head</name><pose>Unspecified</pose><truncated>0</truncated><difficult>0</difficult><robndbox><cx>48.4571</cx><cy>10.5171</cy><w>40.6832</w><h>22.2462</h><angle>0.320799</angle></robndbox></object><object><type>robndbox</type><name>wheat_head</name><pose>Unspecified</pose><truncated>0</truncated><difficult>0</difficult><robndbox><cx>165.9605</cx><cy>746.6758</cy><w>62.2957</w><h>31.8177</h><angle>0.366709</angle></robndbox></object><object><type>robndbox</type><name>wheat_head</name><pose>Unspecified</pose><truncated>0</truncated><difficult>0</difficult><robndbox><cx>562.5</cx><cy>18.0</cy><w>37.1808</w><h>26.0671</h><angle>1.823496</angle></robndbox></object><object><type>robndbox</type><name>wheat_head</name><pose>Unspecified</pose><truncated>0</truncated><difficult>0</difficult><robndbox><cx>27.6463</cx><cy>1010.556</cy><w>34.7176</w><h>23.2163</h><angle>0.048971</angle></robndbox></object><object><type>robndbox</type><name>wheat_head</name><pose>Unspecified</pose><truncated>0</truncated><difficult>0</difficult><robndbox><cx>157.6707</cx><cy>710.0546</cy><w>89.6489</w><h>22.6014</h><angle>3.011738</angle></robndbox></object><object><type>robndbox</type><name>wheat_head</name><pose>Unspecified</pose><truncated>0</truncated><difficult>0</difficult><robndbox><cx>397.7976</cx><cy>604.4478</cy><w>100.9407</w><h>33.6531</h><angle>3.14062</angle></robndbox></object><object><type>robndbox</type><name>wheat_head</name><pose>Unspecified</pose><truncated>0</truncated><difficult>0</difficult><robndbox><cx>996.7507</cx><cy>714.8348</cy><w>40.0036</w><h>24.2412</h><angle>0.345106</angle></robndbox></object><object><type>robndbox</type><name>wheat_head</name><pose>Unspecified</pose><truncated>0</truncated><difficult>0</difficult><robndbox><cx>440.5952</cx><cy>310.8881</cy><w>60.6299</w><h>41.3498</h><angle>0.277376</angle></robndbox></object><object><type>robndbox</type><name>wheat_head</name><pose>Unspecified</pose><truncated>0</truncated><difficult>0</difficult><robndbox><cx>186.7451</cx><cy>1010.1893</cy><w>29.7652</w><h>18.0197</h><angle>0.186641</angle></robndbox></object><object><type>robndbox</type><name>wheat_head</name><pose>Unspecified</pose><truncated>0</truncated><difficult>0</difficult><robndbox><cx>27.9483</cx><cy>807.7097</cy><w>39.0019</w><h>25.2794</h><angle>3.113511</angle></robndbox></object><object><type>robndbox</type><name>wheat_head</name><pose>Unspecified</pose><truncated>0</truncated><difficult>0</difficult><robndbox><cx>797.9055</cx><cy>148.638</cy><w>50.444</w><h>35.1393</h><angle>0.140471</angle></robndbox></object><object><type>robndbox</type><name>wheat_head</name><pose>Unspecified</pose><truncated>0</truncated><difficult>0</difficult><robndbox><cx>239.2199</cx><cy>54.3435</cy><w>53.4158</w><h>29.9488</h><angle>0.816079</angle></robndbox></object><object><type>robndbox</type><name>wheat_head</name><pose>Unspecified</pose><truncated>0</truncated><difficult>0</difficult><robndbox><cx>11.2193</cx><cy>562.2651</cy><w>21.5908</w><h>21.2392</h><angle>1.623731</angle></robndbox></object><object><type>robndbox</type><name>wheat_head</name><pose>Unspecified</pose><truncated>0</truncated><difficult>0</difficult><robndbox><cx>267.8056</cx><cy>939.3824</cy><w>45.4181</w><h>34.0764</h><angle>0.212175</angle></robndbox></object><object><type>robndbox</type><name>wheat_head</name><pose>Unspecified</pose><truncated>0</truncated><difficult>0</difficult><robndbox><cx>346.061</cx><cy>218.7978</cy><w>37.6009</w><h>31.0184</h><angle>1.285557</angle></robndbox></object><object><type>robndbox</type><name>wheat_head</name><pose>Unspecified</pose><truncated>0</truncated><difficult>0</difficult><robndbox><cx>983.5837</cx><cy>137.1799</cy><w>66.5889</w><h>26.7831</h><angle>0.911768</angle></robndbox></object><object><type>robndbox</type><name>wheat_head</name><pose>Unspecified</pose><truncated>0</truncated><difficult>0</difficult><robndbox><cx>761.3218</cx><cy>618.9908</cy><w>45.2398</w><h>35.296</h><angle>1.248831</angle></robndbox></object><object><type>robndbox</type><name>wheat_head</name><pose>Unspecified</pose><truncated>0</truncated><difficult>0</difficult><robndbox><cx>783.2227</cx><cy>781.4015</cy><w>41.4597</w><h>27.7665</h><angle>3.069716</angle></robndbox></object><object><type>robndbox</type><name>wheat_head</name><pose>Unspecified</pose><truncated>0</truncated><difficult>0</difficult><robndbox><cx>275.2224</cx><cy>894.3204</cy><w>42.0547</w><h>25.0746</h><angle>1.381808</angle></robndbox></object><object><type>robndbox</type><name>wheat_head</name><pose>Unspecified</pose><truncated>0</truncated><difficult>0</difficult><robndbox><cx>992.7763</cx><cy>421.7135</cy><w>43.7878</w><h>27.5011</h><angle>2.93474</angle></robndbox></object><object><type>robndbox</type><name>wheat_head</name><pose>Unspecified</pose><truncated>0</truncated><difficult>0</difficult><robndbox><cx>440.0207</cx><cy>868.3476</cy><w>29.5992</w><h>29.54</h><angle>1.568485</angle></robndbox></object><object><type>robndbox</type><name>wheat_head</name><pose>Unspecified</pose><truncated>0</truncated><difficult>0</difficult><robndbox><cx>58.993</cx><cy>36.5935</cy><w>41.2122</w><h>29.814</h><angle>3.063739</angle></robndbox></object><object><type>robndbox</type><name>wheat_head</name><pose>Unspecified</pose><truncated>0</truncated><difficult>0</difficult><robndbox><cx>977.5467</cx><cy>806.2133</cy><w>68.6773</w><h>44.1321</h><angle>0.547046</angle></robndbox></object><object><type>robndbox</type><name>wheat_head</name><pose>Unspecified</pose><truncated>0</truncated><difficult>0</difficult><robndbox><cx>210.1918</cx><cy>6.8632</cy><w>35.7156</w><h>19.0256</h><angle>3.021345</angle></robndbox></object><object><type>robndbox</type><name>wheat_head</name><pose>Unspecified</pose><truncated>0</truncated><difficult>0</difficult><robndbox><cx>543.2964</cx><cy>955.4353</cy><w>55.3711</w><h>39.2674</h><angle>0.308011</angle></robndbox></object><object><type>robndbox</type><name>wheat_head</name><pose>Unspecified</pose><truncated>0</truncated><difficult>0</difficult><robndbox><cx>732.726</cx><cy>89.8093</cy><w>44.1167</w><h>36.0176</h><angle>1.19021</angle></robndbox></object><object><type>robndbox</type><name>wheat_head</name><pose>Unspecified</pose><truncated>0</truncated><difficult>0</difficult><robndbox><cx>560.7296</cx><cy>99.1492</cy><w>31.6997</w><h>31.3975</h><angle>0.284133</angle></robndbox></object><object><type>robndbox</type><name>wheat_head</name><pose>Unspecified</pose><truncated>0</truncated><difficult>0</difficult><robndbox><cx>584.2617</cx><cy>921.0072</cy><w>76.5967</w><h>33.5124</h><angle>0.432428</angle></robndbox></object><object><type>robndbox</type><name>wheat_head</name><pose>Unspecified</pose><truncated>0</truncated><difficult>0</difficult><robndbox><cx>466.8511</cx><cy>683.2698</cy><w>49.8039</w><h>40.0342</h><angle>0.229146</angle></robndbox></object><object><type>robndbox</type><name>wheat_head</name><pose>Unspecified</pose><truncated>0</truncated><difficult>0</difficult><robndbox><cx>105.9925</cx><cy>565.8924</cy><w>44.9955</w><h>20.445</h><angle>0.514236</angle></robndbox></object><object><type>robndbox</type><name>wheat_head</name><pose>Unspecified</pose><truncated>0</truncated><difficult>0</difficult><robndbox><cx>489.816</cx><cy>307.4304</cy><w>53.7038</w><h>30.5151</h><angle>0.439822</angle></robndbox></object></annotation>