<annotation verified="no"><folder>images</folder><filename>1ab041b77</filename><path>/home/badhon/Documents/thesis/final_dataset/ethz_1/images/1ab041b77.jpg</path><source><database>Unknown</database></source><size><width>1024</width><height>1024</height><depth>3</depth></size><segmented>0</segmented><object><type>robndbox</type><name>wheat_head</name><pose>Unspecified</pose><truncated>0</truncated><difficult>0</difficult><robndbox><cx>425.0009</cx><cy>519.766</cy><w>82.237</w><h>28.6236</h><angle>1.027931</angle></robndbox></object><object><type>robndbox</type><name>wheat_head</name><pose>Unspecified</pose><truncated>0</truncated><difficult>0</difficult><robndbox><cx>707.9519</cx><cy>719.2177</cy><w>83.4607</w><h>31.8409</h><angle>1.35015</angle></robndbox></object><object><type>robndbox</type><name>wheat_head</name><pose>Unspecified</pose><truncated>0</truncated><difficult>0</difficult><robndbox><cx>806.9579</cx><cy>600.4884</cy><w>79.9488</w><h>36.1387</h><angle>1.226316</angle></robndbox></object><object><type>robndbox</type><name>wheat_head</name><pose>Unspecified</pose><truncated>0</truncated><difficult>0</difficult><robndbox><cx>853.6708</cx><cy>210.4516</cy><w>88.1631</w><h>34.7356</h><angle>0.448577</angle></robndbox></object><object><type>robndbox</type><name>wheat_head</name><pose>Unspecified</pose><truncated>0</truncated><difficult>0</difficult><robndbox><cx>629.0787</cx><cy>841.0065</cy><w>97.7045</w><h>34.7129</h><angle>2.07734</angle></robndbox></object><object><type>robndbox</type><name>wheat_head</name><pose>Unspecified</pose><truncated>0</truncated><difficult>0</difficult><robndbox><cx>921.769</cx><cy>882.8384</cy><w>91.9794</w><h>40.8344</h><angle>0.463448</angle></robndbox></object><object><type>robndbox</type><name>wheat_head</name><pose>Unspecified</pose><truncated>0</truncated><difficult>0</difficult><robndbox><cx>42.7637</cx><cy>264.5949</cy><w>162.1532</w><h>41.038</h><angle>1.167127</angle></robndbox></object><object><type>robndbox</type><name>wheat_head</name><pose>Unspecified</pose><truncated>0</truncated><difficult>0</difficult><robndbox><cx>891.8818</cx><cy>988.3359</cy><w>58.2868</w><h>35.3203</h><angle>2.101248</angle></robndbox></object><object><type>robndbox</type><name>wheat_head</name><pose>Unspecified</pose><truncated>0</truncated><difficult>0</difficult><robndbox><cx>238.3692</cx><cy>870.5078</cy><w>92.8052</w><h>30.4084</h><angle>2.622855</angle></robndbox></object><object><type>robndbox</type><name>wheat_head</name><pose>Unspecified</pose><truncated>0</truncated><difficult>0</difficult><robndbox><cx>22.0939</cx><cy>871.0589</cy><w>100.5329</w><h>37.2906</h><angle>1.228296</angle></robndbox></object><object><type>robndbox</type><name>wheat_head</name><pose>Unspecified</pose><truncated>0</truncated><difficult>0</difficult><robndbox><cx>209.3483</cx><cy>325.6595</cy><w>43.4484</w><h>41.5066</h><angle>0.691938</angle></robndbox></object><object><type>robndbox</type><name>wheat_head</name><pose>Unspecified</pose><truncated>0</truncated><difficult>0</difficult><robndbox><cx>270.6045</cx><cy>22.1327</cy><w>128.3782</w><h>34.2217</h><angle>2.848754</angle></robndbox></object><object><type>robndbox</type><name>wheat_head</name><pose>Unspecified</pose><truncated>0</truncated><difficult>0</difficult><robndbox><cx>463.2357</cx><cy>986.6298</cy><w>64.3051</w><h>31.7723</h><angle>0.563696</angle></robndbox></object><object><type>robndbox</type><name>wheat_head</name><pose>Unspecified</pose><truncated>0</truncated><difficult>0</difficult><robndbox><cx>512.8903</cx><cy>706.9882</cy><w>62.0439</w><h>34.3017</h><angle>1.207959</angle></robndbox></object><object><type>robndbox</type><name>wheat_head</name><pose>Unspecified</pose><truncated>0</truncated><difficult>0</difficult><robndbox><cx>85.6823</cx><cy>771.3923</cy><w>130.3339</w><h>40.1883</h><angle>0.906258</angle></robndbox></object><object><type>robndbox</type><name>wheat_head</name><pose>Unspecified</pose><truncated>0</truncated><difficult>0</difficult><robndbox><cx>61.3947</cx><cy>583.3791</cy><w>117.9317</w><h>36.487</h><angle>0.075815</angle></robndbox></object><object><type>robndbox</type><name>wheat_head</name><pose>Unspecified</pose><truncated>0</truncated><difficult>0</difficult><robndbox><cx>81.4883</cx><cy>443.7255</cy><w>89.5126</w><h>41.1415</h><angle>0.571665</angle></robndbox></object><object><type>robndbox</type><name>wheat_head</name><pose>Unspecified</pose><truncated>0</truncated><difficult>0</difficult><robndbox><cx>891.0842</cx><cy>599.7653</cy><w>46.8393</w><h>32.5217</h><angle>0.839955</angle></robndbox></object><object><type>robndbox</type><name>wheat_head</name><pose>Unspecified</pose><truncated>0</truncated><difficult>0</difficult><robndbox><cx>981.9926</cx><cy>291.4207</cy><w>77.4058</w><h>37.4657</h><angle>2.860453</angle></robndbox></object><object><type>robndbox</type><name>wheat_head</name><pose>Unspecified</pose><truncated>0</truncated><difficult>0</difficult><robndbox><cx>933.5132</cx><cy>189.4185</cy><w>122.3949</w><h>36.863</h><angle>1.370772</angle></robndbox></object><object><type>robndbox</type><name>wheat_head</name><pose>Unspecified</pose><truncated>0</truncated><difficult>0</difficult><robndbox><cx>677.2154</cx><cy>558.4594</cy><w>120.8712</w><h>32.2599</h><angle>1.282843</angle></robndbox></object><object><type>robndbox</type><name>wheat_head</name><pose>Unspecified</pose><truncated>0</truncated><difficult>0</difficult><robndbox><cx>930.2643</cx><cy>554.5435</cy><w>51.1711</w><h>35.813</h><angle>2.660406</angle></robndbox></object><object><type>robndbox</type><name>wheat_head</name><pose>Unspecified</pose><truncated>0</truncated><difficult>0</difficult><robndbox><cx>806.1205</cx><cy>94.6683</cy><w>91.9461</w><h>37.6246</h><angle>1.232732</angle></robndbox></object><object><type>robndbox</type><name>wheat_head</name><pose>Unspecified</pose><truncated>0</truncated><difficult>0</difficult><robndbox><cx>594.639</cx><cy>751.4867</cy><w>101.1894</w><h>36.1075</h><angle>1.217544</angle></robndbox></object><object><type>robndbox</type><name>wheat_head</name><pose>Unspecified</pose><truncated>0</truncated><difficult>0</difficult><robndbox><cx>515.0138</cx><cy>256.2463</cy><w>52.4131</w><h>36.4732</h><angle>0.563318</angle></robndbox></object><object><type>robndbox</type><name>wheat_head</name><pose>Unspecified</pose><truncated>0</truncated><difficult>0</difficult><robndbox><cx>323.8934</cx><cy>625.1798</cy><w>47.1873</w><h>32.3851</h><angle>0.349955</angle></robndbox></object><object><type>robndbox</type><name>wheat_head</name><pose>Unspecified</pose><truncated>0</truncated><difficult>0</difficult><robndbox><cx>542.3198</cx><cy>781.9396</cy><w>73.0835</w><h>33.9986</h><angle>0.206127</angle></robndbox></object><object><type>robndbox</type><name>wheat_head</name><pose>Unspecified</pose><truncated>0</truncated><difficult>0</difficult><robndbox><cx>113.2025</cx><cy>716.6086</cy><w>56.852</w><h>23.8908</h><angle>0.179822</angle></robndbox></object><object><type>robndbox</type><name>wheat_head</name><pose>Unspecified</pose><truncated>0</truncated><difficult>0</difficult><robndbox><cx>279.6276</cx><cy>895.7275</cy><w>59.0247</w><h>31.7121</h><angle>2.623383</angle></robndbox></object><object><type>robndbox</type><name>wheat_head</name><pose>Unspecified</pose><truncated>0</truncated><difficult>0</difficult><robndbox><cx>279.3739</cx><cy>469.3743</cy><w>59.9973</w><h>32.8625</h><angle>0.368406</angle></robndbox></object><object><type>robndbox</type><name>wheat_head</name><pose>Unspecified</pose><truncated>0</truncated><difficult>0</difficult><robndbox><cx>673.0696</cx><cy>279.3245</cy><w>49.0333</w><h>35.4981</h><angle>1.80997</angle></robndbox></object><object><type>robndbox</type><name>wheat_head</name><pose>Unspecified</pose><truncated>0</truncated><difficult>0</difficult><robndbox><cx>539.415</cx><cy>14.1971</cy><w>32.8766</w><h>30.6767</h><angle>2.947045</angle></robndbox></object><object><type>robndbox</type><name>wheat_head</name><pose>Unspecified</pose><truncated>0</truncated><difficult>0</difficult><robndbox><cx>801.8276</cx><cy>285.5277</cy><w>65.7515</w><h>26.1192</h><angle>0.049106</angle></robndbox></object><object><type>robndbox</type><name>wheat_head</name><pose>Unspecified</pose><truncated>0</truncated><difficult>0</difficult><robndbox><cx>393.2792</cx><cy>314.256</cy><w>67.4003</w><h>28.2613</h><angle>0.406558</angle></robndbox></object><object><type>robndbox</type><name>wheat_head</name><pose>Unspecified</pose><truncated>0</truncated><difficult>0</difficult><robndbox><cx>948.495</cx><cy>359.53</cy><w>42.4546</w><h>32.8669</h><angle>0.758163</angle></robndbox></object><object><type>robndbox</type><name>wheat_head</name><pose>Unspecified</pose><truncated>0</truncated><difficult>0</difficult><robndbox><cx>198.6705</cx><cy>772.4855</cy><w>69.211</w><h>26.3021</h><angle>0.174382</angle></robndbox></object><object><type>robndbox</type><name>wheat_head</name><pose>Unspecified</pose><truncated>0</truncated><difficult>0</difficult><robndbox><cx>508.0925</cx><cy>649.5516</cy><w>40.0887</w><h>20.4632</h><angle>0.214539</angle></robndbox></object><object><type>robndbox</type><name>wheat_head</name><pose>Unspecified</pose><truncated>0</truncated><difficult>0</difficult><robndbox><cx>809.8199</cx><cy>360.1455</cy><w>46.755</w><h>24.6563</h><angle>0.088735</angle></robndbox></object><object><type>robndbox</type><name>wheat_head</name><pose>Unspecified</pose><truncated>0</truncated><difficult>0</difficult><robndbox><cx>601.595</cx><cy>1011.3995</cy><w>22.7834</w><h>19.8647</h><angle>3.055675</angle></robndbox></object><object><type>robndbox</type><name>wheat_head</name><pose>Unspecified</pose><truncated>0</truncated><difficult>0</difficult><robndbox><cx>180.5016</cx><cy>119.5378</cy><w>180.3218</w><h>38.2278</h><angle>1.450843</angle></robndbox></object><object><type>robndbox</type><name>wheat_head</name><pose>Unspecified</pose><truncated>0</truncated><difficult>0</difficult><robndbox><cx>85.1852</cx><cy>963.9994</cy><w>111.8562</w><h>31.2817</h><angle>0.312104</angle></robndbox></object><object><type>robndbox</type><name>wheat_head</name><pose>Unspecified</pose><truncated>0</truncated><difficult>0</difficult><robndbox><cx>719.1519</cx><cy>649.2281</cy><w>71.8939</w><h>36.6965</h><angle>0.162769</angle></robndbox></object><object><type>robndbox</type><name>wheat_head</name><pose>Unspecified</pose><truncated>0</truncated><difficult>0</difficult><robndbox><cx>10.0547</cx><cy>790.998</cy><w>24.591</w><h>24.0442</h><angle>0.072822</angle></robndbox></object><object><type>robndbox</type><name>wheat_head</name><pose>Unspecified</pose><truncated>0</truncated><difficult>0</difficult><robndbox><cx>724.3115</cx><cy>44.0996</cy><w>47.5792</w><h>28.1744</h><angle>1.370105</angle></robndbox></object><object><type>robndbox</type><name>wheat_head</name><pose>Unspecified</pose><truncated>0</truncated><difficult>0</difficult><robndbox><cx>390.2412</cx><cy>590.9076</cy><w>84.0352</w><h>33.968</h><angle>0.370137</angle></robndbox></object><object><type>robndbox</type><name>wheat_head</name><pose>Unspecified</pose><truncated>0</truncated><difficult>0</difficult><robndbox><cx>234.5</cx><cy>1009.5</cy><w>35.0045</w><h>30.005</h><angle>0.976363</angle></robndbox></object><object><type>robndbox</type><name>wheat_head</name><pose>Unspecified</pose><truncated>0</truncated><difficult>0</difficult><robndbox><cx>493.3423</cx><cy>531.2986</cy><w>47.8659</w><h>32.5784</h><angle>0.284886</angle></robndbox></object><object><type>robndbox</type><name>wheat_head</name><pose>Unspecified</pose><truncated>0</truncated><difficult>0</difficult><robndbox><cx>71.0505</cx><cy>634.3036</cy><w>132.9357</w><h>36.766</h><angle>3.006026</angle></robndbox></object><object><type>robndbox</type><name>wheat_head</name><pose>Unspecified</pose><truncated>0</truncated><difficult>0</difficult><robndbox><cx>1000.3292</cx><cy>208.5328</cy><w>41.0672</w><h>29.0427</h><angle>0.348577</angle></robndbox></object><object><type>robndbox</type><name>wheat_head</name><pose>Unspecified</pose><truncated>0</truncated><difficult>0</difficult><robndbox><cx>283.2037</cx><cy>770.9108</cy><w>41.3985</w><h>28.8243</h><angle>0.207919</angle></robndbox></object><object><type>robndbox</type><name>wheat_head</name><pose>Unspecified</pose><truncated>0</truncated><difficult>0</difficult><robndbox><cx>362.8773</cx><cy>637.9902</cy><w>68.8446</w><h>35.6176</h><angle>0.049955</angle></robndbox></object><object><type>robndbox</type><name>wheat_head</name><pose>Unspecified</pose><truncated>0</truncated><difficult>0</difficult><robndbox><cx>751.5</cx><cy>519.5</cy><w>71.5269</w><h>52.4229</h><angle>0.266601</angle></robndbox></object><object><type>robndbox</type><name>wheat_head</name><pose>Unspecified</pose><truncated>0</truncated><difficult>0</difficult><robndbox><cx>301.0</cx><cy>50.0</cy><w>37.3216</w><h>36.3419</h><angle>1.433509</angle></robndbox></object><object><type>robndbox</type><name>wheat_head</name><pose>Unspecified</pose><truncated>0</truncated><difficult>0</difficult><robndbox><cx>66.6746</cx><cy>658.2813</cy><w>111.5177</w><h>32.1504</h><angle>2.666272</angle></robndbox></object><object><type>robndbox</type><name>wheat_head</name><pose>Unspecified</pose><truncated>0</truncated><difficult>0</difficult><robndbox><cx>400.759</cx><cy>790.7648</cy><w>38.8466</w><h>23.709</h><angle>0.189035</angle></robndbox></object><object><type>robndbox</type><name>wheat_head</name><pose>Unspecified</pose><truncated>0</truncated><difficult>0</difficult><robndbox><cx>163.0352</cx><cy>757.3054</cy><w>47.3488</w><h>29.5203</h><angle>2.431257</angle></robndbox></object><object><type>robndbox</type><name>wheat_head</name><pose>Unspecified</pose><truncated>0</truncated><difficult>0</difficult><robndbox><cx>403.4511</cx><cy>766.263</cy><w>41.2771</w><h>24.9001</h><angle>0.194544</angle></robndbox></object><object><type>robndbox</type><name>wheat_head</name><pose>Unspecified</pose><truncated>0</truncated><difficult>0</difficult><robndbox><cx>860.5039</cx><cy>173.7971</cy><w>46.4543</w><h>28.5774</h><angle>2.675053</angle></robndbox></object><object><type>robndbox</type><name>wheat_head</name><pose>Unspecified</pose><truncated>0</truncated><difficult>0</difficult><robndbox><cx>887.3837</cx><cy>119.7342</cy><w>34.9422</w><h>25.4981</h><angle>1.61956</angle></robndbox></object><object><type>robndbox</type><name>wheat_head</name><pose>Unspecified</pose><truncated>0</truncated><difficult>0</difficult><robndbox><cx>676.7017</cx><cy>63.2378</cy><w>40.015</w><h>30.2143</h><angle>1.481347</angle></robndbox></object><object><type>robndbox</type><name>wheat_head</name><pose>Unspecified</pose><truncated>0</truncated><difficult>0</difficult><robndbox><cx>559.798</cx><cy>865.0334</cy><w>187.6083</w><h>40.4205</h><angle>0.979944</angle></robndbox></object><object><type>robndbox</type><name>wheat_head</name><pose>Unspecified</pose><truncated>0</truncated><difficult>0</difficult><robndbox><cx>245.3166</cx><cy>956.6429</cy><w>83.0621</w><h>29.2451</h><angle>3.141038</angle></robndbox></object><object><type>robndbox</type><name>wheat_head</name><pose>Unspecified</pose><truncated>0</truncated><difficult>0</difficult><robndbox><cx>213.6685</cx><cy>928.7902</cy><w>34.3703</w><h>23.9883</h><angle>2.033609</angle></robndbox></object><object><type>robndbox</type><name>wheat_head</name><pose>Unspecified</pose><truncated>0</truncated><difficult>0</difficult><robndbox><cx>123.0701</cx><cy>975.2437</cy><w>112.0231</w><h>28.0862</h><angle>2.753697</angle></robndbox></object><object><type>robndbox</type><name>wheat_head</name><pose>Unspecified</pose><truncated>0</truncated><difficult>0</difficult><robndbox><cx>921.0626</cx><cy>928.8348</cy><w>46.7575</w><h>29.8437</h><angle>2.619029</angle></robndbox></object><object><type>robndbox</type><name>wheat_head</name><pose>Unspecified</pose><truncated>0</truncated><difficult>0</difficult><robndbox><cx>904.6292</cx><cy>794.8663</cy><w>39.5374</w><h>22.1833</h><angle>3.030192</angle></robndbox></object><object><type>robndbox</type><name>wheat_head</name><pose>Unspecified</pose><truncated>0</truncated><difficult>0</difficult><robndbox><cx>19.8049</cx><cy>954.7103</cy><w>26.2751</w><h>22.884</h><angle>2.985286</angle></robndbox></object><object><type>robndbox</type><name>wheat_head</name><pose>Unspecified</pose><truncated>0</truncated><difficult>0</difficult><robndbox><cx>175.6819</cx><cy>62.601</cy><w>138.0616</w><h>35.3408</h><angle>2.10252</angle></robndbox></object><object><type>robndbox</type><name>wheat_head</name><pose>Unspecified</pose><truncated>0</truncated><difficult>0</difficult><robndbox><cx>434.102</cx><cy>1010.607</cy><w>30.2324</w><h>20.1757</h><angle>2.544416</angle></robndbox></object></annotation>