<annotation verified="no"><folder>images</folder><filename>1b352d5fe</filename><path>/home/badhon/Documents/thesis/final_dataset/ethz_1/images/1b352d5fe.jpg</path><source><database>Unknown</database></source><size><width>1024</width><height>1024</height><depth>3</depth></size><segmented>0</segmented><object><type>robndbox</type><name>wheat_head</name><pose>Unspecified</pose><truncated>0</truncated><difficult>0</difficult><robndbox><cx>506.1841</cx><cy>685.9326</cy><w>101.2158</w><h>34.5539</h><angle>0.389289</angle></robndbox></object><object><type>robndbox</type><name>wheat_head</name><pose>Unspecified</pose><truncated>0</truncated><difficult>0</difficult><robndbox><cx>968.0211</cx><cy>609.972</cy><w>83.8789</w><h>34.8778</h><angle>0.62806</angle></robndbox></object><object><type>robndbox</type><name>wheat_head</name><pose>Unspecified</pose><truncated>0</truncated><difficult>0</difficult><robndbox><cx>498.5023</cx><cy>462.3269</cy><w>152.8518</w><h>37.274</h><angle>0.998152</angle></robndbox></object><object><type>robndbox</type><name>wheat_head</name><pose>Unspecified</pose><truncated>0</truncated><difficult>0</difficult><robndbox><cx>238.9413</cx><cy>79.7756</cy><w>71.4811</w><h>31.1338</h><angle>1.057626</angle></robndbox></object><object><type>robndbox</type><name>wheat_head</name><pose>Unspecified</pose><truncated>0</truncated><difficult>0</difficult><robndbox><cx>829.3621</cx><cy>435.1693</cy><w>92.6408</w><h>33.1391</h><angle>1.298404</angle></robndbox></object><object><type>robndbox</type><name>wheat_head</name><pose>Unspecified</pose><truncated>0</truncated><difficult>0</difficult><robndbox><cx>561.1605</cx><cy>979.8347</cy><w>99.5588</w><h>35.988</h><angle>0.586666</angle></robndbox></object><object><type>robndbox</type><name>wheat_head</name><pose>Unspecified</pose><truncated>0</truncated><difficult>0</difficult><robndbox><cx>14.4796</cx><cy>773.5025</cy><w>52.1409</w><h>20.2548</h><angle>1.680484</angle></robndbox></object><object><type>robndbox</type><name>wheat_head</name><pose>Unspecified</pose><truncated>0</truncated><difficult>0</difficult><robndbox><cx>986.29</cx><cy>49.9515</cy><w>57.2996</w><h>23.8534</h><angle>1.504027</angle></robndbox></object><object><type>robndbox</type><name>wheat_head</name><pose>Unspecified</pose><truncated>0</truncated><difficult>0</difficult><robndbox><cx>520.0913</cx><cy>340.1566</cy><w>75.3369</w><h>30.4437</h><angle>0.539293</angle></robndbox></object><object><type>robndbox</type><name>wheat_head</name><pose>Unspecified</pose><truncated>0</truncated><difficult>0</difficult><robndbox><cx>345.2274</cx><cy>400.2693</cy><w>120.5751</w><h>42.4852</h><angle>0.597753</angle></robndbox></object><object><type>robndbox</type><name>wheat_head</name><pose>Unspecified</pose><truncated>0</truncated><difficult>0</difficult><robndbox><cx>885.2862</cx><cy>826.4832</cy><w>66.6115</w><h>35.1766</h><angle>1.152087</angle></robndbox></object><object><type>robndbox</type><name>wheat_head</name><pose>Unspecified</pose><truncated>0</truncated><difficult>0</difficult><robndbox><cx>15.1827</cx><cy>947.0189</cy><w>73.0813</w><h>26.6549</h><angle>1.187622</angle></robndbox></object><object><type>robndbox</type><name>wheat_head</name><pose>Unspecified</pose><truncated>0</truncated><difficult>0</difficult><robndbox><cx>897.6384</cx><cy>60.584</cy><w>108.9448</w><h>35.7769</h><angle>1.625041</angle></robndbox></object><object><type>robndbox</type><name>wheat_head</name><pose>Unspecified</pose><truncated>0</truncated><difficult>0</difficult><robndbox><cx>170.0122</cx><cy>454.1721</cy><w>109.0912</w><h>33.5735</h><angle>0.52631</angle></robndbox></object><object><type>robndbox</type><name>wheat_head</name><pose>Unspecified</pose><truncated>0</truncated><difficult>0</difficult><robndbox><cx>788.8464</cx><cy>652.5684</cy><w>89.7121</w><h>32.5032</h><angle>0.882256</angle></robndbox></object><object><type>robndbox</type><name>wheat_head</name><pose>Unspecified</pose><truncated>0</truncated><difficult>0</difficult><robndbox><cx>1001.276</cx><cy>210.9403</cy><w>67.0619</w><h>24.5766</h><angle>1.391517</angle></robndbox></object><object><type>robndbox</type><name>wheat_head</name><pose>Unspecified</pose><truncated>0</truncated><difficult>0</difficult><robndbox><cx>502.0643</cx><cy>813.0867</cy><w>83.4922</w><h>33.5941</h><angle>0.982472</angle></robndbox></object><object><type>robndbox</type><name>wheat_head</name><pose>Unspecified</pose><truncated>0</truncated><difficult>0</difficult><robndbox><cx>650.4818</cx><cy>774.9786</cy><w>76.418</w><h>33.9507</h><angle>0.868309</angle></robndbox></object><object><type>robndbox</type><name>wheat_head</name><pose>Unspecified</pose><truncated>0</truncated><difficult>0</difficult><robndbox><cx>959.8009</cx><cy>478.6433</cy><w>63.9703</w><h>32.5713</h><angle>1.279387</angle></robndbox></object><object><type>robndbox</type><name>wheat_head</name><pose>Unspecified</pose><truncated>0</truncated><difficult>0</difficult><robndbox><cx>77.1596</cx><cy>500.1874</cy><w>95.7767</w><h>38.0035</h><angle>0.865498</angle></robndbox></object><object><type>robndbox</type><name>wheat_head</name><pose>Unspecified</pose><truncated>0</truncated><difficult>0</difficult><robndbox><cx>466.4458</cx><cy>90.9128</cy><w>117.7108</w><h>35.3399</h><angle>0.52389</angle></robndbox></object><object><type>robndbox</type><name>wheat_head</name><pose>Unspecified</pose><truncated>0</truncated><difficult>0</difficult><robndbox><cx>872.2702</cx><cy>288.0403</cy><w>122.5268</w><h>34.6965</h><angle>1.151069</angle></robndbox></object><object><type>robndbox</type><name>wheat_head</name><pose>Unspecified</pose><truncated>0</truncated><difficult>0</difficult><robndbox><cx>622.5331</cx><cy>9.139</cy><w>65.8479</w><h>27.8798</h><angle>0.411163</angle></robndbox></object><object><type>robndbox</type><name>wheat_head</name><pose>Unspecified</pose><truncated>0</truncated><difficult>0</difficult><robndbox><cx>25.5756</cx><cy>642.5671</cy><w>78.4289</w><h>29.5342</h><angle>1.005975</angle></robndbox></object><object><type>robndbox</type><name>wheat_head</name><pose>Unspecified</pose><truncated>0</truncated><difficult>0</difficult><robndbox><cx>534.9417</cx><cy>188.3331</cy><w>99.3113</w><h>31.3309</h><angle>1.599993</angle></robndbox></object><object><type>robndbox</type><name>wheat_head</name><pose>Unspecified</pose><truncated>0</truncated><difficult>0</difficult><robndbox><cx>576.446</cx><cy>887.8609</cy><w>82.1852</w><h>34.0844</h><angle>0.315337</angle></robndbox></object><object><type>robndbox</type><name>wheat_head</name><pose>Unspecified</pose><truncated>0</truncated><difficult>0</difficult><robndbox><cx>682.1559</cx><cy>460.3167</cy><w>126.5213</w><h>30.5988</h><angle>1.319043</angle></robndbox></object><object><type>robndbox</type><name>wheat_head</name><pose>Unspecified</pose><truncated>0</truncated><difficult>0</difficult><robndbox><cx>71.8087</cx><cy>386.9177</cy><w>74.4905</w><h>34.0549</h><angle>0.566342</angle></robndbox></object><object><type>robndbox</type><name>wheat_head</name><pose>Unspecified</pose><truncated>0</truncated><difficult>0</difficult><robndbox><cx>601.1828</cx><cy>343.0012</cy><w>92.0794</w><h>38.6799</h><angle>0.56753</angle></robndbox></object><object><type>robndbox</type><name>wheat_head</name><pose>Unspecified</pose><truncated>0</truncated><difficult>0</difficult><robndbox><cx>1001.6094</cx><cy>958.0274</cy><w>47.2018</w><h>26.9393</h><angle>1.958381</angle></robndbox></object><object><type>robndbox</type><name>wheat_head</name><pose>Unspecified</pose><truncated>0</truncated><difficult>0</difficult><robndbox><cx>889.5579</cx><cy>409.4588</cy><w>65.2845</w><h>33.0642</h><angle>1.276512</angle></robndbox></object><object><type>robndbox</type><name>wheat_head</name><pose>Unspecified</pose><truncated>0</truncated><difficult>0</difficult><robndbox><cx>285.9016</cx><cy>281.9142</cy><w>83.7946</w><h>30.4339</h><angle>0.630837</angle></robndbox></object><object><type>robndbox</type><name>wheat_head</name><pose>Unspecified</pose><truncated>0</truncated><difficult>0</difficult><robndbox><cx>603.6743</cx><cy>638.939</cy><w>88.7691</w><h>37.632</h><angle>0.237498</angle></robndbox></object><object><type>robndbox</type><name>wheat_head</name><pose>Unspecified</pose><truncated>0</truncated><difficult>0</difficult><robndbox><cx>135.8956</cx><cy>879.5489</cy><w>73.9824</w><h>33.8672</h><angle>0.25491</angle></robndbox></object><object><type>robndbox</type><name>wheat_head</name><pose>Unspecified</pose><truncated>0</truncated><difficult>0</difficult><robndbox><cx>161.3708</cx><cy>766.7142</cy><w>72.936</w><h>31.8908</h><angle>0.273732</angle></robndbox></object><object><type>robndbox</type><name>wheat_head</name><pose>Unspecified</pose><truncated>0</truncated><difficult>0</difficult><robndbox><cx>270.5437</cx><cy>351.5774</cy><w>153.4746</w><h>36.9638</h><angle>1.222412</angle></robndbox></object><object><type>robndbox</type><name>wheat_head</name><pose>Unspecified</pose><truncated>0</truncated><difficult>0</difficult><robndbox><cx>492.9695</cx><cy>542.2044</cy><w>57.7107</w><h>29.5227</h><angle>2.947697</angle></robndbox></object><object><type>robndbox</type><name>wheat_head</name><pose>Unspecified</pose><truncated>0</truncated><difficult>0</difficult><robndbox><cx>500.1261</cx><cy>364.7344</cy><w>69.472</w><h>28.4502</h><angle>1.054493</angle></robndbox></object><object><type>robndbox</type><name>wheat_head</name><pose>Unspecified</pose><truncated>0</truncated><difficult>0</difficult><robndbox><cx>735.8632</cx><cy>121.7333</cy><w>87.2877</w><h>33.6327</h><angle>0.999521</angle></robndbox></object><object><type>robndbox</type><name>wheat_head</name><pose>Unspecified</pose><truncated>0</truncated><difficult>0</difficult><robndbox><cx>324.8727</cx><cy>804.1335</cy><w>65.4557</w><h>28.0994</h><angle>1.321625</angle></robndbox></object><object><type>robndbox</type><name>wheat_head</name><pose>Unspecified</pose><truncated>0</truncated><difficult>0</difficult><robndbox><cx>735.1146</cx><cy>479.7297</cy><w>55.9772</w><h>29.3252</h><angle>0.607189</angle></robndbox></object><object><type>robndbox</type><name>wheat_head</name><pose>Unspecified</pose><truncated>0</truncated><difficult>0</difficult><robndbox><cx>147.8201</cx><cy>53.1715</cy><w>52.6682</w><h>28.264</h><angle>1.627015</angle></robndbox></object><object><type>robndbox</type><name>wheat_head</name><pose>Unspecified</pose><truncated>0</truncated><difficult>0</difficult><robndbox><cx>391.8478</cx><cy>718.0357</cy><w>69.7781</w><h>32.0888</h><angle>1.576352</angle></robndbox></object><object><type>robndbox</type><name>wheat_head</name><pose>Unspecified</pose><truncated>0</truncated><difficult>0</difficult><robndbox><cx>696.7454</cx><cy>361.1116</cy><w>137.7915</w><h>27.4556</h><angle>1.49294</angle></robndbox></object><object><type>robndbox</type><name>wheat_head</name><pose>Unspecified</pose><truncated>0</truncated><difficult>0</difficult><robndbox><cx>878.261</cx><cy>1010.817</cy><w>27.6665</w><h>19.5971</h><angle>3.031937</angle></robndbox></object><object><type>robndbox</type><name>wheat_head</name><pose>Unspecified</pose><truncated>0</truncated><difficult>0</difficult><robndbox><cx>298.5181</cx><cy>335.0983</cy><w>63.4851</w><h>27.9822</h><angle>1.218264</angle></robndbox></object><object><type>robndbox</type><name>wheat_head</name><pose>Unspecified</pose><truncated>0</truncated><difficult>0</difficult><robndbox><cx>651.6022</cx><cy>325.8499</cy><w>105.903</w><h>23.6206</h><angle>1.094598</angle></robndbox></object><object><type>robndbox</type><name>wheat_head</name><pose>Unspecified</pose><truncated>0</truncated><difficult>0</difficult><robndbox><cx>356.6542</cx><cy>828.6355</cy><w>43.8353</w><h>24.6194</h><angle>0.819917</angle></robndbox></object><object><type>robndbox</type><name>wheat_head</name><pose>Unspecified</pose><truncated>0</truncated><difficult>0</difficult><robndbox><cx>1001.2215</cx><cy>487.9837</cy><w>39.5318</w><h>25.3407</h><angle>0.876103</angle></robndbox></object><object><type>robndbox</type><name>wheat_head</name><pose>Unspecified</pose><truncated>0</truncated><difficult>0</difficult><robndbox><cx>719.1087</cx><cy>350.058</cy><w>78.6627</w><h>36.1825</h><angle>0.894704</angle></robndbox></object><object><type>robndbox</type><name>wheat_head</name><pose>Unspecified</pose><truncated>0</truncated><difficult>0</difficult><robndbox><cx>744.5121</cx><cy>659.0341</cy><w>52.9401</w><h>32.5708</h><angle>1.146565</angle></robndbox></object><object><type>robndbox</type><name>wheat_head</name><pose>Unspecified</pose><truncated>0</truncated><difficult>0</difficult><robndbox><cx>324.1578</cx><cy>731.4169</cy><w>164.6613</w><h>38.1078</h><angle>1.24895</angle></robndbox></object><object><type>robndbox</type><name>wheat_head</name><pose>Unspecified</pose><truncated>0</truncated><difficult>0</difficult><robndbox><cx>22.6594</cx><cy>337.9652</cy><w>39.7407</w><h>27.8041</h><angle>0.181239</angle></robndbox></object><object><type>robndbox</type><name>wheat_head</name><pose>Unspecified</pose><truncated>0</truncated><difficult>0</difficult><robndbox><cx>423.5419</cx><cy>934.2369</cy><w>41.5349</w><h>32.1039</h><angle>1.182121</angle></robndbox></object><object><type>robndbox</type><name>wheat_head</name><pose>Unspecified</pose><truncated>0</truncated><difficult>0</difficult><robndbox><cx>288.7181</cx><cy>36.3786</cy><w>27.5485</w><h>26.0592</h><angle>3.045331</angle></robndbox></object><object><type>robndbox</type><name>wheat_head</name><pose>Unspecified</pose><truncated>0</truncated><difficult>0</difficult><robndbox><cx>259.0364</cx><cy>9.4411</cy><w>22.3226</w><h>18.5921</h><angle>0.013331</angle></robndbox></object><object><type>robndbox</type><name>wheat_head</name><pose>Unspecified</pose><truncated>0</truncated><difficult>0</difficult><robndbox><cx>330.8877</cx><cy>1009.592</cy><w>27.4043</w><h>18.2455</h><angle>0.246916</angle></robndbox></object><object><type>robndbox</type><name>wheat_head</name><pose>Unspecified</pose><truncated>0</truncated><difficult>0</difficult><robndbox><cx>263.0174</cx><cy>577.6123</cy><w>35.6804</w><h>29.3568</h><angle>1.878241</angle></robndbox></object><object><type>robndbox</type><name>wheat_head</name><pose>Unspecified</pose><truncated>0</truncated><difficult>0</difficult><robndbox><cx>698.8074</cx><cy>520.3362</cy><w>89.8312</w><h>30.074</h><angle>0.671681</angle></robndbox></object><object><type>robndbox</type><name>wheat_head</name><pose>Unspecified</pose><truncated>0</truncated><difficult>0</difficult><robndbox><cx>691.894</cx><cy>843.9969</cy><w>31.8654</w><h>28.4288</h><angle>0.76802</angle></robndbox></object><object><type>robndbox</type><name>wheat_head</name><pose>Unspecified</pose><truncated>0</truncated><difficult>0</difficult><robndbox><cx>649.2778</cx><cy>818.4453</cy><w>49.207</w><h>30.3075</h><angle>0.42669</angle></robndbox></object><object><type>robndbox</type><name>wheat_head</name><pose>Unspecified</pose><truncated>0</truncated><difficult>0</difficult><robndbox><cx>350.5418</cx><cy>986.3916</cy><w>57.3062</w><h>26.1803</h><angle>0.510488</angle></robndbox></object><object><type>robndbox</type><name>wheat_head</name><pose>Unspecified</pose><truncated>0</truncated><difficult>0</difficult><robndbox><cx>286.1846</cx><cy>554.6306</cy><w>31.1325</w><h>27.9818</h><angle>2.18919</angle></robndbox></object><object><type>robndbox</type><name>wheat_head</name><pose>Unspecified</pose><truncated>0</truncated><difficult>0</difficult><robndbox><cx>338.4607</cx><cy>123.6993</cy><w>67.7422</w><h>30.4015</h><angle>0.14816</angle></robndbox></object></annotation>