<annotation verified="no"><folder>images</folder><filename>1b43ca0a6</filename><path>/home/badhon/Documents/thesis/final_dataset/ethz_1/images/1b43ca0a6.jpg</path><source><database>Unknown</database></source><size><width>1024</width><height>1024</height><depth>3</depth></size><segmented>0</segmented><object><type>robndbox</type><name>wheat_head</name><pose>Unspecified</pose><truncated>0</truncated><difficult>0</difficult><robndbox><cx>535.8312</cx><cy>491.6959</cy><w>97.937</w><h>35.9592</h><angle>0.986456</angle></robndbox></object><object><type>robndbox</type><name>wheat_head</name><pose>Unspecified</pose><truncated>0</truncated><difficult>0</difficult><robndbox><cx>399.3893</cx><cy>202.4648</cy><w>73.8235</w><h>33.0759</h><angle>1.062224</angle></robndbox></object><object><type>robndbox</type><name>wheat_head</name><pose>Unspecified</pose><truncated>0</truncated><difficult>0</difficult><robndbox><cx>154.2088</cx><cy>20.769</cy><w>64.7398</w><h>30.3103</h><angle>0.976708</angle></robndbox></object><object><type>robndbox</type><name>wheat_head</name><pose>Unspecified</pose><truncated>0</truncated><difficult>0</difficult><robndbox><cx>558.7987</cx><cy>364.5978</cy><w>83.8828</w><h>38.6421</h><angle>0.431452</angle></robndbox></object><object><type>robndbox</type><name>wheat_head</name><pose>Unspecified</pose><truncated>0</truncated><difficult>0</difficult><robndbox><cx>256.0041</cx><cy>256.5117</cy><w>83.6385</w><h>38.1652</h><angle>0.867296</angle></robndbox></object><object><type>robndbox</type><name>wheat_head</name><pose>Unspecified</pose><truncated>0</truncated><difficult>0</difficult><robndbox><cx>381.8709</cx><cy>505.1049</cy><w>96.2055</w><h>33.91</h><angle>0.926157</angle></robndbox></object><object><type>robndbox</type><name>wheat_head</name><pose>Unspecified</pose><truncated>0</truncated><difficult>0</difficult><robndbox><cx>135.0753</cx><cy>130.4907</cy><w>105.8923</w><h>38.6528</h><angle>0.656455</angle></robndbox></object><object><type>robndbox</type><name>wheat_head</name><pose>Unspecified</pose><truncated>0</truncated><difficult>0</difficult><robndbox><cx>37.8998</cx><cy>363.5429</cy><w>97.6157</w><h>39.1377</h><angle>0.697993</angle></robndbox></object><object><type>robndbox</type><name>wheat_head</name><pose>Unspecified</pose><truncated>0</truncated><difficult>0</difficult><robndbox><cx>904.067</cx><cy>608.2064</cy><w>76.5397</w><h>38.8602</h><angle>1.202752</angle></robndbox></object><object><type>robndbox</type><name>wheat_head</name><pose>Unspecified</pose><truncated>0</truncated><difficult>0</difficult><robndbox><cx>580.8931</cx><cy>644.9116</cy><w>68.6961</w><h>31.8302</h><angle>1.186475</angle></robndbox></object><object><type>robndbox</type><name>wheat_head</name><pose>Unspecified</pose><truncated>0</truncated><difficult>0</difficult><robndbox><cx>86.5103</cx><cy>722.1376</cy><w>88.8079</w><h>37.9495</h><angle>0.396271</angle></robndbox></object><object><type>robndbox</type><name>wheat_head</name><pose>Unspecified</pose><truncated>0</truncated><difficult>0</difficult><robndbox><cx>755.2233</cx><cy>14.7882</cy><w>39.9553</w><h>25.6666</h><angle>1.248314</angle></robndbox></object><object><type>robndbox</type><name>wheat_head</name><pose>Unspecified</pose><truncated>0</truncated><difficult>0</difficult><robndbox><cx>992.9039</cx><cy>17.0843</cy><w>55.2702</w><h>27.7347</h><angle>1.055712</angle></robndbox></object><object><type>robndbox</type><name>wheat_head</name><pose>Unspecified</pose><truncated>0</truncated><difficult>0</difficult><robndbox><cx>841.2251</cx><cy>357.3642</cy><w>69.4807</w><h>33.9469</h><angle>0.495033</angle></robndbox></object><object><type>robndbox</type><name>wheat_head</name><pose>Unspecified</pose><truncated>0</truncated><difficult>0</difficult><robndbox><cx>124.7519</cx><cy>231.5209</cy><w>119.8234</w><h>39.7306</h><angle>0.986091</angle></robndbox></object><object><type>robndbox</type><name>wheat_head</name><pose>Unspecified</pose><truncated>0</truncated><difficult>0</difficult><robndbox><cx>715.1041</cx><cy>228.0362</cy><w>89.7476</w><h>36.9026</h><angle>1.204665</angle></robndbox></object><object><type>robndbox</type><name>wheat_head</name><pose>Unspecified</pose><truncated>0</truncated><difficult>0</difficult><robndbox><cx>703.5976</cx><cy>523.5215</cy><w>95.1686</w><h>34.8528</h><angle>1.041273</angle></robndbox></object><object><type>robndbox</type><name>wheat_head</name><pose>Unspecified</pose><truncated>0</truncated><difficult>0</difficult><robndbox><cx>724.8218</cx><cy>369.2067</cy><w>55.5697</w><h>30.4981</h><angle>1.194094</angle></robndbox></object><object><type>robndbox</type><name>wheat_head</name><pose>Unspecified</pose><truncated>0</truncated><difficult>0</difficult><robndbox><cx>249.4497</cx><cy>969.7912</cy><w>83.317</w><h>35.3225</h><angle>0.284936</angle></robndbox></object><object><type>robndbox</type><name>wheat_head</name><pose>Unspecified</pose><truncated>0</truncated><difficult>0</difficult><robndbox><cx>335.411</cx><cy>876.554</cy><w>111.073</w><h>35.6825</h><angle>1.973611</angle></robndbox></object><object><type>robndbox</type><name>wheat_head</name><pose>Unspecified</pose><truncated>0</truncated><difficult>0</difficult><robndbox><cx>27.54</cx><cy>228.105</cy><w>68.8127</w><h>37.3053</h><angle>0.67289</angle></robndbox></object><object><type>robndbox</type><name>wheat_head</name><pose>Unspecified</pose><truncated>0</truncated><difficult>0</difficult><robndbox><cx>208.7402</cx><cy>635.787</cy><w>73.2981</w><h>31.7173</h><angle>0.465287</angle></robndbox></object><object><type>robndbox</type><name>wheat_head</name><pose>Unspecified</pose><truncated>0</truncated><difficult>0</difficult><robndbox><cx>874.2297</cx><cy>133.0258</cy><w>69.5239</w><h>37.3599</h><angle>0.411803</angle></robndbox></object><object><type>robndbox</type><name>wheat_head</name><pose>Unspecified</pose><truncated>0</truncated><difficult>0</difficult><robndbox><cx>441.645</cx><cy>711.1491</cy><w>47.9712</w><h>25.392</h><angle>1.326554</angle></robndbox></object><object><type>robndbox</type><name>wheat_head</name><pose>Unspecified</pose><truncated>0</truncated><difficult>0</difficult><robndbox><cx>487.2786</cx><cy>709.674</cy><w>66.648</w><h>22.8035</h><angle>0.658791</angle></robndbox></object><object><type>robndbox</type><name>wheat_head</name><pose>Unspecified</pose><truncated>0</truncated><difficult>0</difficult><robndbox><cx>813.2853</cx><cy>489.5116</cy><w>135.8991</w><h>41.0419</h><angle>1.211989</angle></robndbox></object><object><type>robndbox</type><name>wheat_head</name><pose>Unspecified</pose><truncated>0</truncated><difficult>0</difficult><robndbox><cx>82.8667</cx><cy>560.9239</cy><w>88.3534</w><h>37.0218</h><angle>0.304533</angle></robndbox></object><object><type>robndbox</type><name>wheat_head</name><pose>Unspecified</pose><truncated>0</truncated><difficult>0</difficult><robndbox><cx>548.7582</cx><cy>192.6408</cy><w>88.1218</w><h>33.9532</h><angle>1.189615</angle></robndbox></object><object><type>robndbox</type><name>wheat_head</name><pose>Unspecified</pose><truncated>0</truncated><difficult>0</difficult><robndbox><cx>19.6433</cx><cy>551.5284</cy><w>35.3827</w><h>34.2151</h><angle>2.006591</angle></robndbox></object><object><type>robndbox</type><name>wheat_head</name><pose>Unspecified</pose><truncated>0</truncated><difficult>0</difficult><robndbox><cx>515.4744</cx><cy>410.291</cy><w>70.5879</w><h>34.556</h><angle>0.254371</angle></robndbox></object><object><type>robndbox</type><name>wheat_head</name><pose>Unspecified</pose><truncated>0</truncated><difficult>0</difficult><robndbox><cx>1001.911</cx><cy>997.7672</cy><w>35.511</w><h>31.1144</h><angle>0.253431</angle></robndbox></object><object><type>robndbox</type><name>wheat_head</name><pose>Unspecified</pose><truncated>0</truncated><difficult>0</difficult><robndbox><cx>259.9679</cx><cy>569.933</cy><w>50.0532</w><h>31.5395</h><angle>0.577487</angle></robndbox></object><object><type>robndbox</type><name>wheat_head</name><pose>Unspecified</pose><truncated>0</truncated><difficult>0</difficult><robndbox><cx>368.5267</cx><cy>919.1906</cy><w>41.8879</w><h>29.7287</h><angle>1.355192</angle></robndbox></object><object><type>robndbox</type><name>wheat_head</name><pose>Unspecified</pose><truncated>0</truncated><difficult>0</difficult><robndbox><cx>827.8773</cx><cy>646.4348</cy><w>56.2624</w><h>37.1553</h><angle>0.432538</angle></robndbox></object><object><type>robndbox</type><name>wheat_head</name><pose>Unspecified</pose><truncated>0</truncated><difficult>0</difficult><robndbox><cx>165.015</cx><cy>948.2404</cy><w>60.7743</w><h>36.5973</h><angle>0.659211</angle></robndbox></object><object><type>robndbox</type><name>wheat_head</name><pose>Unspecified</pose><truncated>0</truncated><difficult>0</difficult><robndbox><cx>796.9746</cx><cy>684.8599</cy><w>60.9234</w><h>32.0327</h><angle>0.797804</angle></robndbox></object><object><type>robndbox</type><name>wheat_head</name><pose>Unspecified</pose><truncated>0</truncated><difficult>0</difficult><robndbox><cx>567.686</cx><cy>156.459</cy><w>79.3877</w><h>22.9833</h><angle>0.889615</angle></robndbox></object><object><type>robndbox</type><name>wheat_head</name><pose>Unspecified</pose><truncated>0</truncated><difficult>0</difficult><robndbox><cx>490.9808</cx><cy>881.6708</cy><w>82.2113</w><h>42.0493</h><angle>0.55882</angle></robndbox></object><object><type>robndbox</type><name>wheat_head</name><pose>Unspecified</pose><truncated>0</truncated><difficult>0</difficult><robndbox><cx>686.1636</cx><cy>159.9202</cy><w>68.8422</w><h>37.2121</h><angle>1.100672</angle></robndbox></object><object><type>robndbox</type><name>wheat_head</name><pose>Unspecified</pose><truncated>0</truncated><difficult>0</difficult><robndbox><cx>97.2994</cx><cy>918.9791</cy><w>63.4338</w><h>34.3091</h><angle>2.795159</angle></robndbox></object><object><type>robndbox</type><name>wheat_head</name><pose>Unspecified</pose><truncated>0</truncated><difficult>0</difficult><robndbox><cx>227.8637</cx><cy>124.0536</cy><w>133.2051</w><h>37.1386</h><angle>1.152563</angle></robndbox></object><object><type>robndbox</type><name>wheat_head</name><pose>Unspecified</pose><truncated>0</truncated><difficult>0</difficult><robndbox><cx>703.5976</cx><cy>523.5215</cy><w>95.1686</w><h>34.8528</h><angle>1.041273</angle></robndbox></object><object><type>robndbox</type><name>wheat_head</name><pose>Unspecified</pose><truncated>0</truncated><difficult>0</difficult><robndbox><cx>676.7309</cx><cy>7.8997</cy><w>45.0098</w><h>22.9908</h><angle>0.188055</angle></robndbox></object><object><type>robndbox</type><name>wheat_head</name><pose>Unspecified</pose><truncated>0</truncated><difficult>0</difficult><robndbox><cx>827.8773</cx><cy>646.4348</cy><w>56.2624</w><h>37.1553</h><angle>0.432538</angle></robndbox></object><object><type>robndbox</type><name>wheat_head</name><pose>Unspecified</pose><truncated>0</truncated><difficult>0</difficult><robndbox><cx>273.5918</cx><cy>420.4644</cy><w>50.1502</w><h>31.9146</h><angle>1.360475</angle></robndbox></object><object><type>robndbox</type><name>wheat_head</name><pose>Unspecified</pose><truncated>0</truncated><difficult>0</difficult><robndbox><cx>159.0623</cx><cy>1009.964</cy><w>49.267</w><h>23.4228</h><angle>3.134833</angle></robndbox></object><object><type>robndbox</type><name>wheat_head</name><pose>Unspecified</pose><truncated>0</truncated><difficult>0</difficult><robndbox><cx>449.7578</cx><cy>372.5894</cy><w>57.2515</w><h>36.9369</h><angle>0.407392</angle></robndbox></object><object><type>robndbox</type><name>wheat_head</name><pose>Unspecified</pose><truncated>0</truncated><difficult>0</difficult><robndbox><cx>493.3096</cx><cy>635.2902</cy><w>58.8795</w><h>35.4884</h><angle>0.34424</angle></robndbox></object><object><type>robndbox</type><name>wheat_head</name><pose>Unspecified</pose><truncated>0</truncated><difficult>0</difficult><robndbox><cx>644.9918</cx><cy>1004.3516</cy><w>33.0111</w><h>24.615</h><angle>0.967744</angle></robndbox></object><object><type>robndbox</type><name>wheat_head</name><pose>Unspecified</pose><truncated>0</truncated><difficult>0</difficult><robndbox><cx>920.7576</cx><cy>326.8271</cy><w>54.8183</w><h>31.148</h><angle>2.137298</angle></robndbox></object><object><type>robndbox</type><name>wheat_head</name><pose>Unspecified</pose><truncated>0</truncated><difficult>0</difficult><robndbox><cx>739.4455</cx><cy>697.6191</cy><w>43.5358</w><h>29.1713</h><angle>2.606188</angle></robndbox></object><object><type>robndbox</type><name>wheat_head</name><pose>Unspecified</pose><truncated>0</truncated><difficult>0</difficult><robndbox><cx>590.4935</cx><cy>931.8651</cy><w>53.8568</w><h>23.3629</h><angle>0.853332</angle></robndbox></object><object><type>robndbox</type><name>wheat_head</name><pose>Unspecified</pose><truncated>0</truncated><difficult>0</difficult><robndbox><cx>163.1759</cx><cy>590.4023</cy><w>65.3433</w><h>29.6669</h><angle>0.63447</angle></robndbox></object><object><type>robndbox</type><name>wheat_head</name><pose>Unspecified</pose><truncated>0</truncated><difficult>0</difficult><robndbox><cx>1014.1117</cx><cy>507.5714</cy><w>41.1982</w><h>12.5046</h><angle>1.544179</angle></robndbox></object><object><type>robndbox</type><name>wheat_head</name><pose>Unspecified</pose><truncated>0</truncated><difficult>0</difficult><robndbox><cx>402.0996</cx><cy>731.1122</cy><w>42.6019</w><h>27.9183</h><angle>0.22222</angle></robndbox></object><object><type>robndbox</type><name>wheat_head</name><pose>Unspecified</pose><truncated>0</truncated><difficult>0</difficult><robndbox><cx>744.9273</cx><cy>756.9964</cy><w>43.621</w><h>21.3272</h><angle>3.008572</angle></robndbox></object><object><type>robndbox</type><name>wheat_head</name><pose>Unspecified</pose><truncated>0</truncated><difficult>0</difficult><robndbox><cx>843.6087</cx><cy>685.058</cy><w>34.0</w><h>20.3961</h><angle>1.080839</angle></robndbox></object><object><type>robndbox</type><name>wheat_head</name><pose>Unspecified</pose><truncated>0</truncated><difficult>0</difficult><robndbox><cx>442.4108</cx><cy>602.3471</cy><w>67.8012</w><h>33.5383</h><angle>0.921396</angle></robndbox></object><object><type>robndbox</type><name>wheat_head</name><pose>Unspecified</pose><truncated>0</truncated><difficult>0</difficult><robndbox><cx>447.163</cx><cy>655.8934</cy><w>29.4279</w><h>19.2459</h><angle>1.400061</angle></robndbox></object></annotation>