<annotation verified="no"><folder>images</folder><filename>1bf4fb6e5</filename><path>/home/badhon/Documents/thesis/final_dataset/ethz_1/images/1bf4fb6e5.jpg</path><source><database>Unknown</database></source><size><width>1024</width><height>1024</height><depth>3</depth></size><segmented>0</segmented><object><type>robndbox</type><name>wheat_head</name><pose>Unspecified</pose><truncated>0</truncated><difficult>0</difficult><robndbox><cx>991.712</cx><cy>405.1001</cy><w>57.5085</w><h>32.0579</h><angle>1.187867</angle></robndbox></object><object><type>robndbox</type><name>wheat_head</name><pose>Unspecified</pose><truncated>0</truncated><difficult>0</difficult><robndbox><cx>303.5874</cx><cy>988.0863</cy><w>107.752</w><h>30.9614</h><angle>0.314982</angle></robndbox></object><object><type>robndbox</type><name>wheat_head</name><pose>Unspecified</pose><truncated>0</truncated><difficult>0</difficult><robndbox><cx>310.875</cx><cy>468.413</cy><w>91.9984</w><h>35.6368</h><angle>0.525169</angle></robndbox></object><object><type>robndbox</type><name>wheat_head</name><pose>Unspecified</pose><truncated>0</truncated><difficult>0</difficult><robndbox><cx>133.8423</cx><cy>819.2583</cy><w>80.3986</w><h>39.0711</h><angle>0.593142</angle></robndbox></object><object><type>robndbox</type><name>wheat_head</name><pose>Unspecified</pose><truncated>0</truncated><difficult>0</difficult><robndbox><cx>726.9053</cx><cy>425.068</cy><w>92.2939</w><h>41.2243</h><angle>0.437937</angle></robndbox></object><object><type>robndbox</type><name>wheat_head</name><pose>Unspecified</pose><truncated>0</truncated><difficult>0</difficult><robndbox><cx>400.2128</cx><cy>453.3494</cy><w>158.6565</w><h>40.5902</h><angle>0.388694</angle></robndbox></object><object><type>robndbox</type><name>wheat_head</name><pose>Unspecified</pose><truncated>0</truncated><difficult>0</difficult><robndbox><cx>802.8066</cx><cy>760.7779</cy><w>74.3866</w><h>31.0036</h><angle>0.551389</angle></robndbox></object><object><type>robndbox</type><name>wheat_head</name><pose>Unspecified</pose><truncated>0</truncated><difficult>0</difficult><robndbox><cx>241.0599</cx><cy>524.6305</cy><w>84.9178</w><h>28.6177</h><angle>0.266147</angle></robndbox></object><object><type>robndbox</type><name>wheat_head</name><pose>Unspecified</pose><truncated>0</truncated><difficult>0</difficult><robndbox><cx>564.769</cx><cy>394.1834</cy><w>89.4982</w><h>29.9626</h><angle>0.829643</angle></robndbox></object><object><type>robndbox</type><name>wheat_head</name><pose>Unspecified</pose><truncated>0</truncated><difficult>0</difficult><robndbox><cx>937.0424</cx><cy>726.7449</cy><w>87.9001</w><h>34.4695</h><angle>1.397218</angle></robndbox></object><object><type>robndbox</type><name>wheat_head</name><pose>Unspecified</pose><truncated>0</truncated><difficult>0</difficult><robndbox><cx>39.2586</cx><cy>36.5089</cy><w>88.0124</w><h>30.6405</h><angle>0.916021</angle></robndbox></object><object><type>robndbox</type><name>wheat_head</name><pose>Unspecified</pose><truncated>0</truncated><difficult>0</difficult><robndbox><cx>450.8777</cx><cy>20.9999</cy><w>86.1354</w><h>39.9356</h><angle>0.55274</angle></robndbox></object><object><type>robndbox</type><name>wheat_head</name><pose>Unspecified</pose><truncated>0</truncated><difficult>0</difficult><robndbox><cx>500.0998</cx><cy>636.7169</cy><w>108.575</w><h>37.6052</h><angle>1.217444</angle></robndbox></object><object><type>robndbox</type><name>wheat_head</name><pose>Unspecified</pose><truncated>0</truncated><difficult>0</difficult><robndbox><cx>322.8275</cx><cy>707.793</cy><w>122.4962</w><h>34.3814</h><angle>0.435702</angle></robndbox></object><object><type>robndbox</type><name>wheat_head</name><pose>Unspecified</pose><truncated>0</truncated><difficult>0</difficult><robndbox><cx>928.8307</cx><cy>658.9933</cy><w>72.4136</w><h>32.0305</h><angle>0.926431</angle></robndbox></object><object><type>robndbox</type><name>wheat_head</name><pose>Unspecified</pose><truncated>0</truncated><difficult>0</difficult><robndbox><cx>47.589</cx><cy>127.9409</cy><w>78.2893</w><h>28.0169</h><angle>0.347624</angle></robndbox></object><object><type>robndbox</type><name>wheat_head</name><pose>Unspecified</pose><truncated>0</truncated><difficult>0</difficult><robndbox><cx>439.4791</cx><cy>365.5811</cy><w>142.0877</w><h>43.0001</h><angle>0.335271</angle></robndbox></object><object><type>robndbox</type><name>wheat_head</name><pose>Unspecified</pose><truncated>0</truncated><difficult>0</difficult><robndbox><cx>237.2221</cx><cy>162.6705</cy><w>95.9159</w><h>31.4169</h><angle>0.680633</angle></robndbox></object><object><type>robndbox</type><name>wheat_head</name><pose>Unspecified</pose><truncated>0</truncated><difficult>0</difficult><robndbox><cx>863.9557</cx><cy>664.54</cy><w>111.3984</w><h>30.1608</h><angle>0.591939</angle></robndbox></object><object><type>robndbox</type><name>wheat_head</name><pose>Unspecified</pose><truncated>0</truncated><difficult>0</difficult><robndbox><cx>140.9994</cx><cy>221.0241</cy><w>162.628</w><h>37.1928</h><angle>0.135336</angle></robndbox></object><object><type>robndbox</type><name>wheat_head</name><pose>Unspecified</pose><truncated>0</truncated><difficult>0</difficult><robndbox><cx>613.0004</cx><cy>839.7026</cy><w>137.5385</w><h>42.279</h><angle>0.67974</angle></robndbox></object><object><type>robndbox</type><name>wheat_head</name><pose>Unspecified</pose><truncated>0</truncated><difficult>0</difficult><robndbox><cx>243.3502</cx><cy>489.4269</cy><w>76.079</w><h>29.7078</h><angle>0.598626</angle></robndbox></object><object><type>robndbox</type><name>wheat_head</name><pose>Unspecified</pose><truncated>0</truncated><difficult>0</difficult><robndbox><cx>679.3415</cx><cy>372.1879</cy><w>48.0953</w><h>26.6997</h><angle>1.368242</angle></robndbox></object><object><type>robndbox</type><name>wheat_head</name><pose>Unspecified</pose><truncated>0</truncated><difficult>0</difficult><robndbox><cx>143.0173</cx><cy>317.787</cy><w>146.7368</w><h>40.9981</h><angle>0.288717</angle></robndbox></object><object><type>robndbox</type><name>wheat_head</name><pose>Unspecified</pose><truncated>0</truncated><difficult>0</difficult><robndbox><cx>22.8043</cx><cy>243.6749</cy><w>38.0632</w><h>31.6432</h><angle>0.29447</angle></robndbox></object><object><type>robndbox</type><name>wheat_head</name><pose>Unspecified</pose><truncated>0</truncated><difficult>0</difficult><robndbox><cx>882.0132</cx><cy>493.2331</cy><w>101.0623</w><h>38.2213</h><angle>0.400978</angle></robndbox></object><object><type>robndbox</type><name>wheat_head</name><pose>Unspecified</pose><truncated>0</truncated><difficult>0</difficult><robndbox><cx>56.2821</cx><cy>342.026</cy><w>106.9357</w><h>33.4794</h><angle>0.259484</angle></robndbox></object><object><type>robndbox</type><name>wheat_head</name><pose>Unspecified</pose><truncated>0</truncated><difficult>0</difficult><robndbox><cx>631.1762</cx><cy>147.5236</cy><w>99.7715</w><h>26.9627</h><angle>0.814381</angle></robndbox></object><object><type>robndbox</type><name>wheat_head</name><pose>Unspecified</pose><truncated>0</truncated><difficult>0</difficult><robndbox><cx>475.8558</cx><cy>914.2078</cy><w>54.3556</w><h>33.0392</h><angle>0.734276</angle></robndbox></object><object><type>robndbox</type><name>wheat_head</name><pose>Unspecified</pose><truncated>0</truncated><difficult>0</difficult><robndbox><cx>889.0176</cx><cy>153.6744</cy><w>188.6879</w><h>41.9426</h><angle>0.612059</angle></robndbox></object><object><type>robndbox</type><name>wheat_head</name><pose>Unspecified</pose><truncated>0</truncated><difficult>0</difficult><robndbox><cx>528.1565</cx><cy>444.3297</cy><w>52.6361</w><h>30.9842</h><angle>0.650988</angle></robndbox></object><object><type>robndbox</type><name>wheat_head</name><pose>Unspecified</pose><truncated>0</truncated><difficult>0</difficult><robndbox><cx>530.3781</cx><cy>912.4154</cy><w>42.777</w><h>26.9356</h><angle>0.485974</angle></robndbox></object><object><type>robndbox</type><name>wheat_head</name><pose>Unspecified</pose><truncated>0</truncated><difficult>0</difficult><robndbox><cx>898.6567</cx><cy>37.7641</cy><w>67.8521</w><h>33.224</h><angle>1.191584</angle></robndbox></object><object><type>robndbox</type><name>wheat_head</name><pose>Unspecified</pose><truncated>0</truncated><difficult>0</difficult><robndbox><cx>659.8436</cx><cy>94.3961</cy><w>71.9194</w><h>34.0051</h><angle>0.982293</angle></robndbox></object><object><type>robndbox</type><name>wheat_head</name><pose>Unspecified</pose><truncated>0</truncated><difficult>0</difficult><robndbox><cx>923.6767</cx><cy>848.5034</cy><w>83.013</w><h>38.8511</h><angle>0.444315</angle></robndbox></object><object><type>robndbox</type><name>wheat_head</name><pose>Unspecified</pose><truncated>0</truncated><difficult>0</difficult><robndbox><cx>594.5909</cx><cy>38.4469</cy><w>72.0748</w><h>32.3056</h><angle>0.646984</angle></robndbox></object><object><type>robndbox</type><name>wheat_head</name><pose>Unspecified</pose><truncated>0</truncated><difficult>0</difficult><robndbox><cx>712.1187</cx><cy>1003.5212</cy><w>75.7132</w><h>25.77</h><angle>0.1807</angle></robndbox></object><object><type>robndbox</type><name>wheat_head</name><pose>Unspecified</pose><truncated>0</truncated><difficult>0</difficult><robndbox><cx>607.4634</cx><cy>786.7949</cy><w>127.1235</w><h>31.3934</h><angle>0.58144</angle></robndbox></object><object><type>robndbox</type><name>wheat_head</name><pose>Unspecified</pose><truncated>0</truncated><difficult>0</difficult><robndbox><cx>534.839</cx><cy>857.2891</cy><w>70.7548</w><h>33.3776</h><angle>0.204837</angle></robndbox></object><object><type>robndbox</type><name>wheat_head</name><pose>Unspecified</pose><truncated>0</truncated><difficult>0</difficult><robndbox><cx>267.5764</cx><cy>107.6809</cy><w>171.9913</w><h>40.777</h><angle>0.355542</angle></robndbox></object><object><type>robndbox</type><name>wheat_head</name><pose>Unspecified</pose><truncated>0</truncated><difficult>0</difficult><robndbox><cx>639.7347</cx><cy>433.3197</cy><w>52.3752</w><h>31.1491</h><angle>0.178951</angle></robndbox></object><object><type>robndbox</type><name>wheat_head</name><pose>Unspecified</pose><truncated>0</truncated><difficult>0</difficult><robndbox><cx>171.3356</cx><cy>679.6497</cy><w>143.222</w><h>42.9988</h><angle>1.458346</angle></robndbox></object><object><type>robndbox</type><name>wheat_head</name><pose>Unspecified</pose><truncated>0</truncated><difficult>0</difficult><robndbox><cx>114.5188</cx><cy>490.4828</cy><w>93.6529</w><h>27.0463</h><angle>3.121405</angle></robndbox></object><object><type>robndbox</type><name>wheat_head</name><pose>Unspecified</pose><truncated>0</truncated><difficult>0</difficult><robndbox><cx>508.3972</cx><cy>810.1478</cy><w>103.9311</w><h>33.4865</h><angle>2.783135</angle></robndbox></object><object><type>robndbox</type><name>wheat_head</name><pose>Unspecified</pose><truncated>0</truncated><difficult>0</difficult><robndbox><cx>485.0481</cx><cy>745.3547</cy><w>53.3771</w><h>31.426</h><angle>1.313682</angle></robndbox></object><object><type>robndbox</type><name>wheat_head</name><pose>Unspecified</pose><truncated>0</truncated><difficult>0</difficult><robndbox><cx>383.884</cx><cy>131.2612</cy><w>52.3032</w><h>30.8686</h><angle>0.137409</angle></robndbox></object><object><type>robndbox</type><name>wheat_head</name><pose>Unspecified</pose><truncated>0</truncated><difficult>0</difficult><robndbox><cx>945.7781</cx><cy>919.2811</cy><w>115.743</w><h>31.7569</h><angle>3.120069</angle></robndbox></object><object><type>robndbox</type><name>wheat_head</name><pose>Unspecified</pose><truncated>0</truncated><difficult>0</difficult><robndbox><cx>438.2072</cx><cy>738.9606</cy><w>56.7699</w><h>34.3102</h><angle>3.126266</angle></robndbox></object><object><type>robndbox</type><name>wheat_head</name><pose>Unspecified</pose><truncated>0</truncated><difficult>0</difficult><robndbox><cx>830.6306</cx><cy>877.3318</cy><w>114.1301</w><h>34.4921</h><angle>0.078778</angle></robndbox></object><object><type>robndbox</type><name>wheat_head</name><pose>Unspecified</pose><truncated>0</truncated><difficult>0</difficult><robndbox><cx>79.874</cx><cy>185.208</cy><w>59.8212</w><h>22.1243</h><angle>0.255304</angle></robndbox></object><object><type>robndbox</type><name>wheat_head</name><pose>Unspecified</pose><truncated>0</truncated><difficult>0</difficult><robndbox><cx>165.2527</cx><cy>156.8441</cy><w>177.3099</w><h>35.7106</h><angle>0.885346</angle></robndbox></object><object><type>robndbox</type><name>wheat_head</name><pose>Unspecified</pose><truncated>0</truncated><difficult>0</difficult><robndbox><cx>570.9298</cx><cy>60.0799</cy><w>97.3312</w><h>29.5038</h><angle>1.004126</angle></robndbox></object><object><type>robndbox</type><name>wheat_head</name><pose>Unspecified</pose><truncated>0</truncated><difficult>0</difficult><robndbox><cx>289.5262</cx><cy>609.3831</cy><w>66.5141</w><h>30.2754</h><angle>0.531388</angle></robndbox></object><object><type>robndbox</type><name>wheat_head</name><pose>Unspecified</pose><truncated>0</truncated><difficult>0</difficult><robndbox><cx>348.6061</cx><cy>11.556</cy><w>66.5411</w><h>20.7401</h><angle>0.037582</angle></robndbox></object><object><type>robndbox</type><name>wheat_head</name><pose>Unspecified</pose><truncated>0</truncated><difficult>0</difficult><robndbox><cx>44.0825</cx><cy>462.1896</cy><w>83.9402</w><h>28.9578</h><angle>3.083095</angle></robndbox></object><object><type>robndbox</type><name>wheat_head</name><pose>Unspecified</pose><truncated>0</truncated><difficult>0</difficult><robndbox><cx>34.6049</cx><cy>501.8936</cy><w>58.4275</w><h>26.1164</h><angle>2.941099</angle></robndbox></object><object><type>robndbox</type><name>wheat_head</name><pose>Unspecified</pose><truncated>0</truncated><difficult>0</difficult><robndbox><cx>270.6375</cx><cy>760.288</cy><w>54.3679</w><h>24.4139</h><angle>0.501373</angle></robndbox></object><object><type>robndbox</type><name>wheat_head</name><pose>Unspecified</pose><truncated>0</truncated><difficult>0</difficult><robndbox><cx>325.8373</cx><cy>796.0291</cy><w>94.1703</w><h>37.9821</h><angle>1.17236</angle></robndbox></object><object><type>robndbox</type><name>wheat_head</name><pose>Unspecified</pose><truncated>0</truncated><difficult>0</difficult><robndbox><cx>882.0132</cx><cy>493.2331</cy><w>101.0623</w><h>38.2213</h><angle>0.400978</angle></robndbox></object><object><type>robndbox</type><name>wheat_head</name><pose>Unspecified</pose><truncated>0</truncated><difficult>0</difficult><robndbox><cx>36.3621</cx><cy>208.8141</cy><w>64.7596</w><h>33.332</h><angle>0.32036</angle></robndbox></object><object><type>robndbox</type><name>wheat_head</name><pose>Unspecified</pose><truncated>0</truncated><difficult>0</difficult><robndbox><cx>79.7671</cx><cy>269.1749</cy><w>79.2603</w><h>20.1032</h><angle>0.29447</angle></robndbox></object><object><type>robndbox</type><name>wheat_head</name><pose>Unspecified</pose><truncated>0</truncated><difficult>0</difficult><robndbox><cx>310.0688</cx><cy>189.6894</cy><w>43.1112</w><h>27.6974</h><angle>3.112918</angle></robndbox></object><object><type>robndbox</type><name>wheat_head</name><pose>Unspecified</pose><truncated>0</truncated><difficult>0</difficult><robndbox><cx>242.4968</cx><cy>30.7309</cy><w>72.8354</w><h>28.9136</h><angle>0.77569</angle></robndbox></object><object><type>robndbox</type><name>wheat_head</name><pose>Unspecified</pose><truncated>0</truncated><difficult>0</difficult><robndbox><cx>652.4197</cx><cy>44.1486</cy><w>60.5392</w><h>28.9501</h><angle>0.389709</angle></robndbox></object><object><type>robndbox</type><name>wheat_head</name><pose>Unspecified</pose><truncated>0</truncated><difficult>0</difficult><robndbox><cx>419.3054</cx><cy>522.0807</cy><w>77.4661</w><h>8.0902</h><angle>0.885975</angle></robndbox></object><object><type>robndbox</type><name>wheat_head</name><pose>Unspecified</pose><truncated>0</truncated><difficult>0</difficult><robndbox><cx>366.8617</cx><cy>803.2929</cy><w>41.4782</w><h>30.5806</h><angle>1.045311</angle></robndbox></object><object><type>robndbox</type><name>wheat_head</name><pose>Unspecified</pose><truncated>0</truncated><difficult>0</difficult><robndbox><cx>434.3941</cx><cy>1009.5569</cy><w>50.9608</w><h>23.4507</h><angle>2.863293</angle></robndbox></object><object><type>robndbox</type><name>wheat_head</name><pose>Unspecified</pose><truncated>0</truncated><difficult>0</difficult><robndbox><cx>988.1087</cx><cy>1017.058</cy><w>63.0317</w><h>21.095</h><angle>3.109857</angle></robndbox></object><object><type>robndbox</type><name>wheat_head</name><pose>Unspecified</pose><truncated>0</truncated><difficult>0</difficult><robndbox><cx>210.1087</cx><cy>958.4871</cy><w>181.0</w><h>29.1695</h><angle>0.0</angle></robndbox></object></annotation>