<annotation verified="no"><folder>images</folder><filename>1c5f25cd1</filename><path>/home/badhon/Documents/thesis/final_dataset/ethz_1/images/1c5f25cd1.jpg</path><source><database>Unknown</database></source><size><width>1024</width><height>1024</height><depth>3</depth></size><segmented>0</segmented><object><type>robndbox</type><name>wheat_head</name><pose>Unspecified</pose><truncated>0</truncated><difficult>0</difficult><robndbox><cx>969.283</cx><cy>577.2052</cy><w>81.0178</w><h>33.6063</h><angle>0.939293</angle></robndbox></object><object><type>robndbox</type><name>wheat_head</name><pose>Unspecified</pose><truncated>0</truncated><difficult>0</difficult><robndbox><cx>450.8867</cx><cy>28.632</cy><w>84.0221</w><h>38.7232</h><angle>0.445529</angle></robndbox></object><object><type>robndbox</type><name>wheat_head</name><pose>Unspecified</pose><truncated>0</truncated><difficult>0</difficult><robndbox><cx>92.7436</cx><cy>227.779</cy><w>127.0623</w><h>43.2208</h><angle>0.566222</angle></robndbox></object><object><type>robndbox</type><name>wheat_head</name><pose>Unspecified</pose><truncated>0</truncated><difficult>0</difficult><robndbox><cx>350.6716</cx><cy>503.2574</cy><w>83.2457</w><h>37.5712</h><angle>0.477749</angle></robndbox></object><object><type>robndbox</type><name>wheat_head</name><pose>Unspecified</pose><truncated>0</truncated><difficult>0</difficult><robndbox><cx>537.7305</cx><cy>524.7467</cy><w>108.1868</w><h>35.6855</h><angle>0.339169</angle></robndbox></object><object><type>robndbox</type><name>wheat_head</name><pose>Unspecified</pose><truncated>0</truncated><difficult>0</difficult><robndbox><cx>676.4507</cx><cy>160.3687</cy><w>73.8184</w><h>32.6719</h><angle>0.713427</angle></robndbox></object><object><type>robndbox</type><name>wheat_head</name><pose>Unspecified</pose><truncated>0</truncated><difficult>0</difficult><robndbox><cx>31.5595</cx><cy>151.6957</cy><w>71.2493</w><h>38.8752</h><angle>0.426995</angle></robndbox></object><object><type>robndbox</type><name>wheat_head</name><pose>Unspecified</pose><truncated>0</truncated><difficult>0</difficult><robndbox><cx>167.6397</cx><cy>389.0223</cy><w>89.5559</w><h>35.9256</h><angle>0.276617</angle></robndbox></object><object><type>robndbox</type><name>wheat_head</name><pose>Unspecified</pose><truncated>0</truncated><difficult>0</difficult><robndbox><cx>332.0508</cx><cy>567.2605</cy><w>83.46</w><h>41.2267</h><angle>0.276327</angle></robndbox></object><object><type>robndbox</type><name>wheat_head</name><pose>Unspecified</pose><truncated>0</truncated><difficult>0</difficult><robndbox><cx>606.0878</cx><cy>259.7306</cy><w>120.4043</w><h>36.524</h><angle>0.574773</angle></robndbox></object><object><type>robndbox</type><name>wheat_head</name><pose>Unspecified</pose><truncated>0</truncated><difficult>0</difficult><robndbox><cx>599.3336</cx><cy>360.5375</cy><w>57.8444</w><h>34.2637</h><angle>0.476578</angle></robndbox></object><object><type>robndbox</type><name>wheat_head</name><pose>Unspecified</pose><truncated>0</truncated><difficult>0</difficult><robndbox><cx>254.4581</cx><cy>19.1958</cy><w>79.3501</w><h>38.5955</h><angle>0.581839</angle></robndbox></object><object><type>robndbox</type><name>wheat_head</name><pose>Unspecified</pose><truncated>0</truncated><difficult>0</difficult><robndbox><cx>220.9757</cx><cy>917.0032</cy><w>86.1074</w><h>39.3191</h><angle>0.661879</angle></robndbox></object><object><type>robndbox</type><name>wheat_head</name><pose>Unspecified</pose><truncated>0</truncated><difficult>0</difficult><robndbox><cx>41.4859</cx><cy>287.3389</cy><w>75.3143</w><h>46.0396</h><angle>0.285677</angle></robndbox></object><object><type>robndbox</type><name>wheat_head</name><pose>Unspecified</pose><truncated>0</truncated><difficult>0</difficult><robndbox><cx>41.4859</cx><cy>287.3389</cy><w>75.3143</w><h>46.0396</h><angle>0.285677</angle></robndbox></object><object><type>robndbox</type><name>wheat_head</name><pose>Unspecified</pose><truncated>0</truncated><difficult>0</difficult><robndbox><cx>774.5071</cx><cy>332.3018</cy><w>57.9252</w><h>30.5425</h><angle>0.374051</angle></robndbox></object><object><type>robndbox</type><name>wheat_head</name><pose>Unspecified</pose><truncated>0</truncated><difficult>0</difficult><robndbox><cx>747.6252</cx><cy>927.5248</cy><w>119.2146</w><h>42.3972</h><angle>0.30172</angle></robndbox></object><object><type>robndbox</type><name>wheat_head</name><pose>Unspecified</pose><truncated>0</truncated><difficult>0</difficult><robndbox><cx>512.2781</cx><cy>326.9382</cy><w>76.5116</w><h>36.361</h><angle>0.399141</angle></robndbox></object><object><type>robndbox</type><name>wheat_head</name><pose>Unspecified</pose><truncated>0</truncated><difficult>0</difficult><robndbox><cx>405.9129</cx><cy>327.2525</cy><w>52.7465</w><h>29.3314</h><angle>0.504075</angle></robndbox></object><object><type>robndbox</type><name>wheat_head</name><pose>Unspecified</pose><truncated>0</truncated><difficult>0</difficult><robndbox><cx>16.3129</cx><cy>33.2164</cy><w>37.6898</w><h>35.0064</h><angle>0.39625</angle></robndbox></object><object><type>robndbox</type><name>wheat_head</name><pose>Unspecified</pose><truncated>0</truncated><difficult>0</difficult><robndbox><cx>979.5229</cx><cy>489.1013</cy><w>70.1992</w><h>28.3148</h><angle>1.117567</angle></robndbox></object><object><type>robndbox</type><name>wheat_head</name><pose>Unspecified</pose><truncated>0</truncated><difficult>0</difficult><robndbox><cx>498.7949</cx><cy>596.8574</cy><w>135.8509</w><h>30.1519</h><angle>0.024889</angle></robndbox></object><object><type>robndbox</type><name>wheat_head</name><pose>Unspecified</pose><truncated>0</truncated><difficult>0</difficult><robndbox><cx>711.2883</cx><cy>538.8628</cy><w>117.5058</w><h>39.216</h><angle>0.146315</angle></robndbox></object><object><type>robndbox</type><name>wheat_head</name><pose>Unspecified</pose><truncated>0</truncated><difficult>0</difficult><robndbox><cx>753.4897</cx><cy>248.1918</cy><w>90.9383</w><h>36.5037</h><angle>0.200674</angle></robndbox></object><object><type>robndbox</type><name>wheat_head</name><pose>Unspecified</pose><truncated>0</truncated><difficult>0</difficult><robndbox><cx>911.6125</cx><cy>186.9272</cy><w>83.9484</w><h>38.212</h><angle>0.325521</angle></robndbox></object><object><type>robndbox</type><name>wheat_head</name><pose>Unspecified</pose><truncated>0</truncated><difficult>0</difficult><robndbox><cx>100.754</cx><cy>352.7081</cy><w>84.4526</w><h>32.3914</h><angle>0.01873</angle></robndbox></object><object><type>robndbox</type><name>wheat_head</name><pose>Unspecified</pose><truncated>0</truncated><difficult>0</difficult><robndbox><cx>30.1725</cx><cy>664.6846</cy><w>65.6027</w><h>38.0723</h><angle>0.588174</angle></robndbox></object><object><type>robndbox</type><name>wheat_head</name><pose>Unspecified</pose><truncated>0</truncated><difficult>0</difficult><robndbox><cx>662.4122</cx><cy>336.4456</cy><w>81.3126</w><h>24.5984</h><angle>0.21341</angle></robndbox></object><object><type>robndbox</type><name>wheat_head</name><pose>Unspecified</pose><truncated>0</truncated><difficult>0</difficult><robndbox><cx>238.9531</cx><cy>606.1841</cy><w>89.8761</w><h>31.5066</h><angle>0.398772</angle></robndbox></object><object><type>robndbox</type><name>wheat_head</name><pose>Unspecified</pose><truncated>0</truncated><difficult>0</difficult><robndbox><cx>832.6967</cx><cy>382.938</cy><w>61.5605</w><h>32.6825</h><angle>0.382057</angle></robndbox></object><object><type>robndbox</type><name>wheat_head</name><pose>Unspecified</pose><truncated>0</truncated><difficult>0</difficult><robndbox><cx>929.0449</cx><cy>895.6234</cy><w>81.0727</w><h>38.9012</h><angle>0.488821</angle></robndbox></object><object><type>robndbox</type><name>wheat_head</name><pose>Unspecified</pose><truncated>0</truncated><difficult>0</difficult><robndbox><cx>46.9307</cx><cy>403.7227</cy><w>57.6603</w><h>27.3547</h><angle>1.364472</angle></robndbox></object><object><type>robndbox</type><name>wheat_head</name><pose>Unspecified</pose><truncated>0</truncated><difficult>0</difficult><robndbox><cx>152.5884</cx><cy>924.5514</cy><w>70.3127</w><h>36.7408</h><angle>0.373688</angle></robndbox></object><object><type>robndbox</type><name>wheat_head</name><pose>Unspecified</pose><truncated>0</truncated><difficult>0</difficult><robndbox><cx>320.1534</cx><cy>703.7616</cy><w>89.9044</w><h>34.5689</h><angle>0.014603</angle></robndbox></object><object><type>robndbox</type><name>wheat_head</name><pose>Unspecified</pose><truncated>0</truncated><difficult>0</difficult><robndbox><cx>115.1205</cx><cy>528.6532</cy><w>106.3822</w><h>43.6945</h><angle>0.695881</angle></robndbox></object><object><type>robndbox</type><name>wheat_head</name><pose>Unspecified</pose><truncated>0</truncated><difficult>0</difficult><robndbox><cx>247.9385</cx><cy>553.8748</cy><w>60.9668</w><h>26.2687</h><angle>0.373204</angle></robndbox></object><object><type>robndbox</type><name>wheat_head</name><pose>Unspecified</pose><truncated>0</truncated><difficult>0</difficult><robndbox><cx>415.3327</cx><cy>719.2692</cy><w>69.9503</w><h>28.0682</h><angle>0.107204</angle></robndbox></object><object><type>robndbox</type><name>wheat_head</name><pose>Unspecified</pose><truncated>0</truncated><difficult>0</difficult><robndbox><cx>938.9711</cx><cy>713.4698</cy><w>81.6448</w><h>33.4687</h><angle>3.089552</angle></robndbox></object><object><type>robndbox</type><name>wheat_head</name><pose>Unspecified</pose><truncated>0</truncated><difficult>0</difficult><robndbox><cx>1006.6722</cx><cy>923.7571</cy><w>57.6528</w><h>26.3839</h><angle>1.35892</angle></robndbox></object><object><type>robndbox</type><name>wheat_head</name><pose>Unspecified</pose><truncated>0</truncated><difficult>0</difficult><robndbox><cx>98.8295</cx><cy>896.1416</cy><w>98.4678</w><h>28.9588</h><angle>3.01781</angle></robndbox></object><object><type>robndbox</type><name>wheat_head</name><pose>Unspecified</pose><truncated>0</truncated><difficult>0</difficult><robndbox><cx>414.2357</cx><cy>649.8676</cy><w>86.3456</w><h>35.7703</h><angle>0.012502</angle></robndbox></object><object><type>robndbox</type><name>wheat_head</name><pose>Unspecified</pose><truncated>0</truncated><difficult>0</difficult><robndbox><cx>672.8081</cx><cy>740.4274</cy><w>39.1146</w><h>30.0849</h><angle>0.394879</angle></robndbox></object><object><type>robndbox</type><name>wheat_head</name><pose>Unspecified</pose><truncated>0</truncated><difficult>0</difficult><robndbox><cx>229.4166</cx><cy>689.5204</cy><w>46.5119</w><h>25.1324</h><angle>0.170331</angle></robndbox></object><object><type>robndbox</type><name>wheat_head</name><pose>Unspecified</pose><truncated>0</truncated><difficult>0</difficult><robndbox><cx>183.6113</cx><cy>723.7488</cy><w>94.31</w><h>39.1112</h><angle>2.951815</angle></robndbox></object><object><type>robndbox</type><name>wheat_head</name><pose>Unspecified</pose><truncated>0</truncated><difficult>0</difficult><robndbox><cx>761.3665</cx><cy>595.1776</cy><w>51.0682</w><h>26.9106</h><angle>0.177702</angle></robndbox></object><object><type>robndbox</type><name>wheat_head</name><pose>Unspecified</pose><truncated>0</truncated><difficult>0</difficult><robndbox><cx>879.0076</cx><cy>645.5109</cy><w>79.0378</w><h>33.7027</h><angle>0.107269</angle></robndbox></object><object><type>robndbox</type><name>wheat_head</name><pose>Unspecified</pose><truncated>0</truncated><difficult>0</difficult><robndbox><cx>477.2351</cx><cy>378.4174</cy><w>61.0697</w><h>37.1216</h><angle>0.425862</angle></robndbox></object><object><type>robndbox</type><name>wheat_head</name><pose>Unspecified</pose><truncated>0</truncated><difficult>0</difficult><robndbox><cx>48.0969</cx><cy>936.5877</cy><w>81.9587</w><h>33.3971</h><angle>3.081371</angle></robndbox></object><object><type>robndbox</type><name>wheat_head</name><pose>Unspecified</pose><truncated>0</truncated><difficult>0</difficult><robndbox><cx>28.9631</cx><cy>695.2328</cy><w>56.2783</w><h>16.8197</h><angle>0.123984</angle></robndbox></object><object><type>robndbox</type><name>wheat_head</name><pose>Unspecified</pose><truncated>0</truncated><difficult>0</difficult><robndbox><cx>115.1205</cx><cy>528.6532</cy><w>106.3822</w><h>43.6945</h><angle>0.695881</angle></robndbox></object><object><type>robndbox</type><name>wheat_head</name><pose>Unspecified</pose><truncated>0</truncated><difficult>0</difficult><robndbox><cx>433.3742</cx><cy>873.8654</cy><w>62.1574</w><h>39.6352</h><angle>1.38588</angle></robndbox></object><object><type>robndbox</type><name>wheat_head</name><pose>Unspecified</pose><truncated>0</truncated><difficult>0</difficult><robndbox><cx>557.5</cx><cy>240.5</cy><w>41.1171</w><h>28.945</h><angle>1.893091</angle></robndbox></object><object><type>robndbox</type><name>wheat_head</name><pose>Unspecified</pose><truncated>0</truncated><difficult>0</difficult><robndbox><cx>523.8841</cx><cy>653.3132</cy><w>66.9475</w><h>40.1638</h><angle>0.081641</angle></robndbox></object><object><type>robndbox</type><name>wheat_head</name><pose>Unspecified</pose><truncated>0</truncated><difficult>0</difficult><robndbox><cx>432.673</cx><cy>922.0404</cy><w>94.7285</w><h>40.0285</h><angle>0.019255</angle></robndbox></object><object><type>robndbox</type><name>wheat_head</name><pose>Unspecified</pose><truncated>0</truncated><difficult>0</difficult><robndbox><cx>356.6265</cx><cy>1013.9281</cy><w>58.6215</w><h>16.1507</h><angle>0.034168</angle></robndbox></object><object><type>robndbox</type><name>wheat_head</name><pose>Unspecified</pose><truncated>0</truncated><difficult>0</difficult><robndbox><cx>16.9522</cx><cy>742.7488</cy><w>30.8169</w><h>27.1132</h><angle>1.609883</angle></robndbox></object><object><type>robndbox</type><name>wheat_head</name><pose>Unspecified</pose><truncated>0</truncated><difficult>0</difficult><robndbox><cx>840.5408</cx><cy>277.9636</cy><w>62.5869</w><h>37.4316</h><angle>0.565873</angle></robndbox></object><object><type>robndbox</type><name>wheat_head</name><pose>Unspecified</pose><truncated>0</truncated><difficult>0</difficult><robndbox><cx>235.9366</cx><cy>228.1674</cy><w>90.8553</w><h>24.8968</h><angle>0.875059</angle></robndbox></object><object><type>robndbox</type><name>wheat_head</name><pose>Unspecified</pose><truncated>0</truncated><difficult>0</difficult><robndbox><cx>154.3154</cx><cy>601.9229</cy><w>74.1167</w><h>33.3351</h><angle>3.127269</angle></robndbox></object><object><type>robndbox</type><name>wheat_head</name><pose>Unspecified</pose><truncated>0</truncated><difficult>0</difficult><robndbox><cx>706.1609</cx><cy>833.2748</cy><w>50.8612</w><h>31.0356</h><angle>3.036601</angle></robndbox></object><object><type>robndbox</type><name>wheat_head</name><pose>Unspecified</pose><truncated>0</truncated><difficult>0</difficult><robndbox><cx>910.2019</cx><cy>544.8726</cy><w>42.3424</w><h>32.7406</h><angle>0.215284</angle></robndbox></object><object><type>robndbox</type><name>wheat_head</name><pose>Unspecified</pose><truncated>0</truncated><difficult>0</difficult><robndbox><cx>723.9277</cx><cy>714.3901</cy><w>48.9113</w><h>30.8432</h><angle>2.844116</angle></robndbox></object><object><type>robndbox</type><name>wheat_head</name><pose>Unspecified</pose><truncated>0</truncated><difficult>0</difficult><robndbox><cx>321.8267</cx><cy>594.7623</cy><w>49.5316</w><h>25.0086</h><angle>0.407511</angle></robndbox></object><object><type>robndbox</type><name>wheat_head</name><pose>Unspecified</pose><truncated>0</truncated><difficult>0</difficult><robndbox><cx>889.2674</cx><cy>580.468</cy><w>47.9821</w><h>28.9306</h><angle>0.557061</angle></robndbox></object><object><type>robndbox</type><name>wheat_head</name><pose>Unspecified</pose><truncated>0</truncated><difficult>0</difficult><robndbox><cx>765.665</cx><cy>676.6024</cy><w>75.8347</w><h>32.0331</h><angle>3.028887</angle></robndbox></object><object><type>robndbox</type><name>wheat_head</name><pose>Unspecified</pose><truncated>0</truncated><difficult>0</difficult><robndbox><cx>684.0924</cx><cy>308.2283</cy><w>43.6832</w><h>25.861</h><angle>0.235045</angle></robndbox></object><object><type>robndbox</type><name>wheat_head</name><pose>Unspecified</pose><truncated>0</truncated><difficult>0</difficult><robndbox><cx>441.9293</cx><cy>951.549</cy><w>80.205</w><h>17.5443</h><angle>3.060847</angle></robndbox></object><object><type>robndbox</type><name>wheat_head</name><pose>Unspecified</pose><truncated>0</truncated><difficult>0</difficult><robndbox><cx>874.6143</cx><cy>715.5751</cy><w>47.0894</w><h>25.3656</h><angle>0.131629</angle></robndbox></object><object><type>robndbox</type><name>wheat_head</name><pose>Unspecified</pose><truncated>0</truncated><difficult>0</difficult><robndbox><cx>1009.0</cx><cy>658.0</cy><w>30.6034</w><h>20.1821</h><angle>2.942687</angle></robndbox></object><object><type>robndbox</type><name>wheat_head</name><pose>Unspecified</pose><truncated>0</truncated><difficult>0</difficult><robndbox><cx>72.1055</cx><cy>1006.8597</cy><w>76.7348</w><h>24.9524</h><angle>3.031831</angle></robndbox></object><object><type>robndbox</type><name>wheat_head</name><pose>Unspecified</pose><truncated>0</truncated><difficult>0</difficult><robndbox><cx>1005.2839</cx><cy>995.0127</cy><w>35.8719</w><h>30.7865</h><angle>1.708918</angle></robndbox></object><object><type>robndbox</type><name>wheat_head</name><pose>Unspecified</pose><truncated>0</truncated><difficult>0</difficult><robndbox><cx>98.8295</cx><cy>896.1416</cy><w>98.4678</w><h>28.9588</h><angle>3.01781</angle></robndbox></object><object><type>robndbox</type><name>wheat_head</name><pose>Unspecified</pose><truncated>0</truncated><difficult>0</difficult><robndbox><cx>22.2426</cx><cy>501.1646</cy><w>71.8401</w><h>36.0917</h><angle>0.893881</angle></robndbox></object></annotation>