<annotation verified="no"><folder>images</folder><filename>1d2950c50</filename><path>/home/badhon/Documents/thesis/final_dataset/ethz_1/images/1d2950c50.jpg</path><source><database>Unknown</database></source><size><width>1024</width><height>1024</height><depth>3</depth></size><segmented>0</segmented><object><type>robndbox</type><name>wheat_head</name><pose>Unspecified</pose><truncated>0</truncated><difficult>0</difficult><robndbox><cx>208.7524</cx><cy>602.4587</cy><w>93.1341</w><h>30.7253</h><angle>0.398681</angle></robndbox></object><object><type>robndbox</type><name>wheat_head</name><pose>Unspecified</pose><truncated>0</truncated><difficult>0</difficult><robndbox><cx>812.3813</cx><cy>499.194</cy><w>134.2468</w><h>42.1061</h><angle>0.399957</angle></robndbox></object><object><type>robndbox</type><name>wheat_head</name><pose>Unspecified</pose><truncated>0</truncated><difficult>0</difficult><robndbox><cx>364.5</cx><cy>726.3937</cy><w>125.477</w><h>33.2315</h><angle>0.296447</angle></robndbox></object><object><type>robndbox</type><name>wheat_head</name><pose>Unspecified</pose><truncated>0</truncated><difficult>0</difficult><robndbox><cx>583.1602</cx><cy>18.1006</cy><w>74.6471</w><h>30.2823</h><angle>0.306765</angle></robndbox></object><object><type>robndbox</type><name>wheat_head</name><pose>Unspecified</pose><truncated>0</truncated><difficult>0</difficult><robndbox><cx>984.728</cx><cy>173.7924</cy><w>72.7785</w><h>35.1698</h><angle>0.552869</angle></robndbox></object><object><type>robndbox</type><name>wheat_head</name><pose>Unspecified</pose><truncated>0</truncated><difficult>0</difficult><robndbox><cx>588.6055</cx><cy>158.4373</cy><w>99.6167</w><h>32.5682</h><angle>0.530837</angle></robndbox></object><object><type>robndbox</type><name>wheat_head</name><pose>Unspecified</pose><truncated>0</truncated><difficult>0</difficult><robndbox><cx>876.811</cx><cy>251.5593</cy><w>96.2195</w><h>34.7389</h><angle>0.552005</angle></robndbox></object><object><type>robndbox</type><name>wheat_head</name><pose>Unspecified</pose><truncated>0</truncated><difficult>0</difficult><robndbox><cx>446.2801</cx><cy>290.6374</cy><w>118.6256</w><h>14.2678</h><angle>0.235763</angle></robndbox></object><object><type>robndbox</type><name>wheat_head</name><pose>Unspecified</pose><truncated>0</truncated><difficult>0</difficult><robndbox><cx>885.8177</cx><cy>429.8184</cy><w>110.328</w><h>38.8148</h><angle>0.224318</angle></robndbox></object><object><type>robndbox</type><name>wheat_head</name><pose>Unspecified</pose><truncated>0</truncated><difficult>0</difficult><robndbox><cx>176.1435</cx><cy>852.8003</cy><w>109.1905</w><h>37.861</h><angle>0.333936</angle></robndbox></object><object><type>robndbox</type><name>wheat_head</name><pose>Unspecified</pose><truncated>0</truncated><difficult>0</difficult><robndbox><cx>539.3743</cx><cy>221.4407</cy><w>85.3567</w><h>31.4183</h><angle>0.675392</angle></robndbox></object><object><type>robndbox</type><name>wheat_head</name><pose>Unspecified</pose><truncated>0</truncated><difficult>0</difficult><robndbox><cx>846.7857</cx><cy>68.4286</cy><w>88.1091</w><h>22.8427</h><angle>0.275644</angle></robndbox></object><object><type>robndbox</type><name>wheat_head</name><pose>Unspecified</pose><truncated>0</truncated><difficult>0</difficult><robndbox><cx>972.8467</cx><cy>598.5183</cy><w>93.0482</w><h>38.2336</h><angle>0.146969</angle></robndbox></object><object><type>robndbox</type><name>wheat_head</name><pose>Unspecified</pose><truncated>0</truncated><difficult>0</difficult><robndbox><cx>443.2801</cx><cy>315.6374</cy><w>118.4736</w><h>30.7595</h><angle>0.235763</angle></robndbox></object><object><type>robndbox</type><name>wheat_head</name><pose>Unspecified</pose><truncated>0</truncated><difficult>0</difficult><robndbox><cx>998.1034</cx><cy>52.1551</cy><w>54.7037</w><h>33.1608</h><angle>1.044396</angle></robndbox></object><object><type>robndbox</type><name>wheat_head</name><pose>Unspecified</pose><truncated>0</truncated><difficult>0</difficult><robndbox><cx>677.1104</cx><cy>857.3996</cy><w>102.8389</w><h>32.5428</h><angle>0.208967</angle></robndbox></object><object><type>robndbox</type><name>wheat_head</name><pose>Unspecified</pose><truncated>0</truncated><difficult>0</difficult><robndbox><cx>215.6752</cx><cy>571.9504</cy><w>136.0218</w><h>32.3713</h><angle>0.467071</angle></robndbox></object><object><type>robndbox</type><name>wheat_head</name><pose>Unspecified</pose><truncated>0</truncated><difficult>0</difficult><robndbox><cx>758.9002</cx><cy>62.5792</cy><w>125.4063</w><h>38.3755</h><angle>0.175644</angle></robndbox></object><object><type>robndbox</type><name>wheat_head</name><pose>Unspecified</pose><truncated>0</truncated><difficult>0</difficult><robndbox><cx>323.2933</cx><cy>940.4231</cy><w>115.1856</w><h>41.5769</h><angle>0.114426</angle></robndbox></object><object><type>robndbox</type><name>wheat_head</name><pose>Unspecified</pose><truncated>0</truncated><difficult>0</difficult><robndbox><cx>822.9977</cx><cy>274.1159</cy><w>83.4578</w><h>23.9607</h><angle>0.355958</angle></robndbox></object><object><type>robndbox</type><name>wheat_head</name><pose>Unspecified</pose><truncated>0</truncated><difficult>0</difficult><robndbox><cx>55.6139</cx><cy>201.4463</cy><w>74.9633</w><h>27.4229</h><angle>0.590035</angle></robndbox></object><object><type>robndbox</type><name>wheat_head</name><pose>Unspecified</pose><truncated>0</truncated><difficult>0</difficult><robndbox><cx>198.0967</cx><cy>468.7077</cy><w>157.0642</w><h>38.7431</h><angle>0.1378</angle></robndbox></object><object><type>robndbox</type><name>wheat_head</name><pose>Unspecified</pose><truncated>0</truncated><difficult>0</difficult><robndbox><cx>893.387</cx><cy>877.4917</cy><w>102.5493</w><h>36.9273</h><angle>0.216848</angle></robndbox></object><object><type>robndbox</type><name>wheat_head</name><pose>Unspecified</pose><truncated>0</truncated><difficult>0</difficult><robndbox><cx>73.7685</cx><cy>126.3329</cy><w>140.6806</w><h>39.5565</h><angle>0.433511</angle></robndbox></object><object><type>robndbox</type><name>wheat_head</name><pose>Unspecified</pose><truncated>0</truncated><difficult>0</difficult><robndbox><cx>418.5208</cx><cy>868.4558</cy><w>109.3494</w><h>31.7161</h><angle>0.232982</angle></robndbox></object><object><type>robndbox</type><name>wheat_head</name><pose>Unspecified</pose><truncated>0</truncated><difficult>0</difficult><robndbox><cx>516.6017</cx><cy>916.8358</cy><w>139.2615</w><h>33.4642</h><angle>0.319644</angle></robndbox></object><object><type>robndbox</type><name>wheat_head</name><pose>Unspecified</pose><truncated>0</truncated><difficult>0</difficult><robndbox><cx>794.1055</cx><cy>296.502</cy><w>130.6638</w><h>32.882</h><angle>0.641574</angle></robndbox></object><object><type>robndbox</type><name>wheat_head</name><pose>Unspecified</pose><truncated>0</truncated><difficult>0</difficult><robndbox><cx>483.0184</cx><cy>540.4959</cy><w>108.3839</w><h>34.9082</h><angle>0.397531</angle></robndbox></object><object><type>robndbox</type><name>wheat_head</name><pose>Unspecified</pose><truncated>0</truncated><difficult>0</difficult><robndbox><cx>83.0766</cx><cy>168.673</cy><w>64.9813</w><h>25.8244</h><angle>0.464461</angle></robndbox></object><object><type>robndbox</type><name>wheat_head</name><pose>Unspecified</pose><truncated>0</truncated><difficult>0</difficult><robndbox><cx>72.0464</cx><cy>569.3602</cy><w>126.4256</w><h>22.4006</h><angle>0.254536</angle></robndbox></object><object><type>robndbox</type><name>wheat_head</name><pose>Unspecified</pose><truncated>0</truncated><difficult>0</difficult><robndbox><cx>607.1257</cx><cy>788.6824</cy><w>172.8935</w><h>40.9887</h><angle>0.308127</angle></robndbox></object><object><type>robndbox</type><name>wheat_head</name><pose>Unspecified</pose><truncated>0</truncated><difficult>0</difficult><robndbox><cx>81.6512</cx><cy>867.15</cy><w>140.536</w><h>32.5797</h><angle>0.20444</angle></robndbox></object><object><type>robndbox</type><name>wheat_head</name><pose>Unspecified</pose><truncated>0</truncated><difficult>0</difficult><robndbox><cx>85.197</cx><cy>932.6709</cy><w>138.0855</w><h>33.2031</h><angle>0.079226</angle></robndbox></object><object><type>robndbox</type><name>wheat_head</name><pose>Unspecified</pose><truncated>0</truncated><difficult>0</difficult><robndbox><cx>729.4288</cx><cy>1006.0799</cy><w>93.5849</w><h>27.1384</h><angle>3.069157</angle></robndbox></object><object><type>robndbox</type><name>wheat_head</name><pose>Unspecified</pose><truncated>0</truncated><difficult>0</difficult><robndbox><cx>607.7439</cx><cy>305.8189</cy><w>142.9566</w><h>43.1617</h><angle>0.341336</angle></robndbox></object><object><type>robndbox</type><name>wheat_head</name><pose>Unspecified</pose><truncated>0</truncated><difficult>0</difficult><robndbox><cx>916.4386</cx><cy>932.6784</cy><w>122.5124</w><h>32.8043</h><angle>0.170825</angle></robndbox></object><object><type>robndbox</type><name>wheat_head</name><pose>Unspecified</pose><truncated>0</truncated><difficult>0</difficult><robndbox><cx>29.3856</cx><cy>326.5785</cy><w>62.3552</w><h>30.1524</h><angle>0.126063</angle></robndbox></object><object><type>robndbox</type><name>wheat_head</name><pose>Unspecified</pose><truncated>0</truncated><difficult>0</difficult><robndbox><cx>383.8531</cx><cy>826.2066</cy><w>118.885</w><h>33.6356</h><angle>0.129621</angle></robndbox></object><object><type>robndbox</type><name>wheat_head</name><pose>Unspecified</pose><truncated>0</truncated><difficult>0</difficult><robndbox><cx>989.507</cx><cy>226.7998</cy><w>55.253</w><h>41.231</h><angle>0.573569</angle></robndbox></object><object><type>robndbox</type><name>wheat_head</name><pose>Unspecified</pose><truncated>0</truncated><difficult>0</difficult><robndbox><cx>649.0319</cx><cy>242.9109</cy><w>152.5865</w><h>39.4293</h><angle>0.140627</angle></robndbox></object><object><type>robndbox</type><name>wheat_head</name><pose>Unspecified</pose><truncated>0</truncated><difficult>0</difficult><robndbox><cx>959.3313</cx><cy>689.7266</cy><w>107.444</w><h>35.3765</h><angle>0.008709</angle></robndbox></object><object><type>robndbox</type><name>wheat_head</name><pose>Unspecified</pose><truncated>0</truncated><difficult>0</difficult><robndbox><cx>64.6287</cx><cy>808.6263</cy><w>117.6075</w><h>35.2443</h><angle>0.160756</angle></robndbox></object><object><type>robndbox</type><name>wheat_head</name><pose>Unspecified</pose><truncated>0</truncated><difficult>0</difficult><robndbox><cx>796.3014</cx><cy>352.9616</cy><w>118.3788</w><h>40.1332</h><angle>3.032992</angle></robndbox></object><object><type>robndbox</type><name>wheat_head</name><pose>Unspecified</pose><truncated>0</truncated><difficult>0</difficult><robndbox><cx>733.8618</cx><cy>916.7275</cy><w>113.1085</w><h>34.2857</h><angle>3.059786</angle></robndbox></object><object><type>robndbox</type><name>wheat_head</name><pose>Unspecified</pose><truncated>0</truncated><difficult>0</difficult><robndbox><cx>175.3121</cx><cy>1001.8122</cy><w>161.9664</w><h>30.8962</h><angle>0.071423</angle></robndbox></object><object><type>robndbox</type><name>wheat_head</name><pose>Unspecified</pose><truncated>0</truncated><difficult>0</difficult><robndbox><cx>351.5141</cx><cy>883.7889</cy><w>96.7098</w><h>34.199</h><angle>0.230474</angle></robndbox></object><object><type>robndbox</type><name>wheat_head</name><pose>Unspecified</pose><truncated>0</truncated><difficult>0</difficult><robndbox><cx>273.0482</cx><cy>546.3414</cy><w>72.5056</w><h>27.05</h><angle>0.213601</angle></robndbox></object><object><type>robndbox</type><name>wheat_head</name><pose>Unspecified</pose><truncated>0</truncated><difficult>0</difficult><robndbox><cx>751.4066</cx><cy>373.3534</cy><w>77.1457</w><h>15.5733</h><angle>3.097406</angle></robndbox></object><object><type>robndbox</type><name>wheat_head</name><pose>Unspecified</pose><truncated>0</truncated><difficult>0</difficult><robndbox><cx>16.0473</cx><cy>402.62</cy><w>30.3306</w><h>27.8623</h><angle>0.219756</angle></robndbox></object><object><type>robndbox</type><name>wheat_head</name><pose>Unspecified</pose><truncated>0</truncated><difficult>0</difficult><robndbox><cx>918.0414</cx><cy>11.9004</cy><w>60.5886</w><h>29.9583</h><angle>0.02414</angle></robndbox></object><object><type>robndbox</type><name>wheat_head</name><pose>Unspecified</pose><truncated>0</truncated><difficult>0</difficult><robndbox><cx>179.7743</cx><cy>204.5573</cy><w>108.7827</w><h>21.7634</h><angle>0.13058</angle></robndbox></object><object><type>robndbox</type><name>wheat_head</name><pose>Unspecified</pose><truncated>0</truncated><difficult>0</difficult><robndbox><cx>555.5392</cx><cy>974.1371</cy><w>172.9601</w><h>42.2365</h><angle>2.991594</angle></robndbox></object><object><type>robndbox</type><name>wheat_head</name><pose>Unspecified</pose><truncated>0</truncated><difficult>0</difficult><robndbox><cx>907.7022</cx><cy>960.8663</cy><w>116.9489</w><h>35.7643</h><angle>0.170825</angle></robndbox></object><object><type>robndbox</type><name>wheat_head</name><pose>Unspecified</pose><truncated>0</truncated><difficult>0</difficult><robndbox><cx>999.4976</cx><cy>562.1078</cy><w>41.5999</w><h>31.9295</h><angle>0.075662</angle></robndbox></object><object><type>robndbox</type><name>wheat_head</name><pose>Unspecified</pose><truncated>0</truncated><difficult>0</difficult><robndbox><cx>555.5392</cx><cy>974.1371</cy><w>172.9601</w><h>42.2365</h><angle>2.991594</angle></robndbox></object><object><type>robndbox</type><name>wheat_head</name><pose>Unspecified</pose><truncated>0</truncated><difficult>0</difficult><robndbox><cx>36.582</cx><cy>991.082</cy><w>69.9357</w><h>38.8423</h><angle>3.074991</angle></robndbox></object><object><type>robndbox</type><name>wheat_head</name><pose>Unspecified</pose><truncated>0</truncated><difficult>0</difficult><robndbox><cx>273.076</cx><cy>426.7904</cy><w>52.8961</w><h>25.1261</h><angle>3.133798</angle></robndbox></object><object><type>robndbox</type><name>wheat_head</name><pose>Unspecified</pose><truncated>0</truncated><difficult>0</difficult><robndbox><cx>15.9982</cx><cy>725.5671</cy><w>32.6248</w><h>29.6396</h><angle>3.015604</angle></robndbox></object><object><type>robndbox</type><name>wheat_head</name><pose>Unspecified</pose><truncated>0</truncated><difficult>0</difficult><robndbox><cx>185.1128</cx><cy>227.6592</cy><w>168.896</w><h>44.1063</h><angle>0.23058</angle></robndbox></object><object><type>robndbox</type><name>wheat_head</name><pose>Unspecified</pose><truncated>0</truncated><difficult>0</difficult><robndbox><cx>22.0873</cx><cy>237.6394</cy><w>43.5539</w><h>30.9477</h><angle>0.147943</angle></robndbox></object><object><type>robndbox</type><name>wheat_head</name><pose>Unspecified</pose><truncated>0</truncated><difficult>0</difficult><robndbox><cx>41.1088</cx><cy>595.1538</cy><w>84.4038</w><h>26.7912</h><angle>0.239232</angle></robndbox></object><object><type>robndbox</type><name>wheat_head</name><pose>Unspecified</pose><truncated>0</truncated><difficult>0</difficult><robndbox><cx>131.1444</cx><cy>29.6282</cy><w>106.099</w><h>36.4275</h><angle>0.199244</angle></robndbox></object><object><type>robndbox</type><name>wheat_head</name><pose>Unspecified</pose><truncated>0</truncated><difficult>0</difficult><robndbox><cx>183.5568</cx><cy>7.8236</cy><w>44.3847</w><h>38.969</h><angle>0.250443</angle></robndbox></object></annotation>