<annotation verified="no"><folder>images</folder><filename>1d7a82a04</filename><path>/home/badhon/Documents/thesis/final_dataset/ethz_1/images/1d7a82a04.jpg</path><source><database>Unknown</database></source><size><width>1024</width><height>1024</height><depth>3</depth></size><segmented>0</segmented><object><type>robndbox</type><name>wheat_head</name><pose>Unspecified</pose><truncated>0</truncated><difficult>0</difficult><robndbox><cx>701.3412</cx><cy>57.3597</cy><w>74.5756</w><h>37.4725</h><angle>0.908502</angle></robndbox></object><object><type>robndbox</type><name>wheat_head</name><pose>Unspecified</pose><truncated>0</truncated><difficult>0</difficult><robndbox><cx>397.722</cx><cy>66.0261</cy><w>112.3614</w><h>35.3519</h><angle>0.322343</angle></robndbox></object><object><type>robndbox</type><name>wheat_head</name><pose>Unspecified</pose><truncated>0</truncated><difficult>0</difficult><robndbox><cx>336.8499</cx><cy>107.1929</cy><w>111.3486</w><h>25.2919</h><angle>0.620575</angle></robndbox></object><object><type>robndbox</type><name>wheat_head</name><pose>Unspecified</pose><truncated>0</truncated><difficult>0</difficult><robndbox><cx>323.001</cx><cy>936.5567</cy><w>92.5716</w><h>39.2884</h><angle>0.569399</angle></robndbox></object><object><type>robndbox</type><name>wheat_head</name><pose>Unspecified</pose><truncated>0</truncated><difficult>0</difficult><robndbox><cx>902.2651</cx><cy>434.823</cy><w>123.8801</w><h>27.8409</h><angle>0.287826</angle></robndbox></object><object><type>robndbox</type><name>wheat_head</name><pose>Unspecified</pose><truncated>0</truncated><difficult>0</difficult><robndbox><cx>815.7896</cx><cy>810.39</cy><w>95.5748</w><h>37.3231</h><angle>0.317084</angle></robndbox></object><object><type>robndbox</type><name>wheat_head</name><pose>Unspecified</pose><truncated>0</truncated><difficult>0</difficult><robndbox><cx>527.3641</cx><cy>168.4189</cy><w>94.427</w><h>33.1905</h><angle>0.611978</angle></robndbox></object><object><type>robndbox</type><name>wheat_head</name><pose>Unspecified</pose><truncated>0</truncated><difficult>0</difficult><robndbox><cx>444.1642</cx><cy>550.6117</cy><w>78.1335</w><h>32.1498</h><angle>0.513366</angle></robndbox></object><object><type>robndbox</type><name>wheat_head</name><pose>Unspecified</pose><truncated>0</truncated><difficult>0</difficult><robndbox><cx>931.057</cx><cy>252.0797</cy><w>111.478</w><h>29.5275</h><angle>0.507174</angle></robndbox></object><object><type>robndbox</type><name>wheat_head</name><pose>Unspecified</pose><truncated>0</truncated><difficult>0</difficult><robndbox><cx>624.264</cx><cy>540.9636</cy><w>79.4679</w><h>32.5344</h><angle>0.554584</angle></robndbox></object><object><type>robndbox</type><name>wheat_head</name><pose>Unspecified</pose><truncated>0</truncated><difficult>0</difficult><robndbox><cx>495.56</cx><cy>21.237</cy><w>77.8331</w><h>33.5316</h><angle>0.505727</angle></robndbox></object><object><type>robndbox</type><name>wheat_head</name><pose>Unspecified</pose><truncated>0</truncated><difficult>0</difficult><robndbox><cx>293.525</cx><cy>129.2038</cy><w>20.9316</w><h>15.9107</h><angle>1.027216</angle></robndbox></object><object><type>robndbox</type><name>wheat_head</name><pose>Unspecified</pose><truncated>0</truncated><difficult>0</difficult><robndbox><cx>769.4744</cx><cy>15.9011</cy><w>68.8223</w><h>28.7873</h><angle>0.344508</angle></robndbox></object><object><type>robndbox</type><name>wheat_head</name><pose>Unspecified</pose><truncated>0</truncated><difficult>0</difficult><robndbox><cx>890.1489</cx><cy>716.3668</cy><w>84.816</w><h>32.4971</h><angle>2.637705</angle></robndbox></object><object><type>robndbox</type><name>wheat_head</name><pose>Unspecified</pose><truncated>0</truncated><difficult>0</difficult><robndbox><cx>975.0234</cx><cy>681.5079</cy><w>84.3247</w><h>38.9347</h><angle>0.329452</angle></robndbox></object><object><type>robndbox</type><name>wheat_head</name><pose>Unspecified</pose><truncated>0</truncated><difficult>0</difficult><robndbox><cx>224.5492</cx><cy>9.7791</cy><w>84.2904</w><h>24.5081</h><angle>0.288802</angle></robndbox></object><object><type>robndbox</type><name>wheat_head</name><pose>Unspecified</pose><truncated>0</truncated><difficult>0</difficult><robndbox><cx>812.6842</cx><cy>577.4446</cy><w>113.5256</w><h>34.11</h><angle>0.183914</angle></robndbox></object><object><type>robndbox</type><name>wheat_head</name><pose>Unspecified</pose><truncated>0</truncated><difficult>0</difficult><robndbox><cx>179.9806</cx><cy>48.7789</cy><w>112.8233</w><h>27.5056</h><angle>0.15248</angle></robndbox></object><object><type>robndbox</type><name>wheat_head</name><pose>Unspecified</pose><truncated>0</truncated><difficult>0</difficult><robndbox><cx>151.5046</cx><cy>571.2966</cy><w>106.583</w><h>33.977</h><angle>0.304595</angle></robndbox></object><object><type>robndbox</type><name>wheat_head</name><pose>Unspecified</pose><truncated>0</truncated><difficult>0</difficult><robndbox><cx>348.6781</cx><cy>519.2266</cy><w>69.8739</w><h>23.9426</h><angle>0.32555</angle></robndbox></object><object><type>robndbox</type><name>wheat_head</name><pose>Unspecified</pose><truncated>0</truncated><difficult>0</difficult><robndbox><cx>509.4786</cx><cy>979.3561</cy><w>127.4709</w><h>36.4129</h><angle>0.163266</angle></robndbox></object><object><type>robndbox</type><name>wheat_head</name><pose>Unspecified</pose><truncated>0</truncated><difficult>0</difficult><robndbox><cx>1006.1729</cx><cy>359.5278</cy><w>28.9183</w><h>28.7319</h><angle>1.859832</angle></robndbox></object><object><type>robndbox</type><name>wheat_head</name><pose>Unspecified</pose><truncated>0</truncated><difficult>0</difficult><robndbox><cx>524.9626</cx><cy>311.8949</cy><w>109.2109</w><h>35.0525</h><angle>0.493362</angle></robndbox></object><object><type>robndbox</type><name>wheat_head</name><pose>Unspecified</pose><truncated>0</truncated><difficult>0</difficult><robndbox><cx>132.579</cx><cy>382.6435</cy><w>101.0901</w><h>31.2897</h><angle>0.207491</angle></robndbox></object><object><type>robndbox</type><name>wheat_head</name><pose>Unspecified</pose><truncated>0</truncated><difficult>0</difficult><robndbox><cx>943.0829</cx><cy>547.2337</cy><w>75.5029</w><h>23.8202</h><angle>0.250613</angle></robndbox></object><object><type>robndbox</type><name>wheat_head</name><pose>Unspecified</pose><truncated>0</truncated><difficult>0</difficult><robndbox><cx>138.793</cx><cy>299.6788</cy><w>64.4649</w><h>21.113</h><angle>0.239151</angle></robndbox></object><object><type>robndbox</type><name>wheat_head</name><pose>Unspecified</pose><truncated>0</truncated><difficult>0</difficult><robndbox><cx>547.0722</cx><cy>913.8183</cy><w>62.9521</w><h>25.0292</h><angle>0.237424</angle></robndbox></object><object><type>robndbox</type><name>wheat_head</name><pose>Unspecified</pose><truncated>0</truncated><difficult>0</difficult><robndbox><cx>425.3354</cx><cy>282.8485</cy><w>89.1618</w><h>24.8033</h><angle>0.275851</angle></robndbox></object><object><type>robndbox</type><name>wheat_head</name><pose>Unspecified</pose><truncated>0</truncated><difficult>0</difficult><robndbox><cx>671.9294</cx><cy>254.9111</cy><w>26.6915</w><h>20.7355</h><angle>2.841123</angle></robndbox></object><object><type>robndbox</type><name>wheat_head</name><pose>Unspecified</pose><truncated>0</truncated><difficult>0</difficult><robndbox><cx>404.0362</cx><cy>367.3004</cy><w>113.8613</w><h>40.2727</h><angle>2.735157</angle></robndbox></object><object><type>robndbox</type><name>wheat_head</name><pose>Unspecified</pose><truncated>0</truncated><difficult>0</difficult><robndbox><cx>644.6509</cx><cy>787.1138</cy><w>46.9964</w><h>24.5541</h><angle>0.825572</angle></robndbox></object><object><type>robndbox</type><name>wheat_head</name><pose>Unspecified</pose><truncated>0</truncated><difficult>0</difficult><robndbox><cx>840.2678</cx><cy>696.8386</cy><w>58.7555</w><h>32.3285</h><angle>1.818821</angle></robndbox></object><object><type>robndbox</type><name>wheat_head</name><pose>Unspecified</pose><truncated>0</truncated><difficult>0</difficult><robndbox><cx>87.9986</cx><cy>114.3339</cy><w>79.3913</w><h>32.6501</h><angle>0.178196</angle></robndbox></object><object><type>robndbox</type><name>wheat_head</name><pose>Unspecified</pose><truncated>0</truncated><difficult>0</difficult><robndbox><cx>794.2972</cx><cy>925.7471</cy><w>73.3344</w><h>31.5979</h><angle>0.217328</angle></robndbox></object><object><type>robndbox</type><name>wheat_head</name><pose>Unspecified</pose><truncated>0</truncated><difficult>0</difficult><robndbox><cx>214.1991</cx><cy>664.4772</cy><w>88.0623</w><h>32.3941</h><angle>0.210874</angle></robndbox></object><object><type>robndbox</type><name>wheat_head</name><pose>Unspecified</pose><truncated>0</truncated><difficult>0</difficult><robndbox><cx>417.7944</cx><cy>609.3348</cy><w>76.1432</w><h>32.2853</h><angle>0.198648</angle></robndbox></object><object><type>robndbox</type><name>wheat_head</name><pose>Unspecified</pose><truncated>0</truncated><difficult>0</difficult><robndbox><cx>325.7215</cx><cy>650.7644</cy><w>55.7507</w><h>27.433</h><angle>0.511021</angle></robndbox></object><object><type>robndbox</type><name>wheat_head</name><pose>Unspecified</pose><truncated>0</truncated><difficult>0</difficult><robndbox><cx>15.4607</cx><cy>14.8296</cy><w>29.5684</w><h>26.7489</h><angle>0.349386</angle></robndbox></object><object><type>robndbox</type><name>wheat_head</name><pose>Unspecified</pose><truncated>0</truncated><difficult>0</difficult><robndbox><cx>95.1569</cx><cy>973.0881</cy><w>51.2361</w><h>24.8796</h><angle>0.580275</angle></robndbox></object><object><type>robndbox</type><name>wheat_head</name><pose>Unspecified</pose><truncated>0</truncated><difficult>0</difficult><robndbox><cx>817.9412</cx><cy>100.4245</cy><w>47.0341</w><h>22.5598</h><angle>0.625831</angle></robndbox></object><object><type>robndbox</type><name>wheat_head</name><pose>Unspecified</pose><truncated>0</truncated><difficult>0</difficult><robndbox><cx>890.7858</cx><cy>48.114</cy><w>57.7639</w><h>24.965</h><angle>0.110956</angle></robndbox></object><object><type>robndbox</type><name>wheat_head</name><pose>Unspecified</pose><truncated>0</truncated><difficult>0</difficult><robndbox><cx>571.7939</cx><cy>599.7675</cy><w>68.2938</w><h>30.5322</h><angle>0.374894</angle></robndbox></object><object><type>robndbox</type><name>wheat_head</name><pose>Unspecified</pose><truncated>0</truncated><difficult>0</difficult><robndbox><cx>476.9929</cx><cy>648.5609</cy><w>104.8698</w><h>29.0162</h><angle>2.899286</angle></robndbox></object><object><type>robndbox</type><name>wheat_head</name><pose>Unspecified</pose><truncated>0</truncated><difficult>0</difficult><robndbox><cx>115.7807</cx><cy>751.2669</cy><w>93.2197</w><h>27.9186</h><angle>0.01606</angle></robndbox></object><object><type>robndbox</type><name>wheat_head</name><pose>Unspecified</pose><truncated>0</truncated><difficult>0</difficult><robndbox><cx>523.4169</cx><cy>210.7729</cy><w>48.0781</w><h>19.577</h><angle>0.191345</angle></robndbox></object><object><type>robndbox</type><name>wheat_head</name><pose>Unspecified</pose><truncated>0</truncated><difficult>0</difficult><robndbox><cx>914.5</cx><cy>19.0</cy><w>45.1245</w><h>34.7074</h><angle>2.140401</angle></robndbox></object><object><type>robndbox</type><name>wheat_head</name><pose>Unspecified</pose><truncated>0</truncated><difficult>0</difficult><robndbox><cx>374.4256</cx><cy>94.4197</cy><w>95.7923</w><h>27.2927</h><angle>0.106022</angle></robndbox></object><object><type>robndbox</type><name>wheat_head</name><pose>Unspecified</pose><truncated>0</truncated><difficult>0</difficult><robndbox><cx>645.8661</cx><cy>629.7607</cy><w>93.255</w><h>37.3892</h><angle>0.21139</angle></robndbox></object><object><type>robndbox</type><name>wheat_head</name><pose>Unspecified</pose><truncated>0</truncated><difficult>0</difficult><robndbox><cx>948.8176</cx><cy>939.1041</cy><w>58.9439</w><h>33.6235</h><angle>0.427667</angle></robndbox></object><object><type>robndbox</type><name>wheat_head</name><pose>Unspecified</pose><truncated>0</truncated><difficult>0</difficult><robndbox><cx>30.9228</cx><cy>77.0458</cy><w>57.6207</w><h>29.4138</h><angle>0.109312</angle></robndbox></object><object><type>robndbox</type><name>wheat_head</name><pose>Unspecified</pose><truncated>0</truncated><difficult>0</difficult><robndbox><cx>802.2811</cx><cy>1004.3319</cy><w>50.4428</w><h>28.4176</h><angle>2.753777</angle></robndbox></object><object><type>robndbox</type><name>wheat_head</name><pose>Unspecified</pose><truncated>0</truncated><difficult>0</difficult><robndbox><cx>520.2281</cx><cy>673.8678</cy><w>110.0939</w><h>24.3941</h><angle>3.040404</angle></robndbox></object><object><type>robndbox</type><name>wheat_head</name><pose>Unspecified</pose><truncated>0</truncated><difficult>0</difficult><robndbox><cx>95.5076</cx><cy>642.0041</cy><w>69.1554</w><h>26.0338</h><angle>0.081434</angle></robndbox></object><object><type>robndbox</type><name>wheat_head</name><pose>Unspecified</pose><truncated>0</truncated><difficult>0</difficult><robndbox><cx>1008.3442</cx><cy>988.5062</cy><w>29.9818</w><h>26.7012</h><angle>1.556456</angle></robndbox></object><object><type>robndbox</type><name>wheat_head</name><pose>Unspecified</pose><truncated>0</truncated><difficult>0</difficult><robndbox><cx>301.9595</cx><cy>987.3452</cy><w>88.2175</w><h>33.6956</h><angle>0.306264</angle></robndbox></object><object><type>robndbox</type><name>wheat_head</name><pose>Unspecified</pose><truncated>0</truncated><difficult>0</difficult><robndbox><cx>661.1537</cx><cy>936.7582</cy><w>45.9762</w><h>26.2077</h><angle>2.915637</angle></robndbox></object><object><type>robndbox</type><name>wheat_head</name><pose>Unspecified</pose><truncated>0</truncated><difficult>0</difficult><robndbox><cx>416.2969</cx><cy>396.9901</cy><w>49.8591</w><h>26.2683</h><angle>0.23633</angle></robndbox></object><object><type>robndbox</type><name>wheat_head</name><pose>Unspecified</pose><truncated>0</truncated><difficult>0</difficult><robndbox><cx>310.8116</cx><cy>694.3811</cy><w>113.0267</w><h>32.2653</h><angle>2.970366</angle></robndbox></object><object><type>robndbox</type><name>wheat_head</name><pose>Unspecified</pose><truncated>0</truncated><difficult>0</difficult><robndbox><cx>187.567</cx><cy>519.1022</cy><w>65.6017</w><h>26.3165</h><angle>3.086307</angle></robndbox></object><object><type>robndbox</type><name>wheat_head</name><pose>Unspecified</pose><truncated>0</truncated><difficult>0</difficult><robndbox><cx>939.5132</cx><cy>139.8246</cy><w>58.9534</w><h>28.2284</h><angle>3.139418</angle></robndbox></object><object><type>robndbox</type><name>wheat_head</name><pose>Unspecified</pose><truncated>0</truncated><difficult>0</difficult><robndbox><cx>36.8464</cx><cy>690.2384</cy><w>69.154</w><h>34.2386</h><angle>0.153493</angle></robndbox></object><object><type>robndbox</type><name>wheat_head</name><pose>Unspecified</pose><truncated>0</truncated><difficult>0</difficult><robndbox><cx>34.1844</cx><cy>831.3728</cy><w>53.1129</w><h>30.1693</h><angle>3.076274</angle></robndbox></object><object><type>robndbox</type><name>wheat_head</name><pose>Unspecified</pose><truncated>0</truncated><difficult>0</difficult><robndbox><cx>340.9688</cx><cy>196.9834</cy><w>100.1864</w><h>36.0209</h><angle>0.227216</angle></robndbox></object><object><type>robndbox</type><name>wheat_head</name><pose>Unspecified</pose><truncated>0</truncated><difficult>0</difficult><robndbox><cx>600.6945</cx><cy>948.7823</cy><w>40.5219</w><h>21.7578</h><angle>0.212467</angle></robndbox></object><object><type>robndbox</type><name>wheat_head</name><pose>Unspecified</pose><truncated>0</truncated><difficult>0</difficult><robndbox><cx>184.1244</cx><cy>359.8649</cy><w>93.5968</w><h>27.9398</h><angle>0.238308</angle></robndbox></object><object><type>robndbox</type><name>wheat_head</name><pose>Unspecified</pose><truncated>0</truncated><difficult>0</difficult><robndbox><cx>730.6627</cx><cy>654.5521</cy><w>61.0707</w><h>32.4258</h><angle>3.084737</angle></robndbox></object><object><type>robndbox</type><name>wheat_head</name><pose>Unspecified</pose><truncated>0</truncated><difficult>0</difficult><robndbox><cx>896.9694</cx><cy>1008.0914</cy><w>49.3089</w><h>20.024</h><angle>3.07708</angle></robndbox></object><object><type>robndbox</type><name>wheat_head</name><pose>Unspecified</pose><truncated>0</truncated><difficult>0</difficult><robndbox><cx>241.466</cx><cy>356.418</cy><w>78.2013</w><h>27.9844</h><angle>0.015445</angle></robndbox></object><object><type>robndbox</type><name>wheat_head</name><pose>Unspecified</pose><truncated>0</truncated><difficult>0</difficult><robndbox><cx>782.9191</cx><cy>973.0266</cy><w>33.9818</w><h>27.6178</h><angle>2.979088</angle></robndbox></object><object><type>robndbox</type><name>wheat_head</name><pose>Unspecified</pose><truncated>0</truncated><difficult>0</difficult><robndbox><cx>589.5195</cx><cy>697.7758</cy><w>55.4349</w><h>31.8561</h><angle>3.072475</angle></robndbox></object><object><type>robndbox</type><name>wheat_head</name><pose>Unspecified</pose><truncated>0</truncated><difficult>0</difficult><robndbox><cx>88.8579</cx><cy>591.2009</cy><w>96.4417</w><h>24.8403</h><angle>3.042218</angle></robndbox></object><object><type>robndbox</type><name>wheat_head</name><pose>Unspecified</pose><truncated>0</truncated><difficult>0</difficult><robndbox><cx>920.8159</cx><cy>253.3334</cy><w>87.3765</w><h>24.4134</h><angle>1.359946</angle></robndbox></object><object><type>robndbox</type><name>wheat_head</name><pose>Unspecified</pose><truncated>0</truncated><difficult>0</difficult><robndbox><cx>577.4894</cx><cy>304.1775</cy><w>48.6323</w><h>22.1771</h><angle>0.010881</angle></robndbox></object><object><type>robndbox</type><name>wheat_head</name><pose>Unspecified</pose><truncated>0</truncated><difficult>0</difficult><robndbox><cx>114.9713</cx><cy>419.6491</cy><w>41.8089</w><h>15.9845</h><angle>0.046263</angle></robndbox></object><object><type>robndbox</type><name>wheat_head</name><pose>Unspecified</pose><truncated>0</truncated><difficult>0</difficult><robndbox><cx>890.7218</cx><cy>906.4072</cy><w>100.6501</w><h>39.1813</h><angle>0.198888</angle></robndbox></object><object><type>robndbox</type><name>wheat_head</name><pose>Unspecified</pose><truncated>0</truncated><difficult>0</difficult><robndbox><cx>455.3353</cx><cy>786.8639</cy><w>92.2019</w><h>33.6773</h><angle>3.0991</angle></robndbox></object><object><type>robndbox</type><name>wheat_head</name><pose>Unspecified</pose><truncated>0</truncated><difficult>0</difficult><robndbox><cx>392.9957</cx><cy>781.6664</cy><w>23.7495</w><h>20.6292</h><angle>3.116576</angle></robndbox></object><object><type>robndbox</type><name>wheat_head</name><pose>Unspecified</pose><truncated>0</truncated><difficult>0</difficult><robndbox><cx>721.6378</cx><cy>836.9457</cy><w>33.9975</w><h>18.3935</h><angle>3.022516</angle></robndbox></object><object><type>robndbox</type><name>wheat_head</name><pose>Unspecified</pose><truncated>0</truncated><difficult>0</difficult><robndbox><cx>36.8464</cx><cy>690.2384</cy><w>69.154</w><h>34.2386</h><angle>0.153493</angle></robndbox></object><object><type>robndbox</type><name>wheat_head</name><pose>Unspecified</pose><truncated>0</truncated><difficult>0</difficult><robndbox><cx>395.2135</cx><cy>993.8621</cy><w>79.8965</w><h>30.0976</h><angle>0.030981</angle></robndbox></object><object><type>robndbox</type><name>wheat_head</name><pose>Unspecified</pose><truncated>0</truncated><difficult>0</difficult><robndbox><cx>509.4786</cx><cy>979.3561</cy><w>127.4709</w><h>36.4129</h><angle>0.163266</angle></robndbox></object><object><type>robndbox</type><name>wheat_head</name><pose>Unspecified</pose><truncated>0</truncated><difficult>0</difficult><robndbox><cx>501.0352</cx><cy>1014.029</cy><w>63.2456</w><h>17.5912</h><angle>3.136041</angle></robndbox></object><object><type>robndbox</type><name>wheat_head</name><pose>Unspecified</pose><truncated>0</truncated><difficult>0</difficult><robndbox><cx>454.2571</cx><cy>44.6995</cy><w>39.9933</w><h>18.4104</h><angle>0.577303</angle></robndbox></object><object><type>robndbox</type><name>wheat_head</name><pose>Unspecified</pose><truncated>0</truncated><difficult>0</difficult><robndbox><cx>540.9997</cx><cy>727.5651</cy><w>114.8411</w><h>33.2668</h><angle>0.407503</angle></robndbox></object><object><type>robndbox</type><name>wheat_head</name><pose>Unspecified</pose><truncated>0</truncated><difficult>0</difficult><robndbox><cx>628.4003</cx><cy>747.5156</cy><w>42.8933</w><h>15.6678</h><angle>3.112349</angle></robndbox></object><object><type>robndbox</type><name>wheat_head</name><pose>Unspecified</pose><truncated>0</truncated><difficult>0</difficult><robndbox><cx>637.4161</cx><cy>257.5699</cy><w>71.7153</w><h>37.4164</h><angle>0.495689</angle></robndbox></object><object><type>robndbox</type><name>wheat_head</name><pose>Unspecified</pose><truncated>0</truncated><difficult>0</difficult><robndbox><cx>328.1614</cx><cy>153.9416</cy><w>67.1193</w><h>37.2809</h><angle>3.081962</angle></robndbox></object><object><type>robndbox</type><name>wheat_head</name><pose>Unspecified</pose><truncated>0</truncated><difficult>0</difficult><robndbox><cx>12.1251</cx><cy>207.9924</cy><w>26.0787</w><h>24.7386</h><angle>1.815775</angle></robndbox></object><object><type>robndbox</type><name>wheat_head</name><pose>Unspecified</pose><truncated>0</truncated><difficult>0</difficult><robndbox><cx>70.6262</cx><cy>217.0132</cy><w>98.7927</w><h>31.2088</h><angle>0.372988</angle></robndbox></object><object><type>robndbox</type><name>wheat_head</name><pose>Unspecified</pose><truncated>0</truncated><difficult>0</difficult><robndbox><cx>112.5075</cx><cy>241.2576</cy><w>78.4474</w><h>33.0847</h><angle>0.297562</angle></robndbox></object><object><type>robndbox</type><name>wheat_head</name><pose>Unspecified</pose><truncated>0</truncated><difficult>0</difficult><robndbox><cx>188.014</cx><cy>276.6191</cy><w>127.7299</w><h>30.3643</h><angle>0.194365</angle></robndbox></object><object><type>robndbox</type><name>wheat_head</name><pose>Unspecified</pose><truncated>0</truncated><difficult>0</difficult><robndbox><cx>128.3047</cx><cy>627.1957</cy><w>95.5249</w><h>44.0565</h><angle>0.104877</angle></robndbox></object><object><type>robndbox</type><name>wheat_head</name><pose>Unspecified</pose><truncated>0</truncated><difficult>0</difficult><robndbox><cx>569.2736</cx><cy>517.4176</cy><w>21.5864</w><h>19.6783</h><angle>2.126492</angle></robndbox></object><object><type>robndbox</type><name>wheat_head</name><pose>Unspecified</pose><truncated>0</truncated><difficult>0</difficult><robndbox><cx>31.0222</cx><cy>597.2607</cy><w>67.9412</w><h>27.4596</h><angle>0.743756</angle></robndbox></object><object><type>robndbox</type><name>wheat_head</name><pose>Unspecified</pose><truncated>0</truncated><difficult>0</difficult><robndbox><cx>10.9874</cx><cy>936.3006</cy><w>17.8885</w><h>16.195</h><angle>0.463648</angle></robndbox></object><object><type>robndbox</type><name>wheat_head</name><pose>Unspecified</pose><truncated>0</truncated><difficult>0</difficult><robndbox><cx>11.9967</cx><cy>993.8783</cy><w>15.0333</w><h>13.6625</h><angle>3.075024</angle></robndbox></object><object><type>robndbox</type><name>wheat_head</name><pose>Unspecified</pose><truncated>0</truncated><difficult>0</difficult><robndbox><cx>107.5745</cx><cy>1007.1204</cy><w>64.195</w><h>25.0645</h><angle>3.063626</angle></robndbox></object><object><type>robndbox</type><name>wheat_head</name><pose>Unspecified</pose><truncated>0</truncated><difficult>0</difficult><robndbox><cx>158.136</cx><cy>1017.6108</cy><w>81.0987</w><h>25.2938</h><angle>3.09225</angle></robndbox></object></annotation>