<annotation verified="no"><folder>images</folder><filename>1e2735260</filename><path>/home/badhon/Documents/thesis/final_dataset/ethz_1/images/1e2735260.jpg</path><source><database>Unknown</database></source><size><width>1024</width><height>1024</height><depth>3</depth></size><segmented>0</segmented><object><type>robndbox</type><name>wheat_head</name><pose>Unspecified</pose><truncated>0</truncated><difficult>0</difficult><robndbox><cx>318.8128</cx><cy>413.5053</cy><w>84.098</w><h>36.5074</h><angle>0.785986</angle></robndbox></object><object><type>robndbox</type><name>wheat_head</name><pose>Unspecified</pose><truncated>0</truncated><difficult>0</difficult><robndbox><cx>998.661</cx><cy>659.2173</cy><w>40.2218</w><h>31.7282</h><angle>0.884835</angle></robndbox></object><object><type>robndbox</type><name>wheat_head</name><pose>Unspecified</pose><truncated>0</truncated><difficult>0</difficult><robndbox><cx>67.9838</cx><cy>15.2451</cy><w>70.0187</w><h>24.7468</h><angle>0.406848</angle></robndbox></object><object><type>robndbox</type><name>wheat_head</name><pose>Unspecified</pose><truncated>0</truncated><difficult>0</difficult><robndbox><cx>422.2702</cx><cy>985.6023</cy><w>109.8544</w><h>37.1361</h><angle>0.361218</angle></robndbox></object><object><type>robndbox</type><name>wheat_head</name><pose>Unspecified</pose><truncated>0</truncated><difficult>0</difficult><robndbox><cx>572.2156</cx><cy>170.0214</cy><w>127.3656</w><h>33.7022</h><angle>0.678487</angle></robndbox></object><object><type>robndbox</type><name>wheat_head</name><pose>Unspecified</pose><truncated>0</truncated><difficult>0</difficult><robndbox><cx>551.8134</cx><cy>909.1514</cy><w>105.8861</w><h>29.2923</h><angle>2.708844</angle></robndbox></object><object><type>robndbox</type><name>wheat_head</name><pose>Unspecified</pose><truncated>0</truncated><difficult>0</difficult><robndbox><cx>161.5521</cx><cy>294.8504</cy><w>87.3177</w><h>29.4331</h><angle>0.351333</angle></robndbox></object><object><type>robndbox</type><name>wheat_head</name><pose>Unspecified</pose><truncated>0</truncated><difficult>0</difficult><robndbox><cx>504.0934</cx><cy>235.0509</cy><w>75.9362</w><h>38.781</h><angle>0.727702</angle></robndbox></object><object><type>robndbox</type><name>wheat_head</name><pose>Unspecified</pose><truncated>0</truncated><difficult>0</difficult><robndbox><cx>975.1921</cx><cy>888.9076</cy><w>85.7113</w><h>37.5569</h><angle>0.412697</angle></robndbox></object><object><type>robndbox</type><name>wheat_head</name><pose>Unspecified</pose><truncated>0</truncated><difficult>0</difficult><robndbox><cx>568.2521</cx><cy>344.1548</cy><w>108.6557</w><h>35.2662</h><angle>0.370059</angle></robndbox></object><object><type>robndbox</type><name>wheat_head</name><pose>Unspecified</pose><truncated>0</truncated><difficult>0</difficult><robndbox><cx>359.135</cx><cy>140.8099</cy><w>96.8394</w><h>29.1548</h><angle>0.41213</angle></robndbox></object><object><type>robndbox</type><name>wheat_head</name><pose>Unspecified</pose><truncated>0</truncated><difficult>0</difficult><robndbox><cx>54.3682</cx><cy>49.2026</cy><w>104.4145</w><h>33.982</h><angle>0.519051</angle></robndbox></object><object><type>robndbox</type><name>wheat_head</name><pose>Unspecified</pose><truncated>0</truncated><difficult>0</difficult><robndbox><cx>614.4518</cx><cy>166.9283</cy><w>93.8622</w><h>24.6987</h><angle>0.685028</angle></robndbox></object><object><type>robndbox</type><name>wheat_head</name><pose>Unspecified</pose><truncated>0</truncated><difficult>0</difficult><robndbox><cx>516.2408</cx><cy>172.0424</cy><w>72.9526</w><h>32.4925</h><angle>0.636592</angle></robndbox></object><object><type>robndbox</type><name>wheat_head</name><pose>Unspecified</pose><truncated>0</truncated><difficult>0</difficult><robndbox><cx>1002.8748</cx><cy>303.2484</cy><w>61.7354</w><h>26.1262</h><angle>1.72021</angle></robndbox></object><object><type>robndbox</type><name>wheat_head</name><pose>Unspecified</pose><truncated>0</truncated><difficult>0</difficult><robndbox><cx>213.3388</cx><cy>626.2213</cy><w>115.9781</w><h>33.146</h><angle>0.20324</angle></robndbox></object><object><type>robndbox</type><name>wheat_head</name><pose>Unspecified</pose><truncated>0</truncated><difficult>0</difficult><robndbox><cx>63.9888</cx><cy>102.4761</cy><w>94.5815</w><h>29.2569</h><angle>0.261588</angle></robndbox></object><object><type>robndbox</type><name>wheat_head</name><pose>Unspecified</pose><truncated>0</truncated><difficult>0</difficult><robndbox><cx>221.2633</cx><cy>531.819</cy><w>92.0976</w><h>33.2647</h><angle>0.427472</angle></robndbox></object><object><type>robndbox</type><name>wheat_head</name><pose>Unspecified</pose><truncated>0</truncated><difficult>0</difficult><robndbox><cx>75.3491</cx><cy>570.547</cy><w>69.2997</w><h>25.6228</h><angle>0.407293</angle></robndbox></object><object><type>robndbox</type><name>wheat_head</name><pose>Unspecified</pose><truncated>0</truncated><difficult>0</difficult><robndbox><cx>1009.9502</cx><cy>532.5747</cy><w>36.6336</w><h>21.8645</h><angle>1.34104</angle></robndbox></object><object><type>robndbox</type><name>wheat_head</name><pose>Unspecified</pose><truncated>0</truncated><difficult>0</difficult><robndbox><cx>851.5051</cx><cy>325.7614</cy><w>78.9372</w><h>31.1398</h><angle>0.192706</angle></robndbox></object><object><type>robndbox</type><name>wheat_head</name><pose>Unspecified</pose><truncated>0</truncated><difficult>0</difficult><robndbox><cx>39.9804</cx><cy>141.0523</cy><w>82.766</w><h>34.7448</h><angle>0.335794</angle></robndbox></object><object><type>robndbox</type><name>wheat_head</name><pose>Unspecified</pose><truncated>0</truncated><difficult>0</difficult><robndbox><cx>830.5715</cx><cy>157.0921</cy><w>77.4672</w><h>36.6912</h><angle>1.720562</angle></robndbox></object><object><type>robndbox</type><name>wheat_head</name><pose>Unspecified</pose><truncated>0</truncated><difficult>0</difficult><robndbox><cx>672.7402</cx><cy>171.5511</cy><w>117.1142</w><h>35.87</h><angle>0.655147</angle></robndbox></object><object><type>robndbox</type><name>wheat_head</name><pose>Unspecified</pose><truncated>0</truncated><difficult>0</difficult><robndbox><cx>208.6951</cx><cy>477.5548</cy><w>37.7928</w><h>26.4483</h><angle>1.413996</angle></robndbox></object><object><type>robndbox</type><name>wheat_head</name><pose>Unspecified</pose><truncated>0</truncated><difficult>0</difficult><robndbox><cx>927.217</cx><cy>490.7411</cy><w>98.379</w><h>33.4884</h><angle>0.273602</angle></robndbox></object><object><type>robndbox</type><name>wheat_head</name><pose>Unspecified</pose><truncated>0</truncated><difficult>0</difficult><robndbox><cx>686.8886</cx><cy>884.1028</cy><w>77.8463</w><h>25.2447</h><angle>0.188891</angle></robndbox></object><object><type>robndbox</type><name>wheat_head</name><pose>Unspecified</pose><truncated>0</truncated><difficult>0</difficult><robndbox><cx>853.1613</cx><cy>716.1534</cy><w>60.9012</w><h>31.071</h><angle>0.217595</angle></robndbox></object><object><type>robndbox</type><name>wheat_head</name><pose>Unspecified</pose><truncated>0</truncated><difficult>0</difficult><robndbox><cx>651.7062</cx><cy>751.4392</cy><w>63.1286</w><h>33.2315</h><angle>0.600423</angle></robndbox></object><object><type>robndbox</type><name>wheat_head</name><pose>Unspecified</pose><truncated>0</truncated><difficult>0</difficult><robndbox><cx>629.5182</cx><cy>835.7778</cy><w>175.3583</w><h>36.5021</h><angle>0.282623</angle></robndbox></object><object><type>robndbox</type><name>wheat_head</name><pose>Unspecified</pose><truncated>0</truncated><difficult>0</difficult><robndbox><cx>405.6503</cx><cy>860.1937</cy><w>87.8193</w><h>25.7113</h><angle>0.22019</angle></robndbox></object><object><type>robndbox</type><name>wheat_head</name><pose>Unspecified</pose><truncated>0</truncated><difficult>0</difficult><robndbox><cx>531.0755</cx><cy>762.1412</cy><w>44.533</w><h>21.6171</h><angle>0.494635</angle></robndbox></object><object><type>robndbox</type><name>wheat_head</name><pose>Unspecified</pose><truncated>0</truncated><difficult>0</difficult><robndbox><cx>373.2271</cx><cy>193.445</cy><w>57.2647</w><h>29.8911</h><angle>1.296097</angle></robndbox></object><object><type>robndbox</type><name>wheat_head</name><pose>Unspecified</pose><truncated>0</truncated><difficult>0</difficult><robndbox><cx>596.2549</cx><cy>494.9321</cy><w>102.3827</w><h>28.2212</h><angle>0.101059</angle></robndbox></object><object><type>robndbox</type><name>wheat_head</name><pose>Unspecified</pose><truncated>0</truncated><difficult>0</difficult><robndbox><cx>620.1373</cx><cy>521.7052</cy><w>52.0648</w><h>30.7848</h><angle>0.622173</angle></robndbox></object><object><type>robndbox</type><name>wheat_head</name><pose>Unspecified</pose><truncated>0</truncated><difficult>0</difficult><robndbox><cx>640.3125</cx><cy>935.2277</cy><w>62.105</w><h>22.839</h><angle>0.162813</angle></robndbox></object><object><type>robndbox</type><name>wheat_head</name><pose>Unspecified</pose><truncated>0</truncated><difficult>0</difficult><robndbox><cx>367.8071</cx><cy>507.3589</cy><w>66.9984</w><h>27.2498</h><angle>2.986904</angle></robndbox></object><object><type>robndbox</type><name>wheat_head</name><pose>Unspecified</pose><truncated>0</truncated><difficult>0</difficult><robndbox><cx>438.6118</cx><cy>241.3307</cy><w>71.5362</w><h>29.926</h><angle>0.271064</angle></robndbox></object><object><type>robndbox</type><name>wheat_head</name><pose>Unspecified</pose><truncated>0</truncated><difficult>0</difficult><robndbox><cx>771.3958</cx><cy>500.8128</cy><w>54.8988</w><h>28.9115</h><angle>0.434595</angle></robndbox></object><object><type>robndbox</type><name>wheat_head</name><pose>Unspecified</pose><truncated>0</truncated><difficult>0</difficult><robndbox><cx>39.8345</cx><cy>464.3987</cy><w>90.4162</w><h>36.4533</h><angle>0.531348</angle></robndbox></object><object><type>robndbox</type><name>wheat_head</name><pose>Unspecified</pose><truncated>0</truncated><difficult>0</difficult><robndbox><cx>223.4356</cx><cy>1009.6332</cy><w>31.0888</w><h>16.5211</h><angle>0.0827</angle></robndbox></object><object><type>robndbox</type><name>wheat_head</name><pose>Unspecified</pose><truncated>0</truncated><difficult>0</difficult><robndbox><cx>551.0095</cx><cy>61.1091</cy><w>57.8843</w><h>31.6468</h><angle>1.110993</angle></robndbox></object><object><type>robndbox</type><name>wheat_head</name><pose>Unspecified</pose><truncated>0</truncated><difficult>0</difficult><robndbox><cx>518.6077</cx><cy>647.9279</cy><w>84.998</w><h>25.6418</h><angle>0.160371</angle></robndbox></object><object><type>robndbox</type><name>wheat_head</name><pose>Unspecified</pose><truncated>0</truncated><difficult>0</difficult><robndbox><cx>624.1801</cx><cy>763.4197</cy><w>57.1047</w><h>24.3409</h><angle>0.576548</angle></robndbox></object><object><type>robndbox</type><name>wheat_head</name><pose>Unspecified</pose><truncated>0</truncated><difficult>0</difficult><robndbox><cx>884.8958</cx><cy>222.7447</cy><w>105.6026</w><h>30.0404</h><angle>0.084597</angle></robndbox></object><object><type>robndbox</type><name>wheat_head</name><pose>Unspecified</pose><truncated>0</truncated><difficult>0</difficult><robndbox><cx>682.0512</cx><cy>468.5651</cy><w>73.4711</w><h>27.1797</h><angle>2.980122</angle></robndbox></object><object><type>robndbox</type><name>wheat_head</name><pose>Unspecified</pose><truncated>0</truncated><difficult>0</difficult><robndbox><cx>869.4019</cx><cy>954.3594</cy><w>60.5486</w><h>29.1739</h><angle>0.145804</angle></robndbox></object><object><type>robndbox</type><name>wheat_head</name><pose>Unspecified</pose><truncated>0</truncated><difficult>0</difficult><robndbox><cx>761.869</cx><cy>640.5328</cy><w>64.2501</w><h>27.9505</h><angle>0.182088</angle></robndbox></object><object><type>robndbox</type><name>wheat_head</name><pose>Unspecified</pose><truncated>0</truncated><difficult>0</difficult><robndbox><cx>98.7787</cx><cy>252.941</cy><w>49.3065</w><h>32.0346</h><angle>2.8975</angle></robndbox></object><object><type>robndbox</type><name>wheat_head</name><pose>Unspecified</pose><truncated>0</truncated><difficult>0</difficult><robndbox><cx>696.3061</cx><cy>1011.2018</cy><w>19.0377</w><h>19.0235</h><angle>1.564987</angle></robndbox></object><object><type>robndbox</type><name>wheat_head</name><pose>Unspecified</pose><truncated>0</truncated><difficult>0</difficult><robndbox><cx>15.2454</cx><cy>498.7157</cy><w>31.8422</w><h>21.6927</h><angle>0.213645</angle></robndbox></object><object><type>robndbox</type><name>wheat_head</name><pose>Unspecified</pose><truncated>0</truncated><difficult>0</difficult><robndbox><cx>553.5111</cx><cy>121.004</cy><w>43.5716</w><h>20.5985</h><angle>0.443853</angle></robndbox></object><object><type>robndbox</type><name>wheat_head</name><pose>Unspecified</pose><truncated>0</truncated><difficult>0</difficult><robndbox><cx>771.3909</cx><cy>541.6294</cy><w>77.6919</w><h>29.8522</h><angle>0.011585</angle></robndbox></object><object><type>robndbox</type><name>wheat_head</name><pose>Unspecified</pose><truncated>0</truncated><difficult>0</difficult><robndbox><cx>425.9862</cx><cy>548.9457</cy><w>119.3468</w><h>29.365</h><angle>3.138152</angle></robndbox></object><object><type>robndbox</type><name>wheat_head</name><pose>Unspecified</pose><truncated>0</truncated><difficult>0</difficult><robndbox><cx>985.8707</cx><cy>474.3276</cy><w>58.6753</w><h>29.3338</h><angle>0.053501</angle></robndbox></object><object><type>robndbox</type><name>wheat_head</name><pose>Unspecified</pose><truncated>0</truncated><difficult>0</difficult><robndbox><cx>984.9242</cx><cy>543.6827</cy><w>35.2354</w><h>21.7573</h><angle>0.838723</angle></robndbox></object><object><type>robndbox</type><name>wheat_head</name><pose>Unspecified</pose><truncated>0</truncated><difficult>0</difficult><robndbox><cx>343.5</cx><cy>209.5</cy><w>103.3929</w><h>21.0676</h><angle>0.829165</angle></robndbox></object><object><type>robndbox</type><name>wheat_head</name><pose>Unspecified</pose><truncated>0</truncated><difficult>0</difficult><robndbox><cx>892.3675</cx><cy>876.2593</cy><w>34.2418</w><h>19.7985</h><angle>0.430511</angle></robndbox></object><object><type>robndbox</type><name>wheat_head</name><pose>Unspecified</pose><truncated>0</truncated><difficult>0</difficult><robndbox><cx>224.4703</cx><cy>913.0879</cy><w>32.5525</w><h>24.3098</h><angle>0.298558</angle></robndbox></object><object><type>robndbox</type><name>wheat_head</name><pose>Unspecified</pose><truncated>0</truncated><difficult>0</difficult><robndbox><cx>325.4116</cx><cy>614.9821</cy><w>32.0708</w><h>30.8222</h><angle>2.17058</angle></robndbox></object><object><type>robndbox</type><name>wheat_head</name><pose>Unspecified</pose><truncated>0</truncated><difficult>0</difficult><robndbox><cx>508.8157</cx><cy>567.0231</cy><w>66.2873</w><h>15.812</h><angle>0.197396</angle></robndbox></object><object><type>robndbox</type><name>wheat_head</name><pose>Unspecified</pose><truncated>0</truncated><difficult>0</difficult><robndbox><cx>15.5576</cx><cy>578.4317</cy><w>23.553</w><h>17.72</h><angle>1.856848</angle></robndbox></object></annotation>