<annotation verified="no"><folder>images</folder><filename>1e92a05ab</filename><path>/home/badhon/Documents/thesis/final_dataset/ethz_1/images/1e92a05ab.jpg</path><source><database>Unknown</database></source><size><width>1024</width><height>1024</height><depth>3</depth></size><segmented>0</segmented><object><type>robndbox</type><name>wheat_head</name><pose>Unspecified</pose><truncated>0</truncated><difficult>0</difficult><robndbox><cx>476.1297</cx><cy>660.1305</cy><w>95.5298</w><h>36.0204</h><angle>1.302076</angle></robndbox></object><object><type>robndbox</type><name>wheat_head</name><pose>Unspecified</pose><truncated>0</truncated><difficult>0</difficult><robndbox><cx>336.1812</cx><cy>972.6295</cy><w>119.2228</w><h>34.6166</h><angle>0.924327</angle></robndbox></object><object><type>robndbox</type><name>wheat_head</name><pose>Unspecified</pose><truncated>0</truncated><difficult>0</difficult><robndbox><cx>891.0707</cx><cy>460.0084</cy><w>98.4615</w><h>32.9001</h><angle>1.251533</angle></robndbox></object><object><type>robndbox</type><name>wheat_head</name><pose>Unspecified</pose><truncated>0</truncated><difficult>0</difficult><robndbox><cx>332.4592</cx><cy>615.1569</cy><w>99.8925</w><h>36.483</h><angle>0.995949</angle></robndbox></object><object><type>robndbox</type><name>wheat_head</name><pose>Unspecified</pose><truncated>0</truncated><difficult>0</difficult><robndbox><cx>92.3184</cx><cy>678.275</cy><w>123.8284</w><h>45.2281</h><angle>0.42532</angle></robndbox></object><object><type>robndbox</type><name>wheat_head</name><pose>Unspecified</pose><truncated>0</truncated><difficult>0</difficult><robndbox><cx>737.6851</cx><cy>24.6654</cy><w>49.1225</w><h>32.6785</h><angle>0.989145</angle></robndbox></object><object><type>robndbox</type><name>wheat_head</name><pose>Unspecified</pose><truncated>0</truncated><difficult>0</difficult><robndbox><cx>642.2267</cx><cy>185.636</cy><w>91.7498</w><h>45.9697</h><angle>2.030566</angle></robndbox></object><object><type>robndbox</type><name>wheat_head</name><pose>Unspecified</pose><truncated>0</truncated><difficult>0</difficult><robndbox><cx>470.275</cx><cy>272.3803</cy><w>143.451</w><h>42.1999</h><angle>1.395657</angle></robndbox></object><object><type>robndbox</type><name>wheat_head</name><pose>Unspecified</pose><truncated>0</truncated><difficult>0</difficult><robndbox><cx>160.03</cx><cy>293.6476</cy><w>151.6425</w><h>40.8776</h><angle>0.905132</angle></robndbox></object><object><type>robndbox</type><name>wheat_head</name><pose>Unspecified</pose><truncated>0</truncated><difficult>0</difficult><robndbox><cx>581.0894</cx><cy>366.6428</cy><w>110.6623</w><h>40.6519</h><angle>0.886228</angle></robndbox></object><object><type>robndbox</type><name>wheat_head</name><pose>Unspecified</pose><truncated>0</truncated><difficult>0</difficult><robndbox><cx>45.6288</cx><cy>978.6191</cy><w>84.5181</w><h>39.2477</h><angle>0.401432</angle></robndbox></object><object><type>robndbox</type><name>wheat_head</name><pose>Unspecified</pose><truncated>0</truncated><difficult>0</difficult><robndbox><cx>909.6638</cx><cy>944.6257</cy><w>72.0161</w><h>43.8392</h><angle>0.852396</angle></robndbox></object><object><type>robndbox</type><name>wheat_head</name><pose>Unspecified</pose><truncated>0</truncated><difficult>0</difficult><robndbox><cx>111.9755</cx><cy>38.6356</cy><w>65.061</w><h>19.5634</h><angle>0.719382</angle></robndbox></object><object><type>robndbox</type><name>wheat_head</name><pose>Unspecified</pose><truncated>0</truncated><difficult>0</difficult><robndbox><cx>346.5272</cx><cy>722.173</cy><w>125.7853</w><h>42.9622</h><angle>0.722364</angle></robndbox></object><object><type>robndbox</type><name>wheat_head</name><pose>Unspecified</pose><truncated>0</truncated><difficult>0</difficult><robndbox><cx>813.3435</cx><cy>660.2393</cy><w>101.9882</w><h>42.7681</h><angle>2.459427</angle></robndbox></object><object><type>robndbox</type><name>wheat_head</name><pose>Unspecified</pose><truncated>0</truncated><difficult>0</difficult><robndbox><cx>700.7704</cx><cy>520.4716</cy><w>98.0216</w><h>47.8507</h><angle>0.650572</angle></robndbox></object><object><type>robndbox</type><name>wheat_head</name><pose>Unspecified</pose><truncated>0</truncated><difficult>0</difficult><robndbox><cx>677.7275</cx><cy>97.4698</cy><w>54.9654</w><h>29.5609</h><angle>1.537657</angle></robndbox></object><object><type>robndbox</type><name>wheat_head</name><pose>Unspecified</pose><truncated>0</truncated><difficult>0</difficult><robndbox><cx>877.3796</cx><cy>824.5594</cy><w>166.8395</w><h>47.1594</h><angle>0.526924</angle></robndbox></object><object><type>robndbox</type><name>wheat_head</name><pose>Unspecified</pose><truncated>0</truncated><difficult>0</difficult><robndbox><cx>1006.5</cx><cy>722.5</cy><w>40.1628</w><h>35.103</h><angle>1.494164</angle></robndbox></object><object><type>robndbox</type><name>wheat_head</name><pose>Unspecified</pose><truncated>0</truncated><difficult>0</difficult><robndbox><cx>734.6491</cx><cy>464.4305</cy><w>69.6658</w><h>34.8296</h><angle>1.198618</angle></robndbox></object><object><type>robndbox</type><name>wheat_head</name><pose>Unspecified</pose><truncated>0</truncated><difficult>0</difficult><robndbox><cx>313.5577</cx><cy>518.5026</cy><w>135.2498</w><h>41.4158</h><angle>2.544065</angle></robndbox></object><object><type>robndbox</type><name>wheat_head</name><pose>Unspecified</pose><truncated>0</truncated><difficult>0</difficult><robndbox><cx>224.2454</cx><cy>131.1107</cy><w>65.1554</w><h>34.7415</h><angle>2.823603</angle></robndbox></object><object><type>robndbox</type><name>wheat_head</name><pose>Unspecified</pose><truncated>0</truncated><difficult>0</difficult><robndbox><cx>352.1695</cx><cy>19.049</cy><w>45.6059</w><h>32.3913</h><angle>0.503539</angle></robndbox></object><object><type>robndbox</type><name>wheat_head</name><pose>Unspecified</pose><truncated>0</truncated><difficult>0</difficult><robndbox><cx>990.2195</cx><cy>497.6255</cy><w>62.7452</w><h>34.7367</h><angle>2.800891</angle></robndbox></object><object><type>robndbox</type><name>wheat_head</name><pose>Unspecified</pose><truncated>0</truncated><difficult>0</difficult><robndbox><cx>251.7561</cx><cy>216.3292</cy><w>45.1987</w><h>25.5912</h><angle>0.752265</angle></robndbox></object><object><type>robndbox</type><name>wheat_head</name><pose>Unspecified</pose><truncated>0</truncated><difficult>0</difficult><robndbox><cx>863.4468</cx><cy>61.7875</cy><w>99.9704</w><h>45.3907</h><angle>1.390527</angle></robndbox></object><object><type>robndbox</type><name>wheat_head</name><pose>Unspecified</pose><truncated>0</truncated><difficult>0</difficult><robndbox><cx>786.7865</cx><cy>392.8434</cy><w>54.7391</w><h>37.5721</h><angle>1.464537</angle></robndbox></object><object><type>robndbox</type><name>wheat_head</name><pose>Unspecified</pose><truncated>0</truncated><difficult>0</difficult><robndbox><cx>510.2719</cx><cy>489.5151</cy><w>72.294</w><h>26.9962</h><angle>0.146246</angle></robndbox></object><object><type>robndbox</type><name>wheat_head</name><pose>Unspecified</pose><truncated>0</truncated><difficult>0</difficult><robndbox><cx>979.6587</cx><cy>936.8815</cy><w>155.8016</w><h>38.4221</h><angle>1.551562</angle></robndbox></object><object><type>robndbox</type><name>wheat_head</name><pose>Unspecified</pose><truncated>0</truncated><difficult>0</difficult><robndbox><cx>544.1071</cx><cy>783.3868</cy><w>56.094</w><h>31.5724</h><angle>0.598997</angle></robndbox></object><object><type>robndbox</type><name>wheat_head</name><pose>Unspecified</pose><truncated>0</truncated><difficult>0</difficult><robndbox><cx>807.0303</cx><cy>850.0331</cy><w>107.4979</w><h>45.0474</h><angle>0.369166</angle></robndbox></object><object><type>robndbox</type><name>wheat_head</name><pose>Unspecified</pose><truncated>0</truncated><difficult>0</difficult><robndbox><cx>678.0248</cx><cy>266.4485</cy><w>103.5659</w><h>43.9714</h><angle>0.191641</angle></robndbox></object><object><type>robndbox</type><name>wheat_head</name><pose>Unspecified</pose><truncated>0</truncated><difficult>0</difficult><robndbox><cx>272.0932</cx><cy>360.4403</cy><w>62.6795</w><h>25.6743</h><angle>1.175865</angle></robndbox></object><object><type>robndbox</type><name>wheat_head</name><pose>Unspecified</pose><truncated>0</truncated><difficult>0</difficult><robndbox><cx>986.8995</cx><cy>327.4333</cy><w>103.3675</w><h>30.8779</h><angle>1.276451</angle></robndbox></object><object><type>robndbox</type><name>wheat_head</name><pose>Unspecified</pose><truncated>0</truncated><difficult>0</difficult><robndbox><cx>773.4882</cx><cy>464.6558</cy><w>35.7131</w><h>34.1601</h><angle>1.878122</angle></robndbox></object><object><type>robndbox</type><name>wheat_head</name><pose>Unspecified</pose><truncated>0</truncated><difficult>0</difficult><robndbox><cx>116.4996</cx><cy>733.4478</cy><w>78.7967</w><h>38.9361</h><angle>0.393573</angle></robndbox></object><object><type>robndbox</type><name>wheat_head</name><pose>Unspecified</pose><truncated>0</truncated><difficult>0</difficult><robndbox><cx>128.3418</cx><cy>911.8999</cy><w>176.468</w><h>45.6485</h><angle>0.263063</angle></robndbox></object><object><type>robndbox</type><name>wheat_head</name><pose>Unspecified</pose><truncated>0</truncated><difficult>0</difficult><robndbox><cx>101.3718</cx><cy>558.9973</cy><w>85.793</w><h>46.0808</h><angle>2.914134</angle></robndbox></object><object><type>robndbox</type><name>wheat_head</name><pose>Unspecified</pose><truncated>0</truncated><difficult>0</difficult><robndbox><cx>459.5218</cx><cy>470.5051</cy><w>92.7578</w><h>31.1543</h><angle>0.756246</angle></robndbox></object><object><type>robndbox</type><name>wheat_head</name><pose>Unspecified</pose><truncated>0</truncated><difficult>0</difficult><robndbox><cx>850.1666</cx><cy>560.2264</cy><w>56.5916</w><h>42.3373</h><angle>0.414913</angle></robndbox></object><object><type>robndbox</type><name>wheat_head</name><pose>Unspecified</pose><truncated>0</truncated><difficult>0</difficult><robndbox><cx>642.0501</cx><cy>501.2376</cy><w>72.7101</w><h>35.1675</h><angle>0.566271</angle></robndbox></object><object><type>robndbox</type><name>wheat_head</name><pose>Unspecified</pose><truncated>0</truncated><difficult>0</difficult><robndbox><cx>812.4681</cx><cy>960.545</cy><w>132.1994</w><h>39.1848</h><angle>2.307472</angle></robndbox></object><object><type>robndbox</type><name>wheat_head</name><pose>Unspecified</pose><truncated>0</truncated><difficult>0</difficult><robndbox><cx>35.9068</cx><cy>84.1132</cy><w>95.3497</w><h>28.7442</h><angle>0.972384</angle></robndbox></object><object><type>robndbox</type><name>wheat_head</name><pose>Unspecified</pose><truncated>0</truncated><difficult>0</difficult><robndbox><cx>432.5501</cx><cy>977.1832</cy><w>155.0777</w><h>40.8725</h><angle>0.545565</angle></robndbox></object><object><type>robndbox</type><name>wheat_head</name><pose>Unspecified</pose><truncated>0</truncated><difficult>0</difficult><robndbox><cx>441.2423</cx><cy>884.0211</cy><w>102.0696</w><h>41.6799</h><angle>0.447161</angle></robndbox></object><object><type>robndbox</type><name>wheat_head</name><pose>Unspecified</pose><truncated>0</truncated><difficult>0</difficult><robndbox><cx>67.3002</cx><cy>113.3346</cy><w>37.0184</w><h>30.6061</h><angle>0.210678</angle></robndbox></object><object><type>robndbox</type><name>wheat_head</name><pose>Unspecified</pose><truncated>0</truncated><difficult>0</difficult><robndbox><cx>569.0664</cx><cy>523.261</cy><w>109.8464</w><h>44.1556</h><angle>3.063903</angle></robndbox></object><object><type>robndbox</type><name>wheat_head</name><pose>Unspecified</pose><truncated>0</truncated><difficult>0</difficult><robndbox><cx>806.1832</cx><cy>245.5579</cy><w>193.6216</w><h>35.2369</h><angle>1.419717</angle></robndbox></object><object><type>robndbox</type><name>wheat_head</name><pose>Unspecified</pose><truncated>0</truncated><difficult>0</difficult><robndbox><cx>85.3115</cx><cy>778.6356</cy><w>81.7797</w><h>30.6443</h><angle>0.108765</angle></robndbox></object><object><type>robndbox</type><name>wheat_head</name><pose>Unspecified</pose><truncated>0</truncated><difficult>0</difficult><robndbox><cx>542.1799</cx><cy>924.0736</cy><w>105.1967</w><h>43.46</h><angle>0.013629</angle></robndbox></object><object><type>robndbox</type><name>wheat_head</name><pose>Unspecified</pose><truncated>0</truncated><difficult>0</difficult><robndbox><cx>318.1056</cx><cy>375.8722</cy><w>53.0867</w><h>28.3535</h><angle>0.375865</angle></robndbox></object><object><type>robndbox</type><name>wheat_head</name><pose>Unspecified</pose><truncated>0</truncated><difficult>0</difficult><robndbox><cx>863.4468</cx><cy>61.7875</cy><w>99.9704</w><h>45.3907</h><angle>1.390527</angle></robndbox></object><object><type>robndbox</type><name>wheat_head</name><pose>Unspecified</pose><truncated>0</truncated><difficult>0</difficult><robndbox><cx>984.2714</cx><cy>711.2158</cy><w>158.3984</w><h>42.6608</h><angle>1.503068</angle></robndbox></object><object><type>robndbox</type><name>wheat_head</name><pose>Unspecified</pose><truncated>0</truncated><difficult>0</difficult><robndbox><cx>160.03</cx><cy>293.6476</cy><w>151.6425</w><h>40.8776</h><angle>0.905132</angle></robndbox></object><object><type>robndbox</type><name>wheat_head</name><pose>Unspecified</pose><truncated>0</truncated><difficult>0</difficult><robndbox><cx>65.0</cx><cy>810.8824</cy><w>127.3554</w><h>34.8404</h><angle>3.050357</angle></robndbox></object><object><type>robndbox</type><name>wheat_head</name><pose>Unspecified</pose><truncated>0</truncated><difficult>0</difficult><robndbox><cx>738.3093</cx><cy>889.2482</cy><w>53.8451</w><h>38.7371</h><angle>0.170323</angle></robndbox></object><object><type>robndbox</type><name>wheat_head</name><pose>Unspecified</pose><truncated>0</truncated><difficult>0</difficult><robndbox><cx>69.4389</cx><cy>442.4106</cy><w>81.7022</w><h>27.4254</h><angle>0.54654</angle></robndbox></object><object><type>robndbox</type><name>wheat_head</name><pose>Unspecified</pose><truncated>0</truncated><difficult>0</difficult><robndbox><cx>124.0</cx><cy>943.4286</cy><w>169.5382</w><h>27.364</h><angle>0.000921</angle></robndbox></object><object><type>robndbox</type><name>wheat_head</name><pose>Unspecified</pose><truncated>0</truncated><difficult>0</difficult><robndbox><cx>848.5687</cx><cy>742.4582</cy><w>39.3954</w><h>34.3728</h><angle>2.723368</angle></robndbox></object></annotation>