<annotation verified="no"><folder>images</folder><filename>1ecc491e7</filename><path>/home/badhon/Documents/thesis/final_dataset/ethz_1/images/1ecc491e7.jpg</path><source><database>Unknown</database></source><size><width>1024</width><height>1024</height><depth>3</depth></size><segmented>0</segmented><object><type>robndbox</type><name>wheat_head</name><pose>Unspecified</pose><truncated>0</truncated><difficult>0</difficult><robndbox><cx>797.2812</cx><cy>237.2967</cy><w>104.7168</w><h>36.4267</h><angle>1.010014</angle></robndbox></object><object><type>robndbox</type><name>wheat_head</name><pose>Unspecified</pose><truncated>0</truncated><difficult>0</difficult><robndbox><cx>390.8641</cx><cy>367.3019</cy><w>88.4426</w><h>33.3264</h><angle>0.936225</angle></robndbox></object><object><type>robndbox</type><name>wheat_head</name><pose>Unspecified</pose><truncated>0</truncated><difficult>0</difficult><robndbox><cx>701.4904</cx><cy>344.0266</cy><w>87.2269</w><h>40.9634</h><angle>0.710371</angle></robndbox></object><object><type>robndbox</type><name>wheat_head</name><pose>Unspecified</pose><truncated>0</truncated><difficult>0</difficult><robndbox><cx>662.6809</cx><cy>668.4072</cy><w>80.2202</w><h>36.2347</h><angle>0.697596</angle></robndbox></object><object><type>robndbox</type><name>wheat_head</name><pose>Unspecified</pose><truncated>0</truncated><difficult>0</difficult><robndbox><cx>192.0249</cx><cy>534.4505</cy><w>126.8074</w><h>40.7665</h><angle>0.599453</angle></robndbox></object><object><type>robndbox</type><name>wheat_head</name><pose>Unspecified</pose><truncated>0</truncated><difficult>0</difficult><robndbox><cx>571.8218</cx><cy>50.4558</cy><w>114.3407</w><h>43.6634</h><angle>0.669937</angle></robndbox></object><object><type>robndbox</type><name>wheat_head</name><pose>Unspecified</pose><truncated>0</truncated><difficult>0</difficult><robndbox><cx>736.4297</cx><cy>622.6546</cy><w>93.0704</w><h>35.3176</h><angle>0.65229</angle></robndbox></object><object><type>robndbox</type><name>wheat_head</name><pose>Unspecified</pose><truncated>0</truncated><difficult>0</difficult><robndbox><cx>870.8199</cx><cy>373.4008</cy><w>83.9713</w><h>37.8893</h><angle>0.878673</angle></robndbox></object><object><type>robndbox</type><name>wheat_head</name><pose>Unspecified</pose><truncated>0</truncated><difficult>0</difficult><robndbox><cx>200.8031</cx><cy>930.8692</cy><w>89.0546</w><h>30.6753</h><angle>0.549796</angle></robndbox></object><object><type>robndbox</type><name>wheat_head</name><pose>Unspecified</pose><truncated>0</truncated><difficult>0</difficult><robndbox><cx>859.7123</cx><cy>678.9321</cy><w>99.6971</w><h>43.6676</h><angle>0.922057</angle></robndbox></object><object><type>robndbox</type><name>wheat_head</name><pose>Unspecified</pose><truncated>0</truncated><difficult>0</difficult><robndbox><cx>776.9539</cx><cy>341.1919</cy><w>88.9237</w><h>35.8499</h><angle>0.975138</angle></robndbox></object><object><type>robndbox</type><name>wheat_head</name><pose>Unspecified</pose><truncated>0</truncated><difficult>0</difficult><robndbox><cx>295.8227</cx><cy>368.8703</cy><w>73.55</w><h>18.5527</h><angle>0.673471</angle></robndbox></object><object><type>robndbox</type><name>wheat_head</name><pose>Unspecified</pose><truncated>0</truncated><difficult>0</difficult><robndbox><cx>660.8439</cx><cy>558.1167</cy><w>80.2067</w><h>29.884</h><angle>0.854512</angle></robndbox></object><object><type>robndbox</type><name>wheat_head</name><pose>Unspecified</pose><truncated>0</truncated><difficult>0</difficult><robndbox><cx>469.2463</cx><cy>515.7198</cy><w>97.5282</w><h>39.1335</h><angle>0.998201</angle></robndbox></object><object><type>robndbox</type><name>wheat_head</name><pose>Unspecified</pose><truncated>0</truncated><difficult>0</difficult><robndbox><cx>958.3116</cx><cy>604.5188</cy><w>75.8141</w><h>34.9649</h><angle>1.086882</angle></robndbox></object><object><type>robndbox</type><name>wheat_head</name><pose>Unspecified</pose><truncated>0</truncated><difficult>0</difficult><robndbox><cx>736.8601</cx><cy>934.6003</cy><w>136.2324</w><h>38.4505</h><angle>0.626865</angle></robndbox></object><object><type>robndbox</type><name>wheat_head</name><pose>Unspecified</pose><truncated>0</truncated><difficult>0</difficult><robndbox><cx>189.1386</cx><cy>442.0617</cy><w>65.3661</w><h>30.6646</h><angle>1.20546</angle></robndbox></object><object><type>robndbox</type><name>wheat_head</name><pose>Unspecified</pose><truncated>0</truncated><difficult>0</difficult><robndbox><cx>446.52</cx><cy>675.6961</cy><w>84.7137</w><h>34.1488</h><angle>0.574925</angle></robndbox></object><object><type>robndbox</type><name>wheat_head</name><pose>Unspecified</pose><truncated>0</truncated><difficult>0</difficult><robndbox><cx>180.9805</cx><cy>686.8571</cy><w>121.6669</w><h>34.0203</h><angle>0.912062</angle></robndbox></object><object><type>robndbox</type><name>wheat_head</name><pose>Unspecified</pose><truncated>0</truncated><difficult>0</difficult><robndbox><cx>268.7918</cx><cy>783.404</cy><w>90.5766</w><h>36.4919</h><angle>0.700101</angle></robndbox></object><object><type>robndbox</type><name>wheat_head</name><pose>Unspecified</pose><truncated>0</truncated><difficult>0</difficult><robndbox><cx>165.1633</cx><cy>41.3164</cy><w>90.7122</w><h>33.4912</h><angle>0.875624</angle></robndbox></object><object><type>robndbox</type><name>wheat_head</name><pose>Unspecified</pose><truncated>0</truncated><difficult>0</difficult><robndbox><cx>955.8973</cx><cy>777.6906</cy><w>72.3924</w><h>35.8702</h><angle>1.031002</angle></robndbox></object><object><type>robndbox</type><name>wheat_head</name><pose>Unspecified</pose><truncated>0</truncated><difficult>0</difficult><robndbox><cx>871.3116</cx><cy>934.2542</cy><w>76.3118</w><h>40.8827</h><angle>0.593517</angle></robndbox></object><object><type>robndbox</type><name>wheat_head</name><pose>Unspecified</pose><truncated>0</truncated><difficult>0</difficult><robndbox><cx>446.9254</cx><cy>924.9902</cy><w>90.6509</w><h>30.3333</h><angle>0.664831</angle></robndbox></object><object><type>robndbox</type><name>wheat_head</name><pose>Unspecified</pose><truncated>0</truncated><difficult>0</difficult><robndbox><cx>749.6128</cx><cy>72.9796</cy><w>115.0543</w><h>28.9718</h><angle>0.790593</angle></robndbox></object><object><type>robndbox</type><name>wheat_head</name><pose>Unspecified</pose><truncated>0</truncated><difficult>0</difficult><robndbox><cx>104.548</cx><cy>676.4573</cy><w>106.2842</w><h>33.2576</h><angle>0.667685</angle></robndbox></object><object><type>robndbox</type><name>wheat_head</name><pose>Unspecified</pose><truncated>0</truncated><difficult>0</difficult><robndbox><cx>147.1604</cx><cy>84.1254</cy><w>63.0123</w><h>25.4657</h><angle>1.03767</angle></robndbox></object><object><type>robndbox</type><name>wheat_head</name><pose>Unspecified</pose><truncated>0</truncated><difficult>0</difficult><robndbox><cx>564.321</cx><cy>662.8247</cy><w>128.294</w><h>37.7464</h><angle>0.526831</angle></robndbox></object><object><type>robndbox</type><name>wheat_head</name><pose>Unspecified</pose><truncated>0</truncated><difficult>0</difficult><robndbox><cx>534.9307</cx><cy>130.7055</cy><w>102.615</w><h>37.832</h><angle>0.650983</angle></robndbox></object><object><type>robndbox</type><name>wheat_head</name><pose>Unspecified</pose><truncated>0</truncated><difficult>0</difficult><robndbox><cx>145.7273</cx><cy>173.7557</cy><w>79.9291</w><h>36.6265</h><angle>0.791567</angle></robndbox></object><object><type>robndbox</type><name>wheat_head</name><pose>Unspecified</pose><truncated>0</truncated><difficult>0</difficult><robndbox><cx>309.36</cx><cy>738.799</cy><w>91.5412</w><h>39.1316</h><angle>0.697196</angle></robndbox></object><object><type>robndbox</type><name>wheat_head</name><pose>Unspecified</pose><truncated>0</truncated><difficult>0</difficult><robndbox><cx>65.9048</cx><cy>715.8192</cy><w>78.5156</w><h>28.3621</h><angle>0.675944</angle></robndbox></object><object><type>robndbox</type><name>wheat_head</name><pose>Unspecified</pose><truncated>0</truncated><difficult>0</difficult><robndbox><cx>136.7748</cx><cy>106.3818</cy><w>122.4801</w><h>32.3684</h><angle>0.83767</angle></robndbox></object><object><type>robndbox</type><name>wheat_head</name><pose>Unspecified</pose><truncated>0</truncated><difficult>0</difficult><robndbox><cx>670.8856</cx><cy>196.4876</cy><w>137.5661</w><h>43.7795</h><angle>0.949589</angle></robndbox></object><object><type>robndbox</type><name>wheat_head</name><pose>Unspecified</pose><truncated>0</truncated><difficult>0</difficult><robndbox><cx>605.421</cx><cy>250.0265</cy><w>98.2984</w><h>40.9561</h><angle>0.890969</angle></robndbox></object><object><type>robndbox</type><name>wheat_head</name><pose>Unspecified</pose><truncated>0</truncated><difficult>0</difficult><robndbox><cx>727.6279</cx><cy>820.1614</cy><w>46.3733</w><h>18.5867</h><angle>0.797596</angle></robndbox></object><object><type>robndbox</type><name>wheat_head</name><pose>Unspecified</pose><truncated>0</truncated><difficult>0</difficult><robndbox><cx>342.6963</cx><cy>678.1313</cy><w>80.5758</w><h>36.9407</h><angle>0.710986</angle></robndbox></object><object><type>robndbox</type><name>wheat_head</name><pose>Unspecified</pose><truncated>0</truncated><difficult>0</difficult><robndbox><cx>613.0383</cx><cy>485.8882</cy><w>60.2055</w><h>29.1207</h><angle>1.100003</angle></robndbox></object><object><type>robndbox</type><name>wheat_head</name><pose>Unspecified</pose><truncated>0</truncated><difficult>0</difficult><robndbox><cx>485.753</cx><cy>841.8214</cy><w>70.6741</w><h>33.6858</h><angle>0.641615</angle></robndbox></object><object><type>robndbox</type><name>wheat_head</name><pose>Unspecified</pose><truncated>0</truncated><difficult>0</difficult><robndbox><cx>610.3356</cx><cy>526.2805</cy><w>83.7978</w><h>39.8002</h><angle>0.664289</angle></robndbox></object><object><type>robndbox</type><name>wheat_head</name><pose>Unspecified</pose><truncated>0</truncated><difficult>0</difficult><robndbox><cx>375.2729</cx><cy>588.6341</cy><w>79.2075</w><h>38.9499</h><angle>0.941479</angle></robndbox></object><object><type>robndbox</type><name>wheat_head</name><pose>Unspecified</pose><truncated>0</truncated><difficult>0</difficult><robndbox><cx>52.3988</cx><cy>531.3475</cy><w>98.8544</w><h>37.9451</h><angle>0.612621</angle></robndbox></object><object><type>robndbox</type><name>wheat_head</name><pose>Unspecified</pose><truncated>0</truncated><difficult>0</difficult><robndbox><cx>334.5952</cx><cy>164.0705</cy><w>175.074</w><h>45.9456</h><angle>0.889769</angle></robndbox></object><object><type>robndbox</type><name>wheat_head</name><pose>Unspecified</pose><truncated>0</truncated><difficult>0</difficult><robndbox><cx>899.2826</cx><cy>595.058</cy><w>112.2689</w><h>40.7024</h><angle>0.744363</angle></robndbox></object><object><type>robndbox</type><name>wheat_head</name><pose>Unspecified</pose><truncated>0</truncated><difficult>0</difficult><robndbox><cx>95.9605</cx><cy>806.5938</cy><w>71.0505</w><h>32.1271</h><angle>0.669853</angle></robndbox></object><object><type>robndbox</type><name>wheat_head</name><pose>Unspecified</pose><truncated>0</truncated><difficult>0</difficult><robndbox><cx>409.5847</cx><cy>535.9711</cy><w>111.9561</w><h>31.7661</h><angle>0.538747</angle></robndbox></object><object><type>robndbox</type><name>wheat_head</name><pose>Unspecified</pose><truncated>0</truncated><difficult>0</difficult><robndbox><cx>736.6133</cx><cy>548.07</cy><w>62.7738</w><h>30.9192</h><angle>0.961064</angle></robndbox></object><object><type>robndbox</type><name>wheat_head</name><pose>Unspecified</pose><truncated>0</truncated><difficult>0</difficult><robndbox><cx>447.9472</cx><cy>601.4685</cy><w>109.2623</w><h>37.4137</h><angle>1.038747</angle></robndbox></object><object><type>robndbox</type><name>wheat_head</name><pose>Unspecified</pose><truncated>0</truncated><difficult>0</difficult><robndbox><cx>507.7378</cx><cy>804.6024</cy><w>70.0226</w><h>31.7418</h><angle>0.705011</angle></robndbox></object><object><type>robndbox</type><name>wheat_head</name><pose>Unspecified</pose><truncated>0</truncated><difficult>0</difficult><robndbox><cx>968.9218</cx><cy>146.9617</cy><w>43.4609</w><h>26.0931</h><angle>1.796157</angle></robndbox></object><object><type>robndbox</type><name>wheat_head</name><pose>Unspecified</pose><truncated>0</truncated><difficult>0</difficult><robndbox><cx>972.9897</cx><cy>951.3458</cy><w>54.723</w><h>33.7417</h><angle>0.907408</angle></robndbox></object><object><type>robndbox</type><name>wheat_head</name><pose>Unspecified</pose><truncated>0</truncated><difficult>0</difficult><robndbox><cx>493.9895</cx><cy>35.1099</cy><w>51.6537</w><h>37.6203</h><angle>0.682086</angle></robndbox></object><object><type>robndbox</type><name>wheat_head</name><pose>Unspecified</pose><truncated>0</truncated><difficult>0</difficult><robndbox><cx>194.8124</cx><cy>629.9635</cy><w>75.2198</w><h>32.3242</h><angle>0.615168</angle></robndbox></object><object><type>robndbox</type><name>wheat_head</name><pose>Unspecified</pose><truncated>0</truncated><difficult>0</difficult><robndbox><cx>768.7195</cx><cy>758.1388</cy><w>100.3691</w><h>40.5139</h><angle>0.593376</angle></robndbox></object><object><type>robndbox</type><name>wheat_head</name><pose>Unspecified</pose><truncated>0</truncated><difficult>0</difficult><robndbox><cx>615.9032</cx><cy>828.5478</cy><w>58.0475</w><h>27.9006</h><angle>0.565197</angle></robndbox></object><object><type>robndbox</type><name>wheat_head</name><pose>Unspecified</pose><truncated>0</truncated><difficult>0</difficult><robndbox><cx>156.2566</cx><cy>991.5078</cy><w>46.4837</w><h>42.8126</h><angle>0.965417</angle></robndbox></object><object><type>robndbox</type><name>wheat_head</name><pose>Unspecified</pose><truncated>0</truncated><difficult>0</difficult><robndbox><cx>428.0086</cx><cy>697.7014</cy><w>65.3745</w><h>14.4146</h><angle>0.474925</angle></robndbox></object><object><type>robndbox</type><name>wheat_head</name><pose>Unspecified</pose><truncated>0</truncated><difficult>0</difficult><robndbox><cx>509.5724</cx><cy>366.7903</cy><w>93.3223</w><h>33.6653</h><angle>0.652435</angle></robndbox></object><object><type>robndbox</type><name>wheat_head</name><pose>Unspecified</pose><truncated>0</truncated><difficult>0</difficult><robndbox><cx>313.572</cx><cy>345.8353</cy><w>107.2878</w><h>29.9493</h><angle>0.873471</angle></robndbox></object><object><type>robndbox</type><name>wheat_head</name><pose>Unspecified</pose><truncated>0</truncated><difficult>0</difficult><robndbox><cx>88.3721</cx><cy>854.0209</cy><w>104.7955</w><h>37.9775</h><angle>0.534637</angle></robndbox></object><object><type>robndbox</type><name>wheat_head</name><pose>Unspecified</pose><truncated>0</truncated><difficult>0</difficult><robndbox><cx>103.526</cx><cy>639.8866</cy><w>63.8355</w><h>26.2429</h><angle>0.511211</angle></robndbox></object><object><type>robndbox</type><name>wheat_head</name><pose>Unspecified</pose><truncated>0</truncated><difficult>0</difficult><robndbox><cx>64.5</cx><cy>322.0</cy><w>37.1894</w><h>24.1835</h><angle>0.524383</angle></robndbox></object><object><type>robndbox</type><name>wheat_head</name><pose>Unspecified</pose><truncated>0</truncated><difficult>0</difficult><robndbox><cx>647.4312</cx><cy>1002.9741</cy><w>45.3903</w><h>33.1426</h><angle>0.181466</angle></robndbox></object><object><type>robndbox</type><name>wheat_head</name><pose>Unspecified</pose><truncated>0</truncated><difficult>0</difficult><robndbox><cx>149.9962</cx><cy>860.808</cy><w>102.5749</w><h>38.3797</h><angle>0.709935</angle></robndbox></object><object><type>robndbox</type><name>wheat_head</name><pose>Unspecified</pose><truncated>0</truncated><difficult>0</difficult><robndbox><cx>799.0474</cx><cy>497.0805</cy><w>86.8697</w><h>37.0923</h><angle>1.237513</angle></robndbox></object><object><type>robndbox</type><name>wheat_head</name><pose>Unspecified</pose><truncated>0</truncated><difficult>0</difficult><robndbox><cx>25.5</cx><cy>753.0</cy><w>54.9091</w><h>27.2016</h><angle>0.477864</angle></robndbox></object><object><type>robndbox</type><name>wheat_head</name><pose>Unspecified</pose><truncated>0</truncated><difficult>0</difficult><robndbox><cx>838.8056</cx><cy>524.9117</cy><w>81.5101</w><h>29.4221</h><angle>1.037513</angle></robndbox></object><object><type>robndbox</type><name>wheat_head</name><pose>Unspecified</pose><truncated>0</truncated><difficult>0</difficult><robndbox><cx>379.933</cx><cy>996.3784</cy><w>63.2127</w><h>30.6681</h><angle>0.041565</angle></robndbox></object><object><type>robndbox</type><name>wheat_head</name><pose>Unspecified</pose><truncated>0</truncated><difficult>0</difficult><robndbox><cx>297.0782</cx><cy>471.7794</cy><w>69.3878</w><h>32.0532</h><angle>0.541013</angle></robndbox></object><object><type>robndbox</type><name>wheat_head</name><pose>Unspecified</pose><truncated>0</truncated><difficult>0</difficult><robndbox><cx>981.0</cx><cy>459.5</cy><w>54.6927</w><h>28.0757</h><angle>0.900101</angle></robndbox></object><object><type>robndbox</type><name>wheat_head</name><pose>Unspecified</pose><truncated>0</truncated><difficult>0</difficult><robndbox><cx>741.5512</cx><cy>104.0733</cy><w>102.572</w><h>36.1492</h><angle>0.990593</angle></robndbox></object><object><type>robndbox</type><name>wheat_head</name><pose>Unspecified</pose><truncated>0</truncated><difficult>0</difficult><robndbox><cx>727.6766</cx><cy>19.6378</cy><w>41.2763</w><h>33.002</h><angle>1.288637</angle></robndbox></object><object><type>robndbox</type><name>wheat_head</name><pose>Unspecified</pose><truncated>0</truncated><difficult>0</difficult><robndbox><cx>1003.978</cx><cy>54.6795</cy><w>32.2466</w><h>29.8286</h><angle>1.226156</angle></robndbox></object><object><type>robndbox</type><name>wheat_head</name><pose>Unspecified</pose><truncated>0</truncated><difficult>0</difficult><robndbox><cx>286.275</cx><cy>978.7164</cy><w>104.9937</w><h>23.9919</h><angle>0.549796</angle></robndbox></object><object><type>robndbox</type><name>wheat_head</name><pose>Unspecified</pose><truncated>0</truncated><difficult>0</difficult><robndbox><cx>104.4227</cx><cy>37.5395</cy><w>35.9642</w><h>28.5421</h><angle>0.871722</angle></robndbox></object><object><type>robndbox</type><name>wheat_head</name><pose>Unspecified</pose><truncated>0</truncated><difficult>0</difficult><robndbox><cx>228.8214</cx><cy>1009.446</cy><w>46.6755</w><h>25.4202</h><angle>0.086206</angle></robndbox></object><object><type>robndbox</type><name>wheat_head</name><pose>Unspecified</pose><truncated>0</truncated><difficult>0</difficult><robndbox><cx>314.113</cx><cy>40.2092</cy><w>71.8222</w><h>26.7931</h><angle>1.075099</angle></robndbox></object><object><type>robndbox</type><name>wheat_head</name><pose>Unspecified</pose><truncated>0</truncated><difficult>0</difficult><robndbox><cx>667.6944</cx><cy>627.6941</cy><w>80.4521</w><h>31.2138</h><angle>0.709535</angle></robndbox></object><object><type>robndbox</type><name>wheat_head</name><pose>Unspecified</pose><truncated>0</truncated><difficult>0</difficult><robndbox><cx>780.0</cx><cy>829.5</cy><w>44.7308</w><h>39.9175</h><angle>0.748772</angle></robndbox></object><object><type>robndbox</type><name>wheat_head</name><pose>Unspecified</pose><truncated>0</truncated><difficult>0</difficult><robndbox><cx>999.0419</cx><cy>110.2686</cy><w>74.411</w><h>43.7789</h><angle>0.851966</angle></robndbox></object><object><type>robndbox</type><name>wheat_head</name><pose>Unspecified</pose><truncated>0</truncated><difficult>0</difficult><robndbox><cx>947.0504</cx><cy>16.7592</cy><w>39.6989</w><h>33.377</h><angle>0.856706</angle></robndbox></object><object><type>robndbox</type><name>wheat_head</name><pose>Unspecified</pose><truncated>0</truncated><difficult>0</difficult><robndbox><cx>884.1068</cx><cy>8.9941</cy><w>23.0217</w><h>19.0266</h><angle>0.970746</angle></robndbox></object></annotation>