<annotation verified="no"><folder>images</folder><filename>1fab6aa6b</filename><path>/home/badhon/Documents/thesis/final_dataset/ethz_1/images/1fab6aa6b.jpg</path><source><database>Unknown</database></source><size><width>1024</width><height>1024</height><depth>3</depth></size><segmented>0</segmented><object><type>robndbox</type><name>wheat_head</name><pose>Unspecified</pose><truncated>0</truncated><difficult>0</difficult><robndbox><cx>359.107</cx><cy>640.8167</cy><w>69.8846</w><h>30.9714</h><angle>1.165734</angle></robndbox></object><object><type>robndbox</type><name>wheat_head</name><pose>Unspecified</pose><truncated>0</truncated><difficult>0</difficult><robndbox><cx>836.2446</cx><cy>37.2987</cy><w>96.616</w><h>32.6781</h><angle>0.978534</angle></robndbox></object><object><type>robndbox</type><name>wheat_head</name><pose>Unspecified</pose><truncated>0</truncated><difficult>0</difficult><robndbox><cx>963.2372</cx><cy>979.4559</cy><w>74.8302</w><h>36.0765</h><angle>0.873747</angle></robndbox></object><object><type>robndbox</type><name>wheat_head</name><pose>Unspecified</pose><truncated>0</truncated><difficult>0</difficult><robndbox><cx>338.67</cx><cy>554.2905</cy><w>100.6092</w><h>36.4376</h><angle>1.03219</angle></robndbox></object><object><type>robndbox</type><name>wheat_head</name><pose>Unspecified</pose><truncated>0</truncated><difficult>0</difficult><robndbox><cx>546.5521</cx><cy>376.4954</cy><w>90.1184</w><h>33.2965</h><angle>1.014713</angle></robndbox></object><object><type>robndbox</type><name>wheat_head</name><pose>Unspecified</pose><truncated>0</truncated><difficult>0</difficult><robndbox><cx>595.622</cx><cy>824.7159</cy><w>56.2293</w><h>26.3079</h><angle>1.292463</angle></robndbox></object><object><type>robndbox</type><name>wheat_head</name><pose>Unspecified</pose><truncated>0</truncated><difficult>0</difficult><robndbox><cx>92.3022</cx><cy>612.3159</cy><w>98.568</w><h>31.553</h><angle>0.440464</angle></robndbox></object><object><type>robndbox</type><name>wheat_head</name><pose>Unspecified</pose><truncated>0</truncated><difficult>0</difficult><robndbox><cx>572.6812</cx><cy>484.431</cy><w>74.2796</w><h>31.3272</h><angle>1.113587</angle></robndbox></object><object><type>robndbox</type><name>wheat_head</name><pose>Unspecified</pose><truncated>0</truncated><difficult>0</difficult><robndbox><cx>260.7859</cx><cy>945.8158</cy><w>85.3804</w><h>35.0611</h><angle>1.180669</angle></robndbox></object><object><type>robndbox</type><name>wheat_head</name><pose>Unspecified</pose><truncated>0</truncated><difficult>0</difficult><robndbox><cx>854.2737</cx><cy>518.2199</cy><w>78.3718</w><h>26.1224</h><angle>1.379149</angle></robndbox></object><object><type>robndbox</type><name>wheat_head</name><pose>Unspecified</pose><truncated>0</truncated><difficult>0</difficult><robndbox><cx>478.3474</cx><cy>470.1784</cy><w>79.5876</w><h>38.9657</h><angle>0.675258</angle></robndbox></object><object><type>robndbox</type><name>wheat_head</name><pose>Unspecified</pose><truncated>0</truncated><difficult>0</difficult><robndbox><cx>402.8374</cx><cy>842.8958</cy><w>87.3004</w><h>31.4912</h><angle>1.081685</angle></robndbox></object><object><type>robndbox</type><name>wheat_head</name><pose>Unspecified</pose><truncated>0</truncated><difficult>0</difficult><robndbox><cx>26.478</cx><cy>709.5588</cy><w>76.4612</w><h>37.4037</h><angle>0.782831</angle></robndbox></object><object><type>robndbox</type><name>wheat_head</name><pose>Unspecified</pose><truncated>0</truncated><difficult>0</difficult><robndbox><cx>344.9612</cx><cy>876.8865</cy><w>97.862</w><h>24.1177</h><angle>1.171061</angle></robndbox></object><object><type>robndbox</type><name>wheat_head</name><pose>Unspecified</pose><truncated>0</truncated><difficult>0</difficult><robndbox><cx>52.4613</cx><cy>305.3554</cy><w>103.4235</w><h>42.5754</h><angle>0.851329</angle></robndbox></object><object><type>robndbox</type><name>wheat_head</name><pose>Unspecified</pose><truncated>0</truncated><difficult>0</difficult><robndbox><cx>332.1475</cx><cy>274.1094</cy><w>95.5813</w><h>41.4251</h><angle>0.73271</angle></robndbox></object><object><type>robndbox</type><name>wheat_head</name><pose>Unspecified</pose><truncated>0</truncated><difficult>0</difficult><robndbox><cx>610.0684</cx><cy>100.33</cy><w>95.0478</w><h>33.1964</h><angle>1.400236</angle></robndbox></object><object><type>robndbox</type><name>wheat_head</name><pose>Unspecified</pose><truncated>0</truncated><difficult>0</difficult><robndbox><cx>679.3241</cx><cy>809.8109</cy><w>84.2967</w><h>29.1421</h><angle>0.832708</angle></robndbox></object><object><type>robndbox</type><name>wheat_head</name><pose>Unspecified</pose><truncated>0</truncated><difficult>0</difficult><robndbox><cx>401.5464</cx><cy>894.5984</cy><w>84.996</w><h>32.9545</h><angle>0.668205</angle></robndbox></object><object><type>robndbox</type><name>wheat_head</name><pose>Unspecified</pose><truncated>0</truncated><difficult>0</difficult><robndbox><cx>852.1754</cx><cy>859.2807</cy><w>72.3973</w><h>34.0282</h><angle>1.049008</angle></robndbox></object><object><type>robndbox</type><name>wheat_head</name><pose>Unspecified</pose><truncated>0</truncated><difficult>0</difficult><robndbox><cx>807.5536</cx><cy>524.7319</cy><w>59.2094</w><h>27.0267</h><angle>1.40154</angle></robndbox></object><object><type>robndbox</type><name>wheat_head</name><pose>Unspecified</pose><truncated>0</truncated><difficult>0</difficult><robndbox><cx>669.0122</cx><cy>496.7818</cy><w>72.263</w><h>30.0785</h><angle>1.170943</angle></robndbox></object><object><type>robndbox</type><name>wheat_head</name><pose>Unspecified</pose><truncated>0</truncated><difficult>0</difficult><robndbox><cx>156.7551</cx><cy>547.7688</cy><w>121.0429</w><h>36.6216</h><angle>0.884406</angle></robndbox></object><object><type>robndbox</type><name>wheat_head</name><pose>Unspecified</pose><truncated>0</truncated><difficult>0</difficult><robndbox><cx>62.9873</cx><cy>195.5106</cy><w>80.1703</w><h>31.5882</h><angle>1.098784</angle></robndbox></object><object><type>robndbox</type><name>wheat_head</name><pose>Unspecified</pose><truncated>0</truncated><difficult>0</difficult><robndbox><cx>871.6871</cx><cy>405.9252</cy><w>81.965</w><h>29.3092</h><angle>1.377461</angle></robndbox></object><object><type>robndbox</type><name>wheat_head</name><pose>Unspecified</pose><truncated>0</truncated><difficult>0</difficult><robndbox><cx>654.4497</cx><cy>567.5499</cy><w>116.9065</w><h>33.3279</h><angle>1.116596</angle></robndbox></object><object><type>robndbox</type><name>wheat_head</name><pose>Unspecified</pose><truncated>0</truncated><difficult>0</difficult><robndbox><cx>427.8232</cx><cy>514.739</cy><w>115.0203</w><h>37.3168</h><angle>1.131181</angle></robndbox></object><object><type>robndbox</type><name>wheat_head</name><pose>Unspecified</pose><truncated>0</truncated><difficult>0</difficult><robndbox><cx>321.982</cx><cy>924.9256</cy><w>69.9784</w><h>27.9516</h><angle>1.012171</angle></robndbox></object><object><type>robndbox</type><name>wheat_head</name><pose>Unspecified</pose><truncated>0</truncated><difficult>0</difficult><robndbox><cx>751.0428</cx><cy>917.1448</cy><w>74.6928</w><h>36.8444</h><angle>0.679048</angle></robndbox></object><object><type>robndbox</type><name>wheat_head</name><pose>Unspecified</pose><truncated>0</truncated><difficult>0</difficult><robndbox><cx>126.223</cx><cy>316.45</cy><w>78.9874</w><h>34.3034</h><angle>1.014845</angle></robndbox></object><object><type>robndbox</type><name>wheat_head</name><pose>Unspecified</pose><truncated>0</truncated><difficult>0</difficult><robndbox><cx>787.0479</cx><cy>987.6023</cy><w>53.1707</w><h>30.1069</h><angle>1.10072</angle></robndbox></object><object><type>robndbox</type><name>wheat_head</name><pose>Unspecified</pose><truncated>0</truncated><difficult>0</difficult><robndbox><cx>659.6666</cx><cy>848.1471</cy><w>74.687</w><h>34.4641</h><angle>0.71965</angle></robndbox></object><object><type>robndbox</type><name>wheat_head</name><pose>Unspecified</pose><truncated>0</truncated><difficult>0</difficult><robndbox><cx>249.1004</cx><cy>871.0966</cy><w>62.3934</w><h>35.4145</h><angle>0.593607</angle></robndbox></object><object><type>robndbox</type><name>wheat_head</name><pose>Unspecified</pose><truncated>0</truncated><difficult>0</difficult><robndbox><cx>998.8043</cx><cy>875.0215</cy><w>53.8345</w><h>34.6618</h><angle>1.285993</angle></robndbox></object><object><type>robndbox</type><name>wheat_head</name><pose>Unspecified</pose><truncated>0</truncated><difficult>0</difficult><robndbox><cx>427.8232</cx><cy>514.739</cy><w>115.0203</w><h>37.3168</h><angle>1.131181</angle></robndbox></object><object><type>robndbox</type><name>wheat_head</name><pose>Unspecified</pose><truncated>0</truncated><difficult>0</difficult><robndbox><cx>249.5005</cx><cy>36.5976</cy><w>105.8227</w><h>41.0289</h><angle>0.66554</angle></robndbox></object><object><type>robndbox</type><name>wheat_head</name><pose>Unspecified</pose><truncated>0</truncated><difficult>0</difficult><robndbox><cx>614.2818</cx><cy>563.832</cy><w>58.1414</w><h>24.4276</h><angle>1.225745</angle></robndbox></object><object><type>robndbox</type><name>wheat_head</name><pose>Unspecified</pose><truncated>0</truncated><difficult>0</difficult><robndbox><cx>760.5</cx><cy>21.0</cy><w>30.2305</w><h>24.3967</h><angle>2.855297</angle></robndbox></object><object><type>robndbox</type><name>wheat_head</name><pose>Unspecified</pose><truncated>0</truncated><difficult>0</difficult><robndbox><cx>901.0588</cx><cy>726.0965</cy><w>111.1622</w><h>39.8373</h><angle>1.162417</angle></robndbox></object><object><type>robndbox</type><name>wheat_head</name><pose>Unspecified</pose><truncated>0</truncated><difficult>0</difficult><robndbox><cx>407.7126</cx><cy>996.6481</cy><w>46.654</w><h>28.7411</h><angle>1.379146</angle></robndbox></object><object><type>robndbox</type><name>wheat_head</name><pose>Unspecified</pose><truncated>0</truncated><difficult>0</difficult><robndbox><cx>583.9612</cx><cy>569.7275</cy><w>71.9017</w><h>36.9366</h><angle>1.467092</angle></robndbox></object><object><type>robndbox</type><name>wheat_head</name><pose>Unspecified</pose><truncated>0</truncated><difficult>0</difficult><robndbox><cx>544.1002</cx><cy>610.5668</cy><w>80.3273</w><h>31.0444</h><angle>1.371817</angle></robndbox></object><object><type>robndbox</type><name>wheat_head</name><pose>Unspecified</pose><truncated>0</truncated><difficult>0</difficult><robndbox><cx>117.9494</cx><cy>995.1148</cy><w>62.6976</w><h>31.7919</h><angle>0.416277</angle></robndbox></object><object><type>robndbox</type><name>wheat_head</name><pose>Unspecified</pose><truncated>0</truncated><difficult>0</difficult><robndbox><cx>441.4674</cx><cy>766.7307</cy><w>56.0522</w><h>30.0968</h><angle>0.631243</angle></robndbox></object><object><type>robndbox</type><name>wheat_head</name><pose>Unspecified</pose><truncated>0</truncated><difficult>0</difficult><robndbox><cx>906.2705</cx><cy>335.3152</cy><w>112.5519</w><h>38.3968</h><angle>1.157443</angle></robndbox></object><object><type>robndbox</type><name>wheat_head</name><pose>Unspecified</pose><truncated>0</truncated><difficult>0</difficult><robndbox><cx>608.1441</cx><cy>642.7957</cy><w>66.136</w><h>34.7813</h><angle>0.654981</angle></robndbox></object><object><type>robndbox</type><name>wheat_head</name><pose>Unspecified</pose><truncated>0</truncated><difficult>0</difficult><robndbox><cx>914.5787</cx><cy>605.3329</cy><w>51.7049</w><h>40.6813</h><angle>0.395157</angle></robndbox></object><object><type>robndbox</type><name>wheat_head</name><pose>Unspecified</pose><truncated>0</truncated><difficult>0</difficult><robndbox><cx>721.9659</cx><cy>952.1609</cy><w>47.141</w><h>28.7779</h><angle>0.625386</angle></robndbox></object><object><type>robndbox</type><name>wheat_head</name><pose>Unspecified</pose><truncated>0</truncated><difficult>0</difficult><robndbox><cx>234.6836</cx><cy>337.8512</cy><w>82.8371</w><h>23.1475</h><angle>1.617389</angle></robndbox></object><object><type>robndbox</type><name>wheat_head</name><pose>Unspecified</pose><truncated>0</truncated><difficult>0</difficult><robndbox><cx>838.9571</cx><cy>1002.8658</cy><w>31.9746</w><h>29.6272</h><angle>1.489741</angle></robndbox></object><object><type>robndbox</type><name>wheat_head</name><pose>Unspecified</pose><truncated>0</truncated><difficult>0</difficult><robndbox><cx>906.2705</cx><cy>335.3152</cy><w>112.5519</w><h>38.3968</h><angle>1.157443</angle></robndbox></object><object><type>robndbox</type><name>wheat_head</name><pose>Unspecified</pose><truncated>0</truncated><difficult>0</difficult><robndbox><cx>6.6253</cx><cy>182.6455</cy><w>29.6805</w><h>10.4397</h><angle>1.591089</angle></robndbox></object><object><type>robndbox</type><name>wheat_head</name><pose>Unspecified</pose><truncated>0</truncated><difficult>0</difficult><robndbox><cx>1015.701</cx><cy>676.3345</cy><w>47.6084</w><h>14.2777</h><angle>1.564061</angle></robndbox></object><object><type>robndbox</type><name>wheat_head</name><pose>Unspecified</pose><truncated>0</truncated><difficult>0</difficult><robndbox><cx>598.5</cx><cy>932.0</cy><w>55.6705</w><h>46.0281</h><angle>3.106665</angle></robndbox></object><object><type>robndbox</type><name>wheat_head</name><pose>Unspecified</pose><truncated>0</truncated><difficult>0</difficult><robndbox><cx>879.2153</cx><cy>767.2255</cy><w>66.6724</w><h>20.2354</h><angle>1.19354</angle></robndbox></object><object><type>robndbox</type><name>wheat_head</name><pose>Unspecified</pose><truncated>0</truncated><difficult>0</difficult><robndbox><cx>1013.097</cx><cy>812.0098</cy><w>32.4281</w><h>14.9573</h><angle>1.56058</angle></robndbox></object><object><type>robndbox</type><name>wheat_head</name><pose>Unspecified</pose><truncated>0</truncated><difficult>0</difficult><robndbox><cx>996.3277</cx><cy>921.7243</cy><w>42.5611</w><h>33.1396</h><angle>1.626012</angle></robndbox></object><object><type>robndbox</type><name>wheat_head</name><pose>Unspecified</pose><truncated>0</truncated><difficult>0</difficult><robndbox><cx>86.0811</cx><cy>16.7205</cy><w>34.4093</w><h>23.2519</h><angle>0.950547</angle></robndbox></object><object><type>robndbox</type><name>wheat_head</name><pose>Unspecified</pose><truncated>0</truncated><difficult>0</difficult><robndbox><cx>124.0969</cx><cy>90.364</cy><w>112.272</w><h>33.004</h><angle>1.234962</angle></robndbox></object></annotation>