<annotation verified="no"><folder>images</folder><filename>20c7cc731</filename><path>/home/badhon/Documents/thesis/final_dataset/ethz_1/images/20c7cc731.jpg</path><source><database>Unknown</database></source><size><width>1024</width><height>1024</height><depth>3</depth></size><segmented>0</segmented><object><type>robndbox</type><name>wheat_head</name><pose>Unspecified</pose><truncated>0</truncated><difficult>0</difficult><robndbox><cx>398.8534</cx><cy>538.2653</cy><w>81.6991</w><h>36.7484</h><angle>1.125077</angle></robndbox></object><object><type>robndbox</type><name>wheat_head</name><pose>Unspecified</pose><truncated>0</truncated><difficult>0</difficult><robndbox><cx>353.6859</cx><cy>100.8211</cy><w>114.4796</w><h>34.2577</h><angle>0.952242</angle></robndbox></object><object><type>robndbox</type><name>wheat_head</name><pose>Unspecified</pose><truncated>0</truncated><difficult>0</difficult><robndbox><cx>521.4368</cx><cy>23.2999</cy><w>79.9781</w><h>34.7659</h><angle>0.57095</angle></robndbox></object><object><type>robndbox</type><name>wheat_head</name><pose>Unspecified</pose><truncated>0</truncated><difficult>0</difficult><robndbox><cx>136.4715</cx><cy>497.3816</cy><w>86.8555</w><h>37.6278</h><angle>0.578582</angle></robndbox></object><object><type>robndbox</type><name>wheat_head</name><pose>Unspecified</pose><truncated>0</truncated><difficult>0</difficult><robndbox><cx>869.0097</cx><cy>874.157</cy><w>92.8871</w><h>34.1596</h><angle>0.86277</angle></robndbox></object><object><type>robndbox</type><name>wheat_head</name><pose>Unspecified</pose><truncated>0</truncated><difficult>0</difficult><robndbox><cx>482.6048</cx><cy>541.9968</cy><w>81.4872</w><h>39.0233</h><angle>1.212286</angle></robndbox></object><object><type>robndbox</type><name>wheat_head</name><pose>Unspecified</pose><truncated>0</truncated><difficult>0</difficult><robndbox><cx>100.3195</cx><cy>769.7402</cy><w>66.9633</w><h>37.4079</h><angle>0.676786</angle></robndbox></object><object><type>robndbox</type><name>wheat_head</name><pose>Unspecified</pose><truncated>0</truncated><difficult>0</difficult><robndbox><cx>807.1051</cx><cy>350.7523</cy><w>63.9659</w><h>30.8014</h><angle>0.9459</angle></robndbox></object><object><type>robndbox</type><name>wheat_head</name><pose>Unspecified</pose><truncated>0</truncated><difficult>0</difficult><robndbox><cx>176.0558</cx><cy>461.342</cy><w>88.7314</w><h>30.7926</h><angle>1.036668</angle></robndbox></object><object><type>robndbox</type><name>wheat_head</name><pose>Unspecified</pose><truncated>0</truncated><difficult>0</difficult><robndbox><cx>662.7202</cx><cy>843.9005</cy><w>96.4464</w><h>35.6739</h><angle>1.130685</angle></robndbox></object><object><type>robndbox</type><name>wheat_head</name><pose>Unspecified</pose><truncated>0</truncated><difficult>0</difficult><robndbox><cx>930.7232</cx><cy>334.723</cy><w>56.1724</w><h>32.2244</h><angle>0.999501</angle></robndbox></object><object><type>robndbox</type><name>wheat_head</name><pose>Unspecified</pose><truncated>0</truncated><difficult>0</difficult><robndbox><cx>535.1568</cx><cy>185.2584</cy><w>84.5149</w><h>32.4875</h><angle>0.948074</angle></robndbox></object><object><type>robndbox</type><name>wheat_head</name><pose>Unspecified</pose><truncated>0</truncated><difficult>0</difficult><robndbox><cx>212.7742</cx><cy>626.6826</cy><w>65.5331</w><h>28.6014</h><angle>1.177996</angle></robndbox></object><object><type>robndbox</type><name>wheat_head</name><pose>Unspecified</pose><truncated>0</truncated><difficult>0</difficult><robndbox><cx>241.4264</cx><cy>238.4777</cy><w>103.8194</w><h>35.3681</h><angle>1.026128</angle></robndbox></object><object><type>robndbox</type><name>wheat_head</name><pose>Unspecified</pose><truncated>0</truncated><difficult>0</difficult><robndbox><cx>754.8232</cx><cy>447.7587</cy><w>73.8894</w><h>27.9176</h><angle>1.303805</angle></robndbox></object><object><type>robndbox</type><name>wheat_head</name><pose>Unspecified</pose><truncated>0</truncated><difficult>0</difficult><robndbox><cx>1008.5607</cx><cy>614.7493</cy><w>52.8782</w><h>26.6649</h><angle>1.365023</angle></robndbox></object><object><type>robndbox</type><name>wheat_head</name><pose>Unspecified</pose><truncated>0</truncated><difficult>0</difficult><robndbox><cx>832.4147</cx><cy>512.4528</cy><w>54.0829</w><h>28.2811</h><angle>1.360836</angle></robndbox></object><object><type>robndbox</type><name>wheat_head</name><pose>Unspecified</pose><truncated>0</truncated><difficult>0</difficult><robndbox><cx>951.463</cx><cy>541.9389</cy><w>57.5</w><h>32.1197</h><angle>1.313359</angle></robndbox></object><object><type>robndbox</type><name>wheat_head</name><pose>Unspecified</pose><truncated>0</truncated><difficult>0</difficult><robndbox><cx>365.834</cx><cy>380.8622</cy><w>77.8638</w><h>36.0987</h><angle>1.165909</angle></robndbox></object><object><type>robndbox</type><name>wheat_head</name><pose>Unspecified</pose><truncated>0</truncated><difficult>0</difficult><robndbox><cx>157.9597</cx><cy>270.0458</cy><w>79.9364</w><h>33.1635</h><angle>1.024335</angle></robndbox></object><object><type>robndbox</type><name>wheat_head</name><pose>Unspecified</pose><truncated>0</truncated><difficult>0</difficult><robndbox><cx>216.0191</cx><cy>145.1429</cy><w>107.2594</w><h>38.7082</h><angle>1.083447</angle></robndbox></object><object><type>robndbox</type><name>wheat_head</name><pose>Unspecified</pose><truncated>0</truncated><difficult>0</difficult><robndbox><cx>669.8359</cx><cy>595.7272</cy><w>61.8416</w><h>32.6827</h><angle>1.201179</angle></robndbox></object><object><type>robndbox</type><name>wheat_head</name><pose>Unspecified</pose><truncated>0</truncated><difficult>0</difficult><robndbox><cx>692.5565</cx><cy>553.5038</cy><w>125.8371</w><h>34.2655</h><angle>1.06646</angle></robndbox></object><object><type>robndbox</type><name>wheat_head</name><pose>Unspecified</pose><truncated>0</truncated><difficult>0</difficult><robndbox><cx>201.4895</cx><cy>423.773</cy><w>71.8346</w><h>26.7175</h><angle>0.217809</angle></robndbox></object><object><type>robndbox</type><name>wheat_head</name><pose>Unspecified</pose><truncated>0</truncated><difficult>0</difficult><robndbox><cx>153.6742</cx><cy>32.7708</cy><w>62.8319</w><h>36.715</h><angle>0.636549</angle></robndbox></object><object><type>robndbox</type><name>wheat_head</name><pose>Unspecified</pose><truncated>0</truncated><difficult>0</difficult><robndbox><cx>116.497</cx><cy>172.0283</cy><w>59.4833</w><h>23.7218</h><angle>1.595866</angle></robndbox></object><object><type>robndbox</type><name>wheat_head</name><pose>Unspecified</pose><truncated>0</truncated><difficult>0</difficult><robndbox><cx>318.1591</cx><cy>638.2632</cy><w>78.0121</w><h>35.7743</h><angle>1.104058</angle></robndbox></object><object><type>robndbox</type><name>wheat_head</name><pose>Unspecified</pose><truncated>0</truncated><difficult>0</difficult><robndbox><cx>597.9153</cx><cy>802.242</cy><w>62.0124</w><h>23.2193</h><angle>1.476156</angle></robndbox></object><object><type>robndbox</type><name>wheat_head</name><pose>Unspecified</pose><truncated>0</truncated><difficult>0</difficult><robndbox><cx>21.5073</cx><cy>33.1664</cy><w>61.8357</w><h>28.1615</h><angle>1.010531</angle></robndbox></object><object><type>robndbox</type><name>wheat_head</name><pose>Unspecified</pose><truncated>0</truncated><difficult>0</difficult><robndbox><cx>13.3863</cx><cy>93.8707</cy><w>59.5205</w><h>23.3412</h><angle>1.414699</angle></robndbox></object><object><type>robndbox</type><name>wheat_head</name><pose>Unspecified</pose><truncated>0</truncated><difficult>0</difficult><robndbox><cx>781.8951</cx><cy>570.6531</cy><w>54.3592</w><h>39.0192</h><angle>1.316782</angle></robndbox></object><object><type>robndbox</type><name>wheat_head</name><pose>Unspecified</pose><truncated>0</truncated><difficult>0</difficult><robndbox><cx>812.3129</cx><cy>455.4922</cy><w>54.7371</w><h>28.6529</h><angle>1.260836</angle></robndbox></object><object><type>robndbox</type><name>wheat_head</name><pose>Unspecified</pose><truncated>0</truncated><difficult>0</difficult><robndbox><cx>577.2581</cx><cy>195.3602</cy><w>44.0014</w><h>25.0993</h><angle>1.421715</angle></robndbox></object><object><type>robndbox</type><name>wheat_head</name><pose>Unspecified</pose><truncated>0</truncated><difficult>0</difficult><robndbox><cx>149.2947</cx><cy>617.0665</cy><w>64.6253</w><h>35.1183</h><angle>0.3703</angle></robndbox></object><object><type>robndbox</type><name>wheat_head</name><pose>Unspecified</pose><truncated>0</truncated><difficult>0</difficult><robndbox><cx>1008.3941</cx><cy>22.5433</cy><w>37.6113</w><h>21.5974</h><angle>1.477409</angle></robndbox></object><object><type>robndbox</type><name>wheat_head</name><pose>Unspecified</pose><truncated>0</truncated><difficult>0</difficult><robndbox><cx>271.4451</cx><cy>554.4906</cy><w>52.1156</w><h>36.9515</h><angle>0.482254</angle></robndbox></object><object><type>robndbox</type><name>wheat_head</name><pose>Unspecified</pose><truncated>0</truncated><difficult>0</difficult><robndbox><cx>569.6597</cx><cy>688.1661</cy><w>68.3166</w><h>36.0878</h><angle>0.672968</angle></robndbox></object><object><type>robndbox</type><name>wheat_head</name><pose>Unspecified</pose><truncated>0</truncated><difficult>0</difficult><robndbox><cx>576.155</cx><cy>526.9114</cy><w>61.8939</w><h>39.4075</h><angle>1.321339</angle></robndbox></object><object><type>robndbox</type><name>wheat_head</name><pose>Unspecified</pose><truncated>0</truncated><difficult>0</difficult><robndbox><cx>384.5844</cx><cy>877.5139</cy><w>53.8987</w><h>37.6477</h><angle>0.590969</angle></robndbox></object><object><type>robndbox</type><name>wheat_head</name><pose>Unspecified</pose><truncated>0</truncated><difficult>0</difficult><robndbox><cx>517.4139</cx><cy>631.9331</cy><w>46.2812</w><h>17.9828</h><angle>0.922524</angle></robndbox></object><object><type>robndbox</type><name>wheat_head</name><pose>Unspecified</pose><truncated>0</truncated><difficult>0</difficult><robndbox><cx>198.8546</cx><cy>6.3758</cy><w>34.9437</w><h>13.3524</h><angle>0.062332</angle></robndbox></object><object><type>robndbox</type><name>wheat_head</name><pose>Unspecified</pose><truncated>0</truncated><difficult>0</difficult><robndbox><cx>582.418</cx><cy>940.0192</cy><w>52.3479</w><h>31.9186</h><angle>0.555779</angle></robndbox></object><object><type>robndbox</type><name>wheat_head</name><pose>Unspecified</pose><truncated>0</truncated><difficult>0</difficult><robndbox><cx>875.1241</cx><cy>80.3677</cy><w>74.8049</w><h>33.9121</h><angle>1.043838</angle></robndbox></object><object><type>robndbox</type><name>wheat_head</name><pose>Unspecified</pose><truncated>0</truncated><difficult>0</difficult><robndbox><cx>823.3817</cx><cy>855.0916</cy><w>55.7136</w><h>27.612</h><angle>1.19998</angle></robndbox></object><object><type>robndbox</type><name>wheat_head</name><pose>Unspecified</pose><truncated>0</truncated><difficult>0</difficult><robndbox><cx>481.2321</cx><cy>271.2952</cy><w>72.2916</w><h>31.7337</h><angle>1.077763</angle></robndbox></object><object><type>robndbox</type><name>wheat_head</name><pose>Unspecified</pose><truncated>0</truncated><difficult>0</difficult><robndbox><cx>578.6188</cx><cy>901.5385</cy><w>37.7239</w><h>30.9942</h><angle>1.247975</angle></robndbox></object><object><type>robndbox</type><name>wheat_head</name><pose>Unspecified</pose><truncated>0</truncated><difficult>0</difficult><robndbox><cx>610.8577</cx><cy>580.9559</cy><w>63.9447</w><h>34.9407</h><angle>0.921339</angle></robndbox></object><object><type>robndbox</type><name>wheat_head</name><pose>Unspecified</pose><truncated>0</truncated><difficult>0</difficult><robndbox><cx>136.9347</cx><cy>569.6617</cy><w>44.7426</w><h>30.4153</h><angle>1.310458</angle></robndbox></object><object><type>robndbox</type><name>wheat_head</name><pose>Unspecified</pose><truncated>0</truncated><difficult>0</difficult><robndbox><cx>776.502</cx><cy>510.268</cy><w>43.6063</w><h>33.1504</h><angle>0.688852</angle></robndbox></object><object><type>robndbox</type><name>wheat_head</name><pose>Unspecified</pose><truncated>0</truncated><difficult>0</difficult><robndbox><cx>451.8726</cx><cy>971.6225</cy><w>41.4455</w><h>34.113</h><angle>1.815095</angle></robndbox></object><object><type>robndbox</type><name>wheat_head</name><pose>Unspecified</pose><truncated>0</truncated><difficult>0</difficult><robndbox><cx>802.7329</cx><cy>622.7118</cy><w>44.2149</w><h>29.7677</h><angle>1.344921</angle></robndbox></object><object><type>robndbox</type><name>wheat_head</name><pose>Unspecified</pose><truncated>0</truncated><difficult>0</difficult><robndbox><cx>212.8642</cx><cy>259.8665</cy><w>49.4261</w><h>20.7655</h><angle>0.330219</angle></robndbox></object><object><type>robndbox</type><name>wheat_head</name><pose>Unspecified</pose><truncated>0</truncated><difficult>0</difficult><robndbox><cx>977.084</cx><cy>81.7847</cy><w>38.6318</w><h>30.1856</h><angle>1.662495</angle></robndbox></object><object><type>robndbox</type><name>wheat_head</name><pose>Unspecified</pose><truncated>0</truncated><difficult>0</difficult><robndbox><cx>708.0285</cx><cy>963.5254</cy><w>50.3129</w><h>32.561</h><angle>3.034042</angle></robndbox></object><object><type>robndbox</type><name>wheat_head</name><pose>Unspecified</pose><truncated>0</truncated><difficult>0</difficult><robndbox><cx>237.9741</cx><cy>892.4778</cy><w>40.8933</w><h>31.8833</h><angle>0.329657</angle></robndbox></object><object><type>robndbox</type><name>wheat_head</name><pose>Unspecified</pose><truncated>0</truncated><difficult>0</difficult><robndbox><cx>875.1241</cx><cy>80.3677</cy><w>74.8049</w><h>33.9121</h><angle>1.043838</angle></robndbox></object><object><type>robndbox</type><name>wheat_head</name><pose>Unspecified</pose><truncated>0</truncated><difficult>0</difficult><robndbox><cx>1013.9054</cx><cy>253.177</cy><w>48.2416</w><h>10.8734</h><angle>1.559642</angle></robndbox></object><object><type>robndbox</type><name>wheat_head</name><pose>Unspecified</pose><truncated>0</truncated><difficult>0</difficult><robndbox><cx>257.7708</cx><cy>935.6247</cy><w>36.8502</w><h>31.4313</h><angle>1.580734</angle></robndbox></object><object><type>robndbox</type><name>wheat_head</name><pose>Unspecified</pose><truncated>0</truncated><difficult>0</difficult><robndbox><cx>93.2937</cx><cy>682.2741</cy><w>46.55</w><h>28.3689</h><angle>0.06715</angle></robndbox></object><object><type>robndbox</type><name>wheat_head</name><pose>Unspecified</pose><truncated>0</truncated><difficult>0</difficult><robndbox><cx>489.9472</cx><cy>647.0095</cy><w>59.4294</w><h>36.8073</h><angle>0.722524</angle></robndbox></object><object><type>robndbox</type><name>wheat_head</name><pose>Unspecified</pose><truncated>0</truncated><difficult>0</difficult><robndbox><cx>126.5715</cx><cy>82.4929</cy><w>106.6771</w><h>32.6958</h><angle>1.040023</angle></robndbox></object></annotation>