<annotation verified="no"><folder>images</folder><filename>211487419</filename><path>/home/badhon/Documents/thesis/final_dataset/ethz_1/images/211487419.jpg</path><source><database>Unknown</database></source><size><width>1024</width><height>1024</height><depth>3</depth></size><segmented>0</segmented><object><type>robndbox</type><name>wheat_head</name><pose>Unspecified</pose><truncated>0</truncated><difficult>0</difficult><robndbox><cx>298.0246</cx><cy>42.3109</cy><w>88.5771</w><h>41.0339</h><angle>0.888167</angle></robndbox></object><object><type>robndbox</type><name>wheat_head</name><pose>Unspecified</pose><truncated>0</truncated><difficult>0</difficult><robndbox><cx>642.7927</cx><cy>588.6169</cy><w>81.7331</w><h>34.9736</h><angle>1.023847</angle></robndbox></object><object><type>robndbox</type><name>wheat_head</name><pose>Unspecified</pose><truncated>0</truncated><difficult>0</difficult><robndbox><cx>620.0569</cx><cy>233.9517</cy><w>78.8605</w><h>38.5446</h><angle>0.920527</angle></robndbox></object><object><type>robndbox</type><name>wheat_head</name><pose>Unspecified</pose><truncated>0</truncated><difficult>0</difficult><robndbox><cx>158.152</cx><cy>862.7352</cy><w>85.6043</w><h>32.6584</h><angle>1.110334</angle></robndbox></object><object><type>robndbox</type><name>wheat_head</name><pose>Unspecified</pose><truncated>0</truncated><difficult>0</difficult><robndbox><cx>415.2368</cx><cy>195.6949</cy><w>101.4309</w><h>37.3379</h><angle>1.124283</angle></robndbox></object><object><type>robndbox</type><name>wheat_head</name><pose>Unspecified</pose><truncated>0</truncated><difficult>0</difficult><robndbox><cx>757.0812</cx><cy>428.0548</cy><w>66.9289</w><h>36.4471</h><angle>1.042819</angle></robndbox></object><object><type>robndbox</type><name>wheat_head</name><pose>Unspecified</pose><truncated>0</truncated><difficult>0</difficult><robndbox><cx>810.2635</cx><cy>207.0284</cy><w>67.4683</w><h>36.3727</h><angle>0.91072</angle></robndbox></object><object><type>robndbox</type><name>wheat_head</name><pose>Unspecified</pose><truncated>0</truncated><difficult>0</difficult><robndbox><cx>109.2886</cx><cy>865.9775</cy><w>80.3286</w><h>35.3706</h><angle>0.781992</angle></robndbox></object><object><type>robndbox</type><name>wheat_head</name><pose>Unspecified</pose><truncated>0</truncated><difficult>0</difficult><robndbox><cx>695.5258</cx><cy>529.835</cy><w>108.307</w><h>33.5222</h><angle>2.648289</angle></robndbox></object><object><type>robndbox</type><name>wheat_head</name><pose>Unspecified</pose><truncated>0</truncated><difficult>0</difficult><robndbox><cx>84.9307</cx><cy>82.2988</cy><w>98.7204</w><h>35.8467</h><angle>0.858825</angle></robndbox></object><object><type>robndbox</type><name>wheat_head</name><pose>Unspecified</pose><truncated>0</truncated><difficult>0</difficult><robndbox><cx>610.0031</cx><cy>392.5672</cy><w>104.9859</w><h>45.0267</h><angle>0.720467</angle></robndbox></object><object><type>robndbox</type><name>wheat_head</name><pose>Unspecified</pose><truncated>0</truncated><difficult>0</difficult><robndbox><cx>289.4855</cx><cy>371.0523</cy><w>126.8855</w><h>45.8765</h><angle>0.467911</angle></robndbox></object><object><type>robndbox</type><name>wheat_head</name><pose>Unspecified</pose><truncated>0</truncated><difficult>0</difficult><robndbox><cx>456.3334</cx><cy>616.8934</cy><w>72.1959</w><h>41.7429</h><angle>0.83752</angle></robndbox></object><object><type>robndbox</type><name>wheat_head</name><pose>Unspecified</pose><truncated>0</truncated><difficult>0</difficult><robndbox><cx>667.5883</cx><cy>122.9057</cy><w>102.2651</w><h>42.5321</h><angle>1.788915</angle></robndbox></object><object><type>robndbox</type><name>wheat_head</name><pose>Unspecified</pose><truncated>0</truncated><difficult>0</difficult><robndbox><cx>371.5915</cx><cy>27.6154</cy><w>58.3773</w><h>39.0529</h><angle>0.932042</angle></robndbox></object><object><type>robndbox</type><name>wheat_head</name><pose>Unspecified</pose><truncated>0</truncated><difficult>0</difficult><robndbox><cx>317.0089</cx><cy>938.5908</cy><w>92.8484</w><h>45.4517</h><angle>0.42727</angle></robndbox></object><object><type>robndbox</type><name>wheat_head</name><pose>Unspecified</pose><truncated>0</truncated><difficult>0</difficult><robndbox><cx>356.9236</cx><cy>292.2026</cy><w>81.5744</w><h>36.9529</h><angle>0.663497</angle></robndbox></object><object><type>robndbox</type><name>wheat_head</name><pose>Unspecified</pose><truncated>0</truncated><difficult>0</difficult><robndbox><cx>654.8275</cx><cy>330.883</cy><w>101.5796</w><h>41.0812</h><angle>0.649713</angle></robndbox></object><object><type>robndbox</type><name>wheat_head</name><pose>Unspecified</pose><truncated>0</truncated><difficult>0</difficult><robndbox><cx>8.0</cx><cy>710.0</cy><w>18.0002</w><h>16.8005</h><angle>2.665688</angle></robndbox></object><object><type>robndbox</type><name>wheat_head</name><pose>Unspecified</pose><truncated>0</truncated><difficult>0</difficult><robndbox><cx>972.9525</cx><cy>574.4573</cy><w>73.2703</w><h>35.1998</h><angle>0.82076</angle></robndbox></object><object><type>robndbox</type><name>wheat_head</name><pose>Unspecified</pose><truncated>0</truncated><difficult>0</difficult><robndbox><cx>329.9937</cx><cy>629.1917</cy><w>72.3901</w><h>31.6456</h><angle>0.510363</angle></robndbox></object><object><type>robndbox</type><name>wheat_head</name><pose>Unspecified</pose><truncated>0</truncated><difficult>0</difficult><robndbox><cx>533.8939</cx><cy>56.3367</cy><w>48.9967</w><h>31.2508</h><angle>1.052627</angle></robndbox></object><object><type>robndbox</type><name>wheat_head</name><pose>Unspecified</pose><truncated>0</truncated><difficult>0</difficult><robndbox><cx>632.9344</cx><cy>114.775</cy><w>54.5218</w><h>34.8272</h><angle>0.894012</angle></robndbox></object><object><type>robndbox</type><name>wheat_head</name><pose>Unspecified</pose><truncated>0</truncated><difficult>0</difficult><robndbox><cx>824.4921</cx><cy>923.2655</cy><w>64.4877</w><h>38.343</h><angle>0.884083</angle></robndbox></object><object><type>robndbox</type><name>wheat_head</name><pose>Unspecified</pose><truncated>0</truncated><difficult>0</difficult><robndbox><cx>903.2242</cx><cy>16.9602</cy><w>37.914</w><h>30.4032</h><angle>0.985253</angle></robndbox></object><object><type>robndbox</type><name>wheat_head</name><pose>Unspecified</pose><truncated>0</truncated><difficult>0</difficult><robndbox><cx>447.7676</cx><cy>709.7496</cy><w>65.3033</w><h>42.6048</h><angle>0.529685</angle></robndbox></object><object><type>robndbox</type><name>wheat_head</name><pose>Unspecified</pose><truncated>0</truncated><difficult>0</difficult><robndbox><cx>376.2251</cx><cy>998.662</cy><w>53.6451</w><h>37.3512</h><angle>0.298571</angle></robndbox></object><object><type>robndbox</type><name>wheat_head</name><pose>Unspecified</pose><truncated>0</truncated><difficult>0</difficult><robndbox><cx>407.6713</cx><cy>890.4432</cy><w>78.0581</w><h>35.8002</h><angle>0.162688</angle></robndbox></object><object><type>robndbox</type><name>wheat_head</name><pose>Unspecified</pose><truncated>0</truncated><difficult>0</difficult><robndbox><cx>356.9236</cx><cy>292.2026</cy><w>81.5744</w><h>36.9529</h><angle>0.663497</angle></robndbox></object><object><type>robndbox</type><name>wheat_head</name><pose>Unspecified</pose><truncated>0</truncated><difficult>0</difficult><robndbox><cx>782.5298</cx><cy>991.5491</cy><w>91.374</w><h>36.9523</h><angle>0.195524</angle></robndbox></object><object><type>robndbox</type><name>wheat_head</name><pose>Unspecified</pose><truncated>0</truncated><difficult>0</difficult><robndbox><cx>655.1595</cx><cy>38.4329</cy><w>56.0165</w><h>37.2852</h><angle>0.888915</angle></robndbox></object><object><type>robndbox</type><name>wheat_head</name><pose>Unspecified</pose><truncated>0</truncated><difficult>0</difficult><robndbox><cx>810.0171</cx><cy>332.7781</cy><w>36.4367</w><h>30.3505</h><angle>1.671411</angle></robndbox></object><object><type>robndbox</type><name>wheat_head</name><pose>Unspecified</pose><truncated>0</truncated><difficult>0</difficult><robndbox><cx>384.3552</cx><cy>916.8581</cy><w>57.3824</w><h>32.4777</h><angle>0.562688</angle></robndbox></object><object><type>robndbox</type><name>wheat_head</name><pose>Unspecified</pose><truncated>0</truncated><difficult>0</difficult><robndbox><cx>533.9932</cx><cy>332.2895</cy><w>49.1518</w><h>41.7646</h><angle>0.565585</angle></robndbox></object><object><type>robndbox</type><name>wheat_head</name><pose>Unspecified</pose><truncated>0</truncated><difficult>0</difficult><robndbox><cx>363.6014</cx><cy>774.0194</cy><w>57.2832</w><h>40.7891</h><angle>0.595935</angle></robndbox></object><object><type>robndbox</type><name>wheat_head</name><pose>Unspecified</pose><truncated>0</truncated><difficult>0</difficult><robndbox><cx>109.0485</cx><cy>588.5485</cy><w>51.4947</w><h>40.7521</h><angle>0.788313</angle></robndbox></object><object><type>robndbox</type><name>wheat_head</name><pose>Unspecified</pose><truncated>0</truncated><difficult>0</difficult><robndbox><cx>222.9748</cx><cy>573.8096</cy><w>36.5862</w><h>36.2282</h><angle>1.745495</angle></robndbox></object><object><type>robndbox</type><name>wheat_head</name><pose>Unspecified</pose><truncated>0</truncated><difficult>0</difficult><robndbox><cx>921.0629</cx><cy>611.2079</cy><w>82.6586</w><h>40.3359</h><angle>1.215588</angle></robndbox></object><object><type>robndbox</type><name>wheat_head</name><pose>Unspecified</pose><truncated>0</truncated><difficult>0</difficult><robndbox><cx>63.7829</cx><cy>147.6933</cy><w>48.1411</w><h>34.0912</h><angle>0.419839</angle></robndbox></object><object><type>robndbox</type><name>wheat_head</name><pose>Unspecified</pose><truncated>0</truncated><difficult>0</difficult><robndbox><cx>974.0736</cx><cy>978.6116</cy><w>56.9991</w><h>41.1224</h><angle>3.037545</angle></robndbox></object><object><type>robndbox</type><name>wheat_head</name><pose>Unspecified</pose><truncated>0</truncated><difficult>0</difficult><robndbox><cx>128.4074</cx><cy>355.8503</cy><w>62.2199</w><h>32.3189</h><angle>0.008593</angle></robndbox></object><object><type>robndbox</type><name>wheat_head</name><pose>Unspecified</pose><truncated>0</truncated><difficult>0</difficult><robndbox><cx>716.2816</cx><cy>738.8723</cy><w>65.7451</w><h>27.7448</h><angle>3.031995</angle></robndbox></object><object><type>robndbox</type><name>wheat_head</name><pose>Unspecified</pose><truncated>0</truncated><difficult>0</difficult><robndbox><cx>746.048</cx><cy>767.873</cy><w>102.0953</w><h>40.0929</h><angle>3.131995</angle></robndbox></object><object><type>robndbox</type><name>wheat_head</name><pose>Unspecified</pose><truncated>0</truncated><difficult>0</difficult><robndbox><cx>921.0629</cx><cy>611.2079</cy><w>82.6586</w><h>40.3359</h><angle>1.215588</angle></robndbox></object><object><type>robndbox</type><name>wheat_head</name><pose>Unspecified</pose><truncated>0</truncated><difficult>0</difficult><robndbox><cx>196.952</cx><cy>519.5408</cy><w>82.7639</w><h>21.3317</h><angle>0.710059</angle></robndbox></object><object><type>robndbox</type><name>wheat_head</name><pose>Unspecified</pose><truncated>0</truncated><difficult>0</difficult><robndbox><cx>235.9056</cx><cy>514.7808</cy><w>89.8674</w><h>36.8356</h><angle>0.610059</angle></robndbox></object><object><type>robndbox</type><name>wheat_head</name><pose>Unspecified</pose><truncated>0</truncated><difficult>0</difficult><robndbox><cx>41.9289</cx><cy>561.6921</cy><w>73.3872</w><h>47.6443</h><angle>0.265321</angle></robndbox></object><object><type>robndbox</type><name>wheat_head</name><pose>Unspecified</pose><truncated>0</truncated><difficult>0</difficult><robndbox><cx>606.6788</cx><cy>1000.7729</cy><w>37.2687</w><h>35.827</h><angle>0.114496</angle></robndbox></object><object><type>robndbox</type><name>wheat_head</name><pose>Unspecified</pose><truncated>0</truncated><difficult>0</difficult><robndbox><cx>119.5449</cx><cy>995.691</cy><w>80.0659</w><h>31.6209</h><angle>0.027982</angle></robndbox></object></annotation>