<annotation verified="no"><folder>images</folder><filename>233494bf0</filename><path>/home/badhon/Documents/thesis/final_dataset/ethz_1/images/233494bf0.jpg</path><source><database>Unknown</database></source><size><width>1024</width><height>1024</height><depth>3</depth></size><segmented>0</segmented><object><type>robndbox</type><name>wheat_head</name><pose>Unspecified</pose><truncated>0</truncated><difficult>0</difficult><robndbox><cx>246.4255</cx><cy>793.8085</cy><w>49.304</w><h>33.0175</h><angle>0.547955</angle></robndbox></object><object><type>robndbox</type><name>wheat_head</name><pose>Unspecified</pose><truncated>0</truncated><difficult>0</difficult><robndbox><cx>11.9836</cx><cy>64.5521</cy><w>39.933</w><h>27.0163</h><angle>1.102953</angle></robndbox></object><object><type>robndbox</type><name>wheat_head</name><pose>Unspecified</pose><truncated>0</truncated><difficult>0</difficult><robndbox><cx>940.2368</cx><cy>811.0682</cy><w>66.6291</w><h>33.0206</h><angle>1.121653</angle></robndbox></object><object><type>robndbox</type><name>wheat_head</name><pose>Unspecified</pose><truncated>0</truncated><difficult>0</difficult><robndbox><cx>174.0615</cx><cy>233.205</cy><w>121.1159</w><h>35.456</h><angle>1.953809</angle></robndbox></object><object><type>robndbox</type><name>wheat_head</name><pose>Unspecified</pose><truncated>0</truncated><difficult>0</difficult><robndbox><cx>168.7894</cx><cy>20.589</cy><w>33.0447</w><h>29.9654</h><angle>1.222956</angle></robndbox></object><object><type>robndbox</type><name>wheat_head</name><pose>Unspecified</pose><truncated>0</truncated><difficult>0</difficult><robndbox><cx>9.2349</cx><cy>686.92</cy><w>34.3313</w><h>19.4681</h><angle>1.258647</angle></robndbox></object><object><type>robndbox</type><name>wheat_head</name><pose>Unspecified</pose><truncated>0</truncated><difficult>0</difficult><robndbox><cx>667.4966</cx><cy>292.7857</cy><w>69.1525</w><h>27.4007</h><angle>1.12436</angle></robndbox></object><object><type>robndbox</type><name>wheat_head</name><pose>Unspecified</pose><truncated>0</truncated><difficult>0</difficult><robndbox><cx>916.4117</cx><cy>36.658</cy><w>76.484</w><h>41.8214</h><angle>1.304607</angle></robndbox></object><object><type>robndbox</type><name>wheat_head</name><pose>Unspecified</pose><truncated>0</truncated><difficult>0</difficult><robndbox><cx>668.8837</cx><cy>104.0332</cy><w>134.8739</w><h>37.4175</h><angle>0.545543</angle></robndbox></object><object><type>robndbox</type><name>wheat_head</name><pose>Unspecified</pose><truncated>0</truncated><difficult>0</difficult><robndbox><cx>650.5724</cx><cy>446.7444</cy><w>72.893</w><h>36.4833</h><angle>1.998699</angle></robndbox></object><object><type>robndbox</type><name>wheat_head</name><pose>Unspecified</pose><truncated>0</truncated><difficult>0</difficult><robndbox><cx>945.4701</cx><cy>932.8469</cy><w>81.8014</w><h>33.1821</h><angle>1.330396</angle></robndbox></object><object><type>robndbox</type><name>wheat_head</name><pose>Unspecified</pose><truncated>0</truncated><difficult>0</difficult><robndbox><cx>269.1123</cx><cy>688.0051</cy><w>70.1762</w><h>34.3193</h><angle>1.446314</angle></robndbox></object><object><type>robndbox</type><name>wheat_head</name><pose>Unspecified</pose><truncated>0</truncated><difficult>0</difficult><robndbox><cx>982.7885</cx><cy>800.5325</cy><w>116.3273</w><h>34.8857</h><angle>1.096362</angle></robndbox></object><object><type>robndbox</type><name>wheat_head</name><pose>Unspecified</pose><truncated>0</truncated><difficult>0</difficult><robndbox><cx>956.5969</cx><cy>703.3741</cy><w>62.2094</w><h>31.649</h><angle>1.357357</angle></robndbox></object><object><type>robndbox</type><name>wheat_head</name><pose>Unspecified</pose><truncated>0</truncated><difficult>0</difficult><robndbox><cx>435.3659</cx><cy>73.4437</cy><w>73.57</w><h>36.6664</h><angle>1.518812</angle></robndbox></object><object><type>robndbox</type><name>wheat_head</name><pose>Unspecified</pose><truncated>0</truncated><difficult>0</difficult><robndbox><cx>922.3345</cx><cy>131.2021</cy><w>81.2795</w><h>36.01</h><angle>1.070876</angle></robndbox></object><object><type>robndbox</type><name>wheat_head</name><pose>Unspecified</pose><truncated>0</truncated><difficult>0</difficult><robndbox><cx>1004.3913</cx><cy>954.0337</cy><w>47.1577</w><h>35.6766</h><angle>1.537702</angle></robndbox></object><object><type>robndbox</type><name>wheat_head</name><pose>Unspecified</pose><truncated>0</truncated><difficult>0</difficult><robndbox><cx>133.5947</cx><cy>67.5215</cy><w>68.1307</w><h>36.6012</h><angle>1.351816</angle></robndbox></object><object><type>robndbox</type><name>wheat_head</name><pose>Unspecified</pose><truncated>0</truncated><difficult>0</difficult><robndbox><cx>841.5543</cx><cy>444.7157</cy><w>60.7185</w><h>35.3341</h><angle>1.976555</angle></robndbox></object><object><type>robndbox</type><name>wheat_head</name><pose>Unspecified</pose><truncated>0</truncated><difficult>0</difficult><robndbox><cx>514.3583</cx><cy>54.8071</cy><w>119.3387</w><h>43.5078</h><angle>2.360483</angle></robndbox></object><object><type>robndbox</type><name>wheat_head</name><pose>Unspecified</pose><truncated>0</truncated><difficult>0</difficult><robndbox><cx>576.402</cx><cy>306.3695</cy><w>56.6644</w><h>34.5469</h><angle>2.204576</angle></robndbox></object><object><type>robndbox</type><name>wheat_head</name><pose>Unspecified</pose><truncated>0</truncated><difficult>0</difficult><robndbox><cx>226.3002</cx><cy>721.1957</cy><w>105.9102</w><h>39.0955</h><angle>1.280043</angle></robndbox></object><object><type>robndbox</type><name>wheat_head</name><pose>Unspecified</pose><truncated>0</truncated><difficult>0</difficult><robndbox><cx>500.7567</cx><cy>626.6577</cy><w>130.909</w><h>46.2788</h><angle>2.226665</angle></robndbox></object><object><type>robndbox</type><name>wheat_head</name><pose>Unspecified</pose><truncated>0</truncated><difficult>0</difficult><robndbox><cx>293.4288</cx><cy>866.7313</cy><w>105.244</w><h>41.4595</h><angle>1.247955</angle></robndbox></object><object><type>robndbox</type><name>wheat_head</name><pose>Unspecified</pose><truncated>0</truncated><difficult>0</difficult><robndbox><cx>344.4844</cx><cy>681.76</cy><w>105.957</w><h>39.0622</h><angle>1.369471</angle></robndbox></object><object><type>robndbox</type><name>wheat_head</name><pose>Unspecified</pose><truncated>0</truncated><difficult>0</difficult><robndbox><cx>156.6297</cx><cy>612.1371</cy><w>82.3442</w><h>37.4859</h><angle>1.866462</angle></robndbox></object><object><type>robndbox</type><name>wheat_head</name><pose>Unspecified</pose><truncated>0</truncated><difficult>0</difficult><robndbox><cx>677.8717</cx><cy>808.7431</cy><w>60.5975</w><h>27.6315</h><angle>0.672707</angle></robndbox></object><object><type>robndbox</type><name>wheat_head</name><pose>Unspecified</pose><truncated>0</truncated><difficult>0</difficult><robndbox><cx>150.6255</cx><cy>414.7989</cy><w>43.4629</w><h>30.364</h><angle>2.074517</angle></robndbox></object><object><type>robndbox</type><name>wheat_head</name><pose>Unspecified</pose><truncated>0</truncated><difficult>0</difficult><robndbox><cx>137.4674</cx><cy>493.4008</cy><w>36.2595</w><h>33.8665</h><angle>1.30137</angle></robndbox></object><object><type>robndbox</type><name>wheat_head</name><pose>Unspecified</pose><truncated>0</truncated><difficult>0</difficult><robndbox><cx>452.9218</cx><cy>554.222</cy><w>54.2387</w><h>36.2522</h><angle>1.108227</angle></robndbox></object><object><type>robndbox</type><name>wheat_head</name><pose>Unspecified</pose><truncated>0</truncated><difficult>0</difficult><robndbox><cx>619.0326</cx><cy>627.6866</cy><w>48.2109</w><h>33.479</h><angle>1.528236</angle></robndbox></object><object><type>robndbox</type><name>wheat_head</name><pose>Unspecified</pose><truncated>0</truncated><difficult>0</difficult><robndbox><cx>953.166</cx><cy>447.5753</cy><w>118.0132</w><h>36.8771</h><angle>1.367179</angle></robndbox></object><object><type>robndbox</type><name>wheat_head</name><pose>Unspecified</pose><truncated>0</truncated><difficult>0</difficult><robndbox><cx>40.8647</cx><cy>743.2841</cy><w>47.7723</w><h>34.1119</h><angle>1.108577</angle></robndbox></object><object><type>robndbox</type><name>wheat_head</name><pose>Unspecified</pose><truncated>0</truncated><difficult>0</difficult><robndbox><cx>830.8382</cx><cy>182.2225</cy><w>29.8055</w><h>11.5474</h><angle>1.559317</angle></robndbox></object><object><type>robndbox</type><name>wheat_head</name><pose>Unspecified</pose><truncated>0</truncated><difficult>0</difficult><robndbox><cx>896.9169</cx><cy>266.6485</cy><w>83.2091</w><h>40.2681</h><angle>1.614545</angle></robndbox></object><object><type>robndbox</type><name>wheat_head</name><pose>Unspecified</pose><truncated>0</truncated><difficult>0</difficult><robndbox><cx>937.7573</cx><cy>563.6174</cy><w>166.7252</w><h>46.8218</h><angle>2.567245</angle></robndbox></object><object><type>robndbox</type><name>wheat_head</name><pose>Unspecified</pose><truncated>0</truncated><difficult>0</difficult><robndbox><cx>552.7764</cx><cy>397.6717</cy><w>57.6093</w><h>37.6626</h><angle>0.831138</angle></robndbox></object><object><type>robndbox</type><name>wheat_head</name><pose>Unspecified</pose><truncated>0</truncated><difficult>0</difficult><robndbox><cx>1007.925</cx><cy>893.0867</cy><w>44.113</w><h>24.7905</h><angle>1.697101</angle></robndbox></object><object><type>robndbox</type><name>wheat_head</name><pose>Unspecified</pose><truncated>0</truncated><difficult>0</difficult><robndbox><cx>93.8529</cx><cy>982.9977</cy><w>59.2883</w><h>40.6662</h><angle>1.829798</angle></robndbox></object><object><type>robndbox</type><name>wheat_head</name><pose>Unspecified</pose><truncated>0</truncated><difficult>0</difficult><robndbox><cx>623.5602</cx><cy>892.2587</cy><w>66.0888</w><h>40.4874</h><angle>1.017672</angle></robndbox></object><object><type>robndbox</type><name>wheat_head</name><pose>Unspecified</pose><truncated>0</truncated><difficult>0</difficult><robndbox><cx>724.0832</cx><cy>15.5257</cy><w>40.8077</w><h>30.09</h><angle>0.972876</angle></robndbox></object><object><type>robndbox</type><name>wheat_head</name><pose>Unspecified</pose><truncated>0</truncated><difficult>0</difficult><robndbox><cx>507.2953</cx><cy>1004.3592</cy><w>57.4369</w><h>31.474</h><angle>0.072285</angle></robndbox></object><object><type>robndbox</type><name>wheat_head</name><pose>Unspecified</pose><truncated>0</truncated><difficult>0</difficult><robndbox><cx>589.5942</cx><cy>560.8321</cy><w>146.2656</w><h>30.5263</h><angle>0.742874</angle></robndbox></object><object><type>robndbox</type><name>wheat_head</name><pose>Unspecified</pose><truncated>0</truncated><difficult>0</difficult><robndbox><cx>663.9249</cx><cy>23.4537</cy><w>36.9291</w><h>33.4676</h><angle>1.579173</angle></robndbox></object><object><type>robndbox</type><name>wheat_head</name><pose>Unspecified</pose><truncated>0</truncated><difficult>0</difficult><robndbox><cx>136.3584</cx><cy>351.8375</cy><w>176.0794</w><h>47.5847</h><angle>0.362932</angle></robndbox></object><object><type>robndbox</type><name>wheat_head</name><pose>Unspecified</pose><truncated>0</truncated><difficult>0</difficult><robndbox><cx>325.7234</cx><cy>425.7083</cy><w>41.9439</w><h>29.32</h><angle>0.312623</angle></robndbox></object><object><type>robndbox</type><name>wheat_head</name><pose>Unspecified</pose><truncated>0</truncated><difficult>0</difficult><robndbox><cx>976.6793</cx><cy>159.9429</cy><w>50.606</w><h>36.4532</h><angle>1.580966</angle></robndbox></object><object><type>robndbox</type><name>wheat_head</name><pose>Unspecified</pose><truncated>0</truncated><difficult>0</difficult><robndbox><cx>274.9233</cx><cy>474.8882</cy><w>57.0261</w><h>23.577</h><angle>2.95667</angle></robndbox></object><object><type>robndbox</type><name>wheat_head</name><pose>Unspecified</pose><truncated>0</truncated><difficult>0</difficult><robndbox><cx>448.2761</cx><cy>998.6147</cy><w>42.0572</w><h>35.5627</h><angle>1.352122</angle></robndbox></object><object><type>robndbox</type><name>wheat_head</name><pose>Unspecified</pose><truncated>0</truncated><difficult>0</difficult><robndbox><cx>277.0264</cx><cy>12.7926</cy><w>27.6576</w><h>26.7183</h><angle>1.510949</angle></robndbox></object><object><type>robndbox</type><name>wheat_head</name><pose>Unspecified</pose><truncated>0</truncated><difficult>0</difficult><robndbox><cx>57.9851</cx><cy>781.6845</cy><w>62.4654</w><h>36.8861</h><angle>1.388577</angle></robndbox></object><object><type>robndbox</type><name>wheat_head</name><pose>Unspecified</pose><truncated>0</truncated><difficult>0</difficult><robndbox><cx>776.5325</cx><cy>341.2054</cy><w>80.0677</w><h>36.2375</h><angle>1.622573</angle></robndbox></object><object><type>robndbox</type><name>wheat_head</name><pose>Unspecified</pose><truncated>0</truncated><difficult>0</difficult><robndbox><cx>586.9944</cx><cy>975.0698</cy><w>77.2978</w><h>33.9283</h><angle>1.812794</angle></robndbox></object><object><type>robndbox</type><name>wheat_head</name><pose>Unspecified</pose><truncated>0</truncated><difficult>0</difficult><robndbox><cx>690.7905</cx><cy>525.9221</cy><w>167.496</w><h>48.4421</h><angle>2.766643</angle></robndbox></object><object><type>robndbox</type><name>wheat_head</name><pose>Unspecified</pose><truncated>0</truncated><difficult>0</difficult><robndbox><cx>809.1303</cx><cy>1001.5774</cy><w>32.5979</w><h>26.7644</h><angle>1.246838</angle></robndbox></object><object><type>robndbox</type><name>wheat_head</name><pose>Unspecified</pose><truncated>0</truncated><difficult>0</difficult><robndbox><cx>334.0456</cx><cy>497.9262</cy><w>153.0583</w><h>51.3015</h><angle>0.015077</angle></robndbox></object><object><type>robndbox</type><name>wheat_head</name><pose>Unspecified</pose><truncated>0</truncated><difficult>0</difficult><robndbox><cx>252.1834</cx><cy>401.7015</cy><w>46.5439</w><h>39.5503</h><angle>1.110126</angle></robndbox></object><object><type>robndbox</type><name>wheat_head</name><pose>Unspecified</pose><truncated>0</truncated><difficult>0</difficult><robndbox><cx>34.9759</cx><cy>941.6929</cy><w>66.2693</w><h>39.4971</h><angle>0.105305</angle></robndbox></object><object><type>robndbox</type><name>wheat_head</name><pose>Unspecified</pose><truncated>0</truncated><difficult>0</difficult><robndbox><cx>290.2088</cx><cy>293.4908</cy><w>69.7692</w><h>34.5643</h><angle>2.911658</angle></robndbox></object><object><type>robndbox</type><name>wheat_head</name><pose>Unspecified</pose><truncated>0</truncated><difficult>0</difficult><robndbox><cx>81.9096</cx><cy>12.0811</cy><w>34.432</w><h>27.0589</h><angle>0.006601</angle></robndbox></object><object><type>robndbox</type><name>wheat_head</name><pose>Unspecified</pose><truncated>0</truncated><difficult>0</difficult><robndbox><cx>596.8085</cx><cy>359.4981</cy><w>48.9751</w><h>33.5137</h><angle>0.245972</angle></robndbox></object><object><type>robndbox</type><name>wheat_head</name><pose>Unspecified</pose><truncated>0</truncated><difficult>0</difficult><robndbox><cx>274.785</cx><cy>645.1355</cy><w>92.9936</w><h>29.8645</h><angle>0.846314</angle></robndbox></object><object><type>robndbox</type><name>wheat_head</name><pose>Unspecified</pose><truncated>0</truncated><difficult>0</difficult><robndbox><cx>173.1438</cx><cy>518.9491</cy><w>61.675</w><h>35.6959</h><angle>1.62536</angle></robndbox></object><object><type>robndbox</type><name>wheat_head</name><pose>Unspecified</pose><truncated>0</truncated><difficult>0</difficult><robndbox><cx>818.9253</cx><cy>774.8778</cy><w>65.2475</w><h>43.9529</h><angle>0.582422</angle></robndbox></object><object><type>robndbox</type><name>wheat_head</name><pose>Unspecified</pose><truncated>0</truncated><difficult>0</difficult><robndbox><cx>688.4783</cx><cy>65.2151</cy><w>35.1003</w><h>27.243</h><angle>1.665253</angle></robndbox></object><object><type>robndbox</type><name>wheat_head</name><pose>Unspecified</pose><truncated>0</truncated><difficult>0</difficult><robndbox><cx>436.4712</cx><cy>663.9736</cy><w>33.4871</w><h>32.8486</h><angle>1.982051</angle></robndbox></object><object><type>robndbox</type><name>wheat_head</name><pose>Unspecified</pose><truncated>0</truncated><difficult>0</difficult><robndbox><cx>142.8398</cx><cy>210.0152</cy><w>34.9999</w><h>34.7363</h><angle>2.525401</angle></robndbox></object><object><type>robndbox</type><name>wheat_head</name><pose>Unspecified</pose><truncated>0</truncated><difficult>0</difficult><robndbox><cx>726.9318</cx><cy>846.3633</cy><w>109.2794</w><h>37.9494</h><angle>1.372707</angle></robndbox></object><object><type>robndbox</type><name>wheat_head</name><pose>Unspecified</pose><truncated>0</truncated><difficult>0</difficult><robndbox><cx>453.3468</cx><cy>213.6332</cy><w>37.2942</w><h>28.3498</h><angle>2.857612</angle></robndbox></object><object><type>robndbox</type><name>wheat_head</name><pose>Unspecified</pose><truncated>0</truncated><difficult>0</difficult><robndbox><cx>126.7821</cx><cy>935.523</cy><w>86.3827</w><h>41.9677</h><angle>0.436023</angle></robndbox></object><object><type>robndbox</type><name>wheat_head</name><pose>Unspecified</pose><truncated>0</truncated><difficult>0</difficult><robndbox><cx>306.6834</cx><cy>988.9041</cy><w>45.2549</w><h>42.0783</h><angle>0.163718</angle></robndbox></object><object><type>robndbox</type><name>wheat_head</name><pose>Unspecified</pose><truncated>0</truncated><difficult>0</difficult><robndbox><cx>290.0</cx><cy>793.0</cy><w>47.3497</w><h>25.7188</h><angle>1.43925</angle></robndbox></object></annotation>