<annotation verified="no"><folder>images</folder><filename>25fcffb8e</filename><path>/home/badhon/Documents/thesis/final_dataset/ethz_1/images/25fcffb8e.jpg</path><source><database>Unknown</database></source><size><width>1024</width><height>1024</height><depth>3</depth></size><segmented>0</segmented><object><type>robndbox</type><name>wheat_head</name><pose>Unspecified</pose><truncated>0</truncated><difficult>0</difficult><robndbox><cx>899.5247</cx><cy>980.6</cy><w>90.0894</w><h>36.2903</h><angle>0.417075</angle></robndbox></object><object><type>robndbox</type><name>wheat_head</name><pose>Unspecified</pose><truncated>0</truncated><difficult>0</difficult><robndbox><cx>646.1249</cx><cy>40.2884</cy><w>89.4686</w><h>35.462</h><angle>0.633032</angle></robndbox></object><object><type>robndbox</type><name>wheat_head</name><pose>Unspecified</pose><truncated>0</truncated><difficult>0</difficult><robndbox><cx>199.2775</cx><cy>345.9752</cy><w>91.4229</w><h>33.9067</h><angle>0.907731</angle></robndbox></object><object><type>robndbox</type><name>wheat_head</name><pose>Unspecified</pose><truncated>0</truncated><difficult>0</difficult><robndbox><cx>920.8162</cx><cy>279.7481</cy><w>72.9226</w><h>40.769</h><angle>0.63658</angle></robndbox></object><object><type>robndbox</type><name>wheat_head</name><pose>Unspecified</pose><truncated>0</truncated><difficult>0</difficult><robndbox><cx>31.7412</cx><cy>632.6945</cy><w>73.8898</w><h>38.1924</h><angle>0.30501</angle></robndbox></object><object><type>robndbox</type><name>wheat_head</name><pose>Unspecified</pose><truncated>0</truncated><difficult>0</difficult><robndbox><cx>46.1635</cx><cy>54.2081</cy><w>85.9016</w><h>24.317</h><angle>0.182756</angle></robndbox></object><object><type>robndbox</type><name>wheat_head</name><pose>Unspecified</pose><truncated>0</truncated><difficult>0</difficult><robndbox><cx>823.1913</cx><cy>803.7034</cy><w>74.6488</w><h>41.5444</h><angle>0.939733</angle></robndbox></object><object><type>robndbox</type><name>wheat_head</name><pose>Unspecified</pose><truncated>0</truncated><difficult>0</difficult><robndbox><cx>543.2679</cx><cy>617.8015</cy><w>73.4482</w><h>31.2114</h><angle>0.528294</angle></robndbox></object><object><type>robndbox</type><name>wheat_head</name><pose>Unspecified</pose><truncated>0</truncated><difficult>0</difficult><robndbox><cx>734.6336</cx><cy>672.9941</cy><w>84.5035</w><h>38.9837</h><angle>0.454831</angle></robndbox></object><object><type>robndbox</type><name>wheat_head</name><pose>Unspecified</pose><truncated>0</truncated><difficult>0</difficult><robndbox><cx>472.551</cx><cy>286.6908</cy><w>67.7523</w><h>38.1738</h><angle>0.597417</angle></robndbox></object><object><type>robndbox</type><name>wheat_head</name><pose>Unspecified</pose><truncated>0</truncated><difficult>0</difficult><robndbox><cx>312.0308</cx><cy>165.9343</cy><w>95.8485</w><h>32.8425</h><angle>0.273304</angle></robndbox></object><object><type>robndbox</type><name>wheat_head</name><pose>Unspecified</pose><truncated>0</truncated><difficult>0</difficult><robndbox><cx>603.8342</cx><cy>149.5878</cy><w>85.7897</w><h>42.3018</h><angle>0.495322</angle></robndbox></object><object><type>robndbox</type><name>wheat_head</name><pose>Unspecified</pose><truncated>0</truncated><difficult>0</difficult><robndbox><cx>118.3131</cx><cy>133.8976</cy><w>127.9783</w><h>41.3365</h><angle>0.612986</angle></robndbox></object><object><type>robndbox</type><name>wheat_head</name><pose>Unspecified</pose><truncated>0</truncated><difficult>0</difficult><robndbox><cx>797.575</cx><cy>587.0438</cy><w>69.1951</w><h>37.553</h><angle>0.440729</angle></robndbox></object><object><type>robndbox</type><name>wheat_head</name><pose>Unspecified</pose><truncated>0</truncated><difficult>0</difficult><robndbox><cx>102.7335</cx><cy>746.1136</cy><w>85.6425</w><h>38.5373</h><angle>0.335904</angle></robndbox></object><object><type>robndbox</type><name>wheat_head</name><pose>Unspecified</pose><truncated>0</truncated><difficult>0</difficult><robndbox><cx>216.245</cx><cy>95.9161</cy><w>82.4296</w><h>31.3067</h><angle>1.091372</angle></robndbox></object><object><type>robndbox</type><name>wheat_head</name><pose>Unspecified</pose><truncated>0</truncated><difficult>0</difficult><robndbox><cx>923.8338</cx><cy>758.9609</cy><w>103.31</w><h>41.1922</h><angle>0.473127</angle></robndbox></object><object><type>robndbox</type><name>wheat_head</name><pose>Unspecified</pose><truncated>0</truncated><difficult>0</difficult><robndbox><cx>525.2288</cx><cy>964.7467</cy><w>83.0572</w><h>29.9781</h><angle>0.135964</angle></robndbox></object><object><type>robndbox</type><name>wheat_head</name><pose>Unspecified</pose><truncated>0</truncated><difficult>0</difficult><robndbox><cx>26.2416</cx><cy>726.4397</cy><w>48.3361</w><h>29.9048</h><angle>3.127472</angle></robndbox></object><object><type>robndbox</type><name>wheat_head</name><pose>Unspecified</pose><truncated>0</truncated><difficult>0</difficult><robndbox><cx>310.3398</cx><cy>53.6086</cy><w>79.6962</w><h>35.4318</h><angle>0.460072</angle></robndbox></object><object><type>robndbox</type><name>wheat_head</name><pose>Unspecified</pose><truncated>0</truncated><difficult>0</difficult><robndbox><cx>687.6696</cx><cy>721.6793</cy><w>77.0205</w><h>38.0776</h><angle>0.502525</angle></robndbox></object><object><type>robndbox</type><name>wheat_head</name><pose>Unspecified</pose><truncated>0</truncated><difficult>0</difficult><robndbox><cx>525.2703</cx><cy>97.8342</cy><w>83.2307</w><h>41.5545</h><angle>0.537387</angle></robndbox></object><object><type>robndbox</type><name>wheat_head</name><pose>Unspecified</pose><truncated>0</truncated><difficult>0</difficult><robndbox><cx>378.7241</cx><cy>404.6189</cy><w>78.0451</w><h>16.6561</h><angle>0.514039</angle></robndbox></object><object><type>robndbox</type><name>wheat_head</name><pose>Unspecified</pose><truncated>0</truncated><difficult>0</difficult><robndbox><cx>1012.9059</cx><cy>438.8913</cy><w>33.1845</w><h>17.7678</h><angle>1.538353</angle></robndbox></object><object><type>robndbox</type><name>wheat_head</name><pose>Unspecified</pose><truncated>0</truncated><difficult>0</difficult><robndbox><cx>792.2663</cx><cy>224.9414</cy><w>73.3037</w><h>31.1922</h><angle>0.3325</angle></robndbox></object><object><type>robndbox</type><name>wheat_head</name><pose>Unspecified</pose><truncated>0</truncated><difficult>0</difficult><robndbox><cx>94.3296</cx><cy>397.1014</cy><w>93.4925</w><h>38.571</h><angle>0.200234</angle></robndbox></object><object><type>robndbox</type><name>wheat_head</name><pose>Unspecified</pose><truncated>0</truncated><difficult>0</difficult><robndbox><cx>843.8745</cx><cy>437.0083</cy><w>92.2563</w><h>38.9271</h><angle>0.414392</angle></robndbox></object><object><type>robndbox</type><name>wheat_head</name><pose>Unspecified</pose><truncated>0</truncated><difficult>0</difficult><robndbox><cx>346.3035</cx><cy>253.5657</cy><w>54.3129</w><h>32.3057</h><angle>0.250179</angle></robndbox></object><object><type>robndbox</type><name>wheat_head</name><pose>Unspecified</pose><truncated>0</truncated><difficult>0</difficult><robndbox><cx>146.0677</cx><cy>456.6232</cy><w>96.7754</w><h>41.7364</h><angle>0.288676</angle></robndbox></object><object><type>robndbox</type><name>wheat_head</name><pose>Unspecified</pose><truncated>0</truncated><difficult>0</difficult><robndbox><cx>411.6819</cx><cy>73.0065</cy><w>79.116</w><h>37.6748</h><angle>0.521195</angle></robndbox></object><object><type>robndbox</type><name>wheat_head</name><pose>Unspecified</pose><truncated>0</truncated><difficult>0</difficult><robndbox><cx>138.1723</cx><cy>897.2319</cy><w>46.7985</w><h>33.7459</h><angle>2.887201</angle></robndbox></object><object><type>robndbox</type><name>wheat_head</name><pose>Unspecified</pose><truncated>0</truncated><difficult>0</difficult><robndbox><cx>547.7486</cx><cy>454.93</cy><w>65.6127</w><h>33.0555</h><angle>0.335667</angle></robndbox></object><object><type>robndbox</type><name>wheat_head</name><pose>Unspecified</pose><truncated>0</truncated><difficult>0</difficult><robndbox><cx>33.0732</cx><cy>182.3752</cy><w>52.3264</w><h>27.4443</h><angle>0.506154</angle></robndbox></object><object><type>robndbox</type><name>wheat_head</name><pose>Unspecified</pose><truncated>0</truncated><difficult>0</difficult><robndbox><cx>502.5373</cx><cy>788.8406</cy><w>74.648</w><h>24.6617</h><angle>0.067569</angle></robndbox></object><object><type>robndbox</type><name>wheat_head</name><pose>Unspecified</pose><truncated>0</truncated><difficult>0</difficult><robndbox><cx>712.9501</cx><cy>376.6424</cy><w>92.4775</w><h>41.3936</h><angle>0.419022</angle></robndbox></object><object><type>robndbox</type><name>wheat_head</name><pose>Unspecified</pose><truncated>0</truncated><difficult>0</difficult><robndbox><cx>226.0115</cx><cy>38.6281</cy><w>120.6646</w><h>36.2157</h><angle>0.639783</angle></robndbox></object><object><type>robndbox</type><name>wheat_head</name><pose>Unspecified</pose><truncated>0</truncated><difficult>0</difficult><robndbox><cx>302.8224</cx><cy>734.1208</cy><w>103.3557</w><h>39.7663</h><angle>0.435793</angle></robndbox></object><object><type>robndbox</type><name>wheat_head</name><pose>Unspecified</pose><truncated>0</truncated><difficult>0</difficult><robndbox><cx>388.6894</cx><cy>382.8896</cy><w>85.2776</w><h>31.6895</h><angle>0.514039</angle></robndbox></object><object><type>robndbox</type><name>wheat_head</name><pose>Unspecified</pose><truncated>0</truncated><difficult>0</difficult><robndbox><cx>954.6526</cx><cy>436.1241</cy><w>83.965</w><h>39.3827</h><angle>0.58437</angle></robndbox></object><object><type>robndbox</type><name>wheat_head</name><pose>Unspecified</pose><truncated>0</truncated><difficult>0</difficult><robndbox><cx>334.9</cx><cy>149.4335</cy><w>88.4942</w><h>24.7274</h><angle>0.373304</angle></robndbox></object><object><type>robndbox</type><name>wheat_head</name><pose>Unspecified</pose><truncated>0</truncated><difficult>0</difficult><robndbox><cx>16.9013</cx><cy>298.7066</cy><w>40.3768</w><h>28.0577</h><angle>1.085887</angle></robndbox></object><object><type>robndbox</type><name>wheat_head</name><pose>Unspecified</pose><truncated>0</truncated><difficult>0</difficult><robndbox><cx>532.276</cx><cy>169.8804</cy><w>56.1632</w><h>28.672</h><angle>0.435737</angle></robndbox></object><object><type>robndbox</type><name>wheat_head</name><pose>Unspecified</pose><truncated>0</truncated><difficult>0</difficult><robndbox><cx>340.7115</cx><cy>501.5126</cy><w>74.9915</w><h>25.7587</h><angle>0.305021</angle></robndbox></object><object><type>robndbox</type><name>wheat_head</name><pose>Unspecified</pose><truncated>0</truncated><difficult>0</difficult><robndbox><cx>771.3161</cx><cy>856.9103</cy><w>82.9695</w><h>37.2945</h><angle>0.291605</angle></robndbox></object><object><type>robndbox</type><name>wheat_head</name><pose>Unspecified</pose><truncated>0</truncated><difficult>0</difficult><robndbox><cx>315.0728</cx><cy>474.7935</cy><w>83.3063</w><h>43.6714</h><angle>0.333677</angle></robndbox></object><object><type>robndbox</type><name>wheat_head</name><pose>Unspecified</pose><truncated>0</truncated><difficult>0</difficult><robndbox><cx>935.4387</cx><cy>44.9811</cy><w>112.1352</w><h>40.2281</h><angle>0.573735</angle></robndbox></object><object><type>robndbox</type><name>wheat_head</name><pose>Unspecified</pose><truncated>0</truncated><difficult>0</difficult><robndbox><cx>755.938</cx><cy>724.6555</cy><w>60.8091</w><h>32.3271</h><angle>0.305047</angle></robndbox></object><object><type>robndbox</type><name>wheat_head</name><pose>Unspecified</pose><truncated>0</truncated><difficult>0</difficult><robndbox><cx>152.0786</cx><cy>49.9456</cy><w>66.9774</w><h>35.8911</h><angle>0.556698</angle></robndbox></object><object><type>robndbox</type><name>wheat_head</name><pose>Unspecified</pose><truncated>0</truncated><difficult>0</difficult><robndbox><cx>980.9406</cx><cy>961.5176</cy><w>58.6372</w><h>26.6238</h><angle>3.008173</angle></robndbox></object><object><type>robndbox</type><name>wheat_head</name><pose>Unspecified</pose><truncated>0</truncated><difficult>0</difficult><robndbox><cx>21.4791</cx><cy>698.5975</cy><w>37.1468</w><h>20.3823</h><angle>0.42911</angle></robndbox></object><object><type>robndbox</type><name>wheat_head</name><pose>Unspecified</pose><truncated>0</truncated><difficult>0</difficult><robndbox><cx>703.2889</cx><cy>561.7221</cy><w>38.7969</w><h>26.0511</h><angle>0.152444</angle></robndbox></object><object><type>robndbox</type><name>wheat_head</name><pose>Unspecified</pose><truncated>0</truncated><difficult>0</difficult><robndbox><cx>488.4389</cx><cy>632.0413</cy><w>74.7552</w><h>31.9515</h><angle>0.168466</angle></robndbox></object><object><type>robndbox</type><name>wheat_head</name><pose>Unspecified</pose><truncated>0</truncated><difficult>0</difficult><robndbox><cx>428.4019</cx><cy>1009.3788</cy><w>97.5264</w><h>24.4934</h><angle>0.03931</angle></robndbox></object><object><type>robndbox</type><name>wheat_head</name><pose>Unspecified</pose><truncated>0</truncated><difficult>0</difficult><robndbox><cx>261.8398</cx><cy>927.6436</cy><w>91.5728</w><h>27.9023</h><angle>0.004132</angle></robndbox></object><object><type>robndbox</type><name>wheat_head</name><pose>Unspecified</pose><truncated>0</truncated><difficult>0</difficult><robndbox><cx>922.0932</cx><cy>486.8528</cy><w>57.7761</w><h>35.2055</h><angle>0.426989</angle></robndbox></object><object><type>robndbox</type><name>wheat_head</name><pose>Unspecified</pose><truncated>0</truncated><difficult>0</difficult><robndbox><cx>276.8239</cx><cy>95.284</cy><w>44.6347</w><h>24.5011</h><angle>0.497666</angle></robndbox></object><object><type>robndbox</type><name>wheat_head</name><pose>Unspecified</pose><truncated>0</truncated><difficult>0</difficult><robndbox><cx>206.8092</cx><cy>631.1278</cy><w>90.0682</w><h>32.3188</h><angle>0.316992</angle></robndbox></object><object><type>robndbox</type><name>wheat_head</name><pose>Unspecified</pose><truncated>0</truncated><difficult>0</difficult><robndbox><cx>640.4124</cx><cy>851.209</cy><w>70.9396</w><h>35.6314</h><angle>0.222548</angle></robndbox></object><object><type>robndbox</type><name>wheat_head</name><pose>Unspecified</pose><truncated>0</truncated><difficult>0</difficult><robndbox><cx>26.7344</cx><cy>122.5117</cy><w>53.8443</w><h>31.7491</h><angle>0.330265</angle></robndbox></object><object><type>robndbox</type><name>wheat_head</name><pose>Unspecified</pose><truncated>0</truncated><difficult>0</difficult><robndbox><cx>892.2457</cx><cy>190.5439</cy><w>49.6406</w><h>30.6744</h><angle>0.447137</angle></robndbox></object><object><type>robndbox</type><name>wheat_head</name><pose>Unspecified</pose><truncated>0</truncated><difficult>0</difficult><robndbox><cx>987.4063</cx><cy>801.0576</cy><w>48.0557</w><h>38.0541</h><angle>0.415181</angle></robndbox></object><object><type>robndbox</type><name>wheat_head</name><pose>Unspecified</pose><truncated>0</truncated><difficult>0</difficult><robndbox><cx>254.8398</cx><cy>933.6436</cy><w>91.5728</w><h>27.9023</h><angle>0.004132</angle></robndbox></object><object><type>robndbox</type><name>wheat_head</name><pose>Unspecified</pose><truncated>0</truncated><difficult>0</difficult><robndbox><cx>271.3734</cx><cy>10.7675</cy><w>57.9899</w><h>25.4609</h><angle>0.315771</angle></robndbox></object><object><type>robndbox</type><name>wheat_head</name><pose>Unspecified</pose><truncated>0</truncated><difficult>0</difficult><robndbox><cx>440.3759</cx><cy>686.3535</cy><w>47.3248</w><h>28.9808</h><angle>2.9025</angle></robndbox></object><object><type>robndbox</type><name>wheat_head</name><pose>Unspecified</pose><truncated>0</truncated><difficult>0</difficult><robndbox><cx>288.0949</cx><cy>1014.7399</cy><w>64.4281</w><h>14.3788</h><angle>0.046571</angle></robndbox></object><object><type>robndbox</type><name>wheat_head</name><pose>Unspecified</pose><truncated>0</truncated><difficult>0</difficult><robndbox><cx>820.4976</cx><cy>747.9907</cy><w>40.28</w><h>25.9484</h><angle>1.461391</angle></robndbox></object><object><type>robndbox</type><name>wheat_head</name><pose>Unspecified</pose><truncated>0</truncated><difficult>0</difficult><robndbox><cx>146.0677</cx><cy>456.6232</cy><w>96.7754</w><h>41.7364</h><angle>0.288676</angle></robndbox></object><object><type>robndbox</type><name>wheat_head</name><pose>Unspecified</pose><truncated>0</truncated><difficult>0</difficult><robndbox><cx>954.6526</cx><cy>436.1241</cy><w>83.965</w><h>39.3827</h><angle>0.58437</angle></robndbox></object><object><type>robndbox</type><name>wheat_head</name><pose>Unspecified</pose><truncated>0</truncated><difficult>0</difficult><robndbox><cx>742.4055</cx><cy>986.5864</cy><w>49.7879</w><h>34.4146</h><angle>2.923697</angle></robndbox></object><object><type>robndbox</type><name>wheat_head</name><pose>Unspecified</pose><truncated>0</truncated><difficult>0</difficult><robndbox><cx>818.0087</cx><cy>689.9683</cy><w>63.0819</w><h>27.8916</h><angle>0.13392</angle></robndbox></object><object><type>robndbox</type><name>wheat_head</name><pose>Unspecified</pose><truncated>0</truncated><difficult>0</difficult><robndbox><cx>332.4227</cx><cy>412.3694</cy><w>96.6177</w><h>39.0777</h><angle>0.453398</angle></robndbox></object><object><type>robndbox</type><name>wheat_head</name><pose>Unspecified</pose><truncated>0</truncated><difficult>0</difficult><robndbox><cx>1008.324</cx><cy>635.1129</cy><w>24.4174</w><h>24.0068</h><angle>0.026584</angle></robndbox></object><object><type>robndbox</type><name>wheat_head</name><pose>Unspecified</pose><truncated>0</truncated><difficult>0</difficult><robndbox><cx>607.5044</cx><cy>578.4983</cy><w>73.0749</w><h>21.6577</h><angle>0.302816</angle></robndbox></object><object><type>robndbox</type><name>wheat_head</name><pose>Unspecified</pose><truncated>0</truncated><difficult>0</difficult><robndbox><cx>16.4305</cx><cy>574.9984</cy><w>30.7069</w><h>28.6101</h><angle>0.297502</angle></robndbox></object><object><type>robndbox</type><name>wheat_head</name><pose>Unspecified</pose><truncated>0</truncated><difficult>0</difficult><robndbox><cx>8.4158</cx><cy>554.4618</cy><w>22.3304</w><h>15.0558</h><angle>1.718831</angle></robndbox></object><object><type>robndbox</type><name>wheat_head</name><pose>Unspecified</pose><truncated>0</truncated><difficult>0</difficult><robndbox><cx>56.5837</cx><cy>508.9619</cy><w>92.9883</w><h>38.5773</h><angle>0.276694</angle></robndbox></object><object><type>robndbox</type><name>wheat_head</name><pose>Unspecified</pose><truncated>0</truncated><difficult>0</difficult><robndbox><cx>212.5401</cx><cy>600.7218</cy><w>82.7212</w><h>29.0605</h><angle>0.019553</angle></robndbox></object><object><type>robndbox</type><name>wheat_head</name><pose>Unspecified</pose><truncated>0</truncated><difficult>0</difficult><robndbox><cx>531.2288</cx><cy>964.7467</cy><w>83.0572</w><h>29.9781</h><angle>2.277557</angle></robndbox></object><object><type>robndbox</type><name>wheat_head</name><pose>Unspecified</pose><truncated>0</truncated><difficult>0</difficult><robndbox><cx>527.2219</cx><cy>805.4793</cy><w>57.5511</w><h>24.2866</h><angle>3.087802</angle></robndbox></object><object><type>robndbox</type><name>wheat_head</name><pose>Unspecified</pose><truncated>0</truncated><difficult>0</difficult><robndbox><cx>531.9821</cx><cy>682.3005</cy><w>35.5181</w><h>31.3556</h><angle>2.363464</angle></robndbox></object></annotation>