<annotation verified="no"><folder>images</folder><filename>26a2693ec</filename><path>/home/badhon/Documents/thesis/final_dataset/ethz_1/images/26a2693ec.jpg</path><source><database>Unknown</database></source><size><width>1024</width><height>1024</height><depth>3</depth></size><segmented>0</segmented><object><type>robndbox</type><name>wheat_head</name><pose>Unspecified</pose><truncated>0</truncated><difficult>0</difficult><robndbox><cx>338.9624</cx><cy>853.6965</cy><w>68.6176</w><h>36.2716</h><angle>1.041726</angle></robndbox></object><object><type>robndbox</type><name>wheat_head</name><pose>Unspecified</pose><truncated>0</truncated><difficult>0</difficult><robndbox><cx>584.3184</cx><cy>30.4134</cy><w>72.1368</w><h>34.7241</h><angle>0.890539</angle></robndbox></object><object><type>robndbox</type><name>wheat_head</name><pose>Unspecified</pose><truncated>0</truncated><difficult>0</difficult><robndbox><cx>827.0806</cx><cy>911.021</cy><w>84.7026</w><h>36.8173</h><angle>1.007799</angle></robndbox></object><object><type>robndbox</type><name>wheat_head</name><pose>Unspecified</pose><truncated>0</truncated><difficult>0</difficult><robndbox><cx>909.5256</cx><cy>911.4062</cy><w>100.4007</w><h>42.1218</h><angle>1.139066</angle></robndbox></object><object><type>robndbox</type><name>wheat_head</name><pose>Unspecified</pose><truncated>0</truncated><difficult>0</difficult><robndbox><cx>534.0972</cx><cy>411.6485</cy><w>105.1405</w><h>38.0038</h><angle>0.265295</angle></robndbox></object><object><type>robndbox</type><name>wheat_head</name><pose>Unspecified</pose><truncated>0</truncated><difficult>0</difficult><robndbox><cx>378.3853</cx><cy>264.465</cy><w>99.0833</w><h>30.2037</h><angle>0.547957</angle></robndbox></object><object><type>robndbox</type><name>wheat_head</name><pose>Unspecified</pose><truncated>0</truncated><difficult>0</difficult><robndbox><cx>996.8473</cx><cy>33.2883</cy><w>57.2788</w><h>30.8778</h><angle>0.989734</angle></robndbox></object><object><type>robndbox</type><name>wheat_head</name><pose>Unspecified</pose><truncated>0</truncated><difficult>0</difficult><robndbox><cx>692.6122</cx><cy>364.2002</cy><w>95.5049</w><h>40.1406</h><angle>0.562744</angle></robndbox></object><object><type>robndbox</type><name>wheat_head</name><pose>Unspecified</pose><truncated>0</truncated><difficult>0</difficult><robndbox><cx>980.3654</cx><cy>674.7521</cy><w>75.1949</w><h>40.2869</h><angle>0.521665</angle></robndbox></object><object><type>robndbox</type><name>wheat_head</name><pose>Unspecified</pose><truncated>0</truncated><difficult>0</difficult><robndbox><cx>651.5005</cx><cy>674.8237</cy><w>109.1634</w><h>31.5304</h><angle>1.407052</angle></robndbox></object><object><type>robndbox</type><name>wheat_head</name><pose>Unspecified</pose><truncated>0</truncated><difficult>0</difficult><robndbox><cx>152.6537</cx><cy>985.583</cy><w>72.6592</w><h>41.9425</h><angle>0.552127</angle></robndbox></object><object><type>robndbox</type><name>wheat_head</name><pose>Unspecified</pose><truncated>0</truncated><difficult>0</difficult><robndbox><cx>435.1673</cx><cy>673.8554</cy><w>58.5035</w><h>41.887</h><angle>0.44401</angle></robndbox></object><object><type>robndbox</type><name>wheat_head</name><pose>Unspecified</pose><truncated>0</truncated><difficult>0</difficult><robndbox><cx>514.7759</cx><cy>154.5191</cy><w>97.5096</w><h>32.7644</h><angle>0.644935</angle></robndbox></object><object><type>robndbox</type><name>wheat_head</name><pose>Unspecified</pose><truncated>0</truncated><difficult>0</difficult><robndbox><cx>334.9482</cx><cy>292.8443</cy><w>162.8734</w><h>30.0021</h><angle>0.668489</angle></robndbox></object><object><type>robndbox</type><name>wheat_head</name><pose>Unspecified</pose><truncated>0</truncated><difficult>0</difficult><robndbox><cx>449.4307</cx><cy>392.9872</cy><w>85.389</w><h>34.1206</h><angle>1.609081</angle></robndbox></object><object><type>robndbox</type><name>wheat_head</name><pose>Unspecified</pose><truncated>0</truncated><difficult>0</difficult><robndbox><cx>504.6611</cx><cy>620.5322</cy><w>66.9777</w><h>40.9452</h><angle>0.584752</angle></robndbox></object><object><type>robndbox</type><name>wheat_head</name><pose>Unspecified</pose><truncated>0</truncated><difficult>0</difficult><robndbox><cx>497.7722</cx><cy>479.9302</cy><w>92.6026</w><h>40.5782</h><angle>0.392512</angle></robndbox></object><object><type>robndbox</type><name>wheat_head</name><pose>Unspecified</pose><truncated>0</truncated><difficult>0</difficult><robndbox><cx>386.4747</cx><cy>486.6271</cy><w>105.1262</w><h>34.5579</h><angle>1.055575</angle></robndbox></object><object><type>robndbox</type><name>wheat_head</name><pose>Unspecified</pose><truncated>0</truncated><difficult>0</difficult><robndbox><cx>294.3782</cx><cy>956.7641</cy><w>76.2675</w><h>37.6297</h><angle>2.174388</angle></robndbox></object><object><type>robndbox</type><name>wheat_head</name><pose>Unspecified</pose><truncated>0</truncated><difficult>0</difficult><robndbox><cx>313.421</cx><cy>748.0297</cy><w>82.7344</w><h>34.7312</h><angle>0.042349</angle></robndbox></object><object><type>robndbox</type><name>wheat_head</name><pose>Unspecified</pose><truncated>0</truncated><difficult>0</difficult><robndbox><cx>593.051</cx><cy>464.6378</cy><w>110.0714</w><h>46.4248</h><angle>0.251541</angle></robndbox></object><object><type>robndbox</type><name>wheat_head</name><pose>Unspecified</pose><truncated>0</truncated><difficult>0</difficult><robndbox><cx>305.4162</cx><cy>390.5855</cy><w>122.4828</w><h>38.572</h><angle>3.013963</angle></robndbox></object><object><type>robndbox</type><name>wheat_head</name><pose>Unspecified</pose><truncated>0</truncated><difficult>0</difficult><robndbox><cx>451.8799</cx><cy>927.2859</cy><w>62.6936</w><h>37.9197</h><angle>2.173353</angle></robndbox></object><object><type>robndbox</type><name>wheat_head</name><pose>Unspecified</pose><truncated>0</truncated><difficult>0</difficult><robndbox><cx>808.2013</cx><cy>749.1569</cy><w>69.0831</w><h>38.9252</h><angle>0.333072</angle></robndbox></object><object><type>robndbox</type><name>wheat_head</name><pose>Unspecified</pose><truncated>0</truncated><difficult>0</difficult><robndbox><cx>593.0596</cx><cy>143.2058</cy><w>79.6095</w><h>42.0352</h><angle>0.351018</angle></robndbox></object><object><type>robndbox</type><name>wheat_head</name><pose>Unspecified</pose><truncated>0</truncated><difficult>0</difficult><robndbox><cx>945.7976</cx><cy>108.4838</cy><w>157.655</w><h>38.5416</h><angle>0.018666</angle></robndbox></object><object><type>robndbox</type><name>wheat_head</name><pose>Unspecified</pose><truncated>0</truncated><difficult>0</difficult><robndbox><cx>417.8592</cx><cy>57.3343</cy><w>79.78</w><h>38.5551</h><angle>0.331735</angle></robndbox></object><object><type>robndbox</type><name>wheat_head</name><pose>Unspecified</pose><truncated>0</truncated><difficult>0</difficult><robndbox><cx>546.0208</cx><cy>370.5538</cy><w>64.1034</w><h>31.828</h><angle>1.105064</angle></robndbox></object><object><type>robndbox</type><name>wheat_head</name><pose>Unspecified</pose><truncated>0</truncated><difficult>0</difficult><robndbox><cx>879.0983</cx><cy>457.6521</cy><w>50.4742</w><h>31.061</h><angle>0.458178</angle></robndbox></object><object><type>robndbox</type><name>wheat_head</name><pose>Unspecified</pose><truncated>0</truncated><difficult>0</difficult><robndbox><cx>295.9415</cx><cy>338.5429</cy><w>59.5506</w><h>33.5898</h><angle>1.119242</angle></robndbox></object><object><type>robndbox</type><name>wheat_head</name><pose>Unspecified</pose><truncated>0</truncated><difficult>0</difficult><robndbox><cx>383.1577</cx><cy>212.9615</cy><w>51.7634</w><h>29.1267</h><angle>2.28965</angle></robndbox></object><object><type>robndbox</type><name>wheat_head</name><pose>Unspecified</pose><truncated>0</truncated><difficult>0</difficult><robndbox><cx>154.2084</cx><cy>773.5562</cy><w>104.17</w><h>38.0493</h><angle>0.314717</angle></robndbox></object><object><type>robndbox</type><name>wheat_head</name><pose>Unspecified</pose><truncated>0</truncated><difficult>0</difficult><robndbox><cx>633.337</cx><cy>9.6228</cy><w>42.2622</w><h>26.7287</h><angle>0.101533</angle></robndbox></object><object><type>robndbox</type><name>wheat_head</name><pose>Unspecified</pose><truncated>0</truncated><difficult>0</difficult><robndbox><cx>38.4942</cx><cy>835.9846</cy><w>68.2585</w><h>41.5407</h><angle>0.173789</angle></robndbox></object><object><type>robndbox</type><name>wheat_head</name><pose>Unspecified</pose><truncated>0</truncated><difficult>0</difficult><robndbox><cx>74.6113</cx><cy>92.0356</cy><w>46.5719</w><h>37.6187</h><angle>0.455148</angle></robndbox></object><object><type>robndbox</type><name>wheat_head</name><pose>Unspecified</pose><truncated>0</truncated><difficult>0</difficult><robndbox><cx>137.9063</cx><cy>712.0265</cy><w>109.6193</w><h>47.4121</h><angle>0.988551</angle></robndbox></object><object><type>robndbox</type><name>wheat_head</name><pose>Unspecified</pose><truncated>0</truncated><difficult>0</difficult><robndbox><cx>654.4998</cx><cy>816.1753</cy><w>88.4606</w><h>33.7173</h><angle>0.424941</angle></robndbox></object><object><type>robndbox</type><name>wheat_head</name><pose>Unspecified</pose><truncated>0</truncated><difficult>0</difficult><robndbox><cx>46.0734</cx><cy>512.9076</cy><w>80.4044</w><h>46.7879</h><angle>0.139303</angle></robndbox></object><object><type>robndbox</type><name>wheat_head</name><pose>Unspecified</pose><truncated>0</truncated><difficult>0</difficult><robndbox><cx>826.7033</cx><cy>351.3412</cy><w>114.6437</w><h>44.1663</h><angle>2.415097</angle></robndbox></object><object><type>robndbox</type><name>wheat_head</name><pose>Unspecified</pose><truncated>0</truncated><difficult>0</difficult><robndbox><cx>511.9028</cx><cy>101.7135</cy><w>72.2911</w><h>32.8874</h><angle>0.813332</angle></robndbox></object><object><type>robndbox</type><name>wheat_head</name><pose>Unspecified</pose><truncated>0</truncated><difficult>0</difficult><robndbox><cx>647.4896</cx><cy>963.0677</cy><w>94.6313</w><h>46.5668</h><angle>2.401766</angle></robndbox></object><object><type>robndbox</type><name>wheat_head</name><pose>Unspecified</pose><truncated>0</truncated><difficult>0</difficult><robndbox><cx>53.3063</cx><cy>878.0908</cy><w>69.0611</w><h>34.5798</h><angle>3.107808</angle></robndbox></object><object><type>robndbox</type><name>wheat_head</name><pose>Unspecified</pose><truncated>0</truncated><difficult>0</difficult><robndbox><cx>801.9654</cx><cy>13.3175</cy><w>33.6668</w><h>28.8338</h><angle>0.134819</angle></robndbox></object><object><type>robndbox</type><name>wheat_head</name><pose>Unspecified</pose><truncated>0</truncated><difficult>0</difficult><robndbox><cx>876.6095</cx><cy>272.2437</cy><w>174.4786</w><h>28.4142</h><angle>0.885105</angle></robndbox></object><object><type>robndbox</type><name>wheat_head</name><pose>Unspecified</pose><truncated>0</truncated><difficult>0</difficult><robndbox><cx>804.4392</cx><cy>692.0651</cy><w>47.9924</w><h>30.4083</h><angle>0.063754</angle></robndbox></object><object><type>robndbox</type><name>wheat_head</name><pose>Unspecified</pose><truncated>0</truncated><difficult>0</difficult><robndbox><cx>708.1808</cx><cy>148.1908</cy><w>117.602</w><h>46.8281</h><angle>2.658864</angle></robndbox></object><object><type>robndbox</type><name>wheat_head</name><pose>Unspecified</pose><truncated>0</truncated><difficult>0</difficult><robndbox><cx>801.1235</cx><cy>133.9579</cy><w>55.2388</w><h>41.2632</h><angle>2.721041</angle></robndbox></object><object><type>robndbox</type><name>wheat_head</name><pose>Unspecified</pose><truncated>0</truncated><difficult>0</difficult><robndbox><cx>784.1583</cx><cy>792.1907</cy><w>55.6919</w><h>37.9547</h><angle>0.454012</angle></robndbox></object><object><type>robndbox</type><name>wheat_head</name><pose>Unspecified</pose><truncated>0</truncated><difficult>0</difficult><robndbox><cx>876.6135</cx><cy>500.9482</cy><w>81.2201</w><h>33.6584</h><angle>0.250067</angle></robndbox></object><object><type>robndbox</type><name>wheat_head</name><pose>Unspecified</pose><truncated>0</truncated><difficult>0</difficult><robndbox><cx>59.3424</cx><cy>651.7026</cy><w>76.6086</w><h>30.1076</h><angle>0.558592</angle></robndbox></object><object><type>robndbox</type><name>wheat_head</name><pose>Unspecified</pose><truncated>0</truncated><difficult>0</difficult><robndbox><cx>146.2533</cx><cy>896.0992</cy><w>83.3202</w><h>42.8488</h><angle>0.06723</angle></robndbox></object><object><type>robndbox</type><name>wheat_head</name><pose>Unspecified</pose><truncated>0</truncated><difficult>0</difficult><robndbox><cx>143.4596</cx><cy>605.2412</cy><w>63.3476</w><h>24.3932</h><angle>0.35824</angle></robndbox></object><object><type>robndbox</type><name>wheat_head</name><pose>Unspecified</pose><truncated>0</truncated><difficult>0</difficult><robndbox><cx>1009.0405</cx><cy>267.3871</cy><w>45.1769</w><h>25.7143</h><angle>1.39355</angle></robndbox></object><object><type>robndbox</type><name>wheat_head</name><pose>Unspecified</pose><truncated>0</truncated><difficult>0</difficult><robndbox><cx>610.7531</cx><cy>672.5896</cy><w>37.0434</w><h>35.5102</h><angle>1.768077</angle></robndbox></object><object><type>robndbox</type><name>wheat_head</name><pose>Unspecified</pose><truncated>0</truncated><difficult>0</difficult><robndbox><cx>952.7713</cx><cy>1008.8898</cy><w>31.507</w><h>29.6145</h><angle>0.048216</angle></robndbox></object><object><type>robndbox</type><name>wheat_head</name><pose>Unspecified</pose><truncated>0</truncated><difficult>0</difficult><robndbox><cx>33.928</cx><cy>104.6537</cy><w>40.0975</w><h>39.7147</h><angle>1.238667</angle></robndbox></object><object><type>robndbox</type><name>wheat_head</name><pose>Unspecified</pose><truncated>0</truncated><difficult>0</difficult><robndbox><cx>170.3547</cx><cy>476.878</cy><w>44.2087</w><h>25.7874</h><angle>1.101869</angle></robndbox></object><object><type>robndbox</type><name>wheat_head</name><pose>Unspecified</pose><truncated>0</truncated><difficult>0</difficult><robndbox><cx>693.8956</cx><cy>553.2565</cy><w>157.3383</w><h>46.4454</h><angle>2.560565</angle></robndbox></object><object><type>robndbox</type><name>wheat_head</name><pose>Unspecified</pose><truncated>0</truncated><difficult>0</difficult><robndbox><cx>146.2533</cx><cy>896.0992</cy><w>83.3202</w><h>42.8488</h><angle>0.06723</angle></robndbox></object><object><type>robndbox</type><name>wheat_head</name><pose>Unspecified</pose><truncated>0</truncated><difficult>0</difficult><robndbox><cx>303.1458</cx><cy>792.3921</cy><w>61.6598</w><h>31.1078</h><angle>2.903849</angle></robndbox></object><object><type>robndbox</type><name>wheat_head</name><pose>Unspecified</pose><truncated>0</truncated><difficult>0</difficult><robndbox><cx>340.9557</cx><cy>485.3125</cy><w>72.6024</w><h>47.5694</h><angle>0.098595</angle></robndbox></object><object><type>robndbox</type><name>wheat_head</name><pose>Unspecified</pose><truncated>0</truncated><difficult>0</difficult><robndbox><cx>244.8501</cx><cy>818.8538</cy><w>107.4354</w><h>35.8024</h><angle>3.103849</angle></robndbox></object><object><type>robndbox</type><name>wheat_head</name><pose>Unspecified</pose><truncated>0</truncated><difficult>0</difficult><robndbox><cx>588.5256</cx><cy>793.3721</cy><w>35.6931</w><h>27.3249</h><angle>0.197396</angle></robndbox></object><object><type>robndbox</type><name>wheat_head</name><pose>Unspecified</pose><truncated>0</truncated><difficult>0</difficult><robndbox><cx>708.9828</cx><cy>905.3003</cy><w>61.6847</w><h>40.6655</h><angle>2.845478</angle></robndbox></object><object><type>robndbox</type><name>wheat_head</name><pose>Unspecified</pose><truncated>0</truncated><difficult>0</difficult><robndbox><cx>47.6409</cx><cy>22.0456</cy><w>83.7257</w><h>31.6524</h><angle>0.131762</angle></robndbox></object><object><type>robndbox</type><name>wheat_head</name><pose>Unspecified</pose><truncated>0</truncated><difficult>0</difficult><robndbox><cx>125.0873</cx><cy>26.0692</cy><w>67.3573</w><h>32.8081</h><angle>0.711847</angle></robndbox></object></annotation>