<annotation verified="no"><folder>images</folder><filename>2a5be9325</filename><path>/home/badhon/Documents/thesis/final_dataset/ethz_1/images/2a5be9325.jpg</path><source><database>Unknown</database></source><size><width>1024</width><height>1024</height><depth>3</depth></size><segmented>0</segmented><object><type>robndbox</type><name>wheat_head</name><pose>Unspecified</pose><truncated>0</truncated><difficult>0</difficult><robndbox><cx>58.9411</cx><cy>696.3209</cy><w>106.7974</w><h>41.3774</h><angle>1.176171</angle></robndbox></object><object><type>robndbox</type><name>wheat_head</name><pose>Unspecified</pose><truncated>0</truncated><difficult>0</difficult><robndbox><cx>317.7339</cx><cy>967.9688</cy><w>92.0572</w><h>41.6789</h><angle>0.999664</angle></robndbox></object><object><type>robndbox</type><name>wheat_head</name><pose>Unspecified</pose><truncated>0</truncated><difficult>0</difficult><robndbox><cx>18.6313</cx><cy>332.36</cy><w>36.3469</w><h>32.4813</h><angle>0.535066</angle></robndbox></object><object><type>robndbox</type><name>wheat_head</name><pose>Unspecified</pose><truncated>0</truncated><difficult>0</difficult><robndbox><cx>137.4554</cx><cy>662.754</cy><w>67.5577</w><h>38.071</h><angle>0.998716</angle></robndbox></object><object><type>robndbox</type><name>wheat_head</name><pose>Unspecified</pose><truncated>0</truncated><difficult>0</difficult><robndbox><cx>503.8068</cx><cy>267.5025</cy><w>85.5356</w><h>35.3484</h><angle>0.912885</angle></robndbox></object><object><type>robndbox</type><name>wheat_head</name><pose>Unspecified</pose><truncated>0</truncated><difficult>0</difficult><robndbox><cx>531.0453</cx><cy>585.9194</cy><w>120.5179</w><h>44.4122</h><angle>0.473257</angle></robndbox></object><object><type>robndbox</type><name>wheat_head</name><pose>Unspecified</pose><truncated>0</truncated><difficult>0</difficult><robndbox><cx>26.6787</cx><cy>783.1901</cy><w>63.3202</w><h>37.388</h><angle>0.960352</angle></robndbox></object><object><type>robndbox</type><name>wheat_head</name><pose>Unspecified</pose><truncated>0</truncated><difficult>0</difficult><robndbox><cx>264.6397</cx><cy>537.9897</cy><w>84.8928</w><h>40.6502</h><angle>2.621595</angle></robndbox></object><object><type>robndbox</type><name>wheat_head</name><pose>Unspecified</pose><truncated>0</truncated><difficult>0</difficult><robndbox><cx>765.9207</cx><cy>500.5625</cy><w>74.7858</w><h>37.3996</h><angle>0.692703</angle></robndbox></object><object><type>robndbox</type><name>wheat_head</name><pose>Unspecified</pose><truncated>0</truncated><difficult>0</difficult><robndbox><cx>449.9401</cx><cy>489.8701</cy><w>93.6789</w><h>31.034</h><angle>1.354049</angle></robndbox></object><object><type>robndbox</type><name>wheat_head</name><pose>Unspecified</pose><truncated>0</truncated><difficult>0</difficult><robndbox><cx>507.3967</cx><cy>387.2033</cy><w>94.0884</w><h>39.7156</h><angle>0.950423</angle></robndbox></object><object><type>robndbox</type><name>wheat_head</name><pose>Unspecified</pose><truncated>0</truncated><difficult>0</difficult><robndbox><cx>49.2936</cx><cy>117.6635</cy><w>93.8945</w><h>40.5079</h><angle>0.55327</angle></robndbox></object><object><type>robndbox</type><name>wheat_head</name><pose>Unspecified</pose><truncated>0</truncated><difficult>0</difficult><robndbox><cx>63.97</cx><cy>406.8396</cy><w>60.4029</w><h>31.9388</h><angle>0.977418</angle></robndbox></object><object><type>robndbox</type><name>wheat_head</name><pose>Unspecified</pose><truncated>0</truncated><difficult>0</difficult><robndbox><cx>704.0071</cx><cy>711.9958</cy><w>67.5084</w><h>39.062</h><angle>1.080273</angle></robndbox></object><object><type>robndbox</type><name>wheat_head</name><pose>Unspecified</pose><truncated>0</truncated><difficult>0</difficult><robndbox><cx>706.8624</cx><cy>373.261</cy><w>99.1549</w><h>46.6182</h><angle>0.513861</angle></robndbox></object><object><type>robndbox</type><name>wheat_head</name><pose>Unspecified</pose><truncated>0</truncated><difficult>0</difficult><robndbox><cx>116.9687</cx><cy>394.6451</cy><w>44.0249</w><h>32.2726</h><angle>1.35774</angle></robndbox></object><object><type>robndbox</type><name>wheat_head</name><pose>Unspecified</pose><truncated>0</truncated><difficult>0</difficult><robndbox><cx>845.1915</cx><cy>755.3875</cy><w>52.7042</w><h>33.5912</h><angle>0.899265</angle></robndbox></object><object><type>robndbox</type><name>wheat_head</name><pose>Unspecified</pose><truncated>0</truncated><difficult>0</difficult><robndbox><cx>395.1033</cx><cy>491.6645</cy><w>64.1354</w><h>38.2179</h><angle>0.55736</angle></robndbox></object><object><type>robndbox</type><name>wheat_head</name><pose>Unspecified</pose><truncated>0</truncated><difficult>0</difficult><robndbox><cx>393.0726</cx><cy>257.5968</cy><w>78.8906</w><h>44.7855</h><angle>1.283628</angle></robndbox></object><object><type>robndbox</type><name>wheat_head</name><pose>Unspecified</pose><truncated>0</truncated><difficult>0</difficult><robndbox><cx>472.7343</cx><cy>97.1586</cy><w>57.0244</w><h>33.972</h><angle>1.284536</angle></robndbox></object><object><type>robndbox</type><name>wheat_head</name><pose>Unspecified</pose><truncated>0</truncated><difficult>0</difficult><robndbox><cx>17.039</cx><cy>458.8302</cy><w>34.3126</w><h>30.8727</h><angle>0.111181</angle></robndbox></object><object><type>robndbox</type><name>wheat_head</name><pose>Unspecified</pose><truncated>0</truncated><difficult>0</difficult><robndbox><cx>435.8102</cx><cy>663.6658</cy><w>65.7118</w><h>31.4159</h><angle>0.269583</angle></robndbox></object><object><type>robndbox</type><name>wheat_head</name><pose>Unspecified</pose><truncated>0</truncated><difficult>0</difficult><robndbox><cx>697.512</cx><cy>920.9522</cy><w>110.3567</w><h>28.957</h><angle>2.778924</angle></robndbox></object><object><type>robndbox</type><name>wheat_head</name><pose>Unspecified</pose><truncated>0</truncated><difficult>0</difficult><robndbox><cx>55.2153</cx><cy>855.8898</cy><w>56.254</w><h>33.601</h><angle>0.427295</angle></robndbox></object><object><type>robndbox</type><name>wheat_head</name><pose>Unspecified</pose><truncated>0</truncated><difficult>0</difficult><robndbox><cx>151.5698</cx><cy>23.8387</cy><w>62.2932</w><h>42.8816</h><angle>0.616417</angle></robndbox></object><object><type>robndbox</type><name>wheat_head</name><pose>Unspecified</pose><truncated>0</truncated><difficult>0</difficult><robndbox><cx>401.2506</cx><cy>424.6976</cy><w>70.4766</w><h>33.5944</h><angle>0.724262</angle></robndbox></object><object><type>robndbox</type><name>wheat_head</name><pose>Unspecified</pose><truncated>0</truncated><difficult>0</difficult><robndbox><cx>423.8085</cx><cy>788.3529</cy><w>42.6895</w><h>29.5494</h><angle>1.454633</angle></robndbox></object><object><type>robndbox</type><name>wheat_head</name><pose>Unspecified</pose><truncated>0</truncated><difficult>0</difficult><robndbox><cx>471.1337</cx><cy>842.9292</cy><w>59.3168</w><h>40.8587</h><angle>0.048389</angle></robndbox></object><object><type>robndbox</type><name>wheat_head</name><pose>Unspecified</pose><truncated>0</truncated><difficult>0</difficult><robndbox><cx>633.4472</cx><cy>468.7885</cy><w>64.4457</w><h>45.3073</h><angle>0.609501</angle></robndbox></object><object><type>robndbox</type><name>wheat_head</name><pose>Unspecified</pose><truncated>0</truncated><difficult>0</difficult><robndbox><cx>933.3184</cx><cy>115.6372</cy><w>35.1653</w><h>34.6648</h><angle>1.651408</angle></robndbox></object><object><type>robndbox</type><name>wheat_head</name><pose>Unspecified</pose><truncated>0</truncated><difficult>0</difficult><robndbox><cx>985.6189</cx><cy>396.256</cy><w>68.8385</w><h>38.6648</h><angle>0.2822</angle></robndbox></object><object><type>robndbox</type><name>wheat_head</name><pose>Unspecified</pose><truncated>0</truncated><difficult>0</difficult><robndbox><cx>287.84</cx><cy>850.0517</cy><w>87.5012</w><h>38.1338</h><angle>0.222328</angle></robndbox></object><object><type>robndbox</type><name>wheat_head</name><pose>Unspecified</pose><truncated>0</truncated><difficult>0</difficult><robndbox><cx>50.2156</cx><cy>11.9764</cy><w>47.3157</w><h>29.1318</h><angle>0.136153</angle></robndbox></object><object><type>robndbox</type><name>wheat_head</name><pose>Unspecified</pose><truncated>0</truncated><difficult>0</difficult><robndbox><cx>435.8102</cx><cy>663.6658</cy><w>65.7118</w><h>31.4159</h><angle>0.269583</angle></robndbox></object><object><type>robndbox</type><name>wheat_head</name><pose>Unspecified</pose><truncated>0</truncated><difficult>0</difficult><robndbox><cx>409.0272</cx><cy>545.3929</cy><w>66.427</w><h>39.0712</h><angle>3.085853</angle></robndbox></object><object><type>robndbox</type><name>wheat_head</name><pose>Unspecified</pose><truncated>0</truncated><difficult>0</difficult><robndbox><cx>639.4472</cx><cy>472.7885</cy><w>64.4457</w><h>45.3073</h><angle>0.409501</angle></robndbox></object><object><type>robndbox</type><name>wheat_head</name><pose>Unspecified</pose><truncated>0</truncated><difficult>0</difficult><robndbox><cx>6.5</cx><cy>126.5</cy><w>13.6004</w><h>13.257</h><angle>1.373561</angle></robndbox></object><object><type>robndbox</type><name>wheat_head</name><pose>Unspecified</pose><truncated>0</truncated><difficult>0</difficult><robndbox><cx>536.8394</cx><cy>163.1997</cy><w>68.6921</w><h>39.2278</h><angle>3.058084</angle></robndbox></object><object><type>robndbox</type><name>wheat_head</name><pose>Unspecified</pose><truncated>0</truncated><difficult>0</difficult><robndbox><cx>385.8546</cx><cy>713.4278</cy><w>71.3518</w><h>25.8503</h><angle>0.931447</angle></robndbox></object><object><type>robndbox</type><name>wheat_head</name><pose>Unspecified</pose><truncated>0</truncated><difficult>0</difficult><robndbox><cx>414.0639</cx><cy>330.8171</cy><w>88.4613</w><h>44.595</h><angle>0.883628</angle></robndbox></object><object><type>robndbox</type><name>wheat_head</name><pose>Unspecified</pose><truncated>0</truncated><difficult>0</difficult><robndbox><cx>53.3326</cx><cy>900.2888</cy><w>67.665</w><h>30.2913</h><angle>3.077238</angle></robndbox></object><object><type>robndbox</type><name>wheat_head</name><pose>Unspecified</pose><truncated>0</truncated><difficult>0</difficult><robndbox><cx>225.9096</cx><cy>862.7654</cy><w>49.3452</w><h>38.7105</h><angle>3.022818</angle></robndbox></object><object><type>robndbox</type><name>wheat_head</name><pose>Unspecified</pose><truncated>0</truncated><difficult>0</difficult><robndbox><cx>706.8624</cx><cy>373.261</cy><w>99.1549</w><h>46.6182</h><angle>0.513861</angle></robndbox></object><object><type>robndbox</type><name>wheat_head</name><pose>Unspecified</pose><truncated>0</truncated><difficult>0</difficult><robndbox><cx>665.4046</cx><cy>901.2767</cy><w>59.1678</w><h>36.3102</h><angle>2.442727</angle></robndbox></object><object><type>robndbox</type><name>wheat_head</name><pose>Unspecified</pose><truncated>0</truncated><difficult>0</difficult><robndbox><cx>134.8905</cx><cy>910.6186</cy><w>62.3422</w><h>37.9973</h><angle>3.095715</angle></robndbox></object><object><type>robndbox</type><name>wheat_head</name><pose>Unspecified</pose><truncated>0</truncated><difficult>0</difficult><robndbox><cx>976.4844</cx><cy>51.8311</cy><w>37.164</w><h>33.7694</h><angle>1.725638</angle></robndbox></object><object><type>robndbox</type><name>wheat_head</name><pose>Unspecified</pose><truncated>0</truncated><difficult>0</difficult><robndbox><cx>985.6189</cx><cy>396.256</cy><w>68.8385</w><h>38.6648</h><angle>0.2822</angle></robndbox></object><object><type>robndbox</type><name>wheat_head</name><pose>Unspecified</pose><truncated>0</truncated><difficult>0</difficult><robndbox><cx>422.9358</cx><cy>704.066</cy><w>64.6607</w><h>28.5434</h><angle>0.686818</angle></robndbox></object><object><type>robndbox</type><name>wheat_head</name><pose>Unspecified</pose><truncated>0</truncated><difficult>0</difficult><robndbox><cx>420.0941</cx><cy>629.6802</cy><w>26.9258</w><h>16.4469</h><angle>1.024007</angle></robndbox></object><object><type>robndbox</type><name>wheat_head</name><pose>Unspecified</pose><truncated>0</truncated><difficult>0</difficult><robndbox><cx>25.3747</cx><cy>43.1817</cy><w>59.4054</w><h>25.3494</h><angle>0.630034</angle></robndbox></object><object><type>robndbox</type><name>wheat_head</name><pose>Unspecified</pose><truncated>0</truncated><difficult>0</difficult><robndbox><cx>401.9834</cx><cy>67.1146</cy><w>42.3816</w><h>37.6431</h><angle>2.262133</angle></robndbox></object><object><type>robndbox</type><name>wheat_head</name><pose>Unspecified</pose><truncated>0</truncated><difficult>0</difficult><robndbox><cx>366.1316</cx><cy>26.4746</cy><w>58.8303</w><h>44.4503</h><angle>1.015801</angle></robndbox></object></annotation>