<annotation verified="no"><folder>images</folder><filename>2adceacda</filename><path>/home/badhon/Documents/thesis/final_dataset/ethz_1/images/2adceacda.jpg</path><source><database>Unknown</database></source><size><width>1024</width><height>1024</height><depth>3</depth></size><segmented>0</segmented><object><type>robndbox</type><name>wheat_head</name><pose>Unspecified</pose><truncated>0</truncated><difficult>0</difficult><robndbox><cx>611.6428</cx><cy>564.9697</cy><w>93.8021</w><h>39.0173</h><angle>0.477289</angle></robndbox></object><object><type>robndbox</type><name>wheat_head</name><pose>Unspecified</pose><truncated>0</truncated><difficult>0</difficult><robndbox><cx>971.7335</cx><cy>97.9792</cy><w>74.5728</w><h>28.1157</h><angle>1.041567</angle></robndbox></object><object><type>robndbox</type><name>wheat_head</name><pose>Unspecified</pose><truncated>0</truncated><difficult>0</difficult><robndbox><cx>859.124</cx><cy>809.5067</cy><w>88.8552</w><h>39.6759</h><angle>0.547818</angle></robndbox></object><object><type>robndbox</type><name>wheat_head</name><pose>Unspecified</pose><truncated>0</truncated><difficult>0</difficult><robndbox><cx>969.9416</cx><cy>556.6031</cy><w>84.6959</w><h>30.9808</h><angle>0.8908</angle></robndbox></object><object><type>robndbox</type><name>wheat_head</name><pose>Unspecified</pose><truncated>0</truncated><difficult>0</difficult><robndbox><cx>138.6121</cx><cy>135.5754</cy><w>118.5875</w><h>35.7752</h><angle>0.686395</angle></robndbox></object><object><type>robndbox</type><name>wheat_head</name><pose>Unspecified</pose><truncated>0</truncated><difficult>0</difficult><robndbox><cx>478.4105</cx><cy>314.429</cy><w>111.1323</w><h>42.0079</h><angle>0.45844</angle></robndbox></object><object><type>robndbox</type><name>wheat_head</name><pose>Unspecified</pose><truncated>0</truncated><difficult>0</difficult><robndbox><cx>664.7178</cx><cy>160.6541</cy><w>88.3967</w><h>37.0352</h><angle>0.686432</angle></robndbox></object><object><type>robndbox</type><name>wheat_head</name><pose>Unspecified</pose><truncated>0</truncated><difficult>0</difficult><robndbox><cx>612.5128</cx><cy>676.9828</cy><w>88.7998</w><h>38.4144</h><angle>0.556041</angle></robndbox></object><object><type>robndbox</type><name>wheat_head</name><pose>Unspecified</pose><truncated>0</truncated><difficult>0</difficult><robndbox><cx>268.5241</cx><cy>828.2731</cy><w>112.0306</w><h>39.9071</h><angle>0.431752</angle></robndbox></object><object><type>robndbox</type><name>wheat_head</name><pose>Unspecified</pose><truncated>0</truncated><difficult>0</difficult><robndbox><cx>1006.0408</cx><cy>522.3796</cy><w>30.447</w><h>26.7396</h><angle>0.899605</angle></robndbox></object><object><type>robndbox</type><name>wheat_head</name><pose>Unspecified</pose><truncated>0</truncated><difficult>0</difficult><robndbox><cx>275.8633</cx><cy>483.4887</cy><w>92.8244</w><h>42.6999</h><angle>0.56376</angle></robndbox></object><object><type>robndbox</type><name>wheat_head</name><pose>Unspecified</pose><truncated>0</truncated><difficult>0</difficult><robndbox><cx>731.3563</cx><cy>513.2083</cy><w>92.4945</w><h>41.3953</h><angle>0.389191</angle></robndbox></object><object><type>robndbox</type><name>wheat_head</name><pose>Unspecified</pose><truncated>0</truncated><difficult>0</difficult><robndbox><cx>299.3356</cx><cy>252.9357</cy><w>118.5253</w><h>39.4457</h><angle>0.413888</angle></robndbox></object><object><type>robndbox</type><name>wheat_head</name><pose>Unspecified</pose><truncated>0</truncated><difficult>0</difficult><robndbox><cx>57.9842</cx><cy>171.2882</cy><w>119.7911</w><h>40.439</h><angle>0.485097</angle></robndbox></object><object><type>robndbox</type><name>wheat_head</name><pose>Unspecified</pose><truncated>0</truncated><difficult>0</difficult><robndbox><cx>167.5532</cx><cy>332.4693</cy><w>85.2361</w><h>38.4662</h><angle>0.634631</angle></robndbox></object><object><type>robndbox</type><name>wheat_head</name><pose>Unspecified</pose><truncated>0</truncated><difficult>0</difficult><robndbox><cx>273.5633</cx><cy>584.0886</cy><w>84.5413</w><h>33.9057</h><angle>0.327073</angle></robndbox></object><object><type>robndbox</type><name>wheat_head</name><pose>Unspecified</pose><truncated>0</truncated><difficult>0</difficult><robndbox><cx>76.3693</cx><cy>263.2725</cy><w>98.7983</w><h>37.1903</h><angle>0.376825</angle></robndbox></object><object><type>robndbox</type><name>wheat_head</name><pose>Unspecified</pose><truncated>0</truncated><difficult>0</difficult><robndbox><cx>205.1429</cx><cy>495.1452</cy><w>85.8011</w><h>35.83</h><angle>0.639274</angle></robndbox></object><object><type>robndbox</type><name>wheat_head</name><pose>Unspecified</pose><truncated>0</truncated><difficult>0</difficult><robndbox><cx>1014.7816</cx><cy>673.6635</cy><w>26.0898</w><h>12.5827</h><angle>1.619424</angle></robndbox></object><object><type>robndbox</type><name>wheat_head</name><pose>Unspecified</pose><truncated>0</truncated><difficult>0</difficult><robndbox><cx>468.8642</cx><cy>70.8141</cy><w>74.6044</w><h>35.8722</h><angle>0.458292</angle></robndbox></object><object><type>robndbox</type><name>wheat_head</name><pose>Unspecified</pose><truncated>0</truncated><difficult>0</difficult><robndbox><cx>27.0924</cx><cy>705.4789</cy><w>68.1267</w><h>38.1104</h><angle>0.617571</angle></robndbox></object><object><type>robndbox</type><name>wheat_head</name><pose>Unspecified</pose><truncated>0</truncated><difficult>0</difficult><robndbox><cx>749.3976</cx><cy>774.1752</cy><w>80.6704</w><h>38.9834</h><angle>0.404595</angle></robndbox></object><object><type>robndbox</type><name>wheat_head</name><pose>Unspecified</pose><truncated>0</truncated><difficult>0</difficult><robndbox><cx>326.8023</cx><cy>213.8333</cy><w>79.1762</w><h>32.3847</h><angle>0.874233</angle></robndbox></object><object><type>robndbox</type><name>wheat_head</name><pose>Unspecified</pose><truncated>0</truncated><difficult>0</difficult><robndbox><cx>330.6245</cx><cy>558.5406</cy><w>101.9929</w><h>35.0166</h><angle>0.293041</angle></robndbox></object><object><type>robndbox</type><name>wheat_head</name><pose>Unspecified</pose><truncated>0</truncated><difficult>0</difficult><robndbox><cx>840.4069</cx><cy>424.9103</cy><w>84.628</w><h>32.6296</h><angle>0.67787</angle></robndbox></object><object><type>robndbox</type><name>wheat_head</name><pose>Unspecified</pose><truncated>0</truncated><difficult>0</difficult><robndbox><cx>835.53</cx><cy>876.7156</cy><w>81.3442</w><h>40.1286</h><angle>0.415159</angle></robndbox></object><object><type>robndbox</type><name>wheat_head</name><pose>Unspecified</pose><truncated>0</truncated><difficult>0</difficult><robndbox><cx>132.8315</cx><cy>654.8824</cy><w>91.6355</w><h>30.6764</h><angle>0.222702</angle></robndbox></object><object><type>robndbox</type><name>wheat_head</name><pose>Unspecified</pose><truncated>0</truncated><difficult>0</difficult><robndbox><cx>1000.0539</cx><cy>920.3293</cy><w>48.1304</w><h>29.1733</h><angle>1.062285</angle></robndbox></object><object><type>robndbox</type><name>wheat_head</name><pose>Unspecified</pose><truncated>0</truncated><difficult>0</difficult><robndbox><cx>979.9969</cx><cy>449.0295</cy><w>83.6327</w><h>35.3371</h><angle>1.353343</angle></robndbox></object><object><type>robndbox</type><name>wheat_head</name><pose>Unspecified</pose><truncated>0</truncated><difficult>0</difficult><robndbox><cx>665.7604</cx><cy>908.175</cy><w>75.731</w><h>38.4874</h><angle>0.374352</angle></robndbox></object><object><type>robndbox</type><name>wheat_head</name><pose>Unspecified</pose><truncated>0</truncated><difficult>0</difficult><robndbox><cx>229.7901</cx><cy>220.1453</cy><w>44.9026</w><h>25.212</h><angle>0.513888</angle></robndbox></object><object><type>robndbox</type><name>wheat_head</name><pose>Unspecified</pose><truncated>0</truncated><difficult>0</difficult><robndbox><cx>438.5663</cx><cy>193.7694</cy><w>83.056</w><h>37.5801</h><angle>0.671164</angle></robndbox></object><object><type>robndbox</type><name>wheat_head</name><pose>Unspecified</pose><truncated>0</truncated><difficult>0</difficult><robndbox><cx>30.7356</cx><cy>404.218</cy><w>77.3041</w><h>39.0943</h><angle>0.487119</angle></robndbox></object><object><type>robndbox</type><name>wheat_head</name><pose>Unspecified</pose><truncated>0</truncated><difficult>0</difficult><robndbox><cx>759.3034</cx><cy>398.1791</cy><w>46.8303</w><h>26.4982</h><angle>0.379476</angle></robndbox></object><object><type>robndbox</type><name>wheat_head</name><pose>Unspecified</pose><truncated>0</truncated><difficult>0</difficult><robndbox><cx>912.5209</cx><cy>730.3002</cy><w>83.8581</w><h>39.219</h><angle>0.442336</angle></robndbox></object><object><type>robndbox</type><name>wheat_head</name><pose>Unspecified</pose><truncated>0</truncated><difficult>0</difficult><robndbox><cx>471.7144</cx><cy>952.4455</cy><w>98.5594</w><h>36.6915</h><angle>0.299816</angle></robndbox></object><object><type>robndbox</type><name>wheat_head</name><pose>Unspecified</pose><truncated>0</truncated><difficult>0</difficult><robndbox><cx>38.9199</cx><cy>551.4298</cy><w>64.0874</w><h>28.3086</h><angle>0.26999</angle></robndbox></object><object><type>robndbox</type><name>wheat_head</name><pose>Unspecified</pose><truncated>0</truncated><difficult>0</difficult><robndbox><cx>571.4169</cx><cy>230.3205</cy><w>75.4449</w><h>30.4215</h><angle>0.180074</angle></robndbox></object><object><type>robndbox</type><name>wheat_head</name><pose>Unspecified</pose><truncated>0</truncated><difficult>0</difficult><robndbox><cx>955.1064</cx><cy>321.5756</cy><w>176.5841</w><h>38.8319</h><angle>1.081058</angle></robndbox></object><object><type>robndbox</type><name>wheat_head</name><pose>Unspecified</pose><truncated>0</truncated><difficult>0</difficult><robndbox><cx>353.3882</cx><cy>165.212</cy><w>95.8191</w><h>37.0991</h><angle>0.524723</angle></robndbox></object><object><type>robndbox</type><name>wheat_head</name><pose>Unspecified</pose><truncated>0</truncated><difficult>0</difficult><robndbox><cx>518.0653</cx><cy>748.7883</cy><w>57.2251</w><h>37.6745</h><angle>0.895165</angle></robndbox></object><object><type>robndbox</type><name>wheat_head</name><pose>Unspecified</pose><truncated>0</truncated><difficult>0</difficult><robndbox><cx>245.7401</cx><cy>927.6883</cy><w>65.3326</w><h>20.2981</h><angle>0.34034</angle></robndbox></object><object><type>robndbox</type><name>wheat_head</name><pose>Unspecified</pose><truncated>0</truncated><difficult>0</difficult><robndbox><cx>740.5832</cx><cy>163.3928</cy><w>49.2241</w><h>35.4579</h><angle>1.686174</angle></robndbox></object><object><type>robndbox</type><name>wheat_head</name><pose>Unspecified</pose><truncated>0</truncated><difficult>0</difficult><robndbox><cx>620.1683</cx><cy>36.6664</cy><w>67.7254</w><h>27.8658</h><angle>0.180716</angle></robndbox></object><object><type>robndbox</type><name>wheat_head</name><pose>Unspecified</pose><truncated>0</truncated><difficult>0</difficult><robndbox><cx>856.0492</cx><cy>574.5359</cy><w>177.746</w><h>39.1844</h><angle>0.195408</angle></robndbox></object><object><type>robndbox</type><name>wheat_head</name><pose>Unspecified</pose><truncated>0</truncated><difficult>0</difficult><robndbox><cx>360.2751</cx><cy>683.8013</cy><w>80.4779</w><h>39.3461</h><angle>0.379527</angle></robndbox></object><object><type>robndbox</type><name>wheat_head</name><pose>Unspecified</pose><truncated>0</truncated><difficult>0</difficult><robndbox><cx>984.5643</cx><cy>279.6083</cy><w>62.1568</w><h>33.0287</h><angle>0.392934</angle></robndbox></object><object><type>robndbox</type><name>wheat_head</name><pose>Unspecified</pose><truncated>0</truncated><difficult>0</difficult><robndbox><cx>151.9507</cx><cy>996.8718</cy><w>100.7595</w><h>35.0308</h><angle>0.177337</angle></robndbox></object><object><type>robndbox</type><name>wheat_head</name><pose>Unspecified</pose><truncated>0</truncated><difficult>0</difficult><robndbox><cx>541.7556</cx><cy>12.9706</cy><w>44.6193</w><h>19.2152</h><angle>0.594399</angle></robndbox></object><object><type>robndbox</type><name>wheat_head</name><pose>Unspecified</pose><truncated>0</truncated><difficult>0</difficult><robndbox><cx>609.1212</cx><cy>77.108</cy><w>84.9722</w><h>25.0563</h><angle>0.09316</angle></robndbox></object><object><type>robndbox</type><name>wheat_head</name><pose>Unspecified</pose><truncated>0</truncated><difficult>0</difficult><robndbox><cx>103.8576</cx><cy>332.2027</cy><w>97.4939</w><h>31.8358</h><angle>0.382369</angle></robndbox></object><object><type>robndbox</type><name>wheat_head</name><pose>Unspecified</pose><truncated>0</truncated><difficult>0</difficult><robndbox><cx>60.6284</cx><cy>7.8386</cy><w>42.9819</w><h>14.932</h><angle>3.121619</angle></robndbox></object><object><type>robndbox</type><name>wheat_head</name><pose>Unspecified</pose><truncated>0</truncated><difficult>0</difficult><robndbox><cx>716.9172</cx><cy>365.6678</cy><w>47.2156</w><h>29.5498</h><angle>0.379476</angle></robndbox></object><object><type>robndbox</type><name>wheat_head</name><pose>Unspecified</pose><truncated>0</truncated><difficult>0</difficult><robndbox><cx>38.3033</cx><cy>1002.9565</cy><w>65.3938</w><h>20.8837</h><angle>0.118189</angle></robndbox></object><object><type>robndbox</type><name>wheat_head</name><pose>Unspecified</pose><truncated>0</truncated><difficult>0</difficult><robndbox><cx>882.1305</cx><cy>24.8583</cy><w>43.2058</w><h>28.4727</h><angle>1.268977</angle></robndbox></object><object><type>robndbox</type><name>wheat_head</name><pose>Unspecified</pose><truncated>0</truncated><difficult>0</difficult><robndbox><cx>741.4623</cx><cy>325.4747</cy><w>65.0621</w><h>31.1411</h><angle>0.920076</angle></robndbox></object><object><type>robndbox</type><name>wheat_head</name><pose>Unspecified</pose><truncated>0</truncated><difficult>0</difficult><robndbox><cx>188.3321</cx><cy>573.2568</cy><w>73.3789</w><h>40.4678</h><angle>0.584359</angle></robndbox></object><object><type>robndbox</type><name>wheat_head</name><pose>Unspecified</pose><truncated>0</truncated><difficult>0</difficult><robndbox><cx>1008.1116</cx><cy>78.3026</cy><w>31.6551</w><h>25.5471</h><angle>0.628547</angle></robndbox></object><object><type>robndbox</type><name>wheat_head</name><pose>Unspecified</pose><truncated>0</truncated><difficult>0</difficult><robndbox><cx>412.4391</cx><cy>916.3562</cy><w>95.7181</w><h>30.1596</h><angle>2.981905</angle></robndbox></object><object><type>robndbox</type><name>wheat_head</name><pose>Unspecified</pose><truncated>0</truncated><difficult>0</difficult><robndbox><cx>495.1449</cx><cy>422.1594</cy><w>133.0915</w><h>36.0922</h><angle>3.06631</angle></robndbox></object><object><type>robndbox</type><name>wheat_head</name><pose>Unspecified</pose><truncated>0</truncated><difficult>0</difficult><robndbox><cx>125.9398</cx><cy>759.1573</cy><w>79.1336</w><h>35.118</h><angle>2.792203</angle></robndbox></object><object><type>robndbox</type><name>wheat_head</name><pose>Unspecified</pose><truncated>0</truncated><difficult>0</difficult><robndbox><cx>275.8633</cx><cy>483.4887</cy><w>92.8244</w><h>42.6999</h><angle>0.56376</angle></robndbox></object><object><type>robndbox</type><name>wheat_head</name><pose>Unspecified</pose><truncated>0</truncated><difficult>0</difficult><robndbox><cx>485.4699</cx><cy>699.1547</cy><w>70.7419</w><h>24.2808</h><angle>0.714482</angle></robndbox></object><object><type>robndbox</type><name>wheat_head</name><pose>Unspecified</pose><truncated>0</truncated><difficult>0</difficult><robndbox><cx>864.2519</cx><cy>395.3386</cy><w>52.2604</w><h>28.1492</h><angle>0.573231</angle></robndbox></object><object><type>robndbox</type><name>wheat_head</name><pose>Unspecified</pose><truncated>0</truncated><difficult>0</difficult><robndbox><cx>250.173</cx><cy>16.3273</cy><w>43.4988</w><h>16.577</h><angle>3.073652</angle></robndbox></object><object><type>robndbox</type><name>wheat_head</name><pose>Unspecified</pose><truncated>0</truncated><difficult>0</difficult><robndbox><cx>322.0118</cx><cy>933.3506</cy><w>43.1536</w><h>31.3434</h><angle>2.695912</angle></robndbox></object><object><type>robndbox</type><name>wheat_head</name><pose>Unspecified</pose><truncated>0</truncated><difficult>0</difficult><robndbox><cx>1016.0</cx><cy>778.5</cy><w>16.1116</w><h>13.2182</h><angle>0.117783</angle></robndbox></object><object><type>robndbox</type><name>wheat_head</name><pose>Unspecified</pose><truncated>0</truncated><difficult>0</difficult><robndbox><cx>486.0974</cx><cy>53.5569</cy><w>33.8071</w><h>14.5547</h><angle>0.603561</angle></robndbox></object><object><type>robndbox</type><name>wheat_head</name><pose>Unspecified</pose><truncated>0</truncated><difficult>0</difficult><robndbox><cx>665.7604</cx><cy>908.175</cy><w>75.731</w><h>38.4874</h><angle>0.374352</angle></robndbox></object><object><type>robndbox</type><name>wheat_head</name><pose>Unspecified</pose><truncated>0</truncated><difficult>0</difficult><robndbox><cx>964.9419</cx><cy>716.0966</cy><w>36.4015</w><h>26.1121</h><angle>0.397612</angle></robndbox></object><object><type>robndbox</type><name>wheat_head</name><pose>Unspecified</pose><truncated>0</truncated><difficult>0</difficult><robndbox><cx>843.7363</cx><cy>508.8166</cy><w>124.752</w><h>39.5137</h><angle>0.79564</angle></robndbox></object><object><type>robndbox</type><name>wheat_head</name><pose>Unspecified</pose><truncated>0</truncated><difficult>0</difficult><robndbox><cx>898.0546</cx><cy>630.3638</cy><w>31.7157</w><h>21.9297</h><angle>0.1925</angle></robndbox></object><object><type>robndbox</type><name>wheat_head</name><pose>Unspecified</pose><truncated>0</truncated><difficult>0</difficult><robndbox><cx>575.0876</cx><cy>375.5328</cy><w>56.7234</w><h>25.7112</h><angle>1.337778</angle></robndbox></object><object><type>robndbox</type><name>wheat_head</name><pose>Unspecified</pose><truncated>0</truncated><difficult>0</difficult><robndbox><cx>530.4993</cx><cy>364.4874</cy><w>47.8894</w><h>25.3962</h><angle>0.272394</angle></robndbox></object><object><type>robndbox</type><name>wheat_head</name><pose>Unspecified</pose><truncated>0</truncated><difficult>0</difficult><robndbox><cx>226.3479</cx><cy>169.1275</cy><w>61.6506</w><h>31.6119</h><angle>1.294486</angle></robndbox></object><object><type>robndbox</type><name>wheat_head</name><pose>Unspecified</pose><truncated>0</truncated><difficult>0</difficult><robndbox><cx>700.5566</cx><cy>145.0532</cy><w>42.5441</w><h>24.907</h><angle>0.516231</angle></robndbox></object><object><type>robndbox</type><name>wheat_head</name><pose>Unspecified</pose><truncated>0</truncated><difficult>0</difficult><robndbox><cx>783.4614</cx><cy>371.5424</cy><w>62.3618</w><h>25.4088</h><angle>0.276097</angle></robndbox></object><object><type>robndbox</type><name>wheat_head</name><pose>Unspecified</pose><truncated>0</truncated><difficult>0</difficult><robndbox><cx>167.668</cx><cy>512.5367</cy><w>70.214</w><h>32.0303</h><angle>0.186223</angle></robndbox></object><object><type>robndbox</type><name>wheat_head</name><pose>Unspecified</pose><truncated>0</truncated><difficult>0</difficult><robndbox><cx>349.7227</cx><cy>721.037</cy><w>72.5603</w><h>30.9944</h><angle>0.124355</angle></robndbox></object><object><type>robndbox</type><name>wheat_head</name><pose>Unspecified</pose><truncated>0</truncated><difficult>0</difficult><robndbox><cx>320.6449</cx><cy>736.6594</cy><w>134.1715</w><h>33.6155</h><angle>0.217861</angle></robndbox></object><object><type>robndbox</type><name>wheat_head</name><pose>Unspecified</pose><truncated>0</truncated><difficult>0</difficult><robndbox><cx>435.5875</cx><cy>1017.3142</cy><w>99.0202</w><h>23.7193</h><angle>3.121393</angle></robndbox></object></annotation>