<annotation verified="no"><folder>images</folder><filename>2b2612efa</filename><path>/home/badhon/Documents/thesis/final_dataset/ethz_1/images/2b2612efa.jpg</path><source><database>Unknown</database></source><size><width>1024</width><height>1024</height><depth>3</depth></size><segmented>0</segmented><object><type>robndbox</type><name>wheat_head</name><pose>Unspecified</pose><truncated>0</truncated><difficult>0</difficult><robndbox><cx>86.3807</cx><cy>789.6838</cy><w>75.723</w><h>31.4402</h><angle>1.125986</angle></robndbox></object><object><type>robndbox</type><name>wheat_head</name><pose>Unspecified</pose><truncated>0</truncated><difficult>0</difficult><robndbox><cx>873.1713</cx><cy>732.1698</cy><w>82.2614</w><h>37.4403</h><angle>1.159511</angle></robndbox></object><object><type>robndbox</type><name>wheat_head</name><pose>Unspecified</pose><truncated>0</truncated><difficult>0</difficult><robndbox><cx>630.6196</cx><cy>545.915</cy><w>85.5591</w><h>40.8565</h><angle>0.639123</angle></robndbox></object><object><type>robndbox</type><name>wheat_head</name><pose>Unspecified</pose><truncated>0</truncated><difficult>0</difficult><robndbox><cx>63.5418</cx><cy>32.0641</cy><w>86.9364</w><h>41.4283</h><angle>0.468199</angle></robndbox></object><object><type>robndbox</type><name>wheat_head</name><pose>Unspecified</pose><truncated>0</truncated><difficult>0</difficult><robndbox><cx>471.6068</cx><cy>460.9456</cy><w>75.4835</w><h>35.6179</h><angle>0.962609</angle></robndbox></object><object><type>robndbox</type><name>wheat_head</name><pose>Unspecified</pose><truncated>0</truncated><difficult>0</difficult><robndbox><cx>695.1379</cx><cy>169.6156</cy><w>85.2558</w><h>39.8773</h><angle>1.166543</angle></robndbox></object><object><type>robndbox</type><name>wheat_head</name><pose>Unspecified</pose><truncated>0</truncated><difficult>0</difficult><robndbox><cx>10.5669</cx><cy>300.1149</cy><w>33.4493</w><h>25.5261</h><angle>1.481498</angle></robndbox></object><object><type>robndbox</type><name>wheat_head</name><pose>Unspecified</pose><truncated>0</truncated><difficult>0</difficult><robndbox><cx>382.8669</cx><cy>841.7341</cy><w>84.1855</w><h>31.9234</h><angle>1.268857</angle></robndbox></object><object><type>robndbox</type><name>wheat_head</name><pose>Unspecified</pose><truncated>0</truncated><difficult>0</difficult><robndbox><cx>465.6344</cx><cy>394.6618</cy><w>106.7397</w><h>33.7589</h><angle>0.93919</angle></robndbox></object><object><type>robndbox</type><name>wheat_head</name><pose>Unspecified</pose><truncated>0</truncated><difficult>0</difficult><robndbox><cx>321.2171</cx><cy>194.5194</cy><w>64.3416</w><h>35.2363</h><angle>1.338463</angle></robndbox></object><object><type>robndbox</type><name>wheat_head</name><pose>Unspecified</pose><truncated>0</truncated><difficult>0</difficult><robndbox><cx>634.7989</cx><cy>744.0005</cy><w>83.6427</w><h>37.5575</h><angle>1.156467</angle></robndbox></object><object><type>robndbox</type><name>wheat_head</name><pose>Unspecified</pose><truncated>0</truncated><difficult>0</difficult><robndbox><cx>58.2505</cx><cy>659.2599</cy><w>57.6728</w><h>30.1076</h><angle>1.375565</angle></robndbox></object><object><type>robndbox</type><name>wheat_head</name><pose>Unspecified</pose><truncated>0</truncated><difficult>0</difficult><robndbox><cx>412.5111</cx><cy>508.7262</cy><w>79.1961</w><h>28.8258</h><angle>1.319808</angle></robndbox></object><object><type>robndbox</type><name>wheat_head</name><pose>Unspecified</pose><truncated>0</truncated><difficult>0</difficult><robndbox><cx>211.4446</cx><cy>252.8542</cy><w>53.6474</w><h>34.0407</h><angle>1.096652</angle></robndbox></object><object><type>robndbox</type><name>wheat_head</name><pose>Unspecified</pose><truncated>0</truncated><difficult>0</difficult><robndbox><cx>44.5236</cx><cy>802.8179</cy><w>98.9979</w><h>33.8734</h><angle>0.844895</angle></robndbox></object><object><type>robndbox</type><name>wheat_head</name><pose>Unspecified</pose><truncated>0</truncated><difficult>0</difficult><robndbox><cx>164.1806</cx><cy>897.5467</cy><w>90.8836</w><h>42.7122</h><angle>0.581883</angle></robndbox></object><object><type>robndbox</type><name>wheat_head</name><pose>Unspecified</pose><truncated>0</truncated><difficult>0</difficult><robndbox><cx>42.3638</cx><cy>362.1344</cy><w>76.2822</w><h>35.8884</h><angle>0.484147</angle></robndbox></object><object><type>robndbox</type><name>wheat_head</name><pose>Unspecified</pose><truncated>0</truncated><difficult>0</difficult><robndbox><cx>110.4088</cx><cy>500.5413</cy><w>57.2997</w><h>37.5992</h><angle>1.03795</angle></robndbox></object><object><type>robndbox</type><name>wheat_head</name><pose>Unspecified</pose><truncated>0</truncated><difficult>0</difficult><robndbox><cx>72.643</cx><cy>123.2259</cy><w>120.8575</w><h>41.6994</h><angle>1.155306</angle></robndbox></object><object><type>robndbox</type><name>wheat_head</name><pose>Unspecified</pose><truncated>0</truncated><difficult>0</difficult><robndbox><cx>579.7217</cx><cy>617.5795</cy><w>46.9864</w><h>32.0467</h><angle>1.268537</angle></robndbox></object><object><type>robndbox</type><name>wheat_head</name><pose>Unspecified</pose><truncated>0</truncated><difficult>0</difficult><robndbox><cx>468.0132</cx><cy>828.0524</cy><w>92.4316</w><h>45.673</h><angle>0.607012</angle></robndbox></object><object><type>robndbox</type><name>wheat_head</name><pose>Unspecified</pose><truncated>0</truncated><difficult>0</difficult><robndbox><cx>879.6949</cx><cy>555.2652</cy><w>98.2942</w><h>44.3921</h><angle>0.638444</angle></robndbox></object><object><type>robndbox</type><name>wheat_head</name><pose>Unspecified</pose><truncated>0</truncated><difficult>0</difficult><robndbox><cx>134.7538</cx><cy>111.4544</cy><w>117.4119</w><h>39.0111</h><angle>1.328611</angle></robndbox></object><object><type>robndbox</type><name>wheat_head</name><pose>Unspecified</pose><truncated>0</truncated><difficult>0</difficult><robndbox><cx>83.5124</cx><cy>554.007</cy><w>88.3241</w><h>27.6827</h><angle>0.968444</angle></robndbox></object><object><type>robndbox</type><name>wheat_head</name><pose>Unspecified</pose><truncated>0</truncated><difficult>0</difficult><robndbox><cx>713.4244</cx><cy>762.8052</cy><w>116.4698</w><h>39.6326</h><angle>1.118036</angle></robndbox></object><object><type>robndbox</type><name>wheat_head</name><pose>Unspecified</pose><truncated>0</truncated><difficult>0</difficult><robndbox><cx>536.5831</cx><cy>894.1782</cy><w>79.3157</w><h>47.2727</h><angle>0.603839</angle></robndbox></object><object><type>robndbox</type><name>wheat_head</name><pose>Unspecified</pose><truncated>0</truncated><difficult>0</difficult><robndbox><cx>334.1529</cx><cy>758.2911</cy><w>35.6209</w><h>32.1218</h><angle>1.493778</angle></robndbox></object><object><type>robndbox</type><name>wheat_head</name><pose>Unspecified</pose><truncated>0</truncated><difficult>0</difficult><robndbox><cx>887.3425</cx><cy>271.5536</cy><w>72.3412</w><h>35.2029</h><angle>1.346231</angle></robndbox></object><object><type>robndbox</type><name>wheat_head</name><pose>Unspecified</pose><truncated>0</truncated><difficult>0</difficult><robndbox><cx>303.3621</cx><cy>389.8595</cy><w>50.7784</w><h>32.1334</h><angle>1.002399</angle></robndbox></object><object><type>robndbox</type><name>wheat_head</name><pose>Unspecified</pose><truncated>0</truncated><difficult>0</difficult><robndbox><cx>555.0916</cx><cy>469.1732</cy><w>94.485</w><h>41.8876</h><angle>1.942649</angle></robndbox></object><object><type>robndbox</type><name>wheat_head</name><pose>Unspecified</pose><truncated>0</truncated><difficult>0</difficult><robndbox><cx>833.0923</cx><cy>808.2486</cy><w>51.8328</w><h>35.272</h><angle>1.173285</angle></robndbox></object><object><type>robndbox</type><name>wheat_head</name><pose>Unspecified</pose><truncated>0</truncated><difficult>0</difficult><robndbox><cx>509.7379</cx><cy>183.3806</cy><w>79.0617</w><h>41.5049</h><angle>0.749677</angle></robndbox></object><object><type>robndbox</type><name>wheat_head</name><pose>Unspecified</pose><truncated>0</truncated><difficult>0</difficult><robndbox><cx>774.793</cx><cy>851.8461</cy><w>79.5186</w><h>45.1582</h><angle>0.507672</angle></robndbox></object><object><type>robndbox</type><name>wheat_head</name><pose>Unspecified</pose><truncated>0</truncated><difficult>0</difficult><robndbox><cx>331.032</cx><cy>964.0157</cy><w>82.0549</w><h>36.6849</h><angle>1.380768</angle></robndbox></object><object><type>robndbox</type><name>wheat_head</name><pose>Unspecified</pose><truncated>0</truncated><difficult>0</difficult><robndbox><cx>412.9367</cx><cy>810.2897</cy><w>75.5477</w><h>24.8645</h><angle>1.479276</angle></robndbox></object><object><type>robndbox</type><name>wheat_head</name><pose>Unspecified</pose><truncated>0</truncated><difficult>0</difficult><robndbox><cx>522.9736</cx><cy>992.9802</cy><w>47.1657</w><h>34.954</h><angle>1.00399</angle></robndbox></object><object><type>robndbox</type><name>wheat_head</name><pose>Unspecified</pose><truncated>0</truncated><difficult>0</difficult><robndbox><cx>58.9198</cx><cy>424.5708</cy><w>113.9478</w><h>43.4541</h><angle>1.084147</angle></robndbox></object><object><type>robndbox</type><name>wheat_head</name><pose>Unspecified</pose><truncated>0</truncated><difficult>0</difficult><robndbox><cx>339.1025</cx><cy>332.5949</cy><w>38.2941</w><h>20.6593</h><angle>1.034144</angle></robndbox></object><object><type>robndbox</type><name>wheat_head</name><pose>Unspecified</pose><truncated>0</truncated><difficult>0</difficult><robndbox><cx>151.518</cx><cy>567.8245</cy><w>105.3672</w><h>42.3934</h><angle>0.93795</angle></robndbox></object><object><type>robndbox</type><name>wheat_head</name><pose>Unspecified</pose><truncated>0</truncated><difficult>0</difficult><robndbox><cx>51.618</cx><cy>865.5289</cy><w>84.5315</w><h>42.5172</h><angle>0.281531</angle></robndbox></object><object><type>robndbox</type><name>wheat_head</name><pose>Unspecified</pose><truncated>0</truncated><difficult>0</difficult><robndbox><cx>456.3034</cx><cy>590.2062</cy><w>69.3395</w><h>38.0417</h><angle>0.918315</angle></robndbox></object><object><type>robndbox</type><name>wheat_head</name><pose>Unspecified</pose><truncated>0</truncated><difficult>0</difficult><robndbox><cx>943.3624</cx><cy>811.8116</cy><w>48.7568</w><h>33.2273</h><angle>0.678661</angle></robndbox></object><object><type>robndbox</type><name>wheat_head</name><pose>Unspecified</pose><truncated>0</truncated><difficult>0</difficult><robndbox><cx>497.0939</cx><cy>572.5974</cy><w>60.1499</w><h>23.5955</h><angle>0.970376</angle></robndbox></object><object><type>robndbox</type><name>wheat_head</name><pose>Unspecified</pose><truncated>0</truncated><difficult>0</difficult><robndbox><cx>81.2238</cx><cy>600.5529</cy><w>72.0722</w><h>34.7071</h><angle>0.941751</angle></robndbox></object><object><type>robndbox</type><name>wheat_head</name><pose>Unspecified</pose><truncated>0</truncated><difficult>0</difficult><robndbox><cx>293.4455</cx><cy>969.2272</cy><w>103.6196</w><h>30.7539</h><angle>1.382408</angle></robndbox></object><object><type>robndbox</type><name>wheat_head</name><pose>Unspecified</pose><truncated>0</truncated><difficult>0</difficult><robndbox><cx>608.0577</cx><cy>923.6461</cy><w>42.9715</w><h>30.4321</h><angle>1.188058</angle></robndbox></object><object><type>robndbox</type><name>wheat_head</name><pose>Unspecified</pose><truncated>0</truncated><difficult>0</difficult><robndbox><cx>446.314</cx><cy>530.2544</cy><w>71.7341</w><h>31.8259</h><angle>0.796487</angle></robndbox></object><object><type>robndbox</type><name>wheat_head</name><pose>Unspecified</pose><truncated>0</truncated><difficult>0</difficult><robndbox><cx>941.54</cx><cy>111.4088</cy><w>95.222</w><h>35.1285</h><angle>1.556793</angle></robndbox></object><object><type>robndbox</type><name>wheat_head</name><pose>Unspecified</pose><truncated>0</truncated><difficult>0</difficult><robndbox><cx>792.0695</cx><cy>472.7113</cy><w>55.8125</w><h>28.5887</h><angle>1.335001</angle></robndbox></object><object><type>robndbox</type><name>wheat_head</name><pose>Unspecified</pose><truncated>0</truncated><difficult>0</difficult><robndbox><cx>308.0013</cx><cy>469.359</cy><w>61.9522</w><h>31.3464</h><angle>0.744123</angle></robndbox></object><object><type>robndbox</type><name>wheat_head</name><pose>Unspecified</pose><truncated>0</truncated><difficult>0</difficult><robndbox><cx>870.295</cx><cy>13.826</cy><w>32.7908</w><h>30.9436</h><angle>3.122244</angle></robndbox></object><object><type>robndbox</type><name>wheat_head</name><pose>Unspecified</pose><truncated>0</truncated><difficult>0</difficult><robndbox><cx>264.8731</cx><cy>539.1397</cy><w>100.167</w><h>46.4072</h><angle>0.707108</angle></robndbox></object><object><type>robndbox</type><name>wheat_head</name><pose>Unspecified</pose><truncated>0</truncated><difficult>0</difficult><robndbox><cx>323.4995</cx><cy>360.7336</cy><w>53.9941</w><h>30.8606</h><angle>1.534144</angle></robndbox></object><object><type>robndbox</type><name>wheat_head</name><pose>Unspecified</pose><truncated>0</truncated><difficult>0</difficult><robndbox><cx>435.1924</cx><cy>112.5629</cy><w>36.6152</w><h>32.8357</h><angle>0.894448</angle></robndbox></object><object><type>robndbox</type><name>wheat_head</name><pose>Unspecified</pose><truncated>0</truncated><difficult>0</difficult><robndbox><cx>366.0636</cx><cy>520.2945</cy><w>56.4622</w><h>34.3203</h><angle>1.370699</angle></robndbox></object><object><type>robndbox</type><name>wheat_head</name><pose>Unspecified</pose><truncated>0</truncated><difficult>0</difficult><robndbox><cx>429.6599</cx><cy>948.7486</cy><w>94.2886</w><h>32.03</h><angle>1.501817</angle></robndbox></object><object><type>robndbox</type><name>wheat_head</name><pose>Unspecified</pose><truncated>0</truncated><difficult>0</difficult><robndbox><cx>542.6548</cx><cy>410.9572</cy><w>38.7714</w><h>24.9958</h><angle>1.404397</angle></robndbox></object><object><type>robndbox</type><name>wheat_head</name><pose>Unspecified</pose><truncated>0</truncated><difficult>0</difficult><robndbox><cx>198.5665</cx><cy>197.7671</cy><w>21.7765</w><h>16.2701</h><angle>1.468665</angle></robndbox></object><object><type>robndbox</type><name>wheat_head</name><pose>Unspecified</pose><truncated>0</truncated><difficult>0</difficult><robndbox><cx>818.0224</cx><cy>513.0937</cy><w>54.3116</w><h>43.1984</h><angle>0.935001</angle></robndbox></object><object><type>robndbox</type><name>wheat_head</name><pose>Unspecified</pose><truncated>0</truncated><difficult>0</difficult><robndbox><cx>313.7819</cx><cy>566.6479</cy><w>58.9544</w><h>32.9769</h><angle>1.759216</angle></robndbox></object><object><type>robndbox</type><name>wheat_head</name><pose>Unspecified</pose><truncated>0</truncated><difficult>0</difficult><robndbox><cx>767.1801</cx><cy>939.8317</cy><w>55.522</w><h>40.0056</h><angle>2.866772</angle></robndbox></object><object><type>robndbox</type><name>wheat_head</name><pose>Unspecified</pose><truncated>0</truncated><difficult>0</difficult><robndbox><cx>708.5</cx><cy>14.0</cy><w>39.6874</w><h>22.8198</h><angle>2.467228</angle></robndbox></object><object><type>robndbox</type><name>wheat_head</name><pose>Unspecified</pose><truncated>0</truncated><difficult>0</difficult><robndbox><cx>868.946</cx><cy>1010.7628</cy><w>25.2329</w><h>23.8934</h><angle>3.108003</angle></robndbox></object><object><type>robndbox</type><name>wheat_head</name><pose>Unspecified</pose><truncated>0</truncated><difficult>0</difficult><robndbox><cx>940.1948</cx><cy>886.9573</cy><w>34.9261</w><h>34.4257</h><angle>1.750683</angle></robndbox></object><object><type>robndbox</type><name>wheat_head</name><pose>Unspecified</pose><truncated>0</truncated><difficult>0</difficult><robndbox><cx>370.9086</cx><cy>990.5415</cy><w>38.1967</w><h>20.2741</h><angle>0.885755</angle></robndbox></object><object><type>robndbox</type><name>wheat_head</name><pose>Unspecified</pose><truncated>0</truncated><difficult>0</difficult><robndbox><cx>682.8466</cx><cy>10.8351</cy><w>56.7537</w><h>23.7702</h><angle>3.124401</angle></robndbox></object><object><type>robndbox</type><name>wheat_head</name><pose>Unspecified</pose><truncated>0</truncated><difficult>0</difficult><robndbox><cx>921.0029</cx><cy>9.1457</cy><w>26.5981</w><h>21.3995</h><angle>3.091343</angle></robndbox></object><object><type>robndbox</type><name>wheat_head</name><pose>Unspecified</pose><truncated>0</truncated><difficult>0</difficult><robndbox><cx>808.4887</cx><cy>8.3629</cy><w>26.3568</w><h>19.5001</h><angle>0.035699</angle></robndbox></object><object><type>robndbox</type><name>wheat_head</name><pose>Unspecified</pose><truncated>0</truncated><difficult>0</difficult><robndbox><cx>451.5</cx><cy>1005.0</cy><w>32.924</w><h>19.3897</h><angle>2.998037</angle></robndbox></object><object><type>robndbox</type><name>wheat_head</name><pose>Unspecified</pose><truncated>0</truncated><difficult>0</difficult><robndbox><cx>375.1375</cx><cy>775.5008</cy><w>66.4003</w><h>24.2133</h><angle>0.924283</angle></robndbox></object></annotation>