<annotation verified="no"><folder>images</folder><filename>2bfadaa91</filename><path>/home/badhon/Documents/thesis/final_dataset/ethz_1/images/2bfadaa91.jpg</path><source><database>Unknown</database></source><size><width>1024</width><height>1024</height><depth>3</depth></size><segmented>0</segmented><object><type>robndbox</type><name>wheat_head</name><pose>Unspecified</pose><truncated>0</truncated><difficult>0</difficult><robndbox><cx>622.6922</cx><cy>222.3293</cy><w>76.393</w><h>35.5449</h><angle>1.035286</angle></robndbox></object><object><type>robndbox</type><name>wheat_head</name><pose>Unspecified</pose><truncated>0</truncated><difficult>0</difficult><robndbox><cx>911.8686</cx><cy>377.2961</cy><w>96.4119</w><h>34.7451</h><angle>1.241411</angle></robndbox></object><object><type>robndbox</type><name>wheat_head</name><pose>Unspecified</pose><truncated>0</truncated><difficult>0</difficult><robndbox><cx>935.4682</cx><cy>814.0748</cy><w>92.3208</w><h>33.9428</h><angle>0.903036</angle></robndbox></object><object><type>robndbox</type><name>wheat_head</name><pose>Unspecified</pose><truncated>0</truncated><difficult>0</difficult><robndbox><cx>972.4548</cx><cy>435.7266</cy><w>59.2978</w><h>31.799</h><angle>0.861266</angle></robndbox></object><object><type>robndbox</type><name>wheat_head</name><pose>Unspecified</pose><truncated>0</truncated><difficult>0</difficult><robndbox><cx>461.9869</cx><cy>306.4773</cy><w>110.4764</w><h>25.9105</h><angle>1.248549</angle></robndbox></object><object><type>robndbox</type><name>wheat_head</name><pose>Unspecified</pose><truncated>0</truncated><difficult>0</difficult><robndbox><cx>819.0134</cx><cy>344.7986</cy><w>67.9586</w><h>30.4664</h><angle>1.197659</angle></robndbox></object><object><type>robndbox</type><name>wheat_head</name><pose>Unspecified</pose><truncated>0</truncated><difficult>0</difficult><robndbox><cx>483.9869</cx><cy>298.9773</cy><w>87.3935</w><h>29.4005</h><angle>1.248549</angle></robndbox></object><object><type>robndbox</type><name>wheat_head</name><pose>Unspecified</pose><truncated>0</truncated><difficult>0</difficult><robndbox><cx>767.2845</cx><cy>445.3741</cy><w>77.9298</w><h>35.9262</h><angle>1.066117</angle></robndbox></object><object><type>robndbox</type><name>wheat_head</name><pose>Unspecified</pose><truncated>0</truncated><difficult>0</difficult><robndbox><cx>384.6809</cx><cy>369.7848</cy><w>86.0102</w><h>34.1902</h><angle>1.007378</angle></robndbox></object><object><type>robndbox</type><name>wheat_head</name><pose>Unspecified</pose><truncated>0</truncated><difficult>0</difficult><robndbox><cx>63.0112</cx><cy>361.7337</cy><w>106.2063</w><h>40.023</h><angle>0.89749</angle></robndbox></object><object><type>robndbox</type><name>wheat_head</name><pose>Unspecified</pose><truncated>0</truncated><difficult>0</difficult><robndbox><cx>760.76</cx><cy>346.1237</cy><w>67.7675</w><h>30.4529</h><angle>0.951288</angle></robndbox></object><object><type>robndbox</type><name>wheat_head</name><pose>Unspecified</pose><truncated>0</truncated><difficult>0</difficult><robndbox><cx>408.8357</cx><cy>450.6528</cy><w>96.0198</w><h>38.2496</h><angle>0.598138</angle></robndbox></object><object><type>robndbox</type><name>wheat_head</name><pose>Unspecified</pose><truncated>0</truncated><difficult>0</difficult><robndbox><cx>93.1165</cx><cy>145.4308</cy><w>73.5676</w><h>34.9148</h><angle>0.769819</angle></robndbox></object><object><type>robndbox</type><name>wheat_head</name><pose>Unspecified</pose><truncated>0</truncated><difficult>0</difficult><robndbox><cx>102.0303</cx><cy>308.6092</cy><w>93.7477</w><h>29.2906</h><angle>1.092209</angle></robndbox></object><object><type>robndbox</type><name>wheat_head</name><pose>Unspecified</pose><truncated>0</truncated><difficult>0</difficult><robndbox><cx>198.914</cx><cy>280.9433</cy><w>96.3063</w><h>34.6068</h><angle>0.685197</angle></robndbox></object><object><type>robndbox</type><name>wheat_head</name><pose>Unspecified</pose><truncated>0</truncated><difficult>0</difficult><robndbox><cx>721.7222</cx><cy>930.725</cy><w>73.6696</w><h>39.3556</h><angle>0.480926</angle></robndbox></object><object><type>robndbox</type><name>wheat_head</name><pose>Unspecified</pose><truncated>0</truncated><difficult>0</difficult><robndbox><cx>216.3572</cx><cy>885.918</cy><w>87.695</w><h>30.8787</h><angle>0.625325</angle></robndbox></object><object><type>robndbox</type><name>wheat_head</name><pose>Unspecified</pose><truncated>0</truncated><difficult>0</difficult><robndbox><cx>323.27</cx><cy>890.9777</cy><w>94.6981</w><h>37.7388</h><angle>0.581669</angle></robndbox></object><object><type>robndbox</type><name>wheat_head</name><pose>Unspecified</pose><truncated>0</truncated><difficult>0</difficult><robndbox><cx>178.3842</cx><cy>22.8863</cy><w>50.1731</w><h>28.941</h><angle>1.231184</angle></robndbox></object><object><type>robndbox</type><name>wheat_head</name><pose>Unspecified</pose><truncated>0</truncated><difficult>0</difficult><robndbox><cx>641.3215</cx><cy>498.8288</cy><w>53.8112</w><h>35.0219</h><angle>0.938952</angle></robndbox></object><object><type>robndbox</type><name>wheat_head</name><pose>Unspecified</pose><truncated>0</truncated><difficult>0</difficult><robndbox><cx>429.3986</cx><cy>352.0388</cy><w>102.2131</w><h>30.5272</h><angle>0.587973</angle></robndbox></object><object><type>robndbox</type><name>wheat_head</name><pose>Unspecified</pose><truncated>0</truncated><difficult>0</difficult><robndbox><cx>208.924</cx><cy>954.9985</cy><w>73.4771</w><h>33.7478</h><angle>2.537109</angle></robndbox></object><object><type>robndbox</type><name>wheat_head</name><pose>Unspecified</pose><truncated>0</truncated><difficult>0</difficult><robndbox><cx>190.786</cx><cy>814.8797</cy><w>117.9802</w><h>37.4805</h><angle>0.65217</angle></robndbox></object><object><type>robndbox</type><name>wheat_head</name><pose>Unspecified</pose><truncated>0</truncated><difficult>0</difficult><robndbox><cx>621.8896</cx><cy>361.1222</cy><w>70.6477</w><h>37.1378</h><angle>1.021722</angle></robndbox></object><object><type>robndbox</type><name>wheat_head</name><pose>Unspecified</pose><truncated>0</truncated><difficult>0</difficult><robndbox><cx>884.9926</cx><cy>229.6879</cy><w>85.4503</w><h>38.0873</h><angle>0.648375</angle></robndbox></object><object><type>robndbox</type><name>wheat_head</name><pose>Unspecified</pose><truncated>0</truncated><difficult>0</difficult><robndbox><cx>708.3408</cx><cy>27.4114</cy><w>62.7572</w><h>40.1604</h><angle>0.699982</angle></robndbox></object><object><type>robndbox</type><name>wheat_head</name><pose>Unspecified</pose><truncated>0</truncated><difficult>0</difficult><robndbox><cx>16.3711</cx><cy>581.4517</cy><w>34.7023</w><h>33.1234</h><angle>1.828163</angle></robndbox></object><object><type>robndbox</type><name>wheat_head</name><pose>Unspecified</pose><truncated>0</truncated><difficult>0</difficult><robndbox><cx>16.9322</cx><cy>412.8784</cy><w>48.5609</w><h>27.9558</h><angle>0.999393</angle></robndbox></object><object><type>robndbox</type><name>wheat_head</name><pose>Unspecified</pose><truncated>0</truncated><difficult>0</difficult><robndbox><cx>81.8285</cx><cy>581.2566</cy><w>71.4534</w><h>37.0089</h><angle>0.334922</angle></robndbox></object><object><type>robndbox</type><name>wheat_head</name><pose>Unspecified</pose><truncated>0</truncated><difficult>0</difficult><robndbox><cx>598.7719</cx><cy>57.1254</cy><w>109.5378</w><h>34.9521</h><angle>1.099462</angle></robndbox></object><object><type>robndbox</type><name>wheat_head</name><pose>Unspecified</pose><truncated>0</truncated><difficult>0</difficult><robndbox><cx>670.4938</cx><cy>583.6719</cy><w>56.6321</w><h>40.6555</h><angle>0.93677</angle></robndbox></object><object><type>robndbox</type><name>wheat_head</name><pose>Unspecified</pose><truncated>0</truncated><difficult>0</difficult><robndbox><cx>840.2372</cx><cy>529.1439</cy><w>58.3144</w><h>31.1773</h><angle>1.101571</angle></robndbox></object><object><type>robndbox</type><name>wheat_head</name><pose>Unspecified</pose><truncated>0</truncated><difficult>0</difficult><robndbox><cx>861.8451</cx><cy>803.3344</cy><w>70.5472</w><h>38.7489</h><angle>0.458001</angle></robndbox></object><object><type>robndbox</type><name>wheat_head</name><pose>Unspecified</pose><truncated>0</truncated><difficult>0</difficult><robndbox><cx>54.8302</cx><cy>482.3813</cy><w>96.2483</w><h>11.1806</h><angle>0.438863</angle></robndbox></object><object><type>robndbox</type><name>wheat_head</name><pose>Unspecified</pose><truncated>0</truncated><difficult>0</difficult><robndbox><cx>768.0784</cx><cy>515.7988</cy><w>63.367</w><h>35.8158</h><angle>0.180511</angle></robndbox></object><object><type>robndbox</type><name>wheat_head</name><pose>Unspecified</pose><truncated>0</truncated><difficult>0</difficult><robndbox><cx>598.7719</cx><cy>57.1254</cy><w>109.5378</w><h>34.9521</h><angle>1.099462</angle></robndbox></object><object><type>robndbox</type><name>wheat_head</name><pose>Unspecified</pose><truncated>0</truncated><difficult>0</difficult><robndbox><cx>902.4157</cx><cy>65.3832</cy><w>61.5624</w><h>30.4376</h><angle>1.501231</angle></robndbox></object><object><type>robndbox</type><name>wheat_head</name><pose>Unspecified</pose><truncated>0</truncated><difficult>0</difficult><robndbox><cx>447.1027</cx><cy>562.6727</cy><w>73.4759</w><h>32.9083</h><angle>0.628909</angle></robndbox></object><object><type>robndbox</type><name>wheat_head</name><pose>Unspecified</pose><truncated>0</truncated><difficult>0</difficult><robndbox><cx>100.5964</cx><cy>833.68</cy><w>53.0803</w><h>33.6349</h><angle>0.410712</angle></robndbox></object><object><type>robndbox</type><name>wheat_head</name><pose>Unspecified</pose><truncated>0</truncated><difficult>0</difficult><robndbox><cx>843.5903</cx><cy>167.5246</cy><w>102.8195</w><h>27.9953</h><angle>0.292892</angle></robndbox></object><object><type>robndbox</type><name>wheat_head</name><pose>Unspecified</pose><truncated>0</truncated><difficult>0</difficult><robndbox><cx>65.8302</cx><cy>466.3813</cy><w>81.3581</w><h>24.0755</h><angle>0.438863</angle></robndbox></object><object><type>robndbox</type><name>wheat_head</name><pose>Unspecified</pose><truncated>0</truncated><difficult>0</difficult><robndbox><cx>837.2847</cx><cy>470.7316</cy><w>73.3776</w><h>27.7514</h><angle>1.756206</angle></robndbox></object><object><type>robndbox</type><name>wheat_head</name><pose>Unspecified</pose><truncated>0</truncated><difficult>0</difficult><robndbox><cx>204.9295</cx><cy>598.9848</cy><w>51.6001</w><h>27.6752</h><angle>0.547992</angle></robndbox></object><object><type>robndbox</type><name>wheat_head</name><pose>Unspecified</pose><truncated>0</truncated><difficult>0</difficult><robndbox><cx>441.8062</cx><cy>852.1807</cy><w>44.3353</w><h>34.9239</h><angle>2.766294</angle></robndbox></object><object><type>robndbox</type><name>wheat_head</name><pose>Unspecified</pose><truncated>0</truncated><difficult>0</difficult><robndbox><cx>921.357</cx><cy>899.8892</cy><w>48.4212</w><h>38.1879</h><angle>0.3894</angle></robndbox></object><object><type>robndbox</type><name>wheat_head</name><pose>Unspecified</pose><truncated>0</truncated><difficult>0</difficult><robndbox><cx>21.8943</cx><cy>806.7188</cy><w>43.3211</w><h>32.4058</h><angle>0.136692</angle></robndbox></object><object><type>robndbox</type><name>wheat_head</name><pose>Unspecified</pose><truncated>0</truncated><difficult>0</difficult><robndbox><cx>54.0497</cx><cy>851.957</cy><w>65.4187</w><h>24.5918</h><angle>0.065588</angle></robndbox></object><object><type>robndbox</type><name>wheat_head</name><pose>Unspecified</pose><truncated>0</truncated><difficult>0</difficult><robndbox><cx>447.1027</cx><cy>562.6727</cy><w>73.4759</w><h>32.9083</h><angle>0.628909</angle></robndbox></object><object><type>robndbox</type><name>wheat_head</name><pose>Unspecified</pose><truncated>0</truncated><difficult>0</difficult><robndbox><cx>59.6369</cx><cy>322.2958</cy><w>147.8682</w><h>42.0597</h><angle>0.818878</angle></robndbox></object></annotation>