<annotation verified="no"><folder>images</folder><filename>2c4db1d53</filename><path>/home/badhon/Documents/thesis/final_dataset/ethz_1/images/2c4db1d53.jpg</path><source><database>Unknown</database></source><size><width>1024</width><height>1024</height><depth>3</depth></size><segmented>0</segmented><object><type>robndbox</type><name>wheat_head</name><pose>Unspecified</pose><truncated>0</truncated><difficult>0</difficult><robndbox><cx>712.1276</cx><cy>108.1768</cy><w>104.6656</w><h>27.6751</h><angle>0.38336</angle></robndbox></object><object><type>robndbox</type><name>wheat_head</name><pose>Unspecified</pose><truncated>0</truncated><difficult>0</difficult><robndbox><cx>581.1746</cx><cy>504.8115</cy><w>105.0776</w><h>33.1754</h><angle>0.517993</angle></robndbox></object><object><type>robndbox</type><name>wheat_head</name><pose>Unspecified</pose><truncated>0</truncated><difficult>0</difficult><robndbox><cx>223.5413</cx><cy>62.3968</cy><w>114.8486</w><h>38.4859</h><angle>0.715072</angle></robndbox></object><object><type>robndbox</type><name>wheat_head</name><pose>Unspecified</pose><truncated>0</truncated><difficult>0</difficult><robndbox><cx>431.7007</cx><cy>835.0862</cy><w>112.9381</w><h>35.248</h><angle>0.356443</angle></robndbox></object><object><type>robndbox</type><name>wheat_head</name><pose>Unspecified</pose><truncated>0</truncated><difficult>0</difficult><robndbox><cx>839.2671</cx><cy>788.3885</cy><w>87.908</w><h>38.5124</h><angle>0.5666</angle></robndbox></object><object><type>robndbox</type><name>wheat_head</name><pose>Unspecified</pose><truncated>0</truncated><difficult>0</difficult><robndbox><cx>370.0842</cx><cy>472.5748</cy><w>94.6475</w><h>34.0309</h><angle>0.474022</angle></robndbox></object><object><type>robndbox</type><name>wheat_head</name><pose>Unspecified</pose><truncated>0</truncated><difficult>0</difficult><robndbox><cx>877.5749</cx><cy>85.0955</cy><w>134.3189</w><h>37.8386</h><angle>0.538768</angle></robndbox></object><object><type>robndbox</type><name>wheat_head</name><pose>Unspecified</pose><truncated>0</truncated><difficult>0</difficult><robndbox><cx>685.0088</cx><cy>128.2716</cy><w>90.4792</w><h>28.6406</h><angle>0.418145</angle></robndbox></object><object><type>robndbox</type><name>wheat_head</name><pose>Unspecified</pose><truncated>0</truncated><difficult>0</difficult><robndbox><cx>617.4988</cx><cy>285.3038</cy><w>108.0194</w><h>36.7827</h><angle>0.331926</angle></robndbox></object><object><type>robndbox</type><name>wheat_head</name><pose>Unspecified</pose><truncated>0</truncated><difficult>0</difficult><robndbox><cx>714.9883</cx><cy>934.5672</cy><w>111.7064</w><h>38.6437</h><angle>0.330851</angle></robndbox></object><object><type>robndbox</type><name>wheat_head</name><pose>Unspecified</pose><truncated>0</truncated><difficult>0</difficult><robndbox><cx>475.0659</cx><cy>558.4925</cy><w>143.3118</w><h>40.9566</h><angle>0.292604</angle></robndbox></object><object><type>robndbox</type><name>wheat_head</name><pose>Unspecified</pose><truncated>0</truncated><difficult>0</difficult><robndbox><cx>667.9818</cx><cy>448.5632</cy><w>123.4533</w><h>33.6243</h><angle>0.293715</angle></robndbox></object><object><type>robndbox</type><name>wheat_head</name><pose>Unspecified</pose><truncated>0</truncated><difficult>0</difficult><robndbox><cx>903.9729</cx><cy>137.8734</cy><w>140.1152</w><h>31.2718</h><angle>0.377085</angle></robndbox></object><object><type>robndbox</type><name>wheat_head</name><pose>Unspecified</pose><truncated>0</truncated><difficult>0</difficult><robndbox><cx>138.1898</cx><cy>762.62</cy><w>138.8538</w><h>35.652</h><angle>0.503017</angle></robndbox></object><object><type>robndbox</type><name>wheat_head</name><pose>Unspecified</pose><truncated>0</truncated><difficult>0</difficult><robndbox><cx>730.2999</cx><cy>524.3281</cy><w>75.8072</w><h>32.3467</h><angle>0.397027</angle></robndbox></object><object><type>robndbox</type><name>wheat_head</name><pose>Unspecified</pose><truncated>0</truncated><difficult>0</difficult><robndbox><cx>499.1055</cx><cy>944.6119</cy><w>79.5813</w><h>25.9099</h><angle>0.360477</angle></robndbox></object><object><type>robndbox</type><name>wheat_head</name><pose>Unspecified</pose><truncated>0</truncated><difficult>0</difficult><robndbox><cx>125.9128</cx><cy>472.2684</cy><w>190.2094</w><h>40.5477</h><angle>0.393943</angle></robndbox></object><object><type>robndbox</type><name>wheat_head</name><pose>Unspecified</pose><truncated>0</truncated><difficult>0</difficult><robndbox><cx>841.9258</cx><cy>474.9631</cy><w>77.5411</w><h>32.4022</h><angle>0.339705</angle></robndbox></object><object><type>robndbox</type><name>wheat_head</name><pose>Unspecified</pose><truncated>0</truncated><difficult>0</difficult><robndbox><cx>429.5738</cx><cy>876.4981</cy><w>120.24</w><h>30.0076</h><angle>0.086907</angle></robndbox></object><object><type>robndbox</type><name>wheat_head</name><pose>Unspecified</pose><truncated>0</truncated><difficult>0</difficult><robndbox><cx>282.9564</cx><cy>571.8713</cy><w>144.702</w><h>35.9195</h><angle>0.36478</angle></robndbox></object><object><type>robndbox</type><name>wheat_head</name><pose>Unspecified</pose><truncated>0</truncated><difficult>0</difficult><robndbox><cx>671.5384</cx><cy>187.2827</cy><w>155.143</w><h>40.2107</h><angle>0.427976</angle></robndbox></object><object><type>robndbox</type><name>wheat_head</name><pose>Unspecified</pose><truncated>0</truncated><difficult>0</difficult><robndbox><cx>96.8954</cx><cy>141.2955</cy><w>128.243</w><h>33.4723</h><angle>0.337597</angle></robndbox></object><object><type>robndbox</type><name>wheat_head</name><pose>Unspecified</pose><truncated>0</truncated><difficult>0</difficult><robndbox><cx>1002.7422</cx><cy>581.0341</cy><w>40.3164</w><h>31.647</h><angle>0.137346</angle></robndbox></object><object><type>robndbox</type><name>wheat_head</name><pose>Unspecified</pose><truncated>0</truncated><difficult>0</difficult><robndbox><cx>564.9264</cx><cy>880.4419</cy><w>110.8738</w><h>23.5398</h><angle>0.147421</angle></robndbox></object><object><type>robndbox</type><name>wheat_head</name><pose>Unspecified</pose><truncated>0</truncated><difficult>0</difficult><robndbox><cx>795.3964</cx><cy>562.3982</cy><w>62.1351</w><h>30.9638</h><angle>0.615969</angle></robndbox></object><object><type>robndbox</type><name>wheat_head</name><pose>Unspecified</pose><truncated>0</truncated><difficult>0</difficult><robndbox><cx>921.2416</cx><cy>519.9795</cy><w>138.9521</w><h>50.8642</h><angle>0.239705</angle></robndbox></object><object><type>robndbox</type><name>wheat_head</name><pose>Unspecified</pose><truncated>0</truncated><difficult>0</difficult><robndbox><cx>365.9194</cx><cy>500.7516</cy><w>76.2263</w><h>27.9738</h><angle>0.202954</angle></robndbox></object><object><type>robndbox</type><name>wheat_head</name><pose>Unspecified</pose><truncated>0</truncated><difficult>0</difficult><robndbox><cx>597.3</cx><cy>856.9606</cy><w>96.2793</w><h>36.5204</h><angle>0.252724</angle></robndbox></object><object><type>robndbox</type><name>wheat_head</name><pose>Unspecified</pose><truncated>0</truncated><difficult>0</difficult><robndbox><cx>916.3325</cx><cy>255.8971</cy><w>49.9869</w><h>29.7688</h><angle>0.481527</angle></robndbox></object><object><type>robndbox</type><name>wheat_head</name><pose>Unspecified</pose><truncated>0</truncated><difficult>0</difficult><robndbox><cx>51.4418</cx><cy>267.2945</cy><w>72.708</w><h>26.309</h><angle>0.600787</angle></robndbox></object><object><type>robndbox</type><name>wheat_head</name><pose>Unspecified</pose><truncated>0</truncated><difficult>0</difficult><robndbox><cx>329.717</cx><cy>134.6945</cy><w>168.1904</w><h>35.2501</h><angle>0.278863</angle></robndbox></object><object><type>robndbox</type><name>wheat_head</name><pose>Unspecified</pose><truncated>0</truncated><difficult>0</difficult><robndbox><cx>40.6792</cx><cy>855.4906</cy><w>56.0851</w><h>22.5406</h><angle>0.180462</angle></robndbox></object><object><type>robndbox</type><name>wheat_head</name><pose>Unspecified</pose><truncated>0</truncated><difficult>0</difficult><robndbox><cx>531.4906</cx><cy>328.266</cy><w>52.0592</w><h>28.0633</h><angle>0.330114</angle></robndbox></object><object><type>robndbox</type><name>wheat_head</name><pose>Unspecified</pose><truncated>0</truncated><difficult>0</difficult><robndbox><cx>144.7516</cx><cy>841.4947</cy><w>66.5522</w><h>30.4523</h><angle>0.049162</angle></robndbox></object><object><type>robndbox</type><name>wheat_head</name><pose>Unspecified</pose><truncated>0</truncated><difficult>0</difficult><robndbox><cx>468.7853</cx><cy>178.9018</cy><w>133.709</w><h>28.3198</h><angle>3.122928</angle></robndbox></object><object><type>robndbox</type><name>wheat_head</name><pose>Unspecified</pose><truncated>0</truncated><difficult>0</difficult><robndbox><cx>377.0135</cx><cy>681.4624</cy><w>114.1077</w><h>26.4882</h><angle>3.125905</angle></robndbox></object><object><type>robndbox</type><name>wheat_head</name><pose>Unspecified</pose><truncated>0</truncated><difficult>0</difficult><robndbox><cx>263.2376</cx><cy>207.71</cy><w>67.8583</w><h>24.0712</h><angle>0.432349</angle></robndbox></object><object><type>robndbox</type><name>wheat_head</name><pose>Unspecified</pose><truncated>0</truncated><difficult>0</difficult><robndbox><cx>623.1705</cx><cy>589.6766</cy><w>28.709</w><h>27.056</h><angle>0.287218</angle></robndbox></object><object><type>robndbox</type><name>wheat_head</name><pose>Unspecified</pose><truncated>0</truncated><difficult>0</difficult><robndbox><cx>248.3267</cx><cy>924.3073</cy><w>109.8584</w><h>22.4344</h><angle>0.215379</angle></robndbox></object><object><type>robndbox</type><name>wheat_head</name><pose>Unspecified</pose><truncated>0</truncated><difficult>0</difficult><robndbox><cx>156.9561</cx><cy>256.2617</cy><w>59.4084</w><h>24.2738</h><angle>0.346677</angle></robndbox></object><object><type>robndbox</type><name>wheat_head</name><pose>Unspecified</pose><truncated>0</truncated><difficult>0</difficult><robndbox><cx>182.1111</cx><cy>643.8759</cy><w>100.12</w><h>27.9347</h><angle>0.184056</angle></robndbox></object><object><type>robndbox</type><name>wheat_head</name><pose>Unspecified</pose><truncated>0</truncated><difficult>0</difficult><robndbox><cx>110.6214</cx><cy>313.6075</cy><w>114.305</w><h>26.6424</h><angle>0.272934</angle></robndbox></object><object><type>robndbox</type><name>wheat_head</name><pose>Unspecified</pose><truncated>0</truncated><difficult>0</difficult><robndbox><cx>749.6508</cx><cy>635.3983</cy><w>116.4633</w><h>33.975</h><angle>0.006591</angle></robndbox></object><object><type>robndbox</type><name>wheat_head</name><pose>Unspecified</pose><truncated>0</truncated><difficult>0</difficult><robndbox><cx>102.9526</cx><cy>234.4892</cy><w>156.6898</w><h>21.7845</h><angle>0.161644</angle></robndbox></object><object><type>robndbox</type><name>wheat_head</name><pose>Unspecified</pose><truncated>0</truncated><difficult>0</difficult><robndbox><cx>782.414</cx><cy>905.8992</cy><w>83.6763</w><h>29.3845</h><angle>0.279323</angle></robndbox></object><object><type>robndbox</type><name>wheat_head</name><pose>Unspecified</pose><truncated>0</truncated><difficult>0</difficult><robndbox><cx>979.0145</cx><cy>214.4361</cy><w>56.8063</w><h>16.4235</h><angle>0.368417</angle></robndbox></object><object><type>robndbox</type><name>wheat_head</name><pose>Unspecified</pose><truncated>0</truncated><difficult>0</difficult><robndbox><cx>290.5688</cx><cy>647.9215</cy><w>97.9541</w><h>25.9403</h><angle>3.018284</angle></robndbox></object><object><type>robndbox</type><name>wheat_head</name><pose>Unspecified</pose><truncated>0</truncated><difficult>0</difficult><robndbox><cx>922.8834</cx><cy>585.1974</cy><w>95.6367</w><h>33.7454</h><angle>3.028016</angle></robndbox></object><object><type>robndbox</type><name>wheat_head</name><pose>Unspecified</pose><truncated>0</truncated><difficult>0</difficult><robndbox><cx>317.134</cx><cy>976.1447</cy><w>139.2516</w><h>37.5868</h><angle>0.253133</angle></robndbox></object><object><type>robndbox</type><name>wheat_head</name><pose>Unspecified</pose><truncated>0</truncated><difficult>0</difficult><robndbox><cx>114.6856</cx><cy>713.1528</cy><w>84.8951</w><h>23.6614</h><angle>0.083908</angle></robndbox></object><object><type>robndbox</type><name>wheat_head</name><pose>Unspecified</pose><truncated>0</truncated><difficult>0</difficult><robndbox><cx>329.0248</cx><cy>728.8591</cy><w>122.7855</w><h>24.7865</h><angle>3.027792</angle></robndbox></object><object><type>robndbox</type><name>wheat_head</name><pose>Unspecified</pose><truncated>0</truncated><difficult>0</difficult><robndbox><cx>36.1969</cx><cy>332.4801</cy><w>58.6586</w><h>28.059</h><angle>3.027801</angle></robndbox></object><object><type>robndbox</type><name>wheat_head</name><pose>Unspecified</pose><truncated>0</truncated><difficult>0</difficult><robndbox><cx>912.7299</cx><cy>895.7217</cy><w>137.4393</w><h>30.2821</h><angle>3.100484</angle></robndbox></object><object><type>robndbox</type><name>wheat_head</name><pose>Unspecified</pose><truncated>0</truncated><difficult>0</difficult><robndbox><cx>813.3519</cx><cy>877.0126</cy><w>73.6221</w><h>28.7103</h><angle>0.474446</angle></robndbox></object><object><type>robndbox</type><name>wheat_head</name><pose>Unspecified</pose><truncated>0</truncated><difficult>0</difficult><robndbox><cx>78.6384</cx><cy>943.4891</cy><w>83.9834</w><h>28.2274</h><angle>3.088187</angle></robndbox></object><object><type>robndbox</type><name>wheat_head</name><pose>Unspecified</pose><truncated>0</truncated><difficult>0</difficult><robndbox><cx>102.8165</cx><cy>188.4399</cy><w>200.767</w><h>28.8611</h><angle>0.332983</angle></robndbox></object><object><type>robndbox</type><name>wheat_head</name><pose>Unspecified</pose><truncated>0</truncated><difficult>0</difficult><robndbox><cx>881.7098</cx><cy>541.5501</cy><w>92.8803</w><h>25.7054</h><angle>0.280803</angle></robndbox></object><object><type>robndbox</type><name>wheat_head</name><pose>Unspecified</pose><truncated>0</truncated><difficult>0</difficult><robndbox><cx>899.0851</cx><cy>922.9089</cy><w>99.4195</w><h>31.9244</h><angle>0.058891</angle></robndbox></object><object><type>robndbox</type><name>wheat_head</name><pose>Unspecified</pose><truncated>0</truncated><difficult>0</difficult><robndbox><cx>51.3996</cx><cy>886.9523</cy><w>86.464</w><h>32.7678</h><angle>0.126702</angle></robndbox></object><object><type>robndbox</type><name>wheat_head</name><pose>Unspecified</pose><truncated>0</truncated><difficult>0</difficult><robndbox><cx>64.3056</cx><cy>627.6043</cy><w>105.5012</w><h>37.1055</h><angle>2.703613</angle></robndbox></object><object><type>robndbox</type><name>wheat_head</name><pose>Unspecified</pose><truncated>0</truncated><difficult>0</difficult><robndbox><cx>751.5416</cx><cy>852.5666</cy><w>47.6229</w><h>30.8028</h><angle>0.378102</angle></robndbox></object><object><type>robndbox</type><name>wheat_head</name><pose>Unspecified</pose><truncated>0</truncated><difficult>0</difficult><robndbox><cx>329.717</cx><cy>134.6945</cy><w>168.1904</w><h>35.2501</h><angle>0.278863</angle></robndbox></object><object><type>robndbox</type><name>wheat_head</name><pose>Unspecified</pose><truncated>0</truncated><difficult>0</difficult><robndbox><cx>296.4369</cx><cy>803.075</cy><w>127.9008</w><h>30.5561</h><angle>0.134153</angle></robndbox></object><object><type>robndbox</type><name>wheat_head</name><pose>Unspecified</pose><truncated>0</truncated><difficult>0</difficult><robndbox><cx>572.2872</cx><cy>163.4459</cy><w>90.3797</w><h>28.8807</h><angle>0.23774</angle></robndbox></object><object><type>robndbox</type><name>wheat_head</name><pose>Unspecified</pose><truncated>0</truncated><difficult>0</difficult><robndbox><cx>50.4285</cx><cy>407.5384</cy><w>91.5848</w><h>16.7227</h><angle>0.281882</angle></robndbox></object><object><type>robndbox</type><name>wheat_head</name><pose>Unspecified</pose><truncated>0</truncated><difficult>0</difficult><robndbox><cx>409.125</cx><cy>905.9803</cy><w>151.492</w><h>29.9492</h><angle>0.186907</angle></robndbox></object><object><type>robndbox</type><name>wheat_head</name><pose>Unspecified</pose><truncated>0</truncated><difficult>0</difficult><robndbox><cx>307.1855</cx><cy>9.2401</cy><w>41.251</w><h>21.9081</h><angle>0.084625</angle></robndbox></object><object><type>robndbox</type><name>wheat_head</name><pose>Unspecified</pose><truncated>0</truncated><difficult>0</difficult><robndbox><cx>537.4505</cx><cy>938.0933</cy><w>81.0854</w><h>24.8455</h><angle>0.360477</angle></robndbox></object><object><type>robndbox</type><name>wheat_head</name><pose>Unspecified</pose><truncated>0</truncated><difficult>0</difficult><robndbox><cx>468.7853</cx><cy>178.9018</cy><w>133.709</w><h>28.3198</h><angle>3.122928</angle></robndbox></object><object><type>robndbox</type><name>wheat_head</name><pose>Unspecified</pose><truncated>0</truncated><difficult>0</difficult><robndbox><cx>668.8787</cx><cy>604.3597</cy><w>84.5442</w><h>24.2231</h><angle>0.287218</angle></robndbox></object><object><type>robndbox</type><name>wheat_head</name><pose>Unspecified</pose><truncated>0</truncated><difficult>0</difficult><robndbox><cx>912.6728</cx><cy>861.1913</cy><w>52.2349</w><h>20.1172</h><angle>0.304308</angle></robndbox></object><object><type>robndbox</type><name>wheat_head</name><pose>Unspecified</pose><truncated>0</truncated><difficult>0</difficult><robndbox><cx>162.4702</cx><cy>976.6423</cy><w>101.3903</w><h>22.728</h><angle>2.882261</angle></robndbox></object><object><type>robndbox</type><name>wheat_head</name><pose>Unspecified</pose><truncated>0</truncated><difficult>0</difficult><robndbox><cx>85.4204</cx><cy>985.6424</cy><w>111.8794</w><h>37.5033</h><angle>0.125464</angle></robndbox></object><object><type>robndbox</type><name>wheat_head</name><pose>Unspecified</pose><truncated>0</truncated><difficult>0</difficult><robndbox><cx>49.0011</cx><cy>1014.1022</cy><w>92.3472</w><h>21.4787</h><angle>0.086738</angle></robndbox></object><object><type>robndbox</type><name>wheat_head</name><pose>Unspecified</pose><truncated>0</truncated><difficult>0</difficult><robndbox><cx>171.6646</cx><cy>687.4936</cy><w>50.2494</w><h>20.242</h><angle>2.398423</angle></robndbox></object><object><type>robndbox</type><name>wheat_head</name><pose>Unspecified</pose><truncated>0</truncated><difficult>0</difficult><robndbox><cx>142.1867</cx><cy>674.2959</cy><w>54.8179</w><h>17.8151</h><angle>0.258252</angle></robndbox></object><object><type>robndbox</type><name>wheat_head</name><pose>Unspecified</pose><truncated>0</truncated><difficult>0</difficult><robndbox><cx>92.3659</cx><cy>803.4735</cy><w>74.6257</w><h>19.6514</h><angle>2.136498</angle></robndbox></object><object><type>robndbox</type><name>wheat_head</name><pose>Unspecified</pose><truncated>0</truncated><difficult>0</difficult><robndbox><cx>26.2322</cx><cy>299.5857</cy><w>41.4849</w><h>22.9086</h><angle>0.268366</angle></robndbox></object></annotation>