<annotation verified="no"><folder>images</folder><filename>2d72a5f04</filename><path>/home/badhon/Documents/thesis/final_dataset/ethz_1/images/2d72a5f04.jpg</path><source><database>Unknown</database></source><size><width>1024</width><height>1024</height><depth>3</depth></size><segmented>0</segmented><object><type>robndbox</type><name>wheat_head</name><pose>Unspecified</pose><truncated>0</truncated><difficult>0</difficult><robndbox><cx>996.2412</cx><cy>250.4484</cy><w>51.3467</w><h>29.181</h><angle>0.947096</angle></robndbox></object><object><type>robndbox</type><name>wheat_head</name><pose>Unspecified</pose><truncated>0</truncated><difficult>0</difficult><robndbox><cx>551.7767</cx><cy>775.1238</cy><w>78.8996</w><h>34.7182</h><angle>0.682172</angle></robndbox></object><object><type>robndbox</type><name>wheat_head</name><pose>Unspecified</pose><truncated>0</truncated><difficult>0</difficult><robndbox><cx>749.8407</cx><cy>28.4577</cy><w>77.1484</w><h>37.1448</h><angle>0.683417</angle></robndbox></object><object><type>robndbox</type><name>wheat_head</name><pose>Unspecified</pose><truncated>0</truncated><difficult>0</difficult><robndbox><cx>282.5781</cx><cy>480.8668</cy><w>148.6526</w><h>34.8933</h><angle>0.889855</angle></robndbox></object><object><type>robndbox</type><name>wheat_head</name><pose>Unspecified</pose><truncated>0</truncated><difficult>0</difficult><robndbox><cx>444.2937</cx><cy>252.7441</cy><w>101.7526</w><h>28.7164</h><angle>1.212574</angle></robndbox></object><object><type>robndbox</type><name>wheat_head</name><pose>Unspecified</pose><truncated>0</truncated><difficult>0</difficult><robndbox><cx>927.8788</cx><cy>769.4291</cy><w>82.8189</w><h>37.7807</h><angle>0.487931</angle></robndbox></object><object><type>robndbox</type><name>wheat_head</name><pose>Unspecified</pose><truncated>0</truncated><difficult>0</difficult><robndbox><cx>371.8971</cx><cy>207.8323</cy><w>170.6718</w><h>36.932</h><angle>1.143675</angle></robndbox></object><object><type>robndbox</type><name>wheat_head</name><pose>Unspecified</pose><truncated>0</truncated><difficult>0</difficult><robndbox><cx>426.3738</cx><cy>314.7273</cy><w>149.0974</w><h>31.9909</h><angle>0.281961</angle></robndbox></object><object><type>robndbox</type><name>wheat_head</name><pose>Unspecified</pose><truncated>0</truncated><difficult>0</difficult><robndbox><cx>267.3832</cx><cy>970.3929</cy><w>108.2168</w><h>40.0129</h><angle>0.448877</angle></robndbox></object><object><type>robndbox</type><name>wheat_head</name><pose>Unspecified</pose><truncated>0</truncated><difficult>0</difficult><robndbox><cx>561.0554</cx><cy>615.5457</cy><w>139.0356</w><h>35.6222</h><angle>0.486889</angle></robndbox></object><object><type>robndbox</type><name>wheat_head</name><pose>Unspecified</pose><truncated>0</truncated><difficult>0</difficult><robndbox><cx>871.7272</cx><cy>700.2251</cy><w>60.8116</w><h>38.6257</h><angle>0.599773</angle></robndbox></object><object><type>robndbox</type><name>wheat_head</name><pose>Unspecified</pose><truncated>0</truncated><difficult>0</difficult><robndbox><cx>639.2479</cx><cy>827.5159</cy><w>88.1772</w><h>36.9613</h><angle>0.595262</angle></robndbox></object><object><type>robndbox</type><name>wheat_head</name><pose>Unspecified</pose><truncated>0</truncated><difficult>0</difficult><robndbox><cx>678.9667</cx><cy>546.6832</cy><w>90.1977</w><h>23.4435</h><angle>1.534169</angle></robndbox></object><object><type>robndbox</type><name>wheat_head</name><pose>Unspecified</pose><truncated>0</truncated><difficult>0</difficult><robndbox><cx>1000.8428</cx><cy>722.8684</cy><w>42.2866</w><h>39.4839</h><angle>0.290936</angle></robndbox></object><object><type>robndbox</type><name>wheat_head</name><pose>Unspecified</pose><truncated>0</truncated><difficult>0</difficult><robndbox><cx>483.7446</cx><cy>934.8089</cy><w>166.2407</w><h>37.0019</h><angle>0.976525</angle></robndbox></object><object><type>robndbox</type><name>wheat_head</name><pose>Unspecified</pose><truncated>0</truncated><difficult>0</difficult><robndbox><cx>731.2208</cx><cy>380.4265</cy><w>130.4538</w><h>35.0613</h><angle>0.453805</angle></robndbox></object><object><type>robndbox</type><name>wheat_head</name><pose>Unspecified</pose><truncated>0</truncated><difficult>0</difficult><robndbox><cx>337.7702</cx><cy>72.3257</cy><w>83.116</w><h>33.2522</h><angle>0.757412</angle></robndbox></object><object><type>robndbox</type><name>wheat_head</name><pose>Unspecified</pose><truncated>0</truncated><difficult>0</difficult><robndbox><cx>808.2053</cx><cy>372.405</cy><w>100.2834</w><h>32.0774</h><angle>0.556649</angle></robndbox></object><object><type>robndbox</type><name>wheat_head</name><pose>Unspecified</pose><truncated>0</truncated><difficult>0</difficult><robndbox><cx>915.7435</cx><cy>439.62</cy><w>101.2001</w><h>38.4975</h><angle>0.19306</angle></robndbox></object><object><type>robndbox</type><name>wheat_head</name><pose>Unspecified</pose><truncated>0</truncated><difficult>0</difficult><robndbox><cx>437.1568</cx><cy>122.2882</cy><w>116.8631</w><h>35.6741</h><angle>0.295304</angle></robndbox></object><object><type>robndbox</type><name>wheat_head</name><pose>Unspecified</pose><truncated>0</truncated><difficult>0</difficult><robndbox><cx>200.4091</cx><cy>987.6591</cy><w>84.1869</w><h>31.4819</h><angle>0.371543</angle></robndbox></object><object><type>robndbox</type><name>wheat_head</name><pose>Unspecified</pose><truncated>0</truncated><difficult>0</difficult><robndbox><cx>152.8886</cx><cy>35.9065</cy><w>105.6946</w><h>30.037</h><angle>0.643889</angle></robndbox></object><object><type>robndbox</type><name>wheat_head</name><pose>Unspecified</pose><truncated>0</truncated><difficult>0</difficult><robndbox><cx>174.0883</cx><cy>768.7044</cy><w>162.1087</w><h>38.6229</h><angle>0.437124</angle></robndbox></object><object><type>robndbox</type><name>wheat_head</name><pose>Unspecified</pose><truncated>0</truncated><difficult>0</difficult><robndbox><cx>223.7197</cx><cy>282.342</cy><w>91.5925</w><h>26.791</h><angle>0.541785</angle></robndbox></object><object><type>robndbox</type><name>wheat_head</name><pose>Unspecified</pose><truncated>0</truncated><difficult>0</difficult><robndbox><cx>692.6023</cx><cy>644.1331</cy><w>91.5325</w><h>40.6135</h><angle>0.31416</angle></robndbox></object><object><type>robndbox</type><name>wheat_head</name><pose>Unspecified</pose><truncated>0</truncated><difficult>0</difficult><robndbox><cx>46.1203</cx><cy>957.1557</cy><w>83.2549</w><h>37.5649</h><angle>0.343827</angle></robndbox></object><object><type>robndbox</type><name>wheat_head</name><pose>Unspecified</pose><truncated>0</truncated><difficult>0</difficult><robndbox><cx>612.7555</cx><cy>690.4313</cy><w>93.3695</w><h>34.6849</h><angle>0.694784</angle></robndbox></object><object><type>robndbox</type><name>wheat_head</name><pose>Unspecified</pose><truncated>0</truncated><difficult>0</difficult><robndbox><cx>101.4875</cx><cy>396.3331</cy><w>59.0797</w><h>32.887</h><angle>0.67822</angle></robndbox></object><object><type>robndbox</type><name>wheat_head</name><pose>Unspecified</pose><truncated>0</truncated><difficult>0</difficult><robndbox><cx>917.2722</cx><cy>166.9466</cy><w>90.0209</w><h>39.2886</h><angle>0.30088</angle></robndbox></object><object><type>robndbox</type><name>wheat_head</name><pose>Unspecified</pose><truncated>0</truncated><difficult>0</difficult><robndbox><cx>910.4327</cx><cy>20.4071</cy><w>65.3091</w><h>34.8839</h><angle>0.630632</angle></robndbox></object><object><type>robndbox</type><name>wheat_head</name><pose>Unspecified</pose><truncated>0</truncated><difficult>0</difficult><robndbox><cx>817.3689</cx><cy>336.197</cy><w>50.7213</w><h>26.334</h><angle>1.077904</angle></robndbox></object><object><type>robndbox</type><name>wheat_head</name><pose>Unspecified</pose><truncated>0</truncated><difficult>0</difficult><robndbox><cx>583.992</cx><cy>320.6782</cy><w>134.9323</w><h>44.1316</h><angle>0.585874</angle></robndbox></object><object><type>robndbox</type><name>wheat_head</name><pose>Unspecified</pose><truncated>0</truncated><difficult>0</difficult><robndbox><cx>700.6359</cx><cy>970.634</cy><w>103.2011</w><h>35.3613</h><angle>0.954092</angle></robndbox></object><object><type>robndbox</type><name>wheat_head</name><pose>Unspecified</pose><truncated>0</truncated><difficult>0</difficult><robndbox><cx>793.0138</cx><cy>900.3945</cy><w>57.2515</w><h>35.4506</h><angle>0.628283</angle></robndbox></object><object><type>robndbox</type><name>wheat_head</name><pose>Unspecified</pose><truncated>0</truncated><difficult>0</difficult><robndbox><cx>221.864</cx><cy>685.4731</cy><w>78.5269</w><h>31.2327</h><angle>0.509157</angle></robndbox></object><object><type>robndbox</type><name>wheat_head</name><pose>Unspecified</pose><truncated>0</truncated><difficult>0</difficult><robndbox><cx>30.67</cx><cy>345.9078</cy><w>61.1876</w><h>32.0097</h><angle>0.806042</angle></robndbox></object><object><type>robndbox</type><name>wheat_head</name><pose>Unspecified</pose><truncated>0</truncated><difficult>0</difficult><robndbox><cx>537.2745</cx><cy>670.0557</cy><w>64.637</w><h>31.4721</h><angle>0.425588</angle></robndbox></object><object><type>robndbox</type><name>wheat_head</name><pose>Unspecified</pose><truncated>0</truncated><difficult>0</difficult><robndbox><cx>349.3474</cx><cy>457.6553</cy><w>109.3852</w><h>35.5671</h><angle>0.135948</angle></robndbox></object><object><type>robndbox</type><name>wheat_head</name><pose>Unspecified</pose><truncated>0</truncated><difficult>0</difficult><robndbox><cx>848.2151</cx><cy>337.4022</cy><w>131.7056</w><h>35.6619</h><angle>1.064368</angle></robndbox></object><object><type>robndbox</type><name>wheat_head</name><pose>Unspecified</pose><truncated>0</truncated><difficult>0</difficult><robndbox><cx>300.6753</cx><cy>390.9291</cy><w>127.1208</w><h>37.8209</h><angle>0.523301</angle></robndbox></object><object><type>robndbox</type><name>wheat_head</name><pose>Unspecified</pose><truncated>0</truncated><difficult>0</difficult><robndbox><cx>370.5841</cx><cy>613.1978</cy><w>59.0273</w><h>19.2321</h><angle>0.66249</angle></robndbox></object><object><type>robndbox</type><name>wheat_head</name><pose>Unspecified</pose><truncated>0</truncated><difficult>0</difficult><robndbox><cx>704.9489</cx><cy>758.2811</cy><w>80.7476</w><h>35.5984</h><angle>2.862596</angle></robndbox></object><object><type>robndbox</type><name>wheat_head</name><pose>Unspecified</pose><truncated>0</truncated><difficult>0</difficult><robndbox><cx>897.7948</cx><cy>295.7211</cy><w>102.5759</w><h>42.9197</h><angle>1.053205</angle></robndbox></object><object><type>robndbox</type><name>wheat_head</name><pose>Unspecified</pose><truncated>0</truncated><difficult>0</difficult><robndbox><cx>193.4734</cx><cy>225.7817</cy><w>101.5875</w><h>28.3749</h><angle>0.613502</angle></robndbox></object><object><type>robndbox</type><name>wheat_head</name><pose>Unspecified</pose><truncated>0</truncated><difficult>0</difficult><robndbox><cx>29.0868</cx><cy>399.9435</cy><w>53.5616</w><h>30.6618</h><angle>0.406303</angle></robndbox></object><object><type>robndbox</type><name>wheat_head</name><pose>Unspecified</pose><truncated>0</truncated><difficult>0</difficult><robndbox><cx>835.2891</cx><cy>853.798</cy><w>103.351</w><h>30.6587</h><angle>1.063667</angle></robndbox></object><object><type>robndbox</type><name>wheat_head</name><pose>Unspecified</pose><truncated>0</truncated><difficult>0</difficult><robndbox><cx>118.1733</cx><cy>695.158</cy><w>154.0212</w><h>31.5539</h><angle>0.44047</angle></robndbox></object><object><type>robndbox</type><name>wheat_head</name><pose>Unspecified</pose><truncated>0</truncated><difficult>0</difficult><robndbox><cx>829.9347</cx><cy>177.4474</cy><w>181.0557</w><h>45.132</h><angle>0.745277</angle></robndbox></object><object><type>robndbox</type><name>wheat_head</name><pose>Unspecified</pose><truncated>0</truncated><difficult>0</difficult><robndbox><cx>484.3037</cx><cy>51.3161</cy><w>117.0682</w><h>31.817</h><angle>0.14715</angle></robndbox></object><object><type>robndbox</type><name>wheat_head</name><pose>Unspecified</pose><truncated>0</truncated><difficult>0</difficult><robndbox><cx>829.9347</cx><cy>177.4474</cy><w>181.0557</w><h>45.132</h><angle>0.745277</angle></robndbox></object><object><type>robndbox</type><name>wheat_head</name><pose>Unspecified</pose><truncated>0</truncated><difficult>0</difficult><robndbox><cx>577.02</cx><cy>49.9188</cy><w>92.1462</w><h>34.5524</h><angle>0.651523</angle></robndbox></object><object><type>robndbox</type><name>wheat_head</name><pose>Unspecified</pose><truncated>0</truncated><difficult>0</difficult><robndbox><cx>411.8288</cx><cy>354.717</cy><w>60.9917</w><h>28.6576</h><angle>1.117592</angle></robndbox></object><object><type>robndbox</type><name>wheat_head</name><pose>Unspecified</pose><truncated>0</truncated><difficult>0</difficult><robndbox><cx>386.3792</cx><cy>658.2092</cy><w>166.9809</w><h>40.7253</h><angle>0.66249</angle></robndbox></object><object><type>robndbox</type><name>wheat_head</name><pose>Unspecified</pose><truncated>0</truncated><difficult>0</difficult><robndbox><cx>1012.9379</cx><cy>31.7232</cy><w>31.3882</w><h>18.1525</h><angle>1.593137</angle></robndbox></object><object><type>robndbox</type><name>wheat_head</name><pose>Unspecified</pose><truncated>0</truncated><difficult>0</difficult><robndbox><cx>1000.8428</cx><cy>722.8684</cy><w>42.2866</w><h>39.4839</h><angle>0.290936</angle></robndbox></object><object><type>robndbox</type><name>wheat_head</name><pose>Unspecified</pose><truncated>0</truncated><difficult>0</difficult><robndbox><cx>379.9939</cx><cy>792.1473</cy><w>138.7776</w><h>43.508</h><angle>0.027037</angle></robndbox></object><object><type>robndbox</type><name>wheat_head</name><pose>Unspecified</pose><truncated>0</truncated><difficult>0</difficult><robndbox><cx>380.5013</cx><cy>14.1615</cy><w>65.3406</w><h>30.3791</h><angle>0.282669</angle></robndbox></object><object><type>robndbox</type><name>wheat_head</name><pose>Unspecified</pose><truncated>0</truncated><difficult>0</difficult><robndbox><cx>221.5328</cx><cy>14.7708</cy><w>90.9761</w><h>28.1126</h><angle>0.250288</angle></robndbox></object><object><type>robndbox</type><name>wheat_head</name><pose>Unspecified</pose><truncated>0</truncated><difficult>0</difficult><robndbox><cx>45.2106</cx><cy>577.0474</cy><w>86.8169</w><h>38.6037</h><angle>0.418265</angle></robndbox></object><object><type>robndbox</type><name>wheat_head</name><pose>Unspecified</pose><truncated>0</truncated><difficult>0</difficult><robndbox><cx>69.4408</cx><cy>70.1746</cy><w>123.384</w><h>32.3853</h><angle>0.004565</angle></robndbox></object><object><type>robndbox</type><name>wheat_head</name><pose>Unspecified</pose><truncated>0</truncated><difficult>0</difficult><robndbox><cx>45.2106</cx><cy>577.0474</cy><w>86.8169</w><h>38.6037</h><angle>0.418265</angle></robndbox></object><object><type>robndbox</type><name>wheat_head</name><pose>Unspecified</pose><truncated>0</truncated><difficult>0</difficult><robndbox><cx>264.0605</cx><cy>649.7476</cy><w>98.5455</w><h>34.3592</h><angle>0.023176</angle></robndbox></object><object><type>robndbox</type><name>wheat_head</name><pose>Unspecified</pose><truncated>0</truncated><difficult>0</difficult><robndbox><cx>254.5831</cx><cy>242.2407</cy><w>109.9908</w><h>31.4175</h><angle>1.002291</angle></robndbox></object><object><type>robndbox</type><name>wheat_head</name><pose>Unspecified</pose><truncated>0</truncated><difficult>0</difficult><robndbox><cx>72.4489</cx><cy>912.798</cy><w>61.214</w><h>25.5302</h><angle>0.086174</angle></robndbox></object><object><type>robndbox</type><name>wheat_head</name><pose>Unspecified</pose><truncated>0</truncated><difficult>0</difficult><robndbox><cx>176.8084</cx><cy>644.2859</cy><w>46.8786</w><h>27.9362</h><angle>0.243079</angle></robndbox></object><object><type>robndbox</type><name>wheat_head</name><pose>Unspecified</pose><truncated>0</truncated><difficult>0</difficult><robndbox><cx>796.0811</cx><cy>791.4672</cy><w>61.6743</w><h>29.0409</h><angle>0.200655</angle></robndbox></object><object><type>robndbox</type><name>wheat_head</name><pose>Unspecified</pose><truncated>0</truncated><difficult>0</difficult><robndbox><cx>118.1733</cx><cy>695.158</cy><w>154.0212</w><h>31.5539</h><angle>0.44047</angle></robndbox></object><object><type>robndbox</type><name>wheat_head</name><pose>Unspecified</pose><truncated>0</truncated><difficult>0</difficult><robndbox><cx>748.9968</cx><cy>983.9983</cy><w>39.5719</w><h>25.1587</h><angle>1.039055</angle></robndbox></object><object><type>robndbox</type><name>wheat_head</name><pose>Unspecified</pose><truncated>0</truncated><difficult>0</difficult><robndbox><cx>601.5762</cx><cy>113.3261</cy><w>50.2744</w><h>26.5675</h><angle>0.668522</angle></robndbox></object><object><type>robndbox</type><name>wheat_head</name><pose>Unspecified</pose><truncated>0</truncated><difficult>0</difficult><robndbox><cx>254.0086</cx><cy>614.6957</cy><w>35.2882</w><h>18.4648</h><angle>0.026231</angle></robndbox></object><object><type>robndbox</type><name>wheat_head</name><pose>Unspecified</pose><truncated>0</truncated><difficult>0</difficult><robndbox><cx>50.186</cx><cy>107.4546</cy><w>48.5804</w><h>23.8877</h><angle>0.751908</angle></robndbox></object><object><type>robndbox</type><name>wheat_head</name><pose>Unspecified</pose><truncated>0</truncated><difficult>0</difficult><robndbox><cx>114.4988</cx><cy>546.7961</cy><w>50.4513</w><h>26.216</h><angle>0.123452</angle></robndbox></object><object><type>robndbox</type><name>wheat_head</name><pose>Unspecified</pose><truncated>0</truncated><difficult>0</difficult><robndbox><cx>320.374</cx><cy>706.7902</cy><w>129.3159</w><h>35.4987</h><angle>2.91231</angle></robndbox></object><object><type>robndbox</type><name>wheat_head</name><pose>Unspecified</pose><truncated>0</truncated><difficult>0</difficult><robndbox><cx>395.9174</cx><cy>858.1905</cy><w>49.1901</w><h>31.142</h><angle>0.362732</angle></robndbox></object><object><type>robndbox</type><name>wheat_head</name><pose>Unspecified</pose><truncated>0</truncated><difficult>0</difficult><robndbox><cx>683.7601</cx><cy>884.0484</cy><w>34.4093</w><h>25.804</h><angle>2.191046</angle></robndbox></object></annotation>