<annotation verified="no"><folder>images</folder><filename>2d8a88333</filename><path>/home/badhon/Documents/thesis/final_dataset/ethz_1/images/2d8a88333.jpg</path><source><database>Unknown</database></source><size><width>1024</width><height>1024</height><depth>3</depth></size><segmented>0</segmented><object><type>robndbox</type><name>wheat_head</name><pose>Unspecified</pose><truncated>0</truncated><difficult>0</difficult><robndbox><cx>757.4852</cx><cy>60.9247</cy><w>106.5433</w><h>30.8377</h><angle>0.840621</angle></robndbox></object><object><type>robndbox</type><name>wheat_head</name><pose>Unspecified</pose><truncated>0</truncated><difficult>0</difficult><robndbox><cx>941.3271</cx><cy>616.084</cy><w>150.9264</w><h>41.4679</h><angle>0.364145</angle></robndbox></object><object><type>robndbox</type><name>wheat_head</name><pose>Unspecified</pose><truncated>0</truncated><difficult>0</difficult><robndbox><cx>986.8056</cx><cy>37.4234</cy><w>96.778</w><h>31.2879</h><angle>1.107053</angle></robndbox></object><object><type>robndbox</type><name>wheat_head</name><pose>Unspecified</pose><truncated>0</truncated><difficult>0</difficult><robndbox><cx>270.5593</cx><cy>338.3571</cy><w>174.7309</w><h>27.9246</h><angle>0.42784</angle></robndbox></object><object><type>robndbox</type><name>wheat_head</name><pose>Unspecified</pose><truncated>0</truncated><difficult>0</difficult><robndbox><cx>987.8349</cx><cy>735.4485</cy><w>68.1491</w><h>35.8184</h><angle>0.385375</angle></robndbox></object><object><type>robndbox</type><name>wheat_head</name><pose>Unspecified</pose><truncated>0</truncated><difficult>0</difficult><robndbox><cx>126.6612</cx><cy>306.7999</cy><w>94.8024</w><h>38.1012</h><angle>0.574999</angle></robndbox></object><object><type>robndbox</type><name>wheat_head</name><pose>Unspecified</pose><truncated>0</truncated><difficult>0</difficult><robndbox><cx>430.9077</cx><cy>40.695</cy><w>121.3127</w><h>36.68</h><angle>0.619227</angle></robndbox></object><object><type>robndbox</type><name>wheat_head</name><pose>Unspecified</pose><truncated>0</truncated><difficult>0</difficult><robndbox><cx>588.4722</cx><cy>780.1072</cy><w>116.4949</w><h>21.5967</h><angle>0.390536</angle></robndbox></object><object><type>robndbox</type><name>wheat_head</name><pose>Unspecified</pose><truncated>0</truncated><difficult>0</difficult><robndbox><cx>602.9341</cx><cy>376.5396</cy><w>161.0645</w><h>33.2439</h><angle>0.99476</angle></robndbox></object><object><type>robndbox</type><name>wheat_head</name><pose>Unspecified</pose><truncated>0</truncated><difficult>0</difficult><robndbox><cx>139.2003</cx><cy>148.9555</cy><w>205.6223</w><h>22.6963</h><angle>0.290306</angle></robndbox></object><object><type>robndbox</type><name>wheat_head</name><pose>Unspecified</pose><truncated>0</truncated><difficult>0</difficult><robndbox><cx>757.4478</cx><cy>115.5562</cy><w>125.821</w><h>32.4881</h><angle>0.662628</angle></robndbox></object><object><type>robndbox</type><name>wheat_head</name><pose>Unspecified</pose><truncated>0</truncated><difficult>0</difficult><robndbox><cx>937.2055</cx><cy>341.3335</cy><w>102.3403</w><h>36.3395</h><angle>0.668071</angle></robndbox></object><object><type>robndbox</type><name>wheat_head</name><pose>Unspecified</pose><truncated>0</truncated><difficult>0</difficult><robndbox><cx>565.8373</cx><cy>636.5446</cy><w>181.1611</w><h>38.5943</h><angle>0.303913</angle></robndbox></object><object><type>robndbox</type><name>wheat_head</name><pose>Unspecified</pose><truncated>0</truncated><difficult>0</difficult><robndbox><cx>127.8721</cx><cy>889.3584</cy><w>120.255</w><h>25.5522</h><angle>0.113225</angle></robndbox></object><object><type>robndbox</type><name>wheat_head</name><pose>Unspecified</pose><truncated>0</truncated><difficult>0</difficult><robndbox><cx>596.3904</cx><cy>78.8253</cy><w>231.7825</w><h>32.9597</h><angle>0.526337</angle></robndbox></object><object><type>robndbox</type><name>wheat_head</name><pose>Unspecified</pose><truncated>0</truncated><difficult>0</difficult><robndbox><cx>983.7945</cx><cy>902.6742</cy><w>69.4432</w><h>36.3848</h><angle>0.55352</angle></robndbox></object><object><type>robndbox</type><name>wheat_head</name><pose>Unspecified</pose><truncated>0</truncated><difficult>0</difficult><robndbox><cx>955.7577</cx><cy>164.7913</cy><w>99.4141</w><h>37.3255</h><angle>0.415285</angle></robndbox></object><object><type>robndbox</type><name>wheat_head</name><pose>Unspecified</pose><truncated>0</truncated><difficult>0</difficult><robndbox><cx>153.1674</cx><cy>546.4858</cy><w>173.8453</w><h>32.2749</h><angle>0.008813</angle></robndbox></object><object><type>robndbox</type><name>wheat_head</name><pose>Unspecified</pose><truncated>0</truncated><difficult>0</difficult><robndbox><cx>414.0228</cx><cy>516.2779</cy><w>103.7433</w><h>29.2081</h><angle>0.111887</angle></robndbox></object><object><type>robndbox</type><name>wheat_head</name><pose>Unspecified</pose><truncated>0</truncated><difficult>0</difficult><robndbox><cx>597.3351</cx><cy>1001.3719</cy><w>39.9251</w><h>28.6679</h><angle>0.35118</angle></robndbox></object><object><type>robndbox</type><name>wheat_head</name><pose>Unspecified</pose><truncated>0</truncated><difficult>0</difficult><robndbox><cx>158.8337</cx><cy>200.9104</cy><w>187.146</w><h>32.5875</h><angle>0.081515</angle></robndbox></object><object><type>robndbox</type><name>wheat_head</name><pose>Unspecified</pose><truncated>0</truncated><difficult>0</difficult><robndbox><cx>30.0111</cx><cy>496.1671</cy><w>56.7962</w><h>31.2915</h><angle>0.461319</angle></robndbox></object><object><type>robndbox</type><name>wheat_head</name><pose>Unspecified</pose><truncated>0</truncated><difficult>0</difficult><robndbox><cx>235.9299</cx><cy>28.4626</cy><w>142.9464</w><h>28.2471</h><angle>0.19167</angle></robndbox></object><object><type>robndbox</type><name>wheat_head</name><pose>Unspecified</pose><truncated>0</truncated><difficult>0</difficult><robndbox><cx>879.7177</cx><cy>80.678</cy><w>157.6906</w><h>34.3872</h><angle>1.149269</angle></robndbox></object><object><type>robndbox</type><name>wheat_head</name><pose>Unspecified</pose><truncated>0</truncated><difficult>0</difficult><robndbox><cx>448.4135</cx><cy>360.9555</cy><w>133.3895</w><h>27.0711</h><angle>0.286385</angle></robndbox></object><object><type>robndbox</type><name>wheat_head</name><pose>Unspecified</pose><truncated>0</truncated><difficult>0</difficult><robndbox><cx>794.5678</cx><cy>995.283</cy><w>59.8231</w><h>33.1479</h><angle>0.411966</angle></robndbox></object><object><type>robndbox</type><name>wheat_head</name><pose>Unspecified</pose><truncated>0</truncated><difficult>0</difficult><robndbox><cx>91.3056</cx><cy>985.8352</cy><w>105.1306</w><h>35.6362</h><angle>0.510775</angle></robndbox></object><object><type>robndbox</type><name>wheat_head</name><pose>Unspecified</pose><truncated>0</truncated><difficult>0</difficult><robndbox><cx>610.9588</cx><cy>740.6271</cy><w>139.1452</w><h>28.653</h><angle>0.640294</angle></robndbox></object><object><type>robndbox</type><name>wheat_head</name><pose>Unspecified</pose><truncated>0</truncated><difficult>0</difficult><robndbox><cx>246.7391</cx><cy>414.4426</cy><w>137.4487</w><h>34.1802</h><angle>0.836913</angle></robndbox></object><object><type>robndbox</type><name>wheat_head</name><pose>Unspecified</pose><truncated>0</truncated><difficult>0</difficult><robndbox><cx>975.2092</cx><cy>443.7205</cy><w>83.8992</w><h>37.1136</h><angle>0.12148</angle></robndbox></object><object><type>robndbox</type><name>wheat_head</name><pose>Unspecified</pose><truncated>0</truncated><difficult>0</difficult><robndbox><cx>918.175</cx><cy>400.1428</cy><w>68.0549</w><h>27.605</h><angle>1.16938</angle></robndbox></object><object><type>robndbox</type><name>wheat_head</name><pose>Unspecified</pose><truncated>0</truncated><difficult>0</difficult><robndbox><cx>32.5746</cx><cy>738.7012</cy><w>53.8775</w><h>34.1183</h><angle>0.324764</angle></robndbox></object><object><type>robndbox</type><name>wheat_head</name><pose>Unspecified</pose><truncated>0</truncated><difficult>0</difficult><robndbox><cx>78.5882</cx><cy>654.0209</cy><w>135.6487</w><h>25.0058</h><angle>0.062245</angle></robndbox></object><object><type>robndbox</type><name>wheat_head</name><pose>Unspecified</pose><truncated>0</truncated><difficult>0</difficult><robndbox><cx>422.3265</cx><cy>478.7879</cy><w>58.3403</w><h>20.369</h><angle>0.789538</angle></robndbox></object><object><type>robndbox</type><name>wheat_head</name><pose>Unspecified</pose><truncated>0</truncated><difficult>0</difficult><robndbox><cx>752.3203</cx><cy>436.6092</cy><w>95.9493</w><h>23.9897</h><angle>0.94125</angle></robndbox></object><object><type>robndbox</type><name>wheat_head</name><pose>Unspecified</pose><truncated>0</truncated><difficult>0</difficult><robndbox><cx>480.4701</cx><cy>216.9166</cy><w>131.1135</w><h>24.9321</h><angle>0.082914</angle></robndbox></object><object><type>robndbox</type><name>wheat_head</name><pose>Unspecified</pose><truncated>0</truncated><difficult>0</difficult><robndbox><cx>514.6304</cx><cy>537.9743</cy><w>126.8535</w><h>28.6482</h><angle>3.005314</angle></robndbox></object><object><type>robndbox</type><name>wheat_head</name><pose>Unspecified</pose><truncated>0</truncated><difficult>0</difficult><robndbox><cx>146.388</cx><cy>46.8367</cy><w>117.6006</w><h>34.2824</h><angle>0.922807</angle></robndbox></object><object><type>robndbox</type><name>wheat_head</name><pose>Unspecified</pose><truncated>0</truncated><difficult>0</difficult><robndbox><cx>351.7825</cx><cy>605.6323</cy><w>228.7776</w><h>25.8387</h><angle>0.154724</angle></robndbox></object><object><type>robndbox</type><name>wheat_head</name><pose>Unspecified</pose><truncated>0</truncated><difficult>0</difficult><robndbox><cx>47.5066</cx><cy>926.3176</cy><w>96.1961</w><h>33.6605</h><angle>2.44617</angle></robndbox></object><object><type>robndbox</type><name>wheat_head</name><pose>Unspecified</pose><truncated>0</truncated><difficult>0</difficult><robndbox><cx>413.1498</cx><cy>134.9363</cy><w>49.2256</w><h>25.14</h><angle>0.293899</angle></robndbox></object><object><type>robndbox</type><name>wheat_head</name><pose>Unspecified</pose><truncated>0</truncated><difficult>0</difficult><robndbox><cx>11.9933</cx><cy>857.0598</cy><w>55.944</w><h>19.9647</h><angle>1.330008</angle></robndbox></object><object><type>robndbox</type><name>wheat_head</name><pose>Unspecified</pose><truncated>0</truncated><difficult>0</difficult><robndbox><cx>838.6975</cx><cy>466.4748</cy><w>80.8584</w><h>29.1512</h><angle>0.331185</angle></robndbox></object><object><type>robndbox</type><name>wheat_head</name><pose>Unspecified</pose><truncated>0</truncated><difficult>0</difficult><robndbox><cx>353.0207</cx><cy>327.2918</cy><w>243.9625</w><h>66.9641</h><angle>1.085768</angle></robndbox></object><object><type>robndbox</type><name>wheat_head</name><pose>Unspecified</pose><truncated>0</truncated><difficult>0</difficult><robndbox><cx>493.1367</cx><cy>13.5494</cy><w>42.1228</w><h>27.2688</h><angle>0.502129</angle></robndbox></object><object><type>robndbox</type><name>wheat_head</name><pose>Unspecified</pose><truncated>0</truncated><difficult>0</difficult><robndbox><cx>696.4189</cx><cy>999.5858</cy><w>55.9058</w><h>30.7151</h><angle>0.428537</angle></robndbox></object><object><type>robndbox</type><name>wheat_head</name><pose>Unspecified</pose><truncated>0</truncated><difficult>0</difficult><robndbox><cx>787.8162</cx><cy>246.0085</cy><w>186.9232</w><h>28.4294</h><angle>0.351321</angle></robndbox></object><object><type>robndbox</type><name>wheat_head</name><pose>Unspecified</pose><truncated>0</truncated><difficult>0</difficult><robndbox><cx>141.5</cx><cy>26.0</cy><w>53.0155</w><h>51.3311</h><angle>1.766838</angle></robndbox></object><object><type>robndbox</type><name>wheat_head</name><pose>Unspecified</pose><truncated>0</truncated><difficult>0</difficult><robndbox><cx>686.2054</cx><cy>182.7946</cy><w>73.2199</w><h>30.3236</h><angle>0.481612</angle></robndbox></object><object><type>robndbox</type><name>wheat_head</name><pose>Unspecified</pose><truncated>0</truncated><difficult>0</difficult><robndbox><cx>910.7462</cx><cy>73.7089</cy><w>50.8931</w><h>36.7038</h><angle>3.133474</angle></robndbox></object><object><type>robndbox</type><name>wheat_head</name><pose>Unspecified</pose><truncated>0</truncated><difficult>0</difficult><robndbox><cx>388.3537</cx><cy>224.5762</cy><w>209.3078</w><h>42.6648</h><angle>1.302309</angle></robndbox></object></annotation>