<annotation verified="no"><folder>images</folder><filename>2f03889ab</filename><path>/home/badhon/Documents/thesis/final_dataset/ethz_1/images/2f03889ab.jpg</path><source><database>Unknown</database></source><size><width>1024</width><height>1024</height><depth>3</depth></size><segmented>0</segmented><object><type>robndbox</type><name>wheat_head</name><pose>Unspecified</pose><truncated>0</truncated><difficult>0</difficult><robndbox><cx>499.3599</cx><cy>796.471</cy><w>115.939</w><h>33.7589</h><angle>1.150444</angle></robndbox></object><object><type>robndbox</type><name>wheat_head</name><pose>Unspecified</pose><truncated>0</truncated><difficult>0</difficult><robndbox><cx>548.4562</cx><cy>984.4384</cy><w>80.292</w><h>36.9335</h><angle>0.644166</angle></robndbox></object><object><type>robndbox</type><name>wheat_head</name><pose>Unspecified</pose><truncated>0</truncated><difficult>0</difficult><robndbox><cx>698.0551</cx><cy>437.3871</cy><w>95.1002</w><h>35.1754</h><angle>0.942906</angle></robndbox></object><object><type>robndbox</type><name>wheat_head</name><pose>Unspecified</pose><truncated>0</truncated><difficult>0</difficult><robndbox><cx>98.9647</cx><cy>288.0077</cy><w>116.2806</w><h>30.5558</h><angle>0.980434</angle></robndbox></object><object><type>robndbox</type><name>wheat_head</name><pose>Unspecified</pose><truncated>0</truncated><difficult>0</difficult><robndbox><cx>904.2317</cx><cy>723.6592</cy><w>148.8447</w><h>32.6218</h><angle>1.080442</angle></robndbox></object><object><type>robndbox</type><name>wheat_head</name><pose>Unspecified</pose><truncated>0</truncated><difficult>0</difficult><robndbox><cx>601.7292</cx><cy>303.5166</cy><w>64.5197</w><h>34.8593</h><angle>0.764219</angle></robndbox></object><object><type>robndbox</type><name>wheat_head</name><pose>Unspecified</pose><truncated>0</truncated><difficult>0</difficult><robndbox><cx>72.0754</cx><cy>83.1519</cy><w>119.113</w><h>30.9306</h><angle>0.911826</angle></robndbox></object><object><type>robndbox</type><name>wheat_head</name><pose>Unspecified</pose><truncated>0</truncated><difficult>0</difficult><robndbox><cx>779.5146</cx><cy>16.5199</cy><w>37.5916</w><h>23.3124</h><angle>1.413914</angle></robndbox></object><object><type>robndbox</type><name>wheat_head</name><pose>Unspecified</pose><truncated>0</truncated><difficult>0</difficult><robndbox><cx>545.873</cx><cy>148.4178</cy><w>147.4451</w><h>37.4909</h><angle>1.01817</angle></robndbox></object><object><type>robndbox</type><name>wheat_head</name><pose>Unspecified</pose><truncated>0</truncated><difficult>0</difficult><robndbox><cx>993.2656</cx><cy>778.9993</cy><w>79.3316</w><h>34.696</h><angle>1.433456</angle></robndbox></object><object><type>robndbox</type><name>wheat_head</name><pose>Unspecified</pose><truncated>0</truncated><difficult>0</difficult><robndbox><cx>835.2272</cx><cy>139.37</cy><w>110.113</w><h>33.2179</h><angle>1.024194</angle></robndbox></object><object><type>robndbox</type><name>wheat_head</name><pose>Unspecified</pose><truncated>0</truncated><difficult>0</difficult><robndbox><cx>485.9852</cx><cy>591.7518</cy><w>166.6379</w><h>37.245</h><angle>0.667747</angle></robndbox></object><object><type>robndbox</type><name>wheat_head</name><pose>Unspecified</pose><truncated>0</truncated><difficult>0</difficult><robndbox><cx>706.2263</cx><cy>195.0835</cy><w>113.1826</w><h>29.2025</h><angle>1.345089</angle></robndbox></object><object><type>robndbox</type><name>wheat_head</name><pose>Unspecified</pose><truncated>0</truncated><difficult>0</difficult><robndbox><cx>954.4209</cx><cy>702.0167</cy><w>92.8559</w><h>33.707</h><angle>0.477981</angle></robndbox></object><object><type>robndbox</type><name>wheat_head</name><pose>Unspecified</pose><truncated>0</truncated><difficult>0</difficult><robndbox><cx>302.6289</cx><cy>156.0324</cy><w>85.6737</w><h>32.4358</h><angle>0.556467</angle></robndbox></object><object><type>robndbox</type><name>wheat_head</name><pose>Unspecified</pose><truncated>0</truncated><difficult>0</difficult><robndbox><cx>287.5895</cx><cy>754.7456</cy><w>102.4214</w><h>40.3156</h><angle>0.531274</angle></robndbox></object><object><type>robndbox</type><name>wheat_head</name><pose>Unspecified</pose><truncated>0</truncated><difficult>0</difficult><robndbox><cx>909.7352</cx><cy>531.2234</cy><w>133.055</w><h>39.2282</h><angle>0.898634</angle></robndbox></object><object><type>robndbox</type><name>wheat_head</name><pose>Unspecified</pose><truncated>0</truncated><difficult>0</difficult><robndbox><cx>933.9066</cx><cy>476.644</cy><w>97.6135</w><h>36.301</h><angle>0.705518</angle></robndbox></object><object><type>robndbox</type><name>wheat_head</name><pose>Unspecified</pose><truncated>0</truncated><difficult>0</difficult><robndbox><cx>518.714</cx><cy>203.9422</cy><w>107.6654</w><h>31.7025</h><angle>0.367111</angle></robndbox></object><object><type>robndbox</type><name>wheat_head</name><pose>Unspecified</pose><truncated>0</truncated><difficult>0</difficult><robndbox><cx>608.2731</cx><cy>830.353</cy><w>104.9687</w><h>33.9342</h><angle>0.580131</angle></robndbox></object><object><type>robndbox</type><name>wheat_head</name><pose>Unspecified</pose><truncated>0</truncated><difficult>0</difficult><robndbox><cx>214.0953</cx><cy>208.3891</cy><w>89.4223</w><h>32.7118</h><angle>0.428569</angle></robndbox></object><object><type>robndbox</type><name>wheat_head</name><pose>Unspecified</pose><truncated>0</truncated><difficult>0</difficult><robndbox><cx>734.4408</cx><cy>648.908</cy><w>51.386</w><h>30.7289</h><angle>0.675282</angle></robndbox></object><object><type>robndbox</type><name>wheat_head</name><pose>Unspecified</pose><truncated>0</truncated><difficult>0</difficult><robndbox><cx>873.223</cx><cy>894.6924</cy><w>52.22</w><h>39.9372</h><angle>0.070608</angle></robndbox></object><object><type>robndbox</type><name>wheat_head</name><pose>Unspecified</pose><truncated>0</truncated><difficult>0</difficult><robndbox><cx>798.8292</cx><cy>213.1144</cy><w>141.0643</w><h>31.0558</h><angle>0.673739</angle></robndbox></object><object><type>robndbox</type><name>wheat_head</name><pose>Unspecified</pose><truncated>0</truncated><difficult>0</difficult><robndbox><cx>265.1508</cx><cy>565.8109</cy><w>147.162</w><h>33.2401</h><angle>0.663625</angle></robndbox></object><object><type>robndbox</type><name>wheat_head</name><pose>Unspecified</pose><truncated>0</truncated><difficult>0</difficult><robndbox><cx>831.2617</cx><cy>302.9598</cy><w>80.1552</w><h>37.8081</h><angle>0.923202</angle></robndbox></object><object><type>robndbox</type><name>wheat_head</name><pose>Unspecified</pose><truncated>0</truncated><difficult>0</difficult><robndbox><cx>884.6232</cx><cy>18.6639</cy><w>60.0014</w><h>27.6661</h><angle>0.619948</angle></robndbox></object><object><type>robndbox</type><name>wheat_head</name><pose>Unspecified</pose><truncated>0</truncated><difficult>0</difficult><robndbox><cx>174.6259</cx><cy>703.2462</cy><w>65.6918</w><h>29.8655</h><angle>0.587028</angle></robndbox></object><object><type>robndbox</type><name>wheat_head</name><pose>Unspecified</pose><truncated>0</truncated><difficult>0</difficult><robndbox><cx>409.6214</cx><cy>750.2044</cy><w>123.8</w><h>40.545</h><angle>0.633733</angle></robndbox></object><object><type>robndbox</type><name>wheat_head</name><pose>Unspecified</pose><truncated>0</truncated><difficult>0</difficult><robndbox><cx>782.4485</cx><cy>465.6887</cy><w>91.1294</w><h>40.2656</h><angle>0.962702</angle></robndbox></object><object><type>robndbox</type><name>wheat_head</name><pose>Unspecified</pose><truncated>0</truncated><difficult>0</difficult><robndbox><cx>643.1026</cx><cy>610.7831</cy><w>111.3294</w><h>32.4396</h><angle>0.730126</angle></robndbox></object><object><type>robndbox</type><name>wheat_head</name><pose>Unspecified</pose><truncated>0</truncated><difficult>0</difficult><robndbox><cx>298.8046</cx><cy>802.5441</cy><w>58.4524</w><h>32.8326</h><angle>0.759978</angle></robndbox></object><object><type>robndbox</type><name>wheat_head</name><pose>Unspecified</pose><truncated>0</truncated><difficult>0</difficult><robndbox><cx>442.7821</cx><cy>931.2756</cy><w>67.7192</w><h>34.6386</h><angle>0.270939</angle></robndbox></object><object><type>robndbox</type><name>wheat_head</name><pose>Unspecified</pose><truncated>0</truncated><difficult>0</difficult><robndbox><cx>651.602</cx><cy>804.0955</cy><w>97.2058</w><h>35.6705</h><angle>0.559813</angle></robndbox></object><object><type>robndbox</type><name>wheat_head</name><pose>Unspecified</pose><truncated>0</truncated><difficult>0</difficult><robndbox><cx>222.8344</cx><cy>648.929</cy><w>69.4087</w><h>29.4216</h><angle>1.022805</angle></robndbox></object><object><type>robndbox</type><name>wheat_head</name><pose>Unspecified</pose><truncated>0</truncated><difficult>0</difficult><robndbox><cx>71.5687</cx><cy>328.5445</cy><w>74.3241</w><h>26.9125</h><angle>0.742475</angle></robndbox></object><object><type>robndbox</type><name>wheat_head</name><pose>Unspecified</pose><truncated>0</truncated><difficult>0</difficult><robndbox><cx>529.0631</cx><cy>467.3276</cy><w>161.8907</w><h>38.518</h><angle>1.043149</angle></robndbox></object><object><type>robndbox</type><name>wheat_head</name><pose>Unspecified</pose><truncated>0</truncated><difficult>0</difficult><robndbox><cx>905.0123</cx><cy>774.7353</cy><w>59.1053</w><h>27.1277</h><angle>0.141657</angle></robndbox></object><object><type>robndbox</type><name>wheat_head</name><pose>Unspecified</pose><truncated>0</truncated><difficult>0</difficult><robndbox><cx>853.1588</cx><cy>849.1292</cy><w>62.2777</w><h>32.6768</h><angle>2.772094</angle></robndbox></object><object><type>robndbox</type><name>wheat_head</name><pose>Unspecified</pose><truncated>0</truncated><difficult>0</difficult><robndbox><cx>235.9157</cx><cy>345.1899</cy><w>81.6896</w><h>31.0346</h><angle>0.325827</angle></robndbox></object><object><type>robndbox</type><name>wheat_head</name><pose>Unspecified</pose><truncated>0</truncated><difficult>0</difficult><robndbox><cx>162.6349</cx><cy>969.6257</cy><w>80.0805</w><h>40.0468</h><angle>0.390137</angle></robndbox></object><object><type>robndbox</type><name>wheat_head</name><pose>Unspecified</pose><truncated>0</truncated><difficult>0</difficult><robndbox><cx>243.6241</cx><cy>915.2972</cy><w>155.3387</w><h>32.4823</h><angle>3.069311</angle></robndbox></object><object><type>robndbox</type><name>wheat_head</name><pose>Unspecified</pose><truncated>0</truncated><difficult>0</difficult><robndbox><cx>784.6074</cx><cy>880.1902</cy><w>54.6949</w><h>32.6431</h><angle>1.987622</angle></robndbox></object><object><type>robndbox</type><name>wheat_head</name><pose>Unspecified</pose><truncated>0</truncated><difficult>0</difficult><robndbox><cx>855.5786</cx><cy>958.5805</cy><w>45.0441</w><h>16.369</h><angle>0.137237</angle></robndbox></object><object><type>robndbox</type><name>wheat_head</name><pose>Unspecified</pose><truncated>0</truncated><difficult>0</difficult><robndbox><cx>83.1763</cx><cy>153.5922</cy><w>160.2208</w><h>38.2529</h><angle>0.025679</angle></robndbox></object><object><type>robndbox</type><name>wheat_head</name><pose>Unspecified</pose><truncated>0</truncated><difficult>0</difficult><robndbox><cx>234.8182</cx><cy>267.072</cy><w>59.1337</w><h>30.4444</h><angle>0.995265</angle></robndbox></object><object><type>robndbox</type><name>wheat_head</name><pose>Unspecified</pose><truncated>0</truncated><difficult>0</difficult><robndbox><cx>170.1667</cx><cy>603.8686</cy><w>156.8314</w><h>37.8497</h><angle>2.887485</angle></robndbox></object><object><type>robndbox</type><name>wheat_head</name><pose>Unspecified</pose><truncated>0</truncated><difficult>0</difficult><robndbox><cx>532.8629</cx><cy>889.715</cy><w>98.9131</w><h>41.1028</h><angle>0.334869</angle></robndbox></object><object><type>robndbox</type><name>wheat_head</name><pose>Unspecified</pose><truncated>0</truncated><difficult>0</difficult><robndbox><cx>356.2012</cx><cy>622.4991</cy><w>122.9634</w><h>34.3091</h><angle>0.521403</angle></robndbox></object><object><type>robndbox</type><name>wheat_head</name><pose>Unspecified</pose><truncated>0</truncated><difficult>0</difficult><robndbox><cx>763.7231</cx><cy>507.8894</cy><w>47.542</w><h>36.6036</h><angle>2.946056</angle></robndbox></object><object><type>robndbox</type><name>wheat_head</name><pose>Unspecified</pose><truncated>0</truncated><difficult>0</difficult><robndbox><cx>821.2759</cx><cy>636.3815</cy><w>140.1688</w><h>38.7269</h><angle>0.029004</angle></robndbox></object><object><type>robndbox</type><name>wheat_head</name><pose>Unspecified</pose><truncated>0</truncated><difficult>0</difficult><robndbox><cx>60.5855</cx><cy>945.9594</cy><w>48.3016</w><h>17.5715</h><angle>0.233158</angle></robndbox></object><object><type>robndbox</type><name>wheat_head</name><pose>Unspecified</pose><truncated>0</truncated><difficult>0</difficult><robndbox><cx>22.5143</cx><cy>280.1825</cy><w>43.6295</w><h>32.527</h><angle>0.203247</angle></robndbox></object><object><type>robndbox</type><name>wheat_head</name><pose>Unspecified</pose><truncated>0</truncated><difficult>0</difficult><robndbox><cx>371.4359</cx><cy>968.0656</cy><w>92.8452</w><h>38.5438</h><angle>2.974383</angle></robndbox></object><object><type>robndbox</type><name>wheat_head</name><pose>Unspecified</pose><truncated>0</truncated><difficult>0</difficult><robndbox><cx>85.6421</cx><cy>904.3666</cy><w>113.4929</w><h>40.9376</h><angle>0.208079</angle></robndbox></object><object><type>robndbox</type><name>wheat_head</name><pose>Unspecified</pose><truncated>0</truncated><difficult>0</difficult><robndbox><cx>852.0596</cx><cy>930.9382</cy><w>75.8824</w><h>40.3023</h><angle>0.166946</angle></robndbox></object><object><type>robndbox</type><name>wheat_head</name><pose>Unspecified</pose><truncated>0</truncated><difficult>0</difficult><robndbox><cx>532.8629</cx><cy>889.715</cy><w>98.9131</w><h>41.1028</h><angle>0.334869</angle></robndbox></object><object><type>robndbox</type><name>wheat_head</name><pose>Unspecified</pose><truncated>0</truncated><difficult>0</difficult><robndbox><cx>265.5212</cx><cy>697.4016</cy><w>50.9103</w><h>29.1014</h><angle>1.014772</angle></robndbox></object><object><type>robndbox</type><name>wheat_head</name><pose>Unspecified</pose><truncated>0</truncated><difficult>0</difficult><robndbox><cx>988.099</cx><cy>974.0278</cy><w>46.156</w><h>43.6517</h><angle>0.994637</angle></robndbox></object><object><type>robndbox</type><name>wheat_head</name><pose>Unspecified</pose><truncated>0</truncated><difficult>0</difficult><robndbox><cx>963.9745</cx><cy>926.0392</cy><w>72.0629</w><h>31.5605</h><angle>0.555243</angle></robndbox></object><object><type>robndbox</type><name>wheat_head</name><pose>Unspecified</pose><truncated>0</truncated><difficult>0</difficult><robndbox><cx>993.2656</cx><cy>778.9993</cy><w>79.3316</w><h>34.696</h><angle>1.433456</angle></robndbox></object><object><type>robndbox</type><name>wheat_head</name><pose>Unspecified</pose><truncated>0</truncated><difficult>0</difficult><robndbox><cx>702.6102</cx><cy>604.8071</cy><w>54.6114</w><h>36.8236</h><angle>3.139759</angle></robndbox></object><object><type>robndbox</type><name>wheat_head</name><pose>Unspecified</pose><truncated>0</truncated><difficult>0</difficult><robndbox><cx>783.9832</cx><cy>168.2142</cy><w>181.0249</w><h>37.8207</h><angle>0.660074</angle></robndbox></object></annotation>