<annotation verified="no"><folder>images</folder><filename>34b96b38e</filename><path>/home/badhon/Documents/thesis/final_dataset/ethz_1/images/34b96b38e.jpg</path><source><database>Unknown</database></source><size><width>1024</width><height>1024</height><depth>3</depth></size><segmented>0</segmented><object><type>robndbox</type><name>wheat_head</name><pose>Unspecified</pose><truncated>0</truncated><difficult>0</difficult><robndbox><cx>536.6676</cx><cy>803.8883</cy><w>97.5293</w><h>32.7523</h><angle>1.18752</angle></robndbox></object><object><type>robndbox</type><name>wheat_head</name><pose>Unspecified</pose><truncated>0</truncated><difficult>0</difficult><robndbox><cx>40.1602</cx><cy>155.1045</cy><w>85.7933</w><h>32.4929</h><angle>1.043113</angle></robndbox></object><object><type>robndbox</type><name>wheat_head</name><pose>Unspecified</pose><truncated>0</truncated><difficult>0</difficult><robndbox><cx>908.7273</cx><cy>192.3163</cy><w>102.6256</w><h>36.7497</h><angle>1.267817</angle></robndbox></object><object><type>robndbox</type><name>wheat_head</name><pose>Unspecified</pose><truncated>0</truncated><difficult>0</difficult><robndbox><cx>555.3192</cx><cy>558.2617</cy><w>69.3126</w><h>32.2939</h><angle>1.215898</angle></robndbox></object><object><type>robndbox</type><name>wheat_head</name><pose>Unspecified</pose><truncated>0</truncated><difficult>0</difficult><robndbox><cx>82.1268</cx><cy>726.5803</cy><w>84.8393</w><h>39.7036</h><angle>0.842805</angle></robndbox></object><object><type>robndbox</type><name>wheat_head</name><pose>Unspecified</pose><truncated>0</truncated><difficult>0</difficult><robndbox><cx>385.5147</cx><cy>409.5309</cy><w>112.8552</w><h>33.02</h><angle>0.934062</angle></robndbox></object><object><type>robndbox</type><name>wheat_head</name><pose>Unspecified</pose><truncated>0</truncated><difficult>0</difficult><robndbox><cx>282.4169</cx><cy>217.6054</cy><w>87.5538</w><h>34.6041</h><angle>0.68387</angle></robndbox></object><object><type>robndbox</type><name>wheat_head</name><pose>Unspecified</pose><truncated>0</truncated><difficult>0</difficult><robndbox><cx>66.4208</cx><cy>271.0698</cy><w>128.2641</w><h>36.165</h><angle>1.036611</angle></robndbox></object><object><type>robndbox</type><name>wheat_head</name><pose>Unspecified</pose><truncated>0</truncated><difficult>0</difficult><robndbox><cx>839.5876</cx><cy>541.7934</cy><w>80.796</w><h>29.7464</h><angle>1.165647</angle></robndbox></object><object><type>robndbox</type><name>wheat_head</name><pose>Unspecified</pose><truncated>0</truncated><difficult>0</difficult><robndbox><cx>420.9832</cx><cy>532.3758</cy><w>73.9962</w><h>29.8099</h><angle>1.021049</angle></robndbox></object><object><type>robndbox</type><name>wheat_head</name><pose>Unspecified</pose><truncated>0</truncated><difficult>0</difficult><robndbox><cx>345.2066</cx><cy>23.6262</cy><w>56.5038</w><h>33.9538</h><angle>0.626376</angle></robndbox></object><object><type>robndbox</type><name>wheat_head</name><pose>Unspecified</pose><truncated>0</truncated><difficult>0</difficult><robndbox><cx>610.1985</cx><cy>366.8835</cy><w>65.3559</w><h>31.0724</h><angle>0.915817</angle></robndbox></object><object><type>robndbox</type><name>wheat_head</name><pose>Unspecified</pose><truncated>0</truncated><difficult>0</difficult><robndbox><cx>340.9821</cx><cy>120.0027</cy><w>90.6127</w><h>23.0998</h><angle>1.560469</angle></robndbox></object><object><type>robndbox</type><name>wheat_head</name><pose>Unspecified</pose><truncated>0</truncated><difficult>0</difficult><robndbox><cx>544.2075</cx><cy>238.6965</cy><w>87.867</w><h>34.4354</h><angle>1.284009</angle></robndbox></object><object><type>robndbox</type><name>wheat_head</name><pose>Unspecified</pose><truncated>0</truncated><difficult>0</difficult><robndbox><cx>454.9704</cx><cy>891.0671</cy><w>108.1729</w><h>38.4004</h><angle>0.648673</angle></robndbox></object><object><type>robndbox</type><name>wheat_head</name><pose>Unspecified</pose><truncated>0</truncated><difficult>0</difficult><robndbox><cx>48.2194</cx><cy>517.7297</cy><w>91.9828</w><h>25.9853</h><angle>1.367027</angle></robndbox></object><object><type>robndbox</type><name>wheat_head</name><pose>Unspecified</pose><truncated>0</truncated><difficult>0</difficult><robndbox><cx>675.9703</cx><cy>554.97</cy><w>68.7324</w><h>28.7552</h><angle>1.324033</angle></robndbox></object><object><type>robndbox</type><name>wheat_head</name><pose>Unspecified</pose><truncated>0</truncated><difficult>0</difficult><robndbox><cx>555.3536</cx><cy>482.6286</cy><w>81.0007</w><h>35.5882</h><angle>1.171036</angle></robndbox></object><object><type>robndbox</type><name>wheat_head</name><pose>Unspecified</pose><truncated>0</truncated><difficult>0</difficult><robndbox><cx>256.4543</cx><cy>417.3415</cy><w>136.9687</w><h>39.9082</h><angle>0.638071</angle></robndbox></object><object><type>robndbox</type><name>wheat_head</name><pose>Unspecified</pose><truncated>0</truncated><difficult>0</difficult><robndbox><cx>53.4042</cx><cy>857.5084</cy><w>103.42</w><h>35.2019</h><angle>0.659552</angle></robndbox></object><object><type>robndbox</type><name>wheat_head</name><pose>Unspecified</pose><truncated>0</truncated><difficult>0</difficult><robndbox><cx>770.6496</cx><cy>57.6249</cy><w>58.1223</w><h>25.6699</h><angle>1.185631</angle></robndbox></object><object><type>robndbox</type><name>wheat_head</name><pose>Unspecified</pose><truncated>0</truncated><difficult>0</difficult><robndbox><cx>781.8101</cx><cy>605.8078</cy><w>72.5258</w><h>24.7217</h><angle>1.562546</angle></robndbox></object><object><type>robndbox</type><name>wheat_head</name><pose>Unspecified</pose><truncated>0</truncated><difficult>0</difficult><robndbox><cx>868.3629</cx><cy>511.7084</cy><w>82.6673</w><h>30.3675</h><angle>1.259071</angle></robndbox></object><object><type>robndbox</type><name>wheat_head</name><pose>Unspecified</pose><truncated>0</truncated><difficult>0</difficult><robndbox><cx>468.2158</cx><cy>316.7878</cy><w>54.5827</w><h>30.6173</h><angle>1.073915</angle></robndbox></object><object><type>robndbox</type><name>wheat_head</name><pose>Unspecified</pose><truncated>0</truncated><difficult>0</difficult><robndbox><cx>118.6088</cx><cy>922.4398</cy><w>73.5855</w><h>36.8185</h><angle>0.618885</angle></robndbox></object><object><type>robndbox</type><name>wheat_head</name><pose>Unspecified</pose><truncated>0</truncated><difficult>0</difficult><robndbox><cx>786.0983</cx><cy>323.1505</cy><w>65.8477</w><h>24.3136</h><angle>1.335703</angle></robndbox></object><object><type>robndbox</type><name>wheat_head</name><pose>Unspecified</pose><truncated>0</truncated><difficult>0</difficult><robndbox><cx>56.3768</cx><cy>24.3508</cy><w>60.7074</w><h>35.6112</h><angle>1.292479</angle></robndbox></object><object><type>robndbox</type><name>wheat_head</name><pose>Unspecified</pose><truncated>0</truncated><difficult>0</difficult><robndbox><cx>420.7367</cx><cy>131.3</cy><w>78.1055</w><h>30.5484</h><angle>0.648487</angle></robndbox></object><object><type>robndbox</type><name>wheat_head</name><pose>Unspecified</pose><truncated>0</truncated><difficult>0</difficult><robndbox><cx>406.2279</cx><cy>579.4224</cy><w>68.1991</w><h>24.1518</h><angle>1.050967</angle></robndbox></object><object><type>robndbox</type><name>wheat_head</name><pose>Unspecified</pose><truncated>0</truncated><difficult>0</difficult><robndbox><cx>616.0534</cx><cy>773.2703</cy><w>87.2857</w><h>37.0861</h><angle>0.903129</angle></robndbox></object><object><type>robndbox</type><name>wheat_head</name><pose>Unspecified</pose><truncated>0</truncated><difficult>0</difficult><robndbox><cx>821.7387</cx><cy>463.524</cy><w>87.1362</w><h>24.7305</h><angle>1.445869</angle></robndbox></object><object><type>robndbox</type><name>wheat_head</name><pose>Unspecified</pose><truncated>0</truncated><difficult>0</difficult><robndbox><cx>735.4839</cx><cy>587.0226</cy><w>68.2451</w><h>28.1552</h><angle>1.213256</angle></robndbox></object><object><type>robndbox</type><name>wheat_head</name><pose>Unspecified</pose><truncated>0</truncated><difficult>0</difficult><robndbox><cx>132.1562</cx><cy>631.1328</cy><w>41.1159</w><h>29.8612</h><angle>1.087241</angle></robndbox></object><object><type>robndbox</type><name>wheat_head</name><pose>Unspecified</pose><truncated>0</truncated><difficult>0</difficult><robndbox><cx>795.4766</cx><cy>26.0195</cy><w>55.3992</w><h>31.0279</h><angle>1.389036</angle></robndbox></object><object><type>robndbox</type><name>wheat_head</name><pose>Unspecified</pose><truncated>0</truncated><difficult>0</difficult><robndbox><cx>761.1205</cx><cy>852.4788</cy><w>52.5456</w><h>30.5795</h><angle>0.978436</angle></robndbox></object><object><type>robndbox</type><name>wheat_head</name><pose>Unspecified</pose><truncated>0</truncated><difficult>0</difficult><robndbox><cx>991.7634</cx><cy>261.3623</cy><w>48.203</w><h>33.3951</h><angle>1.083175</angle></robndbox></object><object><type>robndbox</type><name>wheat_head</name><pose>Unspecified</pose><truncated>0</truncated><difficult>0</difficult><robndbox><cx>112.8244</cx><cy>161.5206</cy><w>91.8907</w><h>36.4739</h><angle>0.569755</angle></robndbox></object><object><type>robndbox</type><name>wheat_head</name><pose>Unspecified</pose><truncated>0</truncated><difficult>0</difficult><robndbox><cx>615.1838</cx><cy>984.5223</cy><w>42.0611</w><h>25.7158</h><angle>1.33203</angle></robndbox></object><object><type>robndbox</type><name>wheat_head</name><pose>Unspecified</pose><truncated>0</truncated><difficult>0</difficult><robndbox><cx>694.309</cx><cy>438.4353</cy><w>114.2489</w><h>23.5198</h><angle>1.504907</angle></robndbox></object><object><type>robndbox</type><name>wheat_head</name><pose>Unspecified</pose><truncated>0</truncated><difficult>0</difficult><robndbox><cx>741.6503</cx><cy>467.2115</cy><w>44.3563</w><h>27.4951</h><angle>1.235058</angle></robndbox></object><object><type>robndbox</type><name>wheat_head</name><pose>Unspecified</pose><truncated>0</truncated><difficult>0</difficult><robndbox><cx>61.8312</cx><cy>484.0869</cy><w>134.0428</w><h>30.3451</h><angle>0.917027</angle></robndbox></object><object><type>robndbox</type><name>wheat_head</name><pose>Unspecified</pose><truncated>0</truncated><difficult>0</difficult><robndbox><cx>38.3287</cx><cy>656.7671</cy><w>48.5498</w><h>30.4322</h><angle>0.84659</angle></robndbox></object><object><type>robndbox</type><name>wheat_head</name><pose>Unspecified</pose><truncated>0</truncated><difficult>0</difficult><robndbox><cx>512.0657</cx><cy>14.6874</cy><w>35.7497</w><h>31.4058</h><angle>1.208265</angle></robndbox></object><object><type>robndbox</type><name>wheat_head</name><pose>Unspecified</pose><truncated>0</truncated><difficult>0</difficult><robndbox><cx>472.9729</cx><cy>565.9816</cy><w>50.3516</w><h>34.6641</h><angle>0.563068</angle></robndbox></object><object><type>robndbox</type><name>wheat_head</name><pose>Unspecified</pose><truncated>0</truncated><difficult>0</difficult><robndbox><cx>35.7458</cx><cy>321.3979</cy><w>46.5746</w><h>34.829</h><angle>0.543842</angle></robndbox></object><object><type>robndbox</type><name>wheat_head</name><pose>Unspecified</pose><truncated>0</truncated><difficult>0</difficult><robndbox><cx>521.3625</cx><cy>712.1906</cy><w>85.6665</w><h>30.6497</h><angle>0.241429</angle></robndbox></object><object><type>robndbox</type><name>wheat_head</name><pose>Unspecified</pose><truncated>0</truncated><difficult>0</difficult><robndbox><cx>368.9769</cx><cy>581.2654</cy><w>56.9059</w><h>28.1927</h><angle>0.209982</angle></robndbox></object><object><type>robndbox</type><name>wheat_head</name><pose>Unspecified</pose><truncated>0</truncated><difficult>0</difficult><robndbox><cx>1002.3561</cx><cy>912.9135</cy><w>37.5155</w><h>31.5021</h><angle>0.361417</angle></robndbox></object><object><type>robndbox</type><name>wheat_head</name><pose>Unspecified</pose><truncated>0</truncated><difficult>0</difficult><robndbox><cx>29.1205</cx><cy>1009.2901</cy><w>46.7371</w><h>27.0914</h><angle>3.134551</angle></robndbox></object><object><type>robndbox</type><name>wheat_head</name><pose>Unspecified</pose><truncated>0</truncated><difficult>0</difficult><robndbox><cx>470.114</cx><cy>197.5945</cy><w>99.2616</w><h>29.1014</h><angle>1.248487</angle></robndbox></object><object><type>robndbox</type><name>wheat_head</name><pose>Unspecified</pose><truncated>0</truncated><difficult>0</difficult><robndbox><cx>859.1085</cx><cy>16.0684</cy><w>36.7302</w><h>25.5635</h><angle>0.079174</angle></robndbox></object><object><type>robndbox</type><name>wheat_head</name><pose>Unspecified</pose><truncated>0</truncated><difficult>0</difficult><robndbox><cx>555.7805</cx><cy>750.7915</cy><w>44.6617</w><h>26.2288</h><angle>2.895098</angle></robndbox></object><object><type>robndbox</type><name>wheat_head</name><pose>Unspecified</pose><truncated>0</truncated><difficult>0</difficult><robndbox><cx>392.5</cx><cy>620.5</cy><w>39.8121</w><h>39.2447</h><angle>1.459075</angle></robndbox></object><object><type>robndbox</type><name>wheat_head</name><pose>Unspecified</pose><truncated>0</truncated><difficult>0</difficult><robndbox><cx>848.7256</cx><cy>386.6894</cy><w>88.2127</w><h>37.1409</h><angle>1.041254</angle></robndbox></object><object><type>robndbox</type><name>wheat_head</name><pose>Unspecified</pose><truncated>0</truncated><difficult>0</difficult><robndbox><cx>148.8412</cx><cy>217.6873</cy><w>56.068</w><h>36.2492</h><angle>0.973049</angle></robndbox></object><object><type>robndbox</type><name>wheat_head</name><pose>Unspecified</pose><truncated>0</truncated><difficult>0</difficult><robndbox><cx>38.155</cx><cy>926.0225</cy><w>91.3459</w><h>34.7692</h><angle>0.85492</angle></robndbox></object><object><type>robndbox</type><name>wheat_head</name><pose>Unspecified</pose><truncated>0</truncated><difficult>0</difficult><robndbox><cx>36.2846</cx><cy>962.8568</cy><w>51.6624</w><h>34.4868</h><angle>0.744325</angle></robndbox></object><object><type>robndbox</type><name>wheat_head</name><pose>Unspecified</pose><truncated>0</truncated><difficult>0</difficult><robndbox><cx>107.8414</cx><cy>356.3704</cy><w>94.1116</w><h>19.6644</h><angle>0.822974</angle></robndbox></object><object><type>robndbox</type><name>wheat_head</name><pose>Unspecified</pose><truncated>0</truncated><difficult>0</difficult><robndbox><cx>432.172</cx><cy>177.4655</cy><w>53.8145</w><h>22.4819</h><angle>0.732815</angle></robndbox></object></annotation>