<annotation verified="no"><folder>images</folder><filename>37191de77</filename><path>/home/badhon/Documents/thesis/final_dataset/ethz_1/images/37191de77.jpg</path><source><database>Unknown</database></source><size><width>1024</width><height>1024</height><depth>3</depth></size><segmented>0</segmented><object><type>robndbox</type><name>wheat_head</name><pose>Unspecified</pose><truncated>0</truncated><difficult>0</difficult><robndbox><cx>898.9107</cx><cy>924.1276</cy><w>100.0483</w><h>36.8266</h><angle>0.918632</angle></robndbox></object><object><type>robndbox</type><name>wheat_head</name><pose>Unspecified</pose><truncated>0</truncated><difficult>0</difficult><robndbox><cx>35.4789</cx><cy>139.0746</cy><w>77.7459</w><h>31.3464</h><angle>0.978939</angle></robndbox></object><object><type>robndbox</type><name>wheat_head</name><pose>Unspecified</pose><truncated>0</truncated><difficult>0</difficult><robndbox><cx>841.4155</cx><cy>734.3713</cy><w>120.7177</w><h>40.3702</h><angle>1.088213</angle></robndbox></object><object><type>robndbox</type><name>wheat_head</name><pose>Unspecified</pose><truncated>0</truncated><difficult>0</difficult><robndbox><cx>970.0156</cx><cy>757.8384</cy><w>64.1501</w><h>36.6624</h><angle>1.032913</angle></robndbox></object><object><type>robndbox</type><name>wheat_head</name><pose>Unspecified</pose><truncated>0</truncated><difficult>0</difficult><robndbox><cx>406.043</cx><cy>537.5795</cy><w>107.2549</w><h>41.9019</h><angle>0.722706</angle></robndbox></object><object><type>robndbox</type><name>wheat_head</name><pose>Unspecified</pose><truncated>0</truncated><difficult>0</difficult><robndbox><cx>740.9064</cx><cy>478.4241</cy><w>113.8968</w><h>37.6218</h><angle>0.91655</angle></robndbox></object><object><type>robndbox</type><name>wheat_head</name><pose>Unspecified</pose><truncated>0</truncated><difficult>0</difficult><robndbox><cx>40.0818</cx><cy>812.6041</cy><w>98.3367</w><h>33.1589</h><angle>0.865407</angle></robndbox></object><object><type>robndbox</type><name>wheat_head</name><pose>Unspecified</pose><truncated>0</truncated><difficult>0</difficult><robndbox><cx>437.4237</cx><cy>675.2548</cy><w>99.2926</w><h>37.3883</h><angle>0.706879</angle></robndbox></object><object><type>robndbox</type><name>wheat_head</name><pose>Unspecified</pose><truncated>0</truncated><difficult>0</difficult><robndbox><cx>485.4679</cx><cy>221.1459</cy><w>137.0752</w><h>40.381</h><angle>0.730163</angle></robndbox></object><object><type>robndbox</type><name>wheat_head</name><pose>Unspecified</pose><truncated>0</truncated><difficult>0</difficult><robndbox><cx>624.6264</cx><cy>848.8036</cy><w>80.1047</w><h>33.242</h><angle>0.822629</angle></robndbox></object><object><type>robndbox</type><name>wheat_head</name><pose>Unspecified</pose><truncated>0</truncated><difficult>0</difficult><robndbox><cx>924.2991</cx><cy>422.6695</cy><w>88.1732</w><h>37.7497</h><angle>1.134162</angle></robndbox></object><object><type>robndbox</type><name>wheat_head</name><pose>Unspecified</pose><truncated>0</truncated><difficult>0</difficult><robndbox><cx>924.2037</cx><cy>565.4999</cy><w>113.6549</w><h>41.3179</h><angle>1.065681</angle></robndbox></object><object><type>robndbox</type><name>wheat_head</name><pose>Unspecified</pose><truncated>0</truncated><difficult>0</difficult><robndbox><cx>273.0223</cx><cy>831.4889</cy><w>98.8817</w><h>42.5931</h><angle>0.536389</angle></robndbox></object><object><type>robndbox</type><name>wheat_head</name><pose>Unspecified</pose><truncated>0</truncated><difficult>0</difficult><robndbox><cx>55.2931</cx><cy>562.2595</cy><w>104.1066</w><h>35.5254</h><angle>0.703626</angle></robndbox></object><object><type>robndbox</type><name>wheat_head</name><pose>Unspecified</pose><truncated>0</truncated><difficult>0</difficult><robndbox><cx>79.447</cx><cy>679.685</cy><w>118.163</w><h>36.8281</h><angle>0.884573</angle></robndbox></object><object><type>robndbox</type><name>wheat_head</name><pose>Unspecified</pose><truncated>0</truncated><difficult>0</difficult><robndbox><cx>634.3503</cx><cy>917.3306</cy><w>88.5048</w><h>34.5651</h><angle>0.91826</angle></robndbox></object><object><type>robndbox</type><name>wheat_head</name><pose>Unspecified</pose><truncated>0</truncated><difficult>0</difficult><robndbox><cx>646.9051</cx><cy>554.4812</cy><w>80.9699</w><h>33.414</h><angle>1.469087</angle></robndbox></object><object><type>robndbox</type><name>wheat_head</name><pose>Unspecified</pose><truncated>0</truncated><difficult>0</difficult><robndbox><cx>995.3292</cx><cy>632.6549</cy><w>75.5749</w><h>32.9037</h><angle>1.434323</angle></robndbox></object><object><type>robndbox</type><name>wheat_head</name><pose>Unspecified</pose><truncated>0</truncated><difficult>0</difficult><robndbox><cx>636.1807</cx><cy>244.0523</cy><w>70.5899</w><h>35.5078</h><angle>1.202291</angle></robndbox></object><object><type>robndbox</type><name>wheat_head</name><pose>Unspecified</pose><truncated>0</truncated><difficult>0</difficult><robndbox><cx>805.084</cx><cy>278.655</cy><w>122.6103</w><h>40.9032</h><angle>0.907881</angle></robndbox></object><object><type>robndbox</type><name>wheat_head</name><pose>Unspecified</pose><truncated>0</truncated><difficult>0</difficult><robndbox><cx>180.2081</cx><cy>481.8895</cy><w>145.7719</w><h>43.3523</h><angle>1.021612</angle></robndbox></object><object><type>robndbox</type><name>wheat_head</name><pose>Unspecified</pose><truncated>0</truncated><difficult>0</difficult><robndbox><cx>582.7672</cx><cy>608.198</cy><w>91.1888</w><h>30.4828</h><angle>0.915507</angle></robndbox></object><object><type>robndbox</type><name>wheat_head</name><pose>Unspecified</pose><truncated>0</truncated><difficult>0</difficult><robndbox><cx>539.9146</cx><cy>76.0431</cy><w>112.4589</w><h>38.7824</h><angle>0.71329</angle></robndbox></object><object><type>robndbox</type><name>wheat_head</name><pose>Unspecified</pose><truncated>0</truncated><difficult>0</difficult><robndbox><cx>240.5662</cx><cy>706.6484</cy><w>123.6445</w><h>35.9677</h><angle>0.783627</angle></robndbox></object><object><type>robndbox</type><name>wheat_head</name><pose>Unspecified</pose><truncated>0</truncated><difficult>0</difficult><robndbox><cx>505.3798</cx><cy>122.5951</cy><w>110.1265</w><h>35.0299</h><angle>1.107615</angle></robndbox></object><object><type>robndbox</type><name>wheat_head</name><pose>Unspecified</pose><truncated>0</truncated><difficult>0</difficult><robndbox><cx>560.1751</cx><cy>992.1171</cy><w>69.9101</w><h>31.0421</h><angle>0.410729</angle></robndbox></object><object><type>robndbox</type><name>wheat_head</name><pose>Unspecified</pose><truncated>0</truncated><difficult>0</difficult><robndbox><cx>117.9364</cx><cy>994.1037</cy><w>64.4846</w><h>30.4188</h><angle>0.384034</angle></robndbox></object><object><type>robndbox</type><name>wheat_head</name><pose>Unspecified</pose><truncated>0</truncated><difficult>0</difficult><robndbox><cx>228.1067</cx><cy>327.2697</cy><w>133.1599</w><h>39.0078</h><angle>0.661258</angle></robndbox></object><object><type>robndbox</type><name>wheat_head</name><pose>Unspecified</pose><truncated>0</truncated><difficult>0</difficult><robndbox><cx>619.1843</cx><cy>38.95</cy><w>44.4454</w><h>25.8927</h><angle>0.928616</angle></robndbox></object><object><type>robndbox</type><name>wheat_head</name><pose>Unspecified</pose><truncated>0</truncated><difficult>0</difficult><robndbox><cx>250.4963</cx><cy>284.0281</cy><w>137.6846</w><h>28.3064</h><angle>0.722197</angle></robndbox></object><object><type>robndbox</type><name>wheat_head</name><pose>Unspecified</pose><truncated>0</truncated><difficult>0</difficult><robndbox><cx>832.6708</cx><cy>133.0494</cy><w>58.3396</w><h>31.6522</h><angle>0.379506</angle></robndbox></object><object><type>robndbox</type><name>wheat_head</name><pose>Unspecified</pose><truncated>0</truncated><difficult>0</difficult><robndbox><cx>814.0145</cx><cy>480.9859</cy><w>106.5031</w><h>28.2499</h><angle>0.76523</angle></robndbox></object><object><type>robndbox</type><name>wheat_head</name><pose>Unspecified</pose><truncated>0</truncated><difficult>0</difficult><robndbox><cx>581.8919</cx><cy>923.3999</cy><w>55.959</w><h>24.9984</h><angle>1.059779</angle></robndbox></object><object><type>robndbox</type><name>wheat_head</name><pose>Unspecified</pose><truncated>0</truncated><difficult>0</difficult><robndbox><cx>420.5325</cx><cy>15.9674</cy><w>63.9506</w><h>27.472</h><angle>0.25574</angle></robndbox></object><object><type>robndbox</type><name>wheat_head</name><pose>Unspecified</pose><truncated>0</truncated><difficult>0</difficult><robndbox><cx>576.1797</cx><cy>728.1202</cy><w>58.8404</w><h>27.2749</h><angle>0.686072</angle></robndbox></object><object><type>robndbox</type><name>wheat_head</name><pose>Unspecified</pose><truncated>0</truncated><difficult>0</difficult><robndbox><cx>779.4848</cx><cy>1005.0134</cy><w>45.7788</w><h>27.7519</h><angle>0.191888</angle></robndbox></object><object><type>robndbox</type><name>wheat_head</name><pose>Unspecified</pose><truncated>0</truncated><difficult>0</difficult><robndbox><cx>300.8803</cx><cy>12.8426</cy><w>47.0748</w><h>25.5005</h><angle>0.253634</angle></robndbox></object><object><type>robndbox</type><name>wheat_head</name><pose>Unspecified</pose><truncated>0</truncated><difficult>0</difficult><robndbox><cx>212.4731</cx><cy>991.7182</cy><w>96.9995</w><h>35.484</h><angle>0.299989</angle></robndbox></object><object><type>robndbox</type><name>wheat_head</name><pose>Unspecified</pose><truncated>0</truncated><difficult>0</difficult><robndbox><cx>400.2823</cx><cy>1006.6008</cy><w>56.959</w><h>27.4785</h><angle>0.095753</angle></robndbox></object><object><type>robndbox</type><name>wheat_head</name><pose>Unspecified</pose><truncated>0</truncated><difficult>0</difficult><robndbox><cx>361.4062</cx><cy>276.06</cy><w>80.4254</w><h>38.4249</h><angle>0.257689</angle></robndbox></object><object><type>robndbox</type><name>wheat_head</name><pose>Unspecified</pose><truncated>0</truncated><difficult>0</difficult><robndbox><cx>35.571</cx><cy>677.1396</cy><w>66.0159</w><h>33.8611</h><angle>0.524267</angle></robndbox></object><object><type>robndbox</type><name>wheat_head</name><pose>Unspecified</pose><truncated>0</truncated><difficult>0</difficult><robndbox><cx>183.6559</cx><cy>635.6618</cy><w>86.4247</w><h>28.2886</h><angle>0.361001</angle></robndbox></object><object><type>robndbox</type><name>wheat_head</name><pose>Unspecified</pose><truncated>0</truncated><difficult>0</difficult><robndbox><cx>520.6322</cx><cy>583.543</cy><w>56.621</w><h>39.1406</h><angle>0.635942</angle></robndbox></object><object><type>robndbox</type><name>wheat_head</name><pose>Unspecified</pose><truncated>0</truncated><difficult>0</difficult><robndbox><cx>99.0055</cx><cy>339.0179</cy><w>159.2079</w><h>42.7668</h><angle>0.646923</angle></robndbox></object><object><type>robndbox</type><name>wheat_head</name><pose>Unspecified</pose><truncated>0</truncated><difficult>0</difficult><robndbox><cx>23.5335</cx><cy>706.748</cy><w>41.5441</w><h>28.9365</h><angle>0.15343</angle></robndbox></object><object><type>robndbox</type><name>wheat_head</name><pose>Unspecified</pose><truncated>0</truncated><difficult>0</difficult><robndbox><cx>971.0429</cx><cy>943.9032</cy><w>62.2126</w><h>36.6891</h><angle>0.956854</angle></robndbox></object><object><type>robndbox</type><name>wheat_head</name><pose>Unspecified</pose><truncated>0</truncated><difficult>0</difficult><robndbox><cx>80.9581</cx><cy>42.8294</cy><w>154.7093</w><h>37.2021</h><angle>0.515108</angle></robndbox></object><object><type>robndbox</type><name>wheat_head</name><pose>Unspecified</pose><truncated>0</truncated><difficult>0</difficult><robndbox><cx>933.3408</cx><cy>1006.6886</cy><w>36.8593</w><h>25.976</h><angle>0.194905</angle></robndbox></object><object><type>robndbox</type><name>wheat_head</name><pose>Unspecified</pose><truncated>0</truncated><difficult>0</difficult><robndbox><cx>254.1905</cx><cy>206.0139</cy><w>132.9016</w><h>38.9895</h><angle>0.557922</angle></robndbox></object><object><type>robndbox</type><name>wheat_head</name><pose>Unspecified</pose><truncated>0</truncated><difficult>0</difficult><robndbox><cx>995.9622</cx><cy>1009.2631</cy><w>34.7941</w><h>25.9628</h><angle>3.097422</angle></robndbox></object><object><type>robndbox</type><name>wheat_head</name><pose>Unspecified</pose><truncated>0</truncated><difficult>0</difficult><robndbox><cx>228.2286</cx><cy>761.6977</cy><w>51.1866</w><h>28.0634</h><angle>0.557089</angle></robndbox></object><object><type>robndbox</type><name>wheat_head</name><pose>Unspecified</pose><truncated>0</truncated><difficult>0</difficult><robndbox><cx>167.6929</cx><cy>131.1937</cy><w>89.371</w><h>40.4083</h><angle>0.615605</angle></robndbox></object><object><type>robndbox</type><name>wheat_head</name><pose>Unspecified</pose><truncated>0</truncated><difficult>0</difficult><robndbox><cx>224.3454</cx><cy>12.6142</cy><w>61.433</w><h>23.4563</h><angle>0.173627</angle></robndbox></object><object><type>robndbox</type><name>wheat_head</name><pose>Unspecified</pose><truncated>0</truncated><difficult>0</difficult><robndbox><cx>841.5193</cx><cy>443.3224</cy><w>45.5248</w><h>29.26</h><angle>1.484357</angle></robndbox></object><object><type>robndbox</type><name>wheat_head</name><pose>Unspecified</pose><truncated>0</truncated><difficult>0</difficult><robndbox><cx>424.8707</cx><cy>206.2267</cy><w>50.6454</w><h>23.9755</h><angle>0.083502</angle></robndbox></object><object><type>robndbox</type><name>wheat_head</name><pose>Unspecified</pose><truncated>0</truncated><difficult>0</difficult><robndbox><cx>79.4463</cx><cy>637.3259</cy><w>106.6841</w><h>23.5953</h><angle>0.708161</angle></robndbox></object><object><type>robndbox</type><name>wheat_head</name><pose>Unspecified</pose><truncated>0</truncated><difficult>0</difficult><robndbox><cx>617.1844</cx><cy>710.3251</cy><w>77.8424</w><h>35.9189</h><angle>0.526215</angle></robndbox></object><object><type>robndbox</type><name>wheat_head</name><pose>Unspecified</pose><truncated>0</truncated><difficult>0</difficult><robndbox><cx>851.6685</cx><cy>203.4328</cy><w>84.2242</w><h>39.4023</h><angle>1.273642</angle></robndbox></object><object><type>robndbox</type><name>wheat_head</name><pose>Unspecified</pose><truncated>0</truncated><difficult>0</difficult><robndbox><cx>17.9453</cx><cy>857.275</cy><w>46.8732</w><h>27.5172</h><angle>1.116955</angle></robndbox></object><object><type>robndbox</type><name>wheat_head</name><pose>Unspecified</pose><truncated>0</truncated><difficult>0</difficult><robndbox><cx>71.0979</cx><cy>911.9267</cy><w>108.9842</w><h>34.3235</h><angle>0.640189</angle></robndbox></object><object><type>robndbox</type><name>wheat_head</name><pose>Unspecified</pose><truncated>0</truncated><difficult>0</difficult><robndbox><cx>739.7432</cx><cy>196.1802</cy><w>63.3873</w><h>31.7445</h><angle>0.523055</angle></robndbox></object><object><type>robndbox</type><name>wheat_head</name><pose>Unspecified</pose><truncated>0</truncated><difficult>0</difficult><robndbox><cx>548.1175</cx><cy>823.6653</cy><w>129.3916</w><h>35.9681</h><angle>0.920518</angle></robndbox></object><object><type>robndbox</type><name>wheat_head</name><pose>Unspecified</pose><truncated>0</truncated><difficult>0</difficult><robndbox><cx>303.8925</cx><cy>261.8952</cy><w>50.0899</w><h>33.6824</h><angle>1.510868</angle></robndbox></object></annotation>