<annotation verified="no"><folder>images</folder><filename>37f88c75e</filename><path>/home/badhon/Documents/thesis/final_dataset/ethz_1/images/37f88c75e.jpg</path><source><database>Unknown</database></source><size><width>1024</width><height>1024</height><depth>3</depth></size><segmented>0</segmented><object><type>robndbox</type><name>wheat_head</name><pose>Unspecified</pose><truncated>0</truncated><difficult>0</difficult><robndbox><cx>769.3237</cx><cy>24.0582</cy><w>117.6257</w><h>34.6611</h><angle>0.349517</angle></robndbox></object><object><type>robndbox</type><name>wheat_head</name><pose>Unspecified</pose><truncated>0</truncated><difficult>0</difficult><robndbox><cx>607.5996</cx><cy>201.1654</cy><w>126.7461</w><h>35.9955</h><angle>0.503513</angle></robndbox></object><object><type>robndbox</type><name>wheat_head</name><pose>Unspecified</pose><truncated>0</truncated><difficult>0</difficult><robndbox><cx>85.391</cx><cy>795.8683</cy><w>117.3715</w><h>37.2205</h><angle>0.24071</angle></robndbox></object><object><type>robndbox</type><name>wheat_head</name><pose>Unspecified</pose><truncated>0</truncated><difficult>0</difficult><robndbox><cx>579.1061</cx><cy>720.9575</cy><w>100.4461</w><h>41.9049</h><angle>0.431759</angle></robndbox></object><object><type>robndbox</type><name>wheat_head</name><pose>Unspecified</pose><truncated>0</truncated><difficult>0</difficult><robndbox><cx>283.4935</cx><cy>173.5805</cy><w>122.3981</w><h>41.6363</h><angle>0.761252</angle></robndbox></object><object><type>robndbox</type><name>wheat_head</name><pose>Unspecified</pose><truncated>0</truncated><difficult>0</difficult><robndbox><cx>944.3857</cx><cy>485.6853</cy><w>81.7743</w><h>28.3378</h><angle>0.365375</angle></robndbox></object><object><type>robndbox</type><name>wheat_head</name><pose>Unspecified</pose><truncated>0</truncated><difficult>0</difficult><robndbox><cx>139.9635</cx><cy>510.0152</cy><w>92.9231</w><h>36.4183</h><angle>0.421007</angle></robndbox></object><object><type>robndbox</type><name>wheat_head</name><pose>Unspecified</pose><truncated>0</truncated><difficult>0</difficult><robndbox><cx>1004.6968</cx><cy>137.44</cy><w>79.4315</w><h>26.5729</h><angle>1.441319</angle></robndbox></object><object><type>robndbox</type><name>wheat_head</name><pose>Unspecified</pose><truncated>0</truncated><difficult>0</difficult><robndbox><cx>250.1664</cx><cy>366.7532</cy><w>150.1072</w><h>34.209</h><angle>0.350004</angle></robndbox></object><object><type>robndbox</type><name>wheat_head</name><pose>Unspecified</pose><truncated>0</truncated><difficult>0</difficult><robndbox><cx>511.9224</cx><cy>24.4154</cy><w>73.0163</w><h>35.9752</h><angle>0.681343</angle></robndbox></object><object><type>robndbox</type><name>wheat_head</name><pose>Unspecified</pose><truncated>0</truncated><difficult>0</difficult><robndbox><cx>214.0714</cx><cy>721.3588</cy><w>96.0634</w><h>39.4287</h><angle>0.458916</angle></robndbox></object><object><type>robndbox</type><name>wheat_head</name><pose>Unspecified</pose><truncated>0</truncated><difficult>0</difficult><robndbox><cx>521.8859</cx><cy>319.4208</cy><w>64.2448</w><h>34.8037</h><angle>0.524915</angle></robndbox></object><object><type>robndbox</type><name>wheat_head</name><pose>Unspecified</pose><truncated>0</truncated><difficult>0</difficult><robndbox><cx>61.1849</cx><cy>672.5697</cy><w>100.9777</w><h>28.0207</h><angle>0.161576</angle></robndbox></object><object><type>robndbox</type><name>wheat_head</name><pose>Unspecified</pose><truncated>0</truncated><difficult>0</difficult><robndbox><cx>762.668</cx><cy>307.6023</cy><w>139.1925</w><h>40.2385</h><angle>1.117286</angle></robndbox></object><object><type>robndbox</type><name>wheat_head</name><pose>Unspecified</pose><truncated>0</truncated><difficult>0</difficult><robndbox><cx>745.3665</cx><cy>86.3506</cy><w>66.4911</w><h>30.5233</h><angle>0.375871</angle></robndbox></object><object><type>robndbox</type><name>wheat_head</name><pose>Unspecified</pose><truncated>0</truncated><difficult>0</difficult><robndbox><cx>126.0909</cx><cy>111.677</cy><w>132.9481</w><h>38.6297</h><angle>0.592788</angle></robndbox></object><object><type>robndbox</type><name>wheat_head</name><pose>Unspecified</pose><truncated>0</truncated><difficult>0</difficult><robndbox><cx>118.4852</cx><cy>38.4132</cy><w>111.1037</w><h>36.1291</h><angle>0.587395</angle></robndbox></object><object><type>robndbox</type><name>wheat_head</name><pose>Unspecified</pose><truncated>0</truncated><difficult>0</difficult><robndbox><cx>628.561</cx><cy>822.5427</cy><w>96.3164</w><h>36.3018</h><angle>0.282216</angle></robndbox></object><object><type>robndbox</type><name>wheat_head</name><pose>Unspecified</pose><truncated>0</truncated><difficult>0</difficult><robndbox><cx>715.3718</cx><cy>847.5635</cy><w>157.7966</w><h>39.7699</h><angle>2.490497</angle></robndbox></object><object><type>robndbox</type><name>wheat_head</name><pose>Unspecified</pose><truncated>0</truncated><difficult>0</difficult><robndbox><cx>46.5731</cx><cy>541.7791</cy><w>84.5175</w><h>37.6596</h><angle>0.280212</angle></robndbox></object><object><type>robndbox</type><name>wheat_head</name><pose>Unspecified</pose><truncated>0</truncated><difficult>0</difficult><robndbox><cx>32.0897</cx><cy>251.8248</cy><w>61.5113</w><h>36.6503</h><angle>0.579104</angle></robndbox></object><object><type>robndbox</type><name>wheat_head</name><pose>Unspecified</pose><truncated>0</truncated><difficult>0</difficult><robndbox><cx>248.5653</cx><cy>469.5017</cy><w>104.9687</w><h>43.1806</h><angle>1.075868</angle></robndbox></object><object><type>robndbox</type><name>wheat_head</name><pose>Unspecified</pose><truncated>0</truncated><difficult>0</difficult><robndbox><cx>212.1645</cx><cy>91.2563</cy><w>119.5745</w><h>35.4042</h><angle>0.430573</angle></robndbox></object><object><type>robndbox</type><name>wheat_head</name><pose>Unspecified</pose><truncated>0</truncated><difficult>0</difficult><robndbox><cx>349.0963</cx><cy>664.0791</cy><w>82.7024</w><h>33.7954</h><angle>0.28935</angle></robndbox></object><object><type>robndbox</type><name>wheat_head</name><pose>Unspecified</pose><truncated>0</truncated><difficult>0</difficult><robndbox><cx>858.4572</cx><cy>88.4933</cy><w>91.3909</w><h>38.5254</h><angle>0.377918</angle></robndbox></object><object><type>robndbox</type><name>wheat_head</name><pose>Unspecified</pose><truncated>0</truncated><difficult>0</difficult><robndbox><cx>72.1616</cx><cy>852.6907</cy><w>85.8026</w><h>29.9653</h><angle>0.175705</angle></robndbox></object><object><type>robndbox</type><name>wheat_head</name><pose>Unspecified</pose><truncated>0</truncated><difficult>0</difficult><robndbox><cx>586.2444</cx><cy>528.4836</cy><w>65.5686</w><h>32.5584</h><angle>2.269077</angle></robndbox></object><object><type>robndbox</type><name>wheat_head</name><pose>Unspecified</pose><truncated>0</truncated><difficult>0</difficult><robndbox><cx>342.1329</cx><cy>993.7977</cy><w>102.444</w><h>29.8516</h><angle>0.29565</angle></robndbox></object><object><type>robndbox</type><name>wheat_head</name><pose>Unspecified</pose><truncated>0</truncated><difficult>0</difficult><robndbox><cx>59.5083</cx><cy>638.0107</cy><w>121.8687</w><h>27.8631</h><angle>0.352764</angle></robndbox></object><object><type>robndbox</type><name>wheat_head</name><pose>Unspecified</pose><truncated>0</truncated><difficult>0</difficult><robndbox><cx>436.6091</cx><cy>877.1725</cy><w>74.945</w><h>35.8842</h><angle>0.274061</angle></robndbox></object><object><type>robndbox</type><name>wheat_head</name><pose>Unspecified</pose><truncated>0</truncated><difficult>0</difficult><robndbox><cx>141.7093</cx><cy>375.614</cy><w>122.608</w><h>41.8774</h><angle>0.477143</angle></robndbox></object><object><type>robndbox</type><name>wheat_head</name><pose>Unspecified</pose><truncated>0</truncated><difficult>0</difficult><robndbox><cx>1003.8213</cx><cy>827.901</cy><w>36.2756</w><h>33.6374</h><angle>1.778244</angle></robndbox></object><object><type>robndbox</type><name>wheat_head</name><pose>Unspecified</pose><truncated>0</truncated><difficult>0</difficult><robndbox><cx>271.5605</cx><cy>994.1951</cy><w>52.3684</w><h>26.1519</h><angle>2.862439</angle></robndbox></object><object><type>robndbox</type><name>wheat_head</name><pose>Unspecified</pose><truncated>0</truncated><difficult>0</difficult><robndbox><cx>326.1961</cx><cy>804.1189</cy><w>100.3925</w><h>39.359</h><angle>0.704511</angle></robndbox></object><object><type>robndbox</type><name>wheat_head</name><pose>Unspecified</pose><truncated>0</truncated><difficult>0</difficult><robndbox><cx>410.0622</cx><cy>760.1215</cy><w>118.2775</w><h>30.7065</h><angle>0.148884</angle></robndbox></object><object><type>robndbox</type><name>wheat_head</name><pose>Unspecified</pose><truncated>0</truncated><difficult>0</difficult><robndbox><cx>247.4016</cx><cy>951.4865</cy><w>143.5412</w><h>35.6196</h><angle>2.879538</angle></robndbox></object><object><type>robndbox</type><name>wheat_head</name><pose>Unspecified</pose><truncated>0</truncated><difficult>0</difficult><robndbox><cx>330.1637</cx><cy>747.3885</cy><w>62.737</w><h>25.0839</h><angle>0.130996</angle></robndbox></object><object><type>robndbox</type><name>wheat_head</name><pose>Unspecified</pose><truncated>0</truncated><difficult>0</difficult><robndbox><cx>444.4819</cx><cy>317.5112</cy><w>105.3404</w><h>35.2386</h><angle>0.294955</angle></robndbox></object><object><type>robndbox</type><name>wheat_head</name><pose>Unspecified</pose><truncated>0</truncated><difficult>0</difficult><robndbox><cx>740.8448</cx><cy>432.3673</cy><w>69.7503</w><h>35.7746</h><angle>0.53703</angle></robndbox></object><object><type>robndbox</type><name>wheat_head</name><pose>Unspecified</pose><truncated>0</truncated><difficult>0</difficult><robndbox><cx>516.7776</cx><cy>558.8894</cy><w>71.4707</w><h>31.7237</h><angle>0.106358</angle></robndbox></object><object><type>robndbox</type><name>wheat_head</name><pose>Unspecified</pose><truncated>0</truncated><difficult>0</difficult><robndbox><cx>802.8117</cx><cy>460.0338</cy><w>94.4396</w><h>34.8754</h><angle>0.273671</angle></robndbox></object><object><type>robndbox</type><name>wheat_head</name><pose>Unspecified</pose><truncated>0</truncated><difficult>0</difficult><robndbox><cx>138.0897</cx><cy>408.7164</cy><w>74.7503</w><h>33.4559</h><angle>3.106861</angle></robndbox></object><object><type>robndbox</type><name>wheat_head</name><pose>Unspecified</pose><truncated>0</truncated><difficult>0</difficult><robndbox><cx>581.0341</cx><cy>940.1291</cy><w>81.0515</w><h>31.3617</h><angle>3.123415</angle></robndbox></object><object><type>robndbox</type><name>wheat_head</name><pose>Unspecified</pose><truncated>0</truncated><difficult>0</difficult><robndbox><cx>237.4968</cx><cy>16.4806</cy><w>103.5243</w><h>24.7799</h><angle>3.13979</angle></robndbox></object><object><type>robndbox</type><name>wheat_head</name><pose>Unspecified</pose><truncated>0</truncated><difficult>0</difficult><robndbox><cx>36.8869</cx><cy>441.3142</cy><w>68.3415</w><h>34.1684</h><angle>2.982212</angle></robndbox></object><object><type>robndbox</type><name>wheat_head</name><pose>Unspecified</pose><truncated>0</truncated><difficult>0</difficult><robndbox><cx>835.6123</cx><cy>968.619</cy><w>45.6014</w><h>27.1364</h><angle>0.065674</angle></robndbox></object><object><type>robndbox</type><name>wheat_head</name><pose>Unspecified</pose><truncated>0</truncated><difficult>0</difficult><robndbox><cx>199.0876</cx><cy>469.9802</cy><w>53.9409</w><h>27.3059</h><angle>0.17805</angle></robndbox></object><object><type>robndbox</type><name>wheat_head</name><pose>Unspecified</pose><truncated>0</truncated><difficult>0</difficult><robndbox><cx>136.5449</cx><cy>322.4344</cy><w>71.5684</w><h>27.6673</h><angle>3.054502</angle></robndbox></object><object><type>robndbox</type><name>wheat_head</name><pose>Unspecified</pose><truncated>0</truncated><difficult>0</difficult><robndbox><cx>68.6865</cx><cy>411.1724</cy><w>50.0008</w><h>30.5804</h><angle>0.065269</angle></robndbox></object><object><type>robndbox</type><name>wheat_head</name><pose>Unspecified</pose><truncated>0</truncated><difficult>0</difficult><robndbox><cx>85.2934</cx><cy>307.4153</cy><w>59.5399</w><h>26.4193</h><angle>1.062067</angle></robndbox></object><object><type>robndbox</type><name>wheat_head</name><pose>Unspecified</pose><truncated>0</truncated><difficult>0</difficult><robndbox><cx>252.925</cx><cy>51.875</cy><w>33.2866</w><h>24.7695</h><angle>0.999459</angle></robndbox></object></annotation>