<annotation verified="no"><folder>images</folder><filename>39869da63</filename><path>/home/badhon/Documents/thesis/final_dataset/ethz_1/images/39869da63.jpg</path><source><database>Unknown</database></source><size><width>1024</width><height>1024</height><depth>3</depth></size><segmented>0</segmented><object><type>robndbox</type><name>wheat_head</name><pose>Unspecified</pose><truncated>0</truncated><difficult>0</difficult><robndbox><cx>784.449</cx><cy>31.2159</cy><w>76.2868</w><h>33.9832</h><angle>1.099504</angle></robndbox></object><object><type>robndbox</type><name>wheat_head</name><pose>Unspecified</pose><truncated>0</truncated><difficult>0</difficult><robndbox><cx>170.8943</cx><cy>907.2964</cy><w>101.4136</w><h>43.46</h><angle>0.712699</angle></robndbox></object><object><type>robndbox</type><name>wheat_head</name><pose>Unspecified</pose><truncated>0</truncated><difficult>0</difficult><robndbox><cx>471.084</cx><cy>330.0963</cy><w>83.5933</w><h>36.1596</h><angle>0.990285</angle></robndbox></object><object><type>robndbox</type><name>wheat_head</name><pose>Unspecified</pose><truncated>0</truncated><difficult>0</difficult><robndbox><cx>984.7214</cx><cy>840.5664</cy><w>86.2158</w><h>32.6235</h><angle>1.018058</angle></robndbox></object><object><type>robndbox</type><name>wheat_head</name><pose>Unspecified</pose><truncated>0</truncated><difficult>0</difficult><robndbox><cx>905.0373</cx><cy>69.4273</cy><w>85.0779</w><h>31.5989</h><angle>1.037106</angle></robndbox></object><object><type>robndbox</type><name>wheat_head</name><pose>Unspecified</pose><truncated>0</truncated><difficult>0</difficult><robndbox><cx>168.5311</cx><cy>86.6497</cy><w>79.8456</w><h>29.7796</h><angle>1.117314</angle></robndbox></object><object><type>robndbox</type><name>wheat_head</name><pose>Unspecified</pose><truncated>0</truncated><difficult>0</difficult><robndbox><cx>457.7288</cx><cy>86.8817</cy><w>85.5515</w><h>38.0894</h><angle>0.577217</angle></robndbox></object><object><type>robndbox</type><name>wheat_head</name><pose>Unspecified</pose><truncated>0</truncated><difficult>0</difficult><robndbox><cx>316.4398</cx><cy>498.8401</cy><w>57.2022</w><h>38.5713</h><angle>1.055857</angle></robndbox></object><object><type>robndbox</type><name>wheat_head</name><pose>Unspecified</pose><truncated>0</truncated><difficult>0</difficult><robndbox><cx>117.5582</cx><cy>689.4225</cy><w>97.7341</w><h>36.6794</h><angle>1.996039</angle></robndbox></object><object><type>robndbox</type><name>wheat_head</name><pose>Unspecified</pose><truncated>0</truncated><difficult>0</difficult><robndbox><cx>854.6495</cx><cy>254.5662</cy><w>76.7225</w><h>32.1003</h><angle>1.168815</angle></robndbox></object><object><type>robndbox</type><name>wheat_head</name><pose>Unspecified</pose><truncated>0</truncated><difficult>0</difficult><robndbox><cx>367.748</cx><cy>797.0463</cy><w>68.1496</w><h>38.643</h><angle>0.645155</angle></robndbox></object><object><type>robndbox</type><name>wheat_head</name><pose>Unspecified</pose><truncated>0</truncated><difficult>0</difficult><robndbox><cx>640.2119</cx><cy>354.9615</cy><w>72.5293</w><h>36.9196</h><angle>0.686647</angle></robndbox></object><object><type>robndbox</type><name>wheat_head</name><pose>Unspecified</pose><truncated>0</truncated><difficult>0</difficult><robndbox><cx>900.7764</cx><cy>222.3246</cy><w>162.0194</w><h>28.2447</h><angle>1.398113</angle></robndbox></object><object><type>robndbox</type><name>wheat_head</name><pose>Unspecified</pose><truncated>0</truncated><difficult>0</difficult><robndbox><cx>280.0444</cx><cy>181.2684</cy><w>76.6183</w><h>30.7473</h><angle>1.323609</angle></robndbox></object><object><type>robndbox</type><name>wheat_head</name><pose>Unspecified</pose><truncated>0</truncated><difficult>0</difficult><robndbox><cx>299.8476</cx><cy>690.1976</cy><w>90.2964</w><h>39.658</h><angle>0.642941</angle></robndbox></object><object><type>robndbox</type><name>wheat_head</name><pose>Unspecified</pose><truncated>0</truncated><difficult>0</difficult><robndbox><cx>371.3515</cx><cy>36.112</cy><w>43.891</w><h>17.2247</h><angle>1.239353</angle></robndbox></object><object><type>robndbox</type><name>wheat_head</name><pose>Unspecified</pose><truncated>0</truncated><difficult>0</difficult><robndbox><cx>399.2072</cx><cy>588.1038</cy><w>48.3376</w><h>28.5486</h><angle>1.032839</angle></robndbox></object><object><type>robndbox</type><name>wheat_head</name><pose>Unspecified</pose><truncated>0</truncated><difficult>0</difficult><robndbox><cx>346.5244</cx><cy>978.1238</cy><w>106.9146</w><h>42.2176</h><angle>0.474045</angle></robndbox></object><object><type>robndbox</type><name>wheat_head</name><pose>Unspecified</pose><truncated>0</truncated><difficult>0</difficult><robndbox><cx>11.0716</cx><cy>270.7953</cy><w>71.0485</w><h>17.4275</h><angle>1.506856</angle></robndbox></object><object><type>robndbox</type><name>wheat_head</name><pose>Unspecified</pose><truncated>0</truncated><difficult>0</difficult><robndbox><cx>208.8189</cx><cy>710.1921</cy><w>74.9448</w><h>36.9526</h><angle>1.118568</angle></robndbox></object><object><type>robndbox</type><name>wheat_head</name><pose>Unspecified</pose><truncated>0</truncated><difficult>0</difficult><robndbox><cx>8.8123</cx><cy>475.6642</cy><w>51.1437</w><h>17.2928</h><angle>1.446134</angle></robndbox></object><object><type>robndbox</type><name>wheat_head</name><pose>Unspecified</pose><truncated>0</truncated><difficult>0</difficult><robndbox><cx>560.6031</cx><cy>851.685</cy><w>137.2533</w><h>38.3015</h><angle>1.410632</angle></robndbox></object><object><type>robndbox</type><name>wheat_head</name><pose>Unspecified</pose><truncated>0</truncated><difficult>0</difficult><robndbox><cx>856.5448</cx><cy>113.8994</cy><w>72.0333</w><h>37.3738</h><angle>0.985642</angle></robndbox></object><object><type>robndbox</type><name>wheat_head</name><pose>Unspecified</pose><truncated>0</truncated><difficult>0</difficult><robndbox><cx>916.3671</cx><cy>905.1949</cy><w>61.9087</w><h>31.5813</h><angle>1.320593</angle></robndbox></object><object><type>robndbox</type><name>wheat_head</name><pose>Unspecified</pose><truncated>0</truncated><difficult>0</difficult><robndbox><cx>350.4054</cx><cy>175.7795</cy><w>73.4091</w><h>33.0583</h><angle>0.688234</angle></robndbox></object><object><type>robndbox</type><name>wheat_head</name><pose>Unspecified</pose><truncated>0</truncated><difficult>0</difficult><robndbox><cx>298.2349</cx><cy>872.8124</cy><w>65.5575</w><h>33.9196</h><angle>0.565158</angle></robndbox></object><object><type>robndbox</type><name>wheat_head</name><pose>Unspecified</pose><truncated>0</truncated><difficult>0</difficult><robndbox><cx>246.7275</cx><cy>511.4376</cy><w>150.4375</w><h>38.2016</h><angle>0.679682</angle></robndbox></object><object><type>robndbox</type><name>wheat_head</name><pose>Unspecified</pose><truncated>0</truncated><difficult>0</difficult><robndbox><cx>640.4581</cx><cy>150.7324</cy><w>59.9243</w><h>35.8222</h><angle>1.764187</angle></robndbox></object><object><type>robndbox</type><name>wheat_head</name><pose>Unspecified</pose><truncated>0</truncated><difficult>0</difficult><robndbox><cx>806.3926</cx><cy>293.6697</cy><w>84.9192</w><h>30.4996</h><angle>1.433203</angle></robndbox></object><object><type>robndbox</type><name>wheat_head</name><pose>Unspecified</pose><truncated>0</truncated><difficult>0</difficult><robndbox><cx>350.9802</cx><cy>361.2202</cy><w>44.5332</w><h>31.9464</h><angle>1.038902</angle></robndbox></object><object><type>robndbox</type><name>wheat_head</name><pose>Unspecified</pose><truncated>0</truncated><difficult>0</difficult><robndbox><cx>850.7106</cx><cy>358.063</cy><w>62.9029</w><h>34.9761</h><angle>0.454728</angle></robndbox></object><object><type>robndbox</type><name>wheat_head</name><pose>Unspecified</pose><truncated>0</truncated><difficult>0</difficult><robndbox><cx>902.8218</cx><cy>972.0651</cy><w>57.8267</w><h>29.3921</h><angle>1.885938</angle></robndbox></object><object><type>robndbox</type><name>wheat_head</name><pose>Unspecified</pose><truncated>0</truncated><difficult>0</difficult><robndbox><cx>666.9429</cx><cy>827.1364</cy><w>92.05</w><h>38.1149</h><angle>0.108383</angle></robndbox></object><object><type>robndbox</type><name>wheat_head</name><pose>Unspecified</pose><truncated>0</truncated><difficult>0</difficult><robndbox><cx>18.4612</cx><cy>679.0085</cy><w>70.3979</w><h>31.4558</h><angle>1.264091</angle></robndbox></object><object><type>robndbox</type><name>wheat_head</name><pose>Unspecified</pose><truncated>0</truncated><difficult>0</difficult><robndbox><cx>607.9178</cx><cy>292.5422</cy><w>77.4893</w><h>37.6476</h><angle>1.697899</angle></robndbox></object><object><type>robndbox</type><name>wheat_head</name><pose>Unspecified</pose><truncated>0</truncated><difficult>0</difficult><robndbox><cx>647.7189</cx><cy>866.4357</cy><w>46.0735</w><h>29.989</h><angle>1.208919</angle></robndbox></object><object><type>robndbox</type><name>wheat_head</name><pose>Unspecified</pose><truncated>0</truncated><difficult>0</difficult><robndbox><cx>344.212</cx><cy>601.535</cy><w>144.5593</w><h>38.7597</h><angle>1.216224</angle></robndbox></object><object><type>robndbox</type><name>wheat_head</name><pose>Unspecified</pose><truncated>0</truncated><difficult>0</difficult><robndbox><cx>592.3661</cx><cy>783.1824</cy><w>54.6149</w><h>43.0435</h><angle>1.514572</angle></robndbox></object><object><type>robndbox</type><name>wheat_head</name><pose>Unspecified</pose><truncated>0</truncated><difficult>0</difficult><robndbox><cx>27.6578</cx><cy>98.906</cy><w>69.5621</w><h>34.2708</h><angle>1.459922</angle></robndbox></object><object><type>robndbox</type><name>wheat_head</name><pose>Unspecified</pose><truncated>0</truncated><difficult>0</difficult><robndbox><cx>400.6083</cx><cy>73.5694</cy><w>99.4834</w><h>34.5934</h><angle>1.339353</angle></robndbox></object><object><type>robndbox</type><name>wheat_head</name><pose>Unspecified</pose><truncated>0</truncated><difficult>0</difficult><robndbox><cx>175.1937</cx><cy>655.8411</cy><w>55.1505</w><h>30.7283</h><angle>0.258729</angle></robndbox></object><object><type>robndbox</type><name>wheat_head</name><pose>Unspecified</pose><truncated>0</truncated><difficult>0</difficult><robndbox><cx>281.5788</cx><cy>630.992</cy><w>34.7911</w><h>27.6329</h><angle>1.859428</angle></robndbox></object><object><type>robndbox</type><name>wheat_head</name><pose>Unspecified</pose><truncated>0</truncated><difficult>0</difficult><robndbox><cx>530.7527</cx><cy>10.4679</cy><w>31.133</w><h>19.7208</h><angle>0.074836</angle></robndbox></object><object><type>robndbox</type><name>wheat_head</name><pose>Unspecified</pose><truncated>0</truncated><difficult>0</difficult><robndbox><cx>215.0094</cx><cy>435.5838</cy><w>56.754</w><h>29.8429</h><angle>0.354888</angle></robndbox></object><object><type>robndbox</type><name>wheat_head</name><pose>Unspecified</pose><truncated>0</truncated><difficult>0</difficult><robndbox><cx>104.8475</cx><cy>831.8095</cy><w>91.1918</w><h>28.6534</h><angle>0.099023</angle></robndbox></object><object><type>robndbox</type><name>wheat_head</name><pose>Unspecified</pose><truncated>0</truncated><difficult>0</difficult><robndbox><cx>992.2501</cx><cy>634.5314</cy><w>36.5932</w><h>25.4162</h><angle>1.272408</angle></robndbox></object><object><type>robndbox</type><name>wheat_head</name><pose>Unspecified</pose><truncated>0</truncated><difficult>0</difficult><robndbox><cx>996.755</cx><cy>498.4756</cy><w>41.127</w><h>29.126</h><angle>1.04888</angle></robndbox></object><object><type>robndbox</type><name>wheat_head</name><pose>Unspecified</pose><truncated>0</truncated><difficult>0</difficult><robndbox><cx>882.6727</cx><cy>808.0914</cy><w>57.7071</w><h>36.4892</h><angle>0.290009</angle></robndbox></object><object><type>robndbox</type><name>wheat_head</name><pose>Unspecified</pose><truncated>0</truncated><difficult>0</difficult><robndbox><cx>469.4294</cx><cy>906.813</cy><w>39.2719</w><h>22.5692</h><angle>0.514457</angle></robndbox></object><object><type>robndbox</type><name>wheat_head</name><pose>Unspecified</pose><truncated>0</truncated><difficult>0</difficult><robndbox><cx>934.9398</cx><cy>1004.8676</cy><w>27.4315</w><h>26.7335</h><angle>0.197491</angle></robndbox></object><object><type>robndbox</type><name>wheat_head</name><pose>Unspecified</pose><truncated>0</truncated><difficult>0</difficult><robndbox><cx>594.3661</cx><cy>786.1824</cy><w>54.6149</w><h>43.0435</h><angle>1.214572</angle></robndbox></object><object><type>robndbox</type><name>wheat_head</name><pose>Unspecified</pose><truncated>0</truncated><difficult>0</difficult><robndbox><cx>50.8556</cx><cy>623.2471</cy><w>36.5167</w><h>36.4107</h><angle>1.716844</angle></robndbox></object><object><type>robndbox</type><name>wheat_head</name><pose>Unspecified</pose><truncated>0</truncated><difficult>0</difficult><robndbox><cx>709.6267</cx><cy>516.2311</cy><w>105.172</w><h>39.211</h><angle>1.04626</angle></robndbox></object><object><type>robndbox</type><name>wheat_head</name><pose>Unspecified</pose><truncated>0</truncated><difficult>0</difficult><robndbox><cx>653.642</cx><cy>596.7137</cy><w>160.6821</w><h>42.4948</h><angle>1.1063</angle></robndbox></object><object><type>robndbox</type><name>wheat_head</name><pose>Unspecified</pose><truncated>0</truncated><difficult>0</difficult><robndbox><cx>597.3935</cx><cy>564.5417</cy><w>88.3368</w><h>26.6234</h><angle>1.073894</angle></robndbox></object><object><type>robndbox</type><name>wheat_head</name><pose>Unspecified</pose><truncated>0</truncated><difficult>0</difficult><robndbox><cx>710.2896</cx><cy>622.9996</cy><w>42.8876</w><h>38.129</h><angle>0.150328</angle></robndbox></object><object><type>robndbox</type><name>wheat_head</name><pose>Unspecified</pose><truncated>0</truncated><difficult>0</difficult><robndbox><cx>274.2093</cx><cy>465.8492</cy><w>32.3612</w><h>23.5817</h><angle>0.417798</angle></robndbox></object><object><type>robndbox</type><name>wheat_head</name><pose>Unspecified</pose><truncated>0</truncated><difficult>0</difficult><robndbox><cx>751.4305</cx><cy>842.564</cy><w>34.0094</w><h>32.6069</h><angle>1.430264</angle></robndbox></object><object><type>robndbox</type><name>wheat_head</name><pose>Unspecified</pose><truncated>0</truncated><difficult>0</difficult><robndbox><cx>671.8796</cx><cy>678.7471</cy><w>53.2478</w><h>31.4585</h><angle>1.590212</angle></robndbox></object><object><type>robndbox</type><name>wheat_head</name><pose>Unspecified</pose><truncated>0</truncated><difficult>0</difficult><robndbox><cx>743.7635</cx><cy>612.3403</cy><w>37.4433</w><h>34.6659</h><angle>2.166206</angle></robndbox></object></annotation>