<annotation verified="no"><folder>images</folder><filename>3a1f54e49</filename><path>/home/badhon/Documents/thesis/final_dataset/ethz_1/images/3a1f54e49.jpg</path><source><database>Unknown</database></source><size><width>1024</width><height>1024</height><depth>3</depth></size><segmented>0</segmented><object><type>robndbox</type><name>wheat_head</name><pose>Unspecified</pose><truncated>0</truncated><difficult>0</difficult><robndbox><cx>350.3502</cx><cy>432.5094</cy><w>109.0053</w><h>39.6494</h><angle>0.511846</angle></robndbox></object><object><type>robndbox</type><name>wheat_head</name><pose>Unspecified</pose><truncated>0</truncated><difficult>0</difficult><robndbox><cx>577.6361</cx><cy>470.6373</cy><w>65.6707</w><h>36.1032</h><angle>1.004608</angle></robndbox></object><object><type>robndbox</type><name>wheat_head</name><pose>Unspecified</pose><truncated>0</truncated><difficult>0</difficult><robndbox><cx>994.986</cx><cy>744.4365</cy><w>100.6828</w><h>34.5956</h><angle>1.315046</angle></robndbox></object><object><type>robndbox</type><name>wheat_head</name><pose>Unspecified</pose><truncated>0</truncated><difficult>0</difficult><robndbox><cx>567.0869</cx><cy>111.8015</cy><w>120.4086</w><h>36.2582</h><angle>1.017606</angle></robndbox></object><object><type>robndbox</type><name>wheat_head</name><pose>Unspecified</pose><truncated>0</truncated><difficult>0</difficult><robndbox><cx>269.7932</cx><cy>531.7231</cy><w>37.4561</w><h>30.6753</h><angle>1.084457</angle></robndbox></object><object><type>robndbox</type><name>wheat_head</name><pose>Unspecified</pose><truncated>0</truncated><difficult>0</difficult><robndbox><cx>547.4944</cx><cy>706.9474</cy><w>127.2286</w><h>36.1497</h><angle>1.168252</angle></robndbox></object><object><type>robndbox</type><name>wheat_head</name><pose>Unspecified</pose><truncated>0</truncated><difficult>0</difficult><robndbox><cx>241.1342</cx><cy>707.9339</cy><w>67.4737</w><h>35.6683</h><angle>0.496217</angle></robndbox></object><object><type>robndbox</type><name>wheat_head</name><pose>Unspecified</pose><truncated>0</truncated><difficult>0</difficult><robndbox><cx>815.9225</cx><cy>69.7125</cy><w>59.7942</w><h>33.3642</h><angle>1.004166</angle></robndbox></object><object><type>robndbox</type><name>wheat_head</name><pose>Unspecified</pose><truncated>0</truncated><difficult>0</difficult><robndbox><cx>192.7813</cx><cy>88.9599</cy><w>143.4135</w><h>40.951</h><angle>1.986473</angle></robndbox></object><object><type>robndbox</type><name>wheat_head</name><pose>Unspecified</pose><truncated>0</truncated><difficult>0</difficult><robndbox><cx>677.5328</cx><cy>542.1641</cy><w>125.5695</w><h>38.8379</h><angle>0.161667</angle></robndbox></object><object><type>robndbox</type><name>wheat_head</name><pose>Unspecified</pose><truncated>0</truncated><difficult>0</difficult><robndbox><cx>755.5939</cx><cy>879.3307</cy><w>98.1549</w><h>39.6472</h><angle>2.675205</angle></robndbox></object><object><type>robndbox</type><name>wheat_head</name><pose>Unspecified</pose><truncated>0</truncated><difficult>0</difficult><robndbox><cx>21.5954</cx><cy>421.8637</cy><w>48.1996</w><h>26.3524</h><angle>0.126191</angle></robndbox></object><object><type>robndbox</type><name>wheat_head</name><pose>Unspecified</pose><truncated>0</truncated><difficult>0</difficult><robndbox><cx>840.4526</cx><cy>175.3739</cy><w>126.422</w><h>31.5744</h><angle>1.25871</angle></robndbox></object><object><type>robndbox</type><name>wheat_head</name><pose>Unspecified</pose><truncated>0</truncated><difficult>0</difficult><robndbox><cx>390.9351</cx><cy>500.0329</cy><w>60.0644</w><h>29.384</h><angle>1.237821</angle></robndbox></object><object><type>robndbox</type><name>wheat_head</name><pose>Unspecified</pose><truncated>0</truncated><difficult>0</difficult><robndbox><cx>187.4781</cx><cy>183.8881</cy><w>57.2582</w><h>37.5285</h><angle>0.87711</angle></robndbox></object><object><type>robndbox</type><name>wheat_head</name><pose>Unspecified</pose><truncated>0</truncated><difficult>0</difficult><robndbox><cx>111.3502</cx><cy>136.7202</cy><w>69.9271</w><h>36.3729</h><angle>0.602715</angle></robndbox></object><object><type>robndbox</type><name>wheat_head</name><pose>Unspecified</pose><truncated>0</truncated><difficult>0</difficult><robndbox><cx>40.3146</cx><cy>829.6929</cy><w>75.1472</w><h>37.8481</h><angle>0.424477</angle></robndbox></object><object><type>robndbox</type><name>wheat_head</name><pose>Unspecified</pose><truncated>0</truncated><difficult>0</difficult><robndbox><cx>24.1913</cx><cy>114.0962</cy><w>68.9586</w><h>34.4646</h><angle>0.97184</angle></robndbox></object><object><type>robndbox</type><name>wheat_head</name><pose>Unspecified</pose><truncated>0</truncated><difficult>0</difficult><robndbox><cx>739.3629</cx><cy>632.3077</cy><w>93.3708</w><h>37.5963</h><angle>1.035003</angle></robndbox></object><object><type>robndbox</type><name>wheat_head</name><pose>Unspecified</pose><truncated>0</truncated><difficult>0</difficult><robndbox><cx>130.496</cx><cy>422.1718</cy><w>107.7258</w><h>42.1923</h><angle>1.080952</angle></robndbox></object><object><type>robndbox</type><name>wheat_head</name><pose>Unspecified</pose><truncated>0</truncated><difficult>0</difficult><robndbox><cx>39.6598</cx><cy>566.807</cy><w>77.6531</w><h>35.6766</h><angle>0.360716</angle></robndbox></object><object><type>robndbox</type><name>wheat_head</name><pose>Unspecified</pose><truncated>0</truncated><difficult>0</difficult><robndbox><cx>889.4487</cx><cy>172.4566</cy><w>57.0452</w><h>29.3878</h><angle>0.620085</angle></robndbox></object><object><type>robndbox</type><name>wheat_head</name><pose>Unspecified</pose><truncated>0</truncated><difficult>0</difficult><robndbox><cx>214.5322</cx><cy>286.5799</cy><w>75.9478</w><h>35.7856</h><angle>0.224564</angle></robndbox></object><object><type>robndbox</type><name>wheat_head</name><pose>Unspecified</pose><truncated>0</truncated><difficult>0</difficult><robndbox><cx>531.7771</cx><cy>582.7485</cy><w>51.1125</w><h>31.2585</h><angle>0.497848</angle></robndbox></object><object><type>robndbox</type><name>wheat_head</name><pose>Unspecified</pose><truncated>0</truncated><difficult>0</difficult><robndbox><cx>91.1885</cx><cy>553.0088</cy><w>56.8416</w><h>36.9156</h><angle>0.453966</angle></robndbox></object><object><type>robndbox</type><name>wheat_head</name><pose>Unspecified</pose><truncated>0</truncated><difficult>0</difficult><robndbox><cx>13.0634</cx><cy>468.625</cy><w>25.2932</w><h>18.8476</h><angle>0.04521</angle></robndbox></object><object><type>robndbox</type><name>wheat_head</name><pose>Unspecified</pose><truncated>0</truncated><difficult>0</difficult><robndbox><cx>787.1507</cx><cy>414.4161</cy><w>74.5589</w><h>36.5115</h><angle>0.635322</angle></robndbox></object><object><type>robndbox</type><name>wheat_head</name><pose>Unspecified</pose><truncated>0</truncated><difficult>0</difficult><robndbox><cx>35.6562</cx><cy>505.6271</cy><w>63.142</w><h>36.6528</h><angle>0.252657</angle></robndbox></object><object><type>robndbox</type><name>wheat_head</name><pose>Unspecified</pose><truncated>0</truncated><difficult>0</difficult><robndbox><cx>732.7803</cx><cy>816.7997</cy><w>76.445</w><h>28.2571</h><angle>0.132645</angle></robndbox></object><object><type>robndbox</type><name>wheat_head</name><pose>Unspecified</pose><truncated>0</truncated><difficult>0</difficult><robndbox><cx>230.1623</cx><cy>789.6028</cy><w>72.5542</w><h>41.4795</h><angle>0.503475</angle></robndbox></object><object><type>robndbox</type><name>wheat_head</name><pose>Unspecified</pose><truncated>0</truncated><difficult>0</difficult><robndbox><cx>388.8623</cx><cy>988.1398</cy><w>114.1511</w><h>37.7686</h><angle>0.081622</angle></robndbox></object><object><type>robndbox</type><name>wheat_head</name><pose>Unspecified</pose><truncated>0</truncated><difficult>0</difficult><robndbox><cx>551.7701</cx><cy>351.6845</cy><w>39.7911</w><h>24.8863</h><angle>1.204313</angle></robndbox></object><object><type>robndbox</type><name>wheat_head</name><pose>Unspecified</pose><truncated>0</truncated><difficult>0</difficult><robndbox><cx>660.0258</cx><cy>902.8047</cy><w>48.9338</w><h>29.0538</h><angle>0.248104</angle></robndbox></object><object><type>robndbox</type><name>wheat_head</name><pose>Unspecified</pose><truncated>0</truncated><difficult>0</difficult><robndbox><cx>293.06</cx><cy>973.4819</cy><w>72.4953</w><h>36.0904</h><angle>1.830895</angle></robndbox></object><object><type>robndbox</type><name>wheat_head</name><pose>Unspecified</pose><truncated>0</truncated><difficult>0</difficult><robndbox><cx>877.2733</cx><cy>40.2367</cy><w>75.2831</w><h>29.1445</h><angle>1.968562</angle></robndbox></object><object><type>robndbox</type><name>wheat_head</name><pose>Unspecified</pose><truncated>0</truncated><difficult>0</difficult><robndbox><cx>523.6712</cx><cy>216.7644</cy><w>61.277</w><h>39.5293</h><angle>0.542353</angle></robndbox></object><object><type>robndbox</type><name>wheat_head</name><pose>Unspecified</pose><truncated>0</truncated><difficult>0</difficult><robndbox><cx>385.7358</cx><cy>592.2614</cy><w>106.0669</w><h>38.3494</h><angle>2.846139</angle></robndbox></object><object><type>robndbox</type><name>wheat_head</name><pose>Unspecified</pose><truncated>0</truncated><difficult>0</difficult><robndbox><cx>399.8837</cx><cy>693.3972</cy><w>71.7154</w><h>37.181</h><angle>2.075789</angle></robndbox></object><object><type>robndbox</type><name>wheat_head</name><pose>Unspecified</pose><truncated>0</truncated><difficult>0</difficult><robndbox><cx>987.108</cx><cy>549.4556</cy><w>59.0883</w><h>33.1208</h><angle>2.78571</angle></robndbox></object><object><type>robndbox</type><name>wheat_head</name><pose>Unspecified</pose><truncated>0</truncated><difficult>0</difficult><robndbox><cx>402.069</cx><cy>698.535</cy><w>76.2457</w><h>36.5384</h><angle>2.075789</angle></robndbox></object><object><type>robndbox</type><name>wheat_head</name><pose>Unspecified</pose><truncated>0</truncated><difficult>0</difficult><robndbox><cx>932.1964</cx><cy>305.1963</cy><w>43.2528</w><h>31.8599</h><angle>0.663834</angle></robndbox></object><object><type>robndbox</type><name>wheat_head</name><pose>Unspecified</pose><truncated>0</truncated><difficult>0</difficult><robndbox><cx>561.0123</cx><cy>954.7622</cy><w>101.5785</w><h>30.9967</h><angle>0.187925</angle></robndbox></object><object><type>robndbox</type><name>wheat_head</name><pose>Unspecified</pose><truncated>0</truncated><difficult>0</difficult><robndbox><cx>618.293</cx><cy>927.8765</cy><w>43.2448</w><h>26.4574</h><angle>1.358906</angle></robndbox></object><object><type>robndbox</type><name>wheat_head</name><pose>Unspecified</pose><truncated>0</truncated><difficult>0</difficult><robndbox><cx>922.2698</cx><cy>816.2059</cy><w>41.825</w><h>31.7131</h><angle>1.074739</angle></robndbox></object><object><type>robndbox</type><name>wheat_head</name><pose>Unspecified</pose><truncated>0</truncated><difficult>0</difficult><robndbox><cx>720.2101</cx><cy>434.1986</cy><w>56.8088</w><h>36.8743</h><angle>1.081108</angle></robndbox></object><object><type>robndbox</type><name>wheat_head</name><pose>Unspecified</pose><truncated>0</truncated><difficult>0</difficult><robndbox><cx>901.9142</cx><cy>674.7115</cy><w>48.574</w><h>31.1195</h><angle>0.376063</angle></robndbox></object><object><type>robndbox</type><name>wheat_head</name><pose>Unspecified</pose><truncated>0</truncated><difficult>0</difficult><robndbox><cx>587.9186</cx><cy>679.9911</cy><w>65.2178</w><h>36.0334</h><angle>0.621281</angle></robndbox></object><object><type>robndbox</type><name>wheat_head</name><pose>Unspecified</pose><truncated>0</truncated><difficult>0</difficult><robndbox><cx>837.3398</cx><cy>977.6569</cy><w>69.4035</w><h>36.7745</h><angle>0.8242</angle></robndbox></object><object><type>robndbox</type><name>wheat_head</name><pose>Unspecified</pose><truncated>0</truncated><difficult>0</difficult><robndbox><cx>704.3196</cx><cy>706.4524</cy><w>108.2773</w><h>54.3584</h><angle>3.005945</angle></robndbox></object><object><type>robndbox</type><name>wheat_head</name><pose>Unspecified</pose><truncated>0</truncated><difficult>0</difficult><robndbox><cx>848.9327</cx><cy>265.2528</cy><w>81.7626</w><h>34.0813</h><angle>2.88794</angle></robndbox></object><object><type>robndbox</type><name>wheat_head</name><pose>Unspecified</pose><truncated>0</truncated><difficult>0</difficult><robndbox><cx>64.7416</cx><cy>683.7391</cy><w>45.0009</w><h>30.0721</h><angle>0.115052</angle></robndbox></object><object><type>robndbox</type><name>wheat_head</name><pose>Unspecified</pose><truncated>0</truncated><difficult>0</difficult><robndbox><cx>95.0929</cx><cy>995.1584</cy><w>44.8131</w><h>37.0719</h><angle>1.172528</angle></robndbox></object><object><type>robndbox</type><name>wheat_head</name><pose>Unspecified</pose><truncated>0</truncated><difficult>0</difficult><robndbox><cx>993.8959</cx><cy>224.7127</cy><w>52.65</w><h>29.3449</h><angle>2.089977</angle></robndbox></object><object><type>robndbox</type><name>wheat_head</name><pose>Unspecified</pose><truncated>0</truncated><difficult>0</difficult><robndbox><cx>758.7426</cx><cy>211.2564</cy><w>61.2985</w><h>35.6999</h><angle>0.401632</angle></robndbox></object><object><type>robndbox</type><name>wheat_head</name><pose>Unspecified</pose><truncated>0</truncated><difficult>0</difficult><robndbox><cx>332.7902</cx><cy>498.4997</cy><w>70.3378</w><h>35.2382</h><angle>0.899953</angle></robndbox></object><object><type>robndbox</type><name>wheat_head</name><pose>Unspecified</pose><truncated>0</truncated><difficult>0</difficult><robndbox><cx>964.3777</cx><cy>180.9414</cy><w>51.1418</w><h>26.9677</h><angle>0.023911</angle></robndbox></object><object><type>robndbox</type><name>wheat_head</name><pose>Unspecified</pose><truncated>0</truncated><difficult>0</difficult><robndbox><cx>927.9293</cx><cy>603.7298</cy><w>64.2096</w><h>41.4434</h><angle>2.731501</angle></robndbox></object><object><type>robndbox</type><name>wheat_head</name><pose>Unspecified</pose><truncated>0</truncated><difficult>0</difficult><robndbox><cx>167.382</cx><cy>858.5002</cy><w>117.814</w><h>41.1199</h><angle>0.014029</angle></robndbox></object><object><type>robndbox</type><name>wheat_head</name><pose>Unspecified</pose><truncated>0</truncated><difficult>0</difficult><robndbox><cx>220.7613</cx><cy>513.2882</cy><w>45.325</w><h>41.6022</h><angle>3.134561</angle></robndbox></object><object><type>robndbox</type><name>wheat_head</name><pose>Unspecified</pose><truncated>0</truncated><difficult>0</difficult><robndbox><cx>1010.7827</cx><cy>7.9254</cy><w>24.7665</w><h>17.558</h><angle>1.500127</angle></robndbox></object><object><type>robndbox</type><name>wheat_head</name><pose>Unspecified</pose><truncated>0</truncated><difficult>0</difficult><robndbox><cx>476.7708</cx><cy>505.212</cy><w>51.2982</w><h>37.4344</h><angle>0.393823</angle></robndbox></object><object><type>robndbox</type><name>wheat_head</name><pose>Unspecified</pose><truncated>0</truncated><difficult>0</difficult><robndbox><cx>388.7358</cx><cy>600.2614</cy><w>106.0669</w><h>38.3494</h><angle>2.846139</angle></robndbox></object><object><type>robndbox</type><name>wheat_head</name><pose>Unspecified</pose><truncated>0</truncated><difficult>0</difficult><robndbox><cx>897.0</cx><cy>608.0</cy><w>9.1652</w><h>8.0</h><angle>0.0</angle></robndbox></object><object><type>robndbox</type><name>wheat_head</name><pose>Unspecified</pose><truncated>0</truncated><difficult>0</difficult><robndbox><cx>554.8858</cx><cy>839.436</cy><w>56.4635</w><h>30.7469</h><angle>0.338392</angle></robndbox></object><object><type>robndbox</type><name>wheat_head</name><pose>Unspecified</pose><truncated>0</truncated><difficult>0</difficult><robndbox><cx>944.4111</cx><cy>269.8561</cy><w>50.9538</w><h>33.1053</h><angle>2.945626</angle></robndbox></object><object><type>robndbox</type><name>wheat_head</name><pose>Unspecified</pose><truncated>0</truncated><difficult>0</difficult><robndbox><cx>188.1429</cx><cy>935.0557</cy><w>82.1626</w><h>35.5746</h><angle>3.039073</angle></robndbox></object><object><type>robndbox</type><name>wheat_head</name><pose>Unspecified</pose><truncated>0</truncated><difficult>0</difficult><robndbox><cx>32.106</cx><cy>917.5382</cy><w>63.6741</w><h>35.5154</h><angle>2.183532</angle></robndbox></object><object><type>robndbox</type><name>wheat_head</name><pose>Unspecified</pose><truncated>0</truncated><difficult>0</difficult><robndbox><cx>82.6364</cx><cy>958.0606</cy><w>68.4741</w><h>30.5172</h><angle>2.561578</angle></robndbox></object><object><type>robndbox</type><name>wheat_head</name><pose>Unspecified</pose><truncated>0</truncated><difficult>0</difficult><robndbox><cx>514.4326</cx><cy>883.5117</cy><w>58.164</w><h>27.6643</h><angle>3.122279</angle></robndbox></object><object><type>robndbox</type><name>wheat_head</name><pose>Unspecified</pose><truncated>0</truncated><difficult>0</difficult><robndbox><cx>220.7613</cx><cy>513.2882</cy><w>45.325</w><h>41.6022</h><angle>3.134561</angle></robndbox></object><object><type>robndbox</type><name>wheat_head</name><pose>Unspecified</pose><truncated>0</truncated><difficult>0</difficult><robndbox><cx>581.2623</cx><cy>871.8356</cy><w>55.6562</w><h>30.2533</h><angle>0.139449</angle></robndbox></object><object><type>robndbox</type><name>wheat_head</name><pose>Unspecified</pose><truncated>0</truncated><difficult>0</difficult><robndbox><cx>605.0</cx><cy>864.0</cy><w>25.7683</w><h>24.3257</h><angle>0.163814</angle></robndbox></object><object><type>robndbox</type><name>wheat_head</name><pose>Unspecified</pose><truncated>0</truncated><difficult>0</difficult><robndbox><cx>432.541</cx><cy>750.152</cy><w>80.7327</w><h>33.5715</h><angle>3.122337</angle></robndbox></object></annotation>