<annotation verified="no"><folder>images</folder><filename>3a67dc193</filename><path>/home/badhon/Documents/thesis/final_dataset/ethz_1/images/3a67dc193.jpg</path><source><database>Unknown</database></source><size><width>1024</width><height>1024</height><depth>3</depth></size><segmented>0</segmented><object><type>robndbox</type><name>wheat_head</name><pose>Unspecified</pose><truncated>0</truncated><difficult>0</difficult><robndbox><cx>627.5695</cx><cy>615.5817</cy><w>70.1493</w><h>37.3273</h><angle>0.950994</angle></robndbox></object><object><type>robndbox</type><name>wheat_head</name><pose>Unspecified</pose><truncated>0</truncated><difficult>0</difficult><robndbox><cx>523.49</cx><cy>90.2275</cy><w>74.8791</w><h>34.2786</h><angle>1.035246</angle></robndbox></object><object><type>robndbox</type><name>wheat_head</name><pose>Unspecified</pose><truncated>0</truncated><difficult>0</difficult><robndbox><cx>36.0887</cx><cy>406.7537</cy><w>64.532</w><h>42.5555</h><angle>0.480349</angle></robndbox></object><object><type>robndbox</type><name>wheat_head</name><pose>Unspecified</pose><truncated>0</truncated><difficult>0</difficult><robndbox><cx>134.7015</cx><cy>174.5442</cy><w>87.9755</w><h>32.6154</h><angle>0.947499</angle></robndbox></object><object><type>robndbox</type><name>wheat_head</name><pose>Unspecified</pose><truncated>0</truncated><difficult>0</difficult><robndbox><cx>994.4293</cx><cy>663.5523</cy><w>47.0953</w><h>39.8115</h><angle>0.316252</angle></robndbox></object><object><type>robndbox</type><name>wheat_head</name><pose>Unspecified</pose><truncated>0</truncated><difficult>0</difficult><robndbox><cx>448.4286</cx><cy>562.3068</cy><w>86.9659</w><h>33.1752</h><angle>0.358344</angle></robndbox></object><object><type>robndbox</type><name>wheat_head</name><pose>Unspecified</pose><truncated>0</truncated><difficult>0</difficult><robndbox><cx>968.2858</cx><cy>332.8738</cy><w>74.9687</w><h>30.2501</h><angle>1.273437</angle></robndbox></object><object><type>robndbox</type><name>wheat_head</name><pose>Unspecified</pose><truncated>0</truncated><difficult>0</difficult><robndbox><cx>426.0095</cx><cy>195.6266</cy><w>105.4043</w><h>41.7354</h><angle>1.025183</angle></robndbox></object><object><type>robndbox</type><name>wheat_head</name><pose>Unspecified</pose><truncated>0</truncated><difficult>0</difficult><robndbox><cx>756.8997</cx><cy>218.2808</cy><w>75.157</w><h>38.0616</h><angle>0.721531</angle></robndbox></object><object><type>robndbox</type><name>wheat_head</name><pose>Unspecified</pose><truncated>0</truncated><difficult>0</difficult><robndbox><cx>785.9529</cx><cy>160.4647</cy><w>78.7465</w><h>37.5665</h><angle>0.729876</angle></robndbox></object><object><type>robndbox</type><name>wheat_head</name><pose>Unspecified</pose><truncated>0</truncated><difficult>0</difficult><robndbox><cx>287.4958</cx><cy>386.9347</cy><w>103.8194</w><h>42.6973</h><angle>0.602954</angle></robndbox></object><object><type>robndbox</type><name>wheat_head</name><pose>Unspecified</pose><truncated>0</truncated><difficult>0</difficult><robndbox><cx>776.8084</cx><cy>589.8798</cy><w>62.8484</w><h>31.8151</h><angle>0.66855</angle></robndbox></object><object><type>robndbox</type><name>wheat_head</name><pose>Unspecified</pose><truncated>0</truncated><difficult>0</difficult><robndbox><cx>24.0756</cx><cy>938.9638</cy><w>68.6358</w><h>27.9204</h><angle>1.008383</angle></robndbox></object><object><type>robndbox</type><name>wheat_head</name><pose>Unspecified</pose><truncated>0</truncated><difficult>0</difficult><robndbox><cx>628.4766</cx><cy>85.6787</cy><w>52.0299</w><h>33.3101</h><angle>0.868408</angle></robndbox></object><object><type>robndbox</type><name>wheat_head</name><pose>Unspecified</pose><truncated>0</truncated><difficult>0</difficult><robndbox><cx>172.6274</cx><cy>347.6136</cy><w>77.123</w><h>37.1921</h><angle>0.786586</angle></robndbox></object><object><type>robndbox</type><name>wheat_head</name><pose>Unspecified</pose><truncated>0</truncated><difficult>0</difficult><robndbox><cx>504.0782</cx><cy>711.6777</cy><w>79.6601</w><h>38.6878</h><angle>0.888407</angle></robndbox></object><object><type>robndbox</type><name>wheat_head</name><pose>Unspecified</pose><truncated>0</truncated><difficult>0</difficult><robndbox><cx>570.3002</cx><cy>208.2954</cy><w>72.9053</w><h>34.051</h><angle>0.951632</angle></robndbox></object><object><type>robndbox</type><name>wheat_head</name><pose>Unspecified</pose><truncated>0</truncated><difficult>0</difficult><robndbox><cx>746.1265</cx><cy>93.8993</cy><w>54.9204</w><h>33.8324</h><angle>0.997503</angle></robndbox></object><object><type>robndbox</type><name>wheat_head</name><pose>Unspecified</pose><truncated>0</truncated><difficult>0</difficult><robndbox><cx>102.1773</cx><cy>71.451</cy><w>69.3417</w><h>36.112</h><angle>0.478503</angle></robndbox></object><object><type>robndbox</type><name>wheat_head</name><pose>Unspecified</pose><truncated>0</truncated><difficult>0</difficult><robndbox><cx>866.9882</cx><cy>649.2988</cy><w>74.3627</w><h>38.07</h><angle>0.668701</angle></robndbox></object><object><type>robndbox</type><name>wheat_head</name><pose>Unspecified</pose><truncated>0</truncated><difficult>0</difficult><robndbox><cx>801.0359</cx><cy>837.0946</cy><w>93.9869</w><h>41.1165</h><angle>0.843333</angle></robndbox></object><object><type>robndbox</type><name>wheat_head</name><pose>Unspecified</pose><truncated>0</truncated><difficult>0</difficult><robndbox><cx>220.9871</cx><cy>771.0454</cy><w>75.6508</w><h>32.8556</h><angle>0.939161</angle></robndbox></object><object><type>robndbox</type><name>wheat_head</name><pose>Unspecified</pose><truncated>0</truncated><difficult>0</difficult><robndbox><cx>150.9232</cx><cy>970.9163</cy><w>107.4374</w><h>44.5798</h><angle>0.604511</angle></robndbox></object><object><type>robndbox</type><name>wheat_head</name><pose>Unspecified</pose><truncated>0</truncated><difficult>0</difficult><robndbox><cx>368.1399</cx><cy>982.4805</cy><w>57.1644</w><h>30.975</h><angle>0.826257</angle></robndbox></object><object><type>robndbox</type><name>wheat_head</name><pose>Unspecified</pose><truncated>0</truncated><difficult>0</difficult><robndbox><cx>623.695</cx><cy>899.5656</cy><w>103.2802</w><h>32.2633</h><angle>0.440701</angle></robndbox></object><object><type>robndbox</type><name>wheat_head</name><pose>Unspecified</pose><truncated>0</truncated><difficult>0</difficult><robndbox><cx>251.9892</cx><cy>849.156</cy><w>85.4328</w><h>34.0701</h><angle>0.615608</angle></robndbox></object><object><type>robndbox</type><name>wheat_head</name><pose>Unspecified</pose><truncated>0</truncated><difficult>0</difficult><robndbox><cx>444.4039</cx><cy>637.2648</cy><w>108.0638</w><h>29.9933</h><angle>0.290152</angle></robndbox></object><object><type>robndbox</type><name>wheat_head</name><pose>Unspecified</pose><truncated>0</truncated><difficult>0</difficult><robndbox><cx>778.7018</cx><cy>695.7922</cy><w>61.3603</w><h>32.1866</h><angle>0.815317</angle></robndbox></object><object><type>robndbox</type><name>wheat_head</name><pose>Unspecified</pose><truncated>0</truncated><difficult>0</difficult><robndbox><cx>233.0088</cx><cy>707.7041</cy><w>61.481</w><h>40.4199</h><angle>1.082359</angle></robndbox></object><object><type>robndbox</type><name>wheat_head</name><pose>Unspecified</pose><truncated>0</truncated><difficult>0</difficult><robndbox><cx>1004.007</cx><cy>346.6766</cy><w>39.8907</w><h>32.0357</h><angle>1.410675</angle></robndbox></object><object><type>robndbox</type><name>wheat_head</name><pose>Unspecified</pose><truncated>0</truncated><difficult>0</difficult><robndbox><cx>116.563</cx><cy>756.4047</cy><w>107.017</w><h>38.0068</h><angle>1.246266</angle></robndbox></object><object><type>robndbox</type><name>wheat_head</name><pose>Unspecified</pose><truncated>0</truncated><difficult>0</difficult><robndbox><cx>216.5486</cx><cy>929.1514</cy><w>83.5273</w><h>35.6313</h><angle>0.451188</angle></robndbox></object><object><type>robndbox</type><name>wheat_head</name><pose>Unspecified</pose><truncated>0</truncated><difficult>0</difficult><robndbox><cx>80.8567</cx><cy>352.021</cy><w>73.7933</w><h>26.762</h><angle>0.342886</angle></robndbox></object><object><type>robndbox</type><name>wheat_head</name><pose>Unspecified</pose><truncated>0</truncated><difficult>0</difficult><robndbox><cx>643.6019</cx><cy>424.1396</cy><w>72.9342</w><h>37.7618</h><angle>0.599553</angle></robndbox></object><object><type>robndbox</type><name>wheat_head</name><pose>Unspecified</pose><truncated>0</truncated><difficult>0</difficult><robndbox><cx>671.8497</cx><cy>863.3997</cy><w>81.9463</w><h>39.7666</h><angle>0.458637</angle></robndbox></object><object><type>robndbox</type><name>wheat_head</name><pose>Unspecified</pose><truncated>0</truncated><difficult>0</difficult><robndbox><cx>485.1106</cx><cy>607.0627</cy><w>100.6548</w><h>31.5995</h><angle>0.164505</angle></robndbox></object><object><type>robndbox</type><name>wheat_head</name><pose>Unspecified</pose><truncated>0</truncated><difficult>0</difficult><robndbox><cx>523.6738</cx><cy>956.2045</cy><w>71.7181</w><h>35.5077</h><angle>0.461976</angle></robndbox></object><object><type>robndbox</type><name>wheat_head</name><pose>Unspecified</pose><truncated>0</truncated><difficult>0</difficult><robndbox><cx>218.318</cx><cy>155.4529</cy><w>134.1053</w><h>38.8041</h><angle>0.752157</angle></robndbox></object><object><type>robndbox</type><name>wheat_head</name><pose>Unspecified</pose><truncated>0</truncated><difficult>0</difficult><robndbox><cx>711.6408</cx><cy>364.4533</cy><w>115.4679</w><h>37.2266</h><angle>1.162737</angle></robndbox></object><object><type>robndbox</type><name>wheat_head</name><pose>Unspecified</pose><truncated>0</truncated><difficult>0</difficult><robndbox><cx>54.383</cx><cy>912.3153</cy><w>65.8979</w><h>32.2484</h><angle>0.696574</angle></robndbox></object><object><type>robndbox</type><name>wheat_head</name><pose>Unspecified</pose><truncated>0</truncated><difficult>0</difficult><robndbox><cx>897.54</cx><cy>374.3317</cy><w>99.7575</w><h>39.9492</h><angle>2.532032</angle></robndbox></object><object><type>robndbox</type><name>wheat_head</name><pose>Unspecified</pose><truncated>0</truncated><difficult>0</difficult><robndbox><cx>321.0012</cx><cy>732.114</cy><w>98.1215</w><h>36.6048</h><angle>0.942787</angle></robndbox></object><object><type>robndbox</type><name>wheat_head</name><pose>Unspecified</pose><truncated>0</truncated><difficult>0</difficult><robndbox><cx>150.8402</cx><cy>567.8792</cy><w>92.6137</w><h>37.2141</h><angle>0.468605</angle></robndbox></object><object><type>robndbox</type><name>wheat_head</name><pose>Unspecified</pose><truncated>0</truncated><difficult>0</difficult><robndbox><cx>914.8768</cx><cy>757.083</cy><w>54.4419</w><h>37.2066</h><angle>0.660143</angle></robndbox></object><object><type>robndbox</type><name>wheat_head</name><pose>Unspecified</pose><truncated>0</truncated><difficult>0</difficult><robndbox><cx>864.2188</cx><cy>960.1523</cy><w>71.9967</w><h>37.9362</h><angle>0.553111</angle></robndbox></object><object><type>robndbox</type><name>wheat_head</name><pose>Unspecified</pose><truncated>0</truncated><difficult>0</difficult><robndbox><cx>196.9468</cx><cy>280.8474</cy><w>121.4078</w><h>39.8023</h><angle>0.878278</angle></robndbox></object><object><type>robndbox</type><name>wheat_head</name><pose>Unspecified</pose><truncated>0</truncated><difficult>0</difficult><robndbox><cx>628.2662</cx><cy>819.6323</cy><w>62.4409</w><h>35.246</h><angle>0.587209</angle></robndbox></object><object><type>robndbox</type><name>wheat_head</name><pose>Unspecified</pose><truncated>0</truncated><difficult>0</difficult><robndbox><cx>404.7296</cx><cy>358.8087</cy><w>52.529</w><h>32.5579</h><angle>0.908354</angle></robndbox></object><object><type>robndbox</type><name>wheat_head</name><pose>Unspecified</pose><truncated>0</truncated><difficult>0</difficult><robndbox><cx>565.1835</cx><cy>691.9111</cy><w>76.1127</w><h>39.7159</h><angle>0.637328</angle></robndbox></object><object><type>robndbox</type><name>wheat_head</name><pose>Unspecified</pose><truncated>0</truncated><difficult>0</difficult><robndbox><cx>258.768</cx><cy>598.3186</cy><w>86.7103</w><h>41.2679</h><angle>0.353704</angle></robndbox></object><object><type>robndbox</type><name>wheat_head</name><pose>Unspecified</pose><truncated>0</truncated><difficult>0</difficult><robndbox><cx>568.5599</cx><cy>56.4081</cy><w>57.0349</w><h>28.4997</h><angle>0.347638</angle></robndbox></object><object><type>robndbox</type><name>wheat_head</name><pose>Unspecified</pose><truncated>0</truncated><difficult>0</difficult><robndbox><cx>685.4056</cx><cy>1010.3016</cy><w>56.0834</w><h>24.5803</h><angle>0.033273</angle></robndbox></object><object><type>robndbox</type><name>wheat_head</name><pose>Unspecified</pose><truncated>0</truncated><difficult>0</difficult><robndbox><cx>285.5752</cx><cy>818.5351</cy><w>46.3646</w><h>30.1151</h><angle>0.532382</angle></robndbox></object><object><type>robndbox</type><name>wheat_head</name><pose>Unspecified</pose><truncated>0</truncated><difficult>0</difficult><robndbox><cx>216.9784</cx><cy>538.346</cy><w>57.8293</w><h>31.7555</h><angle>1.471948</angle></robndbox></object><object><type>robndbox</type><name>wheat_head</name><pose>Unspecified</pose><truncated>0</truncated><difficult>0</difficult><robndbox><cx>98.5577</cx><cy>219.4154</cy><w>84.567</w><h>34.9469</h><angle>0.951726</angle></robndbox></object><object><type>robndbox</type><name>wheat_head</name><pose>Unspecified</pose><truncated>0</truncated><difficult>0</difficult><robndbox><cx>78.3778</cx><cy>303.8726</cy><w>82.9948</w><h>38.5218</h><angle>0.388682</angle></robndbox></object><object><type>robndbox</type><name>wheat_head</name><pose>Unspecified</pose><truncated>0</truncated><difficult>0</difficult><robndbox><cx>404.6975</cx><cy>687.1937</cy><w>53.1196</w><h>26.9542</h><angle>0.732998</angle></robndbox></object><object><type>robndbox</type><name>wheat_head</name><pose>Unspecified</pose><truncated>0</truncated><difficult>0</difficult><robndbox><cx>245.6639</cx><cy>1008.4584</cy><w>58.7791</w><h>26.262</h><angle>3.093052</angle></robndbox></object><object><type>robndbox</type><name>wheat_head</name><pose>Unspecified</pose><truncated>0</truncated><difficult>0</difficult><robndbox><cx>120.8819</cx><cy>650.7711</cy><w>71.2308</w><h>37.7344</h><angle>0.592024</angle></robndbox></object><object><type>robndbox</type><name>wheat_head</name><pose>Unspecified</pose><truncated>0</truncated><difficult>0</difficult><robndbox><cx>954.0746</cx><cy>561.8152</cy><w>51.1849</w><h>31.2012</h><angle>0.80265</angle></robndbox></object><object><type>robndbox</type><name>wheat_head</name><pose>Unspecified</pose><truncated>0</truncated><difficult>0</difficult><robndbox><cx>570.1714</cx><cy>12.7608</cy><w>51.2855</w><h>28.7278</h><angle>0.4717</angle></robndbox></object><object><type>robndbox</type><name>wheat_head</name><pose>Unspecified</pose><truncated>0</truncated><difficult>0</difficult><robndbox><cx>994.0595</cx><cy>544.5978</cy><w>48.1043</w><h>30.549</h><angle>1.075026</angle></robndbox></object><object><type>robndbox</type><name>wheat_head</name><pose>Unspecified</pose><truncated>0</truncated><difficult>0</difficult><robndbox><cx>835.6122</cx><cy>75.2764</cy><w>54.5175</w><h>36.4209</h><angle>0.51354</angle></robndbox></object><object><type>robndbox</type><name>wheat_head</name><pose>Unspecified</pose><truncated>0</truncated><difficult>0</difficult><robndbox><cx>669.8545</cx><cy>275.3967</cy><w>63.6493</w><h>35.6931</h><angle>0.918333</angle></robndbox></object><object><type>robndbox</type><name>wheat_head</name><pose>Unspecified</pose><truncated>0</truncated><difficult>0</difficult><robndbox><cx>618.8474</cx><cy>954.7656</cy><w>61.4851</w><h>31.9739</h><angle>0.517776</angle></robndbox></object><object><type>robndbox</type><name>wheat_head</name><pose>Unspecified</pose><truncated>0</truncated><difficult>0</difficult><robndbox><cx>416.8392</cx><cy>843.6934</cy><w>58.163</w><h>28.6644</h><angle>0.019003</angle></robndbox></object><object><type>robndbox</type><name>wheat_head</name><pose>Unspecified</pose><truncated>0</truncated><difficult>0</difficult><robndbox><cx>620.5129</cx><cy>171.8683</cy><w>138.1525</w><h>35.9657</h><angle>0.67684</angle></robndbox></object><object><type>robndbox</type><name>wheat_head</name><pose>Unspecified</pose><truncated>0</truncated><difficult>0</difficult><robndbox><cx>174.5656</cx><cy>505.51</cy><w>41.4074</w><h>33.0741</h><angle>0.386301</angle></robndbox></object><object><type>robndbox</type><name>wheat_head</name><pose>Unspecified</pose><truncated>0</truncated><difficult>0</difficult><robndbox><cx>463.9343</cx><cy>300.6627</cy><w>46.1419</w><h>29.0564</h><angle>0.728652</angle></robndbox></object><object><type>robndbox</type><name>wheat_head</name><pose>Unspecified</pose><truncated>0</truncated><difficult>0</difficult><robndbox><cx>115.3191</cx><cy>489.1956</cy><w>42.2927</w><h>29.4364</h><angle>0.229296</angle></robndbox></object><object><type>robndbox</type><name>wheat_head</name><pose>Unspecified</pose><truncated>0</truncated><difficult>0</difficult><robndbox><cx>870.7936</cx><cy>449.8645</cy><w>39.1607</w><h>35.1919</h><angle>1.239479</angle></robndbox></object><object><type>robndbox</type><name>wheat_head</name><pose>Unspecified</pose><truncated>0</truncated><difficult>0</difficult><robndbox><cx>939.0275</cx><cy>691.908</cy><w>34.8596</w><h>29.6991</h><angle>0.600472</angle></robndbox></object><object><type>robndbox</type><name>wheat_head</name><pose>Unspecified</pose><truncated>0</truncated><difficult>0</difficult><robndbox><cx>558.0858</cx><cy>890.9101</cy><w>44.1442</w><h>26.6103</h><angle>0.220702</angle></robndbox></object><object><type>robndbox</type><name>wheat_head</name><pose>Unspecified</pose><truncated>0</truncated><difficult>0</difficult><robndbox><cx>573.0361</cx><cy>597.8142</cy><w>43.6385</w><h>31.7499</h><angle>0.481522</angle></robndbox></object><object><type>robndbox</type><name>wheat_head</name><pose>Unspecified</pose><truncated>0</truncated><difficult>0</difficult><robndbox><cx>86.66</cx><cy>875.2094</cy><w>75.6964</w><h>30.4332</h><angle>0.086425</angle></robndbox></object><object><type>robndbox</type><name>wheat_head</name><pose>Unspecified</pose><truncated>0</truncated><difficult>0</difficult><robndbox><cx>753.0691</cx><cy>742.2367</cy><w>58.5775</w><h>23.2525</h><angle>0.64034</angle></robndbox></object><object><type>robndbox</type><name>wheat_head</name><pose>Unspecified</pose><truncated>0</truncated><difficult>0</difficult><robndbox><cx>115.9331</cx><cy>6.6023</cy><w>32.9547</w><h>15.5289</h><angle>0.031265</angle></robndbox></object><object><type>robndbox</type><name>wheat_head</name><pose>Unspecified</pose><truncated>0</truncated><difficult>0</difficult><robndbox><cx>529.5396</cx><cy>837.9582</cy><w>43.3341</w><h>30.4429</h><angle>0.41325</angle></robndbox></object><object><type>robndbox</type><name>wheat_head</name><pose>Unspecified</pose><truncated>0</truncated><difficult>0</difficult><robndbox><cx>20.8019</cx><cy>254.6977</cy><w>45.2844</w><h>30.0543</h><angle>1.040874</angle></robndbox></object><object><type>robndbox</type><name>wheat_head</name><pose>Unspecified</pose><truncated>0</truncated><difficult>0</difficult><robndbox><cx>196.9468</cx><cy>280.8474</cy><w>121.4078</w><h>39.8023</h><angle>0.878278</angle></robndbox></object><object><type>robndbox</type><name>wheat_head</name><pose>Unspecified</pose><truncated>0</truncated><difficult>0</difficult><robndbox><cx>570.1714</cx><cy>12.7608</cy><w>51.2855</w><h>28.7278</h><angle>0.4717</angle></robndbox></object><object><type>robndbox</type><name>wheat_head</name><pose>Unspecified</pose><truncated>0</truncated><difficult>0</difficult><robndbox><cx>941.8877</cx><cy>552.7794</cy><w>130.8999</w><h>37.3177</h><angle>1.54428</angle></robndbox></object><object><type>robndbox</type><name>wheat_head</name><pose>Unspecified</pose><truncated>0</truncated><difficult>0</difficult><robndbox><cx>695.7455</cx><cy>192.7974</cy><w>41.8944</w><h>26.17</h><angle>0.814748</angle></robndbox></object><object><type>robndbox</type><name>wheat_head</name><pose>Unspecified</pose><truncated>0</truncated><difficult>0</difficult><robndbox><cx>157.8479</cx><cy>778.7029</cy><w>28.6179</w><h>28.411</h><angle>1.728107</angle></robndbox></object><object><type>robndbox</type><name>wheat_head</name><pose>Unspecified</pose><truncated>0</truncated><difficult>0</difficult><robndbox><cx>375.3972</cx><cy>779.4327</cy><w>33.2866</w><h>21.476</h><angle>0.571337</angle></robndbox></object><object><type>robndbox</type><name>wheat_head</name><pose>Unspecified</pose><truncated>0</truncated><difficult>0</difficult><robndbox><cx>165.0015</cx><cy>283.3375</cy><w>50.2195</w><h>20.0256</h><angle>0.61562</angle></robndbox></object><object><type>robndbox</type><name>wheat_head</name><pose>Unspecified</pose><truncated>0</truncated><difficult>0</difficult><robndbox><cx>894.8814</cx><cy>36.3569</cy><w>75.4321</w><h>26.0145</h><angle>0.898126</angle></robndbox></object><object><type>robndbox</type><name>wheat_head</name><pose>Unspecified</pose><truncated>0</truncated><difficult>0</difficult><robndbox><cx>945.8751</cx><cy>9.9089</cy><w>35.0</w><h>30.7563</h><angle>0.643501</angle></robndbox></object></annotation>