<annotation verified="no"><folder>images</folder><filename>3a84eba70</filename><path>/home/badhon/Documents/thesis/final_dataset/ethz_1/images/3a84eba70.jpg</path><source><database>Unknown</database></source><size><width>1024</width><height>1024</height><depth>3</depth></size><segmented>0</segmented><object><type>robndbox</type><name>wheat_head</name><pose>Unspecified</pose><truncated>0</truncated><difficult>0</difficult><robndbox><cx>935.3131</cx><cy>983.4524</cy><w>70.4922</w><h>35.953</h><angle>1.229341</angle></robndbox></object><object><type>robndbox</type><name>wheat_head</name><pose>Unspecified</pose><truncated>0</truncated><difficult>0</difficult><robndbox><cx>228.6018</cx><cy>285.4804</cy><w>89.2711</w><h>35.2521</h><angle>0.728859</angle></robndbox></object><object><type>robndbox</type><name>wheat_head</name><pose>Unspecified</pose><truncated>0</truncated><difficult>0</difficult><robndbox><cx>390.4903</cx><cy>375.0251</cy><w>70.0676</w><h>32.4733</h><angle>0.996757</angle></robndbox></object><object><type>robndbox</type><name>wheat_head</name><pose>Unspecified</pose><truncated>0</truncated><difficult>0</difficult><robndbox><cx>68.2901</cx><cy>83.3945</cy><w>123.026</w><h>37.9125</h><angle>0.70658</angle></robndbox></object><object><type>robndbox</type><name>wheat_head</name><pose>Unspecified</pose><truncated>0</truncated><difficult>0</difficult><robndbox><cx>144.2364</cx><cy>83.8392</cy><w>149.339</w><h>39.774</h><angle>0.69451</angle></robndbox></object><object><type>robndbox</type><name>wheat_head</name><pose>Unspecified</pose><truncated>0</truncated><difficult>0</difficult><robndbox><cx>904.3218</cx><cy>503.1072</cy><w>64.1928</w><h>34.7323</h><angle>1.377782</angle></robndbox></object><object><type>robndbox</type><name>wheat_head</name><pose>Unspecified</pose><truncated>0</truncated><difficult>0</difficult><robndbox><cx>331.3602</cx><cy>510.1543</cy><w>67.8634</w><h>35.841</h><angle>1.230423</angle></robndbox></object><object><type>robndbox</type><name>wheat_head</name><pose>Unspecified</pose><truncated>0</truncated><difficult>0</difficult><robndbox><cx>323.3166</cx><cy>61.1321</cy><w>77.9126</w><h>25.4357</h><angle>0.741406</angle></robndbox></object><object><type>robndbox</type><name>wheat_head</name><pose>Unspecified</pose><truncated>0</truncated><difficult>0</difficult><robndbox><cx>975.118</cx><cy>31.32</cy><w>81.5326</w><h>38.6108</h><angle>0.74971</angle></robndbox></object><object><type>robndbox</type><name>wheat_head</name><pose>Unspecified</pose><truncated>0</truncated><difficult>0</difficult><robndbox><cx>659.8253</cx><cy>748.0983</cy><w>73.4706</w><h>37.1906</h><angle>1.203352</angle></robndbox></object><object><type>robndbox</type><name>wheat_head</name><pose>Unspecified</pose><truncated>0</truncated><difficult>0</difficult><robndbox><cx>834.9461</cx><cy>905.2963</cy><w>87.4105</w><h>42.2864</h><angle>2.458193</angle></robndbox></object><object><type>robndbox</type><name>wheat_head</name><pose>Unspecified</pose><truncated>0</truncated><difficult>0</difficult><robndbox><cx>857.662</cx><cy>124.9542</cy><w>48.3635</w><h>23.838</h><angle>1.194329</angle></robndbox></object><object><type>robndbox</type><name>wheat_head</name><pose>Unspecified</pose><truncated>0</truncated><difficult>0</difficult><robndbox><cx>823.1841</cx><cy>817.3428</cy><w>78.1639</w><h>34.009</h><angle>0.923098</angle></robndbox></object><object><type>robndbox</type><name>wheat_head</name><pose>Unspecified</pose><truncated>0</truncated><difficult>0</difficult><robndbox><cx>867.9487</cx><cy>92.7905</cy><w>101.4765</w><h>41.0619</h><angle>0.42599</angle></robndbox></object><object><type>robndbox</type><name>wheat_head</name><pose>Unspecified</pose><truncated>0</truncated><difficult>0</difficult><robndbox><cx>699.8064</cx><cy>92.3223</cy><w>70.0916</w><h>34.3256</h><angle>0.349292</angle></robndbox></object><object><type>robndbox</type><name>wheat_head</name><pose>Unspecified</pose><truncated>0</truncated><difficult>0</difficult><robndbox><cx>161.2559</cx><cy>423.1303</cy><w>82.7619</w><h>35.7846</h><angle>0.584929</angle></robndbox></object><object><type>robndbox</type><name>wheat_head</name><pose>Unspecified</pose><truncated>0</truncated><difficult>0</difficult><robndbox><cx>915.0415</cx><cy>367.2764</cy><w>89.4365</w><h>28.7966</h><angle>1.054577</angle></robndbox></object><object><type>robndbox</type><name>wheat_head</name><pose>Unspecified</pose><truncated>0</truncated><difficult>0</difficult><robndbox><cx>362.3399</cx><cy>884.7477</cy><w>68.2218</w><h>34.9794</h><angle>0.522898</angle></robndbox></object><object><type>robndbox</type><name>wheat_head</name><pose>Unspecified</pose><truncated>0</truncated><difficult>0</difficult><robndbox><cx>196.3872</cx><cy>495.267</cy><w>114.2116</w><h>37.7655</h><angle>0.837582</angle></robndbox></object><object><type>robndbox</type><name>wheat_head</name><pose>Unspecified</pose><truncated>0</truncated><difficult>0</difficult><robndbox><cx>863.2717</cx><cy>30.2904</cy><w>102.9263</w><h>36.0465</h><angle>0.629382</angle></robndbox></object><object><type>robndbox</type><name>wheat_head</name><pose>Unspecified</pose><truncated>0</truncated><difficult>0</difficult><robndbox><cx>568.6466</cx><cy>784.7155</cy><w>61.9899</w><h>34.9585</h><angle>1.145864</angle></robndbox></object><object><type>robndbox</type><name>wheat_head</name><pose>Unspecified</pose><truncated>0</truncated><difficult>0</difficult><robndbox><cx>347.5302</cx><cy>787.2441</cy><w>83.0143</w><h>28.9542</h><angle>0.11479</angle></robndbox></object><object><type>robndbox</type><name>wheat_head</name><pose>Unspecified</pose><truncated>0</truncated><difficult>0</difficult><robndbox><cx>685.5412</cx><cy>996.2966</cy><w>49.7481</w><h>32.7266</h><angle>0.730791</angle></robndbox></object><object><type>robndbox</type><name>wheat_head</name><pose>Unspecified</pose><truncated>0</truncated><difficult>0</difficult><robndbox><cx>979.849</cx><cy>167.7125</cy><w>61.1434</w><h>38.6503</h><angle>0.384034</angle></robndbox></object><object><type>robndbox</type><name>wheat_head</name><pose>Unspecified</pose><truncated>0</truncated><difficult>0</difficult><robndbox><cx>642.7643</cx><cy>195.9328</cy><w>109.842</w><h>32.3792</h><angle>0.770608</angle></robndbox></object><object><type>robndbox</type><name>wheat_head</name><pose>Unspecified</pose><truncated>0</truncated><difficult>0</difficult><robndbox><cx>987.3082</cx><cy>767.8373</cy><w>46.0793</w><h>36.7162</h><angle>0.403744</angle></robndbox></object><object><type>robndbox</type><name>wheat_head</name><pose>Unspecified</pose><truncated>0</truncated><difficult>0</difficult><robndbox><cx>667.3242</cx><cy>150.2037</cy><w>70.1397</w><h>33.626</h><angle>0.821416</angle></robndbox></object><object><type>robndbox</type><name>wheat_head</name><pose>Unspecified</pose><truncated>0</truncated><difficult>0</difficult><robndbox><cx>960.6797</cx><cy>430.6515</cy><w>87.8901</w><h>36.2058</h><angle>0.022297</angle></robndbox></object><object><type>robndbox</type><name>wheat_head</name><pose>Unspecified</pose><truncated>0</truncated><difficult>0</difficult><robndbox><cx>262.2924</cx><cy>453.0089</cy><w>55.0412</w><h>33.824</h><angle>0.580794</angle></robndbox></object><object><type>robndbox</type><name>wheat_head</name><pose>Unspecified</pose><truncated>0</truncated><difficult>0</difficult><robndbox><cx>484.8185</cx><cy>55.5339</cy><w>51.867</w><h>25.2544</h><angle>0.375538</angle></robndbox></object><object><type>robndbox</type><name>wheat_head</name><pose>Unspecified</pose><truncated>0</truncated><difficult>0</difficult><robndbox><cx>15.0</cx><cy>1016.0</cy><w>18.4391</w><h>16.0</h><angle>0.0</angle></robndbox></object><object><type>robndbox</type><name>wheat_head</name><pose>Unspecified</pose><truncated>0</truncated><difficult>0</difficult><robndbox><cx>731.9498</cx><cy>252.735</cy><w>68.7899</w><h>35.468</h><angle>0.07401</angle></robndbox></object><object><type>robndbox</type><name>wheat_head</name><pose>Unspecified</pose><truncated>0</truncated><difficult>0</difficult><robndbox><cx>172.5588</cx><cy>917.0277</cy><w>31.0941</w><h>26.566</h><angle>1.31355</angle></robndbox></object><object><type>robndbox</type><name>wheat_head</name><pose>Unspecified</pose><truncated>0</truncated><difficult>0</difficult><robndbox><cx>503.4258</cx><cy>864.5091</cy><w>69.098</w><h>36.3395</h><angle>2.820585</angle></robndbox></object><object><type>robndbox</type><name>wheat_head</name><pose>Unspecified</pose><truncated>0</truncated><difficult>0</difficult><robndbox><cx>755.6502</cx><cy>659.139</cy><w>149.0448</w><h>38.9168</h><angle>1.499296</angle></robndbox></object><object><type>robndbox</type><name>wheat_head</name><pose>Unspecified</pose><truncated>0</truncated><difficult>0</difficult><robndbox><cx>804.3593</cx><cy>211.3474</cy><w>45.6722</w><h>29.7332</h><angle>0.634851</angle></robndbox></object><object><type>robndbox</type><name>wheat_head</name><pose>Unspecified</pose><truncated>0</truncated><difficult>0</difficult><robndbox><cx>641.3296</cx><cy>822.3666</cy><w>77.3266</w><h>32.2129</h><angle>0.153034</angle></robndbox></object><object><type>robndbox</type><name>wheat_head</name><pose>Unspecified</pose><truncated>0</truncated><difficult>0</difficult><robndbox><cx>728.4373</cx><cy>227.1708</cy><w>117.1779</w><h>21.9579</h><angle>0.653245</angle></robndbox></object><object><type>robndbox</type><name>wheat_head</name><pose>Unspecified</pose><truncated>0</truncated><difficult>0</difficult><robndbox><cx>857.5231</cx><cy>378.5405</cy><w>68.8478</w><h>31.1712</h><angle>2.32205</angle></robndbox></object><object><type>robndbox</type><name>wheat_head</name><pose>Unspecified</pose><truncated>0</truncated><difficult>0</difficult><robndbox><cx>815.5598</cx><cy>730.3445</cy><w>61.2373</w><h>33.1922</h><angle>1.940943</angle></robndbox></object><object><type>robndbox</type><name>wheat_head</name><pose>Unspecified</pose><truncated>0</truncated><difficult>0</difficult><robndbox><cx>85.3757</cx><cy>256.2129</cy><w>94.6627</w><h>33.7599</h><angle>3.109825</angle></robndbox></object><object><type>robndbox</type><name>wheat_head</name><pose>Unspecified</pose><truncated>0</truncated><difficult>0</difficult><robndbox><cx>93.2877</cx><cy>751.2759</cy><w>70.7477</w><h>28.9804</h><angle>0.017314</angle></robndbox></object><object><type>robndbox</type><name>wheat_head</name><pose>Unspecified</pose><truncated>0</truncated><difficult>0</difficult><robndbox><cx>370.3931</cx><cy>600.9462</cy><w>198.0214</w><h>43.0749</h><angle>0.426755</angle></robndbox></object><object><type>robndbox</type><name>wheat_head</name><pose>Unspecified</pose><truncated>0</truncated><difficult>0</difficult><robndbox><cx>614.4193</cx><cy>417.5961</cy><w>110.1101</w><h>40.2528</h><angle>3.115468</angle></robndbox></object><object><type>robndbox</type><name>wheat_head</name><pose>Unspecified</pose><truncated>0</truncated><difficult>0</difficult><robndbox><cx>66.7613</cx><cy>801.9509</cy><w>64.416</w><h>34.9543</h><angle>3.008749</angle></robndbox></object><object><type>robndbox</type><name>wheat_head</name><pose>Unspecified</pose><truncated>0</truncated><difficult>0</difficult><robndbox><cx>494.7819</cx><cy>810.7711</cy><w>74.9054</w><h>32.6566</h><angle>3.069762</angle></robndbox></object><object><type>robndbox</type><name>wheat_head</name><pose>Unspecified</pose><truncated>0</truncated><difficult>0</difficult><robndbox><cx>505.3314</cx><cy>949.3853</cy><w>56.4702</w><h>26.1087</h><angle>2.945518</angle></robndbox></object><object><type>robndbox</type><name>wheat_head</name><pose>Unspecified</pose><truncated>0</truncated><difficult>0</difficult><robndbox><cx>287.7679</cx><cy>15.5613</cy><w>62.8605</w><h>30.0336</h><angle>0.33494</angle></robndbox></object><object><type>robndbox</type><name>wheat_head</name><pose>Unspecified</pose><truncated>0</truncated><difficult>0</difficult><robndbox><cx>298.523</cx><cy>85.7354</cy><w>115.0371</w><h>38.8109</h><angle>0.641406</angle></robndbox></object><object><type>robndbox</type><name>wheat_head</name><pose>Unspecified</pose><truncated>0</truncated><difficult>0</difficult><robndbox><cx>883.0612</cx><cy>405.0856</cy><w>37.9053</w><h>27.4391</h><angle>1.745413</angle></robndbox></object><object><type>robndbox</type><name>wheat_head</name><pose>Unspecified</pose><truncated>0</truncated><difficult>0</difficult><robndbox><cx>205.8481</cx><cy>823.7225</cy><w>34.395</w><h>33.7366</h><angle>0.86008</angle></robndbox></object><object><type>robndbox</type><name>wheat_head</name><pose>Unspecified</pose><truncated>0</truncated><difficult>0</difficult><robndbox><cx>305.402</cx><cy>400.7716</cy><w>205.0461</w><h>40.666</h><angle>0.310754</angle></robndbox></object><object><type>robndbox</type><name>wheat_head</name><pose>Unspecified</pose><truncated>0</truncated><difficult>0</difficult><robndbox><cx>782.3533</cx><cy>848.2508</cy><w>49.4583</w><h>27.188</h><angle>0.0087</angle></robndbox></object><object><type>robndbox</type><name>wheat_head</name><pose>Unspecified</pose><truncated>0</truncated><difficult>0</difficult><robndbox><cx>543.8127</cx><cy>85.4919</cy><w>160.2839</w><h>35.2945</h><angle>1.016514</angle></robndbox></object><object><type>robndbox</type><name>wheat_head</name><pose>Unspecified</pose><truncated>0</truncated><difficult>0</difficult><robndbox><cx>420.8136</cx><cy>474.809</cy><w>55.7603</w><h>37.3088</h><angle>0.269282</angle></robndbox></object><object><type>robndbox</type><name>wheat_head</name><pose>Unspecified</pose><truncated>0</truncated><difficult>0</difficult><robndbox><cx>144.2364</cx><cy>83.8392</cy><w>149.339</w><h>39.774</h><angle>0.69451</angle></robndbox></object><object><type>robndbox</type><name>wheat_head</name><pose>Unspecified</pose><truncated>0</truncated><difficult>0</difficult><robndbox><cx>293.9032</cx><cy>501.8243</cy><w>25.0799</w><h>19.4989</h><angle>2.731465</angle></robndbox></object></annotation>