<annotation verified="no"><folder>images</folder><filename>3c2b5bd45</filename><path>/home/badhon/Documents/thesis/final_dataset/ethz_1/images/3c2b5bd45.jpg</path><source><database>Unknown</database></source><size><width>1024</width><height>1024</height><depth>3</depth></size><segmented>0</segmented><object><type>robndbox</type><name>wheat_head</name><pose>Unspecified</pose><truncated>0</truncated><difficult>0</difficult><robndbox><cx>726.0106</cx><cy>338.6695</cy><w>94.1384</w><h>38.6699</h><angle>0.601326</angle></robndbox></object><object><type>robndbox</type><name>wheat_head</name><pose>Unspecified</pose><truncated>0</truncated><difficult>0</difficult><robndbox><cx>83.9593</cx><cy>710.8318</cy><w>120.4206</w><h>34.2592</h><angle>0.348646</angle></robndbox></object><object><type>robndbox</type><name>wheat_head</name><pose>Unspecified</pose><truncated>0</truncated><difficult>0</difficult><robndbox><cx>50.959</cx><cy>774.6804</cy><w>102.8043</w><h>36.7992</h><angle>0.520051</angle></robndbox></object><object><type>robndbox</type><name>wheat_head</name><pose>Unspecified</pose><truncated>0</truncated><difficult>0</difficult><robndbox><cx>872.9607</cx><cy>206.8946</cy><w>73.871</w><h>41.9215</h><angle>0.621793</angle></robndbox></object><object><type>robndbox</type><name>wheat_head</name><pose>Unspecified</pose><truncated>0</truncated><difficult>0</difficult><robndbox><cx>862.6761</cx><cy>307.4059</cy><w>77.3629</w><h>33.7359</h><angle>0.522251</angle></robndbox></object><object><type>robndbox</type><name>wheat_head</name><pose>Unspecified</pose><truncated>0</truncated><difficult>0</difficult><robndbox><cx>96.3657</cx><cy>337.7049</cy><w>114.7979</w><h>40.61</h><angle>0.273633</angle></robndbox></object><object><type>robndbox</type><name>wheat_head</name><pose>Unspecified</pose><truncated>0</truncated><difficult>0</difficult><robndbox><cx>971.1915</cx><cy>668.6478</cy><w>87.5025</w><h>43.5131</h><angle>0.592386</angle></robndbox></object><object><type>robndbox</type><name>wheat_head</name><pose>Unspecified</pose><truncated>0</truncated><difficult>0</difficult><robndbox><cx>993.5917</cx><cy>190.0518</cy><w>49.9114</w><h>38.9421</h><angle>0.532355</angle></robndbox></object><object><type>robndbox</type><name>wheat_head</name><pose>Unspecified</pose><truncated>0</truncated><difficult>0</difficult><robndbox><cx>537.4381</cx><cy>32.1754</cy><w>59.5857</w><h>29.8555</h><angle>0.551179</angle></robndbox></object><object><type>robndbox</type><name>wheat_head</name><pose>Unspecified</pose><truncated>0</truncated><difficult>0</difficult><robndbox><cx>648.7842</cx><cy>543.4734</cy><w>103.7981</w><h>44.5868</h><angle>0.548212</angle></robndbox></object><object><type>robndbox</type><name>wheat_head</name><pose>Unspecified</pose><truncated>0</truncated><difficult>0</difficult><robndbox><cx>856.4496</cx><cy>831.1002</cy><w>108.9066</w><h>40.7993</h><angle>0.381471</angle></robndbox></object><object><type>robndbox</type><name>wheat_head</name><pose>Unspecified</pose><truncated>0</truncated><difficult>0</difficult><robndbox><cx>32.1791</cx><cy>547.6089</cy><w>68.6922</w><h>36.6819</h><angle>0.595339</angle></robndbox></object><object><type>robndbox</type><name>wheat_head</name><pose>Unspecified</pose><truncated>0</truncated><difficult>0</difficult><robndbox><cx>292.626</cx><cy>104.9477</cy><w>129.2869</w><h>37.6309</h><angle>0.918107</angle></robndbox></object><object><type>robndbox</type><name>wheat_head</name><pose>Unspecified</pose><truncated>0</truncated><difficult>0</difficult><robndbox><cx>717.9574</cx><cy>206.2444</cy><w>77.8994</w><h>32.3662</h><angle>0.372522</angle></robndbox></object><object><type>robndbox</type><name>wheat_head</name><pose>Unspecified</pose><truncated>0</truncated><difficult>0</difficult><robndbox><cx>79.76</cx><cy>21.1414</cy><w>75.2612</w><h>38.4496</h><angle>0.607607</angle></robndbox></object><object><type>robndbox</type><name>wheat_head</name><pose>Unspecified</pose><truncated>0</truncated><difficult>0</difficult><robndbox><cx>307.5263</cx><cy>287.0492</cy><w>90.586</w><h>42.9286</h><angle>0.528483</angle></robndbox></object><object><type>robndbox</type><name>wheat_head</name><pose>Unspecified</pose><truncated>0</truncated><difficult>0</difficult><robndbox><cx>466.2867</cx><cy>125.3742</cy><w>77.663</w><h>38.2668</h><angle>0.402118</angle></robndbox></object><object><type>robndbox</type><name>wheat_head</name><pose>Unspecified</pose><truncated>0</truncated><difficult>0</difficult><robndbox><cx>911.8719</cx><cy>979.684</cy><w>68.195</w><h>33.1847</h><angle>0.419093</angle></robndbox></object><object><type>robndbox</type><name>wheat_head</name><pose>Unspecified</pose><truncated>0</truncated><difficult>0</difficult><robndbox><cx>486.8712</cx><cy>296.715</cy><w>85.4418</w><h>40.7509</h><angle>0.330604</angle></robndbox></object><object><type>robndbox</type><name>wheat_head</name><pose>Unspecified</pose><truncated>0</truncated><difficult>0</difficult><robndbox><cx>159.0663</cx><cy>446.1589</cy><w>106.144</w><h>34.9679</h><angle>2.907053</angle></robndbox></object><object><type>robndbox</type><name>wheat_head</name><pose>Unspecified</pose><truncated>0</truncated><difficult>0</difficult><robndbox><cx>117.7958</cx><cy>130.606</cy><w>79.0228</w><h>38.2961</h><angle>0.411742</angle></robndbox></object><object><type>robndbox</type><name>wheat_head</name><pose>Unspecified</pose><truncated>0</truncated><difficult>0</difficult><robndbox><cx>766.9946</cx><cy>189.8254</cy><w>84.1829</w><h>35.8654</h><angle>0.345104</angle></robndbox></object><object><type>robndbox</type><name>wheat_head</name><pose>Unspecified</pose><truncated>0</truncated><difficult>0</difficult><robndbox><cx>341.2759</cx><cy>659.9832</cy><w>110.0725</w><h>30.3135</h><angle>0.092009</angle></robndbox></object><object><type>robndbox</type><name>wheat_head</name><pose>Unspecified</pose><truncated>0</truncated><difficult>0</difficult><robndbox><cx>751.9841</cx><cy>915.6223</cy><w>99.0396</w><h>29.8065</h><angle>0.28262</angle></robndbox></object><object><type>robndbox</type><name>wheat_head</name><pose>Unspecified</pose><truncated>0</truncated><difficult>0</difficult><robndbox><cx>794.2897</cx><cy>885.5222</cy><w>85.7735</w><h>30.6308</h><angle>0.231458</angle></robndbox></object><object><type>robndbox</type><name>wheat_head</name><pose>Unspecified</pose><truncated>0</truncated><difficult>0</difficult><robndbox><cx>201.8922</cx><cy>615.8368</cy><w>163.3522</w><h>35.9169</h><angle>0.624988</angle></robndbox></object><object><type>robndbox</type><name>wheat_head</name><pose>Unspecified</pose><truncated>0</truncated><difficult>0</difficult><robndbox><cx>224.2439</cx><cy>1009.6766</cy><w>80.2523</w><h>24.6087</h><angle>3.116095</angle></robndbox></object><object><type>robndbox</type><name>wheat_head</name><pose>Unspecified</pose><truncated>0</truncated><difficult>0</difficult><robndbox><cx>33.4356</cx><cy>403.6053</cy><w>54.0208</w><h>34.9061</h><angle>2.775647</angle></robndbox></object><object><type>robndbox</type><name>wheat_head</name><pose>Unspecified</pose><truncated>0</truncated><difficult>0</difficult><robndbox><cx>948.4092</cx><cy>768.5695</cy><w>76.5684</w><h>36.2468</h><angle>2.839676</angle></robndbox></object><object><type>robndbox</type><name>wheat_head</name><pose>Unspecified</pose><truncated>0</truncated><difficult>0</difficult><robndbox><cx>974.1805</cx><cy>905.6912</cy><w>81.9393</w><h>42.6777</h><angle>0.181112</angle></robndbox></object><object><type>robndbox</type><name>wheat_head</name><pose>Unspecified</pose><truncated>0</truncated><difficult>0</difficult><robndbox><cx>292.8689</cx><cy>9.0073</cy><w>86.6251</w><h>20.439</h><angle>0.077628</angle></robndbox></object><object><type>robndbox</type><name>wheat_head</name><pose>Unspecified</pose><truncated>0</truncated><difficult>0</difficult><robndbox><cx>609.0986</cx><cy>626.2792</cy><w>103.9946</w><h>39.7349</h><angle>0.538314</angle></robndbox></object><object><type>robndbox</type><name>wheat_head</name><pose>Unspecified</pose><truncated>0</truncated><difficult>0</difficult><robndbox><cx>744.014</cx><cy>705.4747</cy><w>69.7554</w><h>34.1728</h><angle>0.429336</angle></robndbox></object><object><type>robndbox</type><name>wheat_head</name><pose>Unspecified</pose><truncated>0</truncated><difficult>0</difficult><robndbox><cx>859.4142</cx><cy>1005.3083</cy><w>43.7635</w><h>28.407</h><angle>2.912883</angle></robndbox></object><object><type>robndbox</type><name>wheat_head</name><pose>Unspecified</pose><truncated>0</truncated><difficult>0</difficult><robndbox><cx>191.2033</cx><cy>580.0541</cy><w>130.602</w><h>23.9675</h><angle>0.424988</angle></robndbox></object><object><type>robndbox</type><name>wheat_head</name><pose>Unspecified</pose><truncated>0</truncated><difficult>0</difficult><robndbox><cx>40.7468</cx><cy>642.4247</cy><w>71.3216</w><h>32.2683</h><angle>3.029865</angle></robndbox></object><object><type>robndbox</type><name>wheat_head</name><pose>Unspecified</pose><truncated>0</truncated><difficult>0</difficult><robndbox><cx>505.0512</cx><cy>892.2189</cy><w>66.4426</w><h>35.1559</h><angle>0.140796</angle></robndbox></object><object><type>robndbox</type><name>wheat_head</name><pose>Unspecified</pose><truncated>0</truncated><difficult>0</difficult><robndbox><cx>223.5912</cx><cy>735.2742</cy><w>89.4866</w><h>35.8781</h><angle>2.953031</angle></robndbox></object><object><type>robndbox</type><name>wheat_head</name><pose>Unspecified</pose><truncated>0</truncated><difficult>0</difficult><robndbox><cx>76.8223</cx><cy>857.1851</cy><w>60.0449</w><h>19.5559</h><angle>0.325028</angle></robndbox></object><object><type>robndbox</type><name>wheat_head</name><pose>Unspecified</pose><truncated>0</truncated><difficult>0</difficult><robndbox><cx>405.1898</cx><cy>941.9982</cy><w>99.6754</w><h>33.5431</h><angle>0.023171</angle></robndbox></object><object><type>robndbox</type><name>wheat_head</name><pose>Unspecified</pose><truncated>0</truncated><difficult>0</difficult><robndbox><cx>543.2244</cx><cy>368.8011</cy><w>104.369</w><h>32.3203</h><angle>0.052401</angle></robndbox></object><object><type>robndbox</type><name>wheat_head</name><pose>Unspecified</pose><truncated>0</truncated><difficult>0</difficult><robndbox><cx>376.5562</cx><cy>734.9079</cy><w>136.8434</w><h>33.3234</h><angle>3.057163</angle></robndbox></object><object><type>robndbox</type><name>wheat_head</name><pose>Unspecified</pose><truncated>0</truncated><difficult>0</difficult><robndbox><cx>818.6387</cx><cy>383.4128</cy><w>52.3637</w><h>30.1176</h><angle>0.244537</angle></robndbox></object><object><type>robndbox</type><name>wheat_head</name><pose>Unspecified</pose><truncated>0</truncated><difficult>0</difficult><robndbox><cx>456.5872</cx><cy>1005.1182</cy><w>46.7723</w><h>27.0346</h><angle>0.199398</angle></robndbox></object><object><type>robndbox</type><name>wheat_head</name><pose>Unspecified</pose><truncated>0</truncated><difficult>0</difficult><robndbox><cx>763.2949</cx><cy>1007.0137</cy><w>87.0609</w><h>25.2372</h><angle>0.078333</angle></robndbox></object><object><type>robndbox</type><name>wheat_head</name><pose>Unspecified</pose><truncated>0</truncated><difficult>0</difficult><robndbox><cx>185.6001</cx><cy>394.1714</cy><w>50.694</w><h>28.7646</h><angle>0.633876</angle></robndbox></object><object><type>robndbox</type><name>wheat_head</name><pose>Unspecified</pose><truncated>0</truncated><difficult>0</difficult><robndbox><cx>837.1945</cx><cy>34.9222</cy><w>73.9171</w><h>33.8517</h><angle>3.111855</angle></robndbox></object><object><type>robndbox</type><name>wheat_head</name><pose>Unspecified</pose><truncated>0</truncated><difficult>0</difficult><robndbox><cx>1012.1634</cx><cy>806.3833</cy><w>26.9932</w><h>23.3834</h><angle>1.633636</angle></robndbox></object><object><type>robndbox</type><name>wheat_head</name><pose>Unspecified</pose><truncated>0</truncated><difficult>0</difficult><robndbox><cx>430.351</cx><cy>856.9807</cy><w>87.2778</w><h>37.2859</h><angle>0.153098</angle></robndbox></object><object><type>robndbox</type><name>wheat_head</name><pose>Unspecified</pose><truncated>0</truncated><difficult>0</difficult><robndbox><cx>229.4436</cx><cy>259.8055</cy><w>62.2337</w><h>33.1518</h><angle>0.404101</angle></robndbox></object><object><type>robndbox</type><name>wheat_head</name><pose>Unspecified</pose><truncated>0</truncated><difficult>0</difficult><robndbox><cx>245.168</cx><cy>483.8252</cy><w>73.5095</w><h>33.8959</h><angle>3.011813</angle></robndbox></object><object><type>robndbox</type><name>wheat_head</name><pose>Unspecified</pose><truncated>0</truncated><difficult>0</difficult><robndbox><cx>455.8802</cx><cy>382.1144</cy><w>51.8257</w><h>33.9606</h><angle>3.039584</angle></robndbox></object><object><type>robndbox</type><name>wheat_head</name><pose>Unspecified</pose><truncated>0</truncated><difficult>0</difficult><robndbox><cx>802.9403</cx><cy>327.9014</cy><w>80.4069</w><h>31.309</h><angle>0.228769</angle></robndbox></object><object><type>robndbox</type><name>wheat_head</name><pose>Unspecified</pose><truncated>0</truncated><difficult>0</difficult><robndbox><cx>909.1125</cx><cy>909.9474</cy><w>150.8216</w><h>42.7452</h><angle>0.581219</angle></robndbox></object><object><type>robndbox</type><name>wheat_head</name><pose>Unspecified</pose><truncated>0</truncated><difficult>0</difficult><robndbox><cx>324.4079</cx><cy>896.3925</cy><w>80.3758</w><h>33.9591</h><angle>0.196408</angle></robndbox></object><object><type>robndbox</type><name>wheat_head</name><pose>Unspecified</pose><truncated>0</truncated><difficult>0</difficult><robndbox><cx>506.6981</cx><cy>664.4355</cy><w>56.1312</w><h>34.1521</h><angle>0.392153</angle></robndbox></object><object><type>robndbox</type><name>wheat_head</name><pose>Unspecified</pose><truncated>0</truncated><difficult>0</difficult><robndbox><cx>486.3952</cx><cy>954.9404</cy><w>53.7694</w><h>24.7669</h><angle>0.187242</angle></robndbox></object><object><type>robndbox</type><name>wheat_head</name><pose>Unspecified</pose><truncated>0</truncated><difficult>0</difficult><robndbox><cx>169.0954</cx><cy>941.3821</cy><w>105.7121</w><h>34.1668</h><angle>2.722739</angle></robndbox></object><object><type>robndbox</type><name>wheat_head</name><pose>Unspecified</pose><truncated>0</truncated><difficult>0</difficult><robndbox><cx>671.4566</cx><cy>727.2473</cy><w>39.1805</w><h>24.2227</h><angle>3.101135</angle></robndbox></object><object><type>robndbox</type><name>wheat_head</name><pose>Unspecified</pose><truncated>0</truncated><difficult>0</difficult><robndbox><cx>805.9984</cx><cy>425.1883</cy><w>26.7676</w><h>25.5201</h><angle>1.458498</angle></robndbox></object><object><type>robndbox</type><name>wheat_head</name><pose>Unspecified</pose><truncated>0</truncated><difficult>0</difficult><robndbox><cx>652.6534</cx><cy>977.9207</cy><w>99.876</w><h>36.1209</h><angle>0.024271</angle></robndbox></object><object><type>robndbox</type><name>wheat_head</name><pose>Unspecified</pose><truncated>0</truncated><difficult>0</difficult><robndbox><cx>580.0791</cx><cy>667.3923</cy><w>78.4634</w><h>35.9372</h><angle>0.218768</angle></robndbox></object><object><type>robndbox</type><name>wheat_head</name><pose>Unspecified</pose><truncated>0</truncated><difficult>0</difficult><robndbox><cx>621.8002</cx><cy>345.9825</cy><w>44.933</w><h>32.5758</h><angle>1.845034</angle></robndbox></object><object><type>robndbox</type><name>wheat_head</name><pose>Unspecified</pose><truncated>0</truncated><difficult>0</difficult><robndbox><cx>127.3997</cx><cy>917.3309</cy><w>46.445</w><h>30.332</h><angle>0.534825</angle></robndbox></object><object><type>robndbox</type><name>wheat_head</name><pose>Unspecified</pose><truncated>0</truncated><difficult>0</difficult><robndbox><cx>169.0954</cx><cy>941.3821</cy><w>105.7121</w><h>34.1668</h><angle>2.722739</angle></robndbox></object><object><type>robndbox</type><name>wheat_head</name><pose>Unspecified</pose><truncated>0</truncated><difficult>0</difficult><robndbox><cx>100.8939</cx><cy>896.383</cy><w>73.9551</w><h>27.7553</h><angle>2.978196</angle></robndbox></object><object><type>robndbox</type><name>wheat_head</name><pose>Unspecified</pose><truncated>0</truncated><difficult>0</difficult><robndbox><cx>566.5414</cx><cy>776.0513</cy><w>76.2864</w><h>35.4339</h><angle>3.102805</angle></robndbox></object><object><type>robndbox</type><name>wheat_head</name><pose>Unspecified</pose><truncated>0</truncated><difficult>0</difficult><robndbox><cx>855.6581</cx><cy>657.5079</cy><w>47.2089</w><h>31.7664</h><angle>0.282901</angle></robndbox></object><object><type>robndbox</type><name>wheat_head</name><pose>Unspecified</pose><truncated>0</truncated><difficult>0</difficult><robndbox><cx>790.2087</cx><cy>754.1308</cy><w>74.68</w><h>31.1042</h><angle>0.103227</angle></robndbox></object><object><type>robndbox</type><name>wheat_head</name><pose>Unspecified</pose><truncated>0</truncated><difficult>0</difficult><robndbox><cx>376.5562</cx><cy>734.9079</cy><w>136.8434</w><h>33.3234</h><angle>3.057163</angle></robndbox></object><object><type>robndbox</type><name>wheat_head</name><pose>Unspecified</pose><truncated>0</truncated><difficult>0</difficult><robndbox><cx>659.4783</cx><cy>762.0027</cy><w>36.5658</w><h>25.9089</h><angle>0.05115</angle></robndbox></object><object><type>robndbox</type><name>wheat_head</name><pose>Unspecified</pose><truncated>0</truncated><difficult>0</difficult><robndbox><cx>17.3182</cx><cy>788.964</cy><w>31.9939</w><h>22.518</h><angle>1.096938</angle></robndbox></object><object><type>robndbox</type><name>wheat_head</name><pose>Unspecified</pose><truncated>0</truncated><difficult>0</difficult><robndbox><cx>13.571</cx><cy>260.0237</cy><w>29.2307</w><h>28.3711</h><angle>1.582955</angle></robndbox></object><object><type>robndbox</type><name>wheat_head</name><pose>Unspecified</pose><truncated>0</truncated><difficult>0</difficult><robndbox><cx>149.15</cx><cy>61.8746</cy><w>45.6763</w><h>23.7761</h><angle>0.103595</angle></robndbox></object><object><type>robndbox</type><name>wheat_head</name><pose>Unspecified</pose><truncated>0</truncated><difficult>0</difficult><robndbox><cx>486.8712</cx><cy>296.715</cy><w>85.4418</w><h>40.7509</h><angle>0.330604</angle></robndbox></object><object><type>robndbox</type><name>wheat_head</name><pose>Unspecified</pose><truncated>0</truncated><difficult>0</difficult><robndbox><cx>653.7902</cx><cy>162.6757</cy><w>59.8356</w><h>29.1234</h><angle>0.587022</angle></robndbox></object></annotation>