<annotation verified="no"><folder>images</folder><filename>3d9302a17</filename><path>/home/badhon/Documents/thesis/final_dataset/ethz_1/images/3d9302a17.jpg</path><source><database>Unknown</database></source><size><width>1024</width><height>1024</height><depth>3</depth></size><segmented>0</segmented><object><type>robndbox</type><name>wheat_head</name><pose>Unspecified</pose><truncated>0</truncated><difficult>0</difficult><robndbox><cx>904.3938</cx><cy>456.6829</cy><w>79.4784</w><h>41.3879</h><angle>0.977817</angle></robndbox></object><object><type>robndbox</type><name>wheat_head</name><pose>Unspecified</pose><truncated>0</truncated><difficult>0</difficult><robndbox><cx>747.5933</cx><cy>62.9404</cy><w>84.9874</w><h>33.4869</h><angle>0.575884</angle></robndbox></object><object><type>robndbox</type><name>wheat_head</name><pose>Unspecified</pose><truncated>0</truncated><difficult>0</difficult><robndbox><cx>823.2191</cx><cy>241.3226</cy><w>98.4829</w><h>40.6056</h><angle>0.608998</angle></robndbox></object><object><type>robndbox</type><name>wheat_head</name><pose>Unspecified</pose><truncated>0</truncated><difficult>0</difficult><robndbox><cx>392.2622</cx><cy>82.8961</cy><w>129.1437</w><h>38.8816</h><angle>0.870494</angle></robndbox></object><object><type>robndbox</type><name>wheat_head</name><pose>Unspecified</pose><truncated>0</truncated><difficult>0</difficult><robndbox><cx>467.0694</cx><cy>564.0453</cy><w>79.8924</w><h>37.0791</h><angle>0.677045</angle></robndbox></object><object><type>robndbox</type><name>wheat_head</name><pose>Unspecified</pose><truncated>0</truncated><difficult>0</difficult><robndbox><cx>618.487</cx><cy>295.0314</cy><w>82.5201</w><h>36.5266</h><angle>0.412735</angle></robndbox></object><object><type>robndbox</type><name>wheat_head</name><pose>Unspecified</pose><truncated>0</truncated><difficult>0</difficult><robndbox><cx>68.272</cx><cy>187.9306</cy><w>91.2598</w><h>42.6956</h><angle>0.393059</angle></robndbox></object><object><type>robndbox</type><name>wheat_head</name><pose>Unspecified</pose><truncated>0</truncated><difficult>0</difficult><robndbox><cx>827.9823</cx><cy>896.7463</cy><w>72.3955</w><h>37.2525</h><angle>0.95622</angle></robndbox></object><object><type>robndbox</type><name>wheat_head</name><pose>Unspecified</pose><truncated>0</truncated><difficult>0</difficult><robndbox><cx>632.9026</cx><cy>603.3578</cy><w>91.6319</w><h>37.7191</h><angle>2.738529</angle></robndbox></object><object><type>robndbox</type><name>wheat_head</name><pose>Unspecified</pose><truncated>0</truncated><difficult>0</difficult><robndbox><cx>295.7968</cx><cy>224.0857</cy><w>112.7841</w><h>38.0166</h><angle>0.413803</angle></robndbox></object><object><type>robndbox</type><name>wheat_head</name><pose>Unspecified</pose><truncated>0</truncated><difficult>0</difficult><robndbox><cx>715.3835</cx><cy>708.1076</cy><w>94.7238</w><h>39.0983</h><angle>2.506337</angle></robndbox></object><object><type>robndbox</type><name>wheat_head</name><pose>Unspecified</pose><truncated>0</truncated><difficult>0</difficult><robndbox><cx>59.8283</cx><cy>637.983</cy><w>96.9007</w><h>37.2467</h><angle>0.299214</angle></robndbox></object><object><type>robndbox</type><name>wheat_head</name><pose>Unspecified</pose><truncated>0</truncated><difficult>0</difficult><robndbox><cx>438.4298</cx><cy>990.7783</cy><w>62.208</w><h>40.698</h><angle>0.869599</angle></robndbox></object><object><type>robndbox</type><name>wheat_head</name><pose>Unspecified</pose><truncated>0</truncated><difficult>0</difficult><robndbox><cx>758.0479</cx><cy>116.4678</cy><w>79.1158</w><h>32.0691</h><angle>0.379697</angle></robndbox></object><object><type>robndbox</type><name>wheat_head</name><pose>Unspecified</pose><truncated>0</truncated><difficult>0</difficult><robndbox><cx>744.0931</cx><cy>230.3939</cy><w>49.8515</w><h>33.8267</h><angle>1.923519</angle></robndbox></object><object><type>robndbox</type><name>wheat_head</name><pose>Unspecified</pose><truncated>0</truncated><difficult>0</difficult><robndbox><cx>492.6676</cx><cy>910.4767</cy><w>116.5842</w><h>48.537</h><angle>0.651005</angle></robndbox></object><object><type>robndbox</type><name>wheat_head</name><pose>Unspecified</pose><truncated>0</truncated><difficult>0</difficult><robndbox><cx>864.1194</cx><cy>212.62</cy><w>54.8973</w><h>31.1219</h><angle>1.051702</angle></robndbox></object><object><type>robndbox</type><name>wheat_head</name><pose>Unspecified</pose><truncated>0</truncated><difficult>0</difficult><robndbox><cx>64.2034</cx><cy>498.3499</cy><w>114.816</w><h>37.8217</h><angle>0.173776</angle></robndbox></object><object><type>robndbox</type><name>wheat_head</name><pose>Unspecified</pose><truncated>0</truncated><difficult>0</difficult><robndbox><cx>689.4856</cx><cy>19.6508</cy><w>43.7402</w><h>34.819</h><angle>1.115983</angle></robndbox></object><object><type>robndbox</type><name>wheat_head</name><pose>Unspecified</pose><truncated>0</truncated><difficult>0</difficult><robndbox><cx>177.0217</cx><cy>10.926</cy><w>55.4005</w><h>31.6098</h><angle>0.473715</angle></robndbox></object><object><type>robndbox</type><name>wheat_head</name><pose>Unspecified</pose><truncated>0</truncated><difficult>0</difficult><robndbox><cx>190.9969</cx><cy>554.1909</cy><w>62.0259</w><h>35.6589</h><angle>0.570503</angle></robndbox></object><object><type>robndbox</type><name>wheat_head</name><pose>Unspecified</pose><truncated>0</truncated><difficult>0</difficult><robndbox><cx>530.0883</cx><cy>44.87</cy><w>94.4385</w><h>41.1846</h><angle>0.45164</angle></robndbox></object><object><type>robndbox</type><name>wheat_head</name><pose>Unspecified</pose><truncated>0</truncated><difficult>0</difficult><robndbox><cx>34.7706</cx><cy>705.1245</cy><w>62.9022</w><h>34.1337</h><angle>0.116865</angle></robndbox></object><object><type>robndbox</type><name>wheat_head</name><pose>Unspecified</pose><truncated>0</truncated><difficult>0</difficult><robndbox><cx>948.7994</cx><cy>556.9258</cy><w>76.7651</w><h>38.8223</h><angle>0.328401</angle></robndbox></object><object><type>robndbox</type><name>wheat_head</name><pose>Unspecified</pose><truncated>0</truncated><difficult>0</difficult><robndbox><cx>15.356</cx><cy>384.4425</cy><w>34.8849</w><h>26.4341</h><angle>1.700112</angle></robndbox></object><object><type>robndbox</type><name>wheat_head</name><pose>Unspecified</pose><truncated>0</truncated><difficult>0</difficult><robndbox><cx>1002.8916</cx><cy>717.3856</cy><w>31.7562</w><h>28.9438</h><angle>3.10914</angle></robndbox></object><object><type>robndbox</type><name>wheat_head</name><pose>Unspecified</pose><truncated>0</truncated><difficult>0</difficult><robndbox><cx>402.7341</cx><cy>29.0201</cy><w>66.2608</w><h>36.8585</h><angle>0.589395</angle></robndbox></object><object><type>robndbox</type><name>wheat_head</name><pose>Unspecified</pose><truncated>0</truncated><difficult>0</difficult><robndbox><cx>938.0081</cx><cy>365.8424</cy><w>76.1475</w><h>29.4849</h><angle>0.295442</angle></robndbox></object><object><type>robndbox</type><name>wheat_head</name><pose>Unspecified</pose><truncated>0</truncated><difficult>0</difficult><robndbox><cx>413.2255</cx><cy>394.0287</cy><w>76.0785</w><h>30.119</h><angle>0.164098</angle></robndbox></object><object><type>robndbox</type><name>wheat_head</name><pose>Unspecified</pose><truncated>0</truncated><difficult>0</difficult><robndbox><cx>525.8721</cx><cy>532.4663</cy><w>73.4683</w><h>31.618</h><angle>2.938164</angle></robndbox></object><object><type>robndbox</type><name>wheat_head</name><pose>Unspecified</pose><truncated>0</truncated><difficult>0</difficult><robndbox><cx>668.1033</cx><cy>804.5521</cy><w>62.838</w><h>33.441</h><angle>2.91324</angle></robndbox></object><object><type>robndbox</type><name>wheat_head</name><pose>Unspecified</pose><truncated>0</truncated><difficult>0</difficult><robndbox><cx>315.3637</cx><cy>21.1269</cy><w>42.1977</w><h>33.581</h><angle>0.993341</angle></robndbox></object><object><type>robndbox</type><name>wheat_head</name><pose>Unspecified</pose><truncated>0</truncated><difficult>0</difficult><robndbox><cx>732.8266</cx><cy>275.3889</cy><w>69.8447</w><h>37.4618</h><angle>0.156459</angle></robndbox></object><object><type>robndbox</type><name>wheat_head</name><pose>Unspecified</pose><truncated>0</truncated><difficult>0</difficult><robndbox><cx>219.4973</cx><cy>253.4519</cy><w>111.5829</w><h>39.4051</h><angle>0.168665</angle></robndbox></object><object><type>robndbox</type><name>wheat_head</name><pose>Unspecified</pose><truncated>0</truncated><difficult>0</difficult><robndbox><cx>76.9209</cx><cy>788.3256</cy><w>65.1579</w><h>27.5468</h><angle>2.922982</angle></robndbox></object><object><type>robndbox</type><name>wheat_head</name><pose>Unspecified</pose><truncated>0</truncated><difficult>0</difficult><robndbox><cx>943.4507</cx><cy>318.1718</cy><w>46.2422</w><h>31.9061</h><angle>0.982585</angle></robndbox></object><object><type>robndbox</type><name>wheat_head</name><pose>Unspecified</pose><truncated>0</truncated><difficult>0</difficult><robndbox><cx>130.1833</cx><cy>396.3078</cy><w>96.0078</w><h>36.1347</h><angle>0.016916</angle></robndbox></object><object><type>robndbox</type><name>wheat_head</name><pose>Unspecified</pose><truncated>0</truncated><difficult>0</difficult><robndbox><cx>987.9485</cx><cy>607.0113</cy><w>48.7213</w><h>34.1926</h><angle>0.288997</angle></robndbox></object><object><type>robndbox</type><name>wheat_head</name><pose>Unspecified</pose><truncated>0</truncated><difficult>0</difficult><robndbox><cx>134.3154</cx><cy>752.2716</cy><w>109.2599</w><h>38.8861</h><angle>0.061971</angle></robndbox></object><object><type>robndbox</type><name>wheat_head</name><pose>Unspecified</pose><truncated>0</truncated><difficult>0</difficult><robndbox><cx>1004.9576</cx><cy>657.0696</cy><w>29.0359</w><h>26.538</h><angle>0.028819</angle></robndbox></object><object><type>robndbox</type><name>wheat_head</name><pose>Unspecified</pose><truncated>0</truncated><difficult>0</difficult><robndbox><cx>668.4266</cx><cy>228.4718</cy><w>60.5931</w><h>41.861</h><angle>0.599371</angle></robndbox></object><object><type>robndbox</type><name>wheat_head</name><pose>Unspecified</pose><truncated>0</truncated><difficult>0</difficult><robndbox><cx>811.3944</cx><cy>810.571</cy><w>104.3586</w><h>43.9483</h><angle>2.627763</angle></robndbox></object><object><type>robndbox</type><name>wheat_head</name><pose>Unspecified</pose><truncated>0</truncated><difficult>0</difficult><robndbox><cx>848.2102</cx><cy>844.5469</cy><w>106.8696</w><h>43.9507</h><angle>2.7698</angle></robndbox></object><object><type>robndbox</type><name>wheat_head</name><pose>Unspecified</pose><truncated>0</truncated><difficult>0</difficult><robndbox><cx>449.7988</cx><cy>355.1137</cy><w>54.1959</w><h>25.3765</h><angle>3.13393</angle></robndbox></object><object><type>robndbox</type><name>wheat_head</name><pose>Unspecified</pose><truncated>0</truncated><difficult>0</difficult><robndbox><cx>424.3042</cx><cy>655.3705</cy><w>99.9816</w><h>34.1777</h><angle>0.096898</angle></robndbox></object><object><type>robndbox</type><name>wheat_head</name><pose>Unspecified</pose><truncated>0</truncated><difficult>0</difficult><robndbox><cx>926.7817</cx><cy>759.8177</cy><w>71.5377</w><h>30.9516</h><angle>2.962761</angle></robndbox></object><object><type>robndbox</type><name>wheat_head</name><pose>Unspecified</pose><truncated>0</truncated><difficult>0</difficult><robndbox><cx>38.3523</cx><cy>417.3958</cy><w>51.1161</w><h>31.3812</h><angle>2.833852</angle></robndbox></object><object><type>robndbox</type><name>wheat_head</name><pose>Unspecified</pose><truncated>0</truncated><difficult>0</difficult><robndbox><cx>471.6129</cx><cy>474.9771</cy><w>52.5092</w><h>30.9766</h><angle>0.188222</angle></robndbox></object><object><type>robndbox</type><name>wheat_head</name><pose>Unspecified</pose><truncated>0</truncated><difficult>0</difficult><robndbox><cx>258.4685</cx><cy>369.5169</cy><w>74.8963</w><h>33.0032</h><angle>0.039326</angle></robndbox></object><object><type>robndbox</type><name>wheat_head</name><pose>Unspecified</pose><truncated>0</truncated><difficult>0</difficult><robndbox><cx>775.7734</cx><cy>312.6378</cy><w>90.4834</w><h>39.3545</h><angle>3.049276</angle></robndbox></object><object><type>robndbox</type><name>wheat_head</name><pose>Unspecified</pose><truncated>0</truncated><difficult>0</difficult><robndbox><cx>812.4589</cx><cy>431.8601</cy><w>55.5364</w><h>35.2037</h><angle>0.300078</angle></robndbox></object><object><type>robndbox</type><name>wheat_head</name><pose>Unspecified</pose><truncated>0</truncated><difficult>0</difficult><robndbox><cx>1000.5507</cx><cy>773.8406</cy><w>38.4988</w><h>34.2465</h><angle>1.551124</angle></robndbox></object><object><type>robndbox</type><name>wheat_head</name><pose>Unspecified</pose><truncated>0</truncated><difficult>0</difficult><robndbox><cx>997.0</cx><cy>902.0</cy><w>29.3916</w><h>28.4545</h><angle>2.962617</angle></robndbox></object><object><type>robndbox</type><name>wheat_head</name><pose>Unspecified</pose><truncated>0</truncated><difficult>0</difficult><robndbox><cx>241.8252</cx><cy>667.9588</cy><w>72.9598</w><h>35.5951</h><angle>3.122608</angle></robndbox></object><object><type>robndbox</type><name>wheat_head</name><pose>Unspecified</pose><truncated>0</truncated><difficult>0</difficult><robndbox><cx>891.8547</cx><cy>296.9619</cy><w>41.6898</w><h>41.305</h><angle>0.6608</angle></robndbox></object><object><type>robndbox</type><name>wheat_head</name><pose>Unspecified</pose><truncated>0</truncated><difficult>0</difficult><robndbox><cx>1005.5014</cx><cy>779.8406</cy><w>38.4988</w><h>34.2465</h><angle>1.551124</angle></robndbox></object><object><type>robndbox</type><name>wheat_head</name><pose>Unspecified</pose><truncated>0</truncated><difficult>0</difficult><robndbox><cx>985.6234</cx><cy>880.5031</cy><w>54.2814</w><h>40.4761</h><angle>0.243926</angle></robndbox></object><object><type>robndbox</type><name>wheat_head</name><pose>Unspecified</pose><truncated>0</truncated><difficult>0</difficult><robndbox><cx>233.6962</cx><cy>1013.0037</cy><w>65.191</w><h>19.5538</h><angle>3.134855</angle></robndbox></object><object><type>robndbox</type><name>wheat_head</name><pose>Unspecified</pose><truncated>0</truncated><difficult>0</difficult><robndbox><cx>433.9238</cx><cy>499.4672</cy><w>93.7057</w><h>30.7797</h><angle>0.091044</angle></robndbox></object><object><type>robndbox</type><name>wheat_head</name><pose>Unspecified</pose><truncated>0</truncated><difficult>0</difficult><robndbox><cx>864.7994</cx><cy>556.5862</cy><w>63.5196</w><h>33.5849</h><angle>3.000433</angle></robndbox></object><object><type>robndbox</type><name>wheat_head</name><pose>Unspecified</pose><truncated>0</truncated><difficult>0</difficult><robndbox><cx>487.2244</cx><cy>647.6472</cy><w>35.7819</w><h>33.7441</h><angle>0.810805</angle></robndbox></object><object><type>robndbox</type><name>wheat_head</name><pose>Unspecified</pose><truncated>0</truncated><difficult>0</difficult><robndbox><cx>243.1079</cx><cy>857.3843</cy><w>152.1978</w><h>42.9702</h><angle>3.059822</angle></robndbox></object><object><type>robndbox</type><name>wheat_head</name><pose>Unspecified</pose><truncated>0</truncated><difficult>0</difficult><robndbox><cx>362.4554</cx><cy>325.2091</cy><w>66.6599</w><h>39.8863</h><angle>2.785497</angle></robndbox></object><object><type>robndbox</type><name>wheat_head</name><pose>Unspecified</pose><truncated>0</truncated><difficult>0</difficult><robndbox><cx>682.6181</cx><cy>400.7476</cy><w>30.7931</w><h>25.5605</h><angle>1.253421</angle></robndbox></object><object><type>robndbox</type><name>wheat_head</name><pose>Unspecified</pose><truncated>0</truncated><difficult>0</difficult><robndbox><cx>27.2758</cx><cy>298.6505</cy><w>46.3726</w><h>32.1524</h><angle>0.245071</angle></robndbox></object><object><type>robndbox</type><name>wheat_head</name><pose>Unspecified</pose><truncated>0</truncated><difficult>0</difficult><robndbox><cx>17.0711</cx><cy>133.6994</cy><w>33.5088</w><h>28.0116</h><angle>0.422919</angle></robndbox></object><object><type>robndbox</type><name>wheat_head</name><pose>Unspecified</pose><truncated>0</truncated><difficult>0</difficult><robndbox><cx>124.5855</cx><cy>56.1619</cy><w>40.2978</w><h>27.3247</h><angle>2.890859</angle></robndbox></object><object><type>robndbox</type><name>wheat_head</name><pose>Unspecified</pose><truncated>0</truncated><difficult>0</difficult><robndbox><cx>174.3513</cx><cy>791.3724</cy><w>44.2205</w><h>24.1358</h><angle>2.810714</angle></robndbox></object><object><type>robndbox</type><name>wheat_head</name><pose>Unspecified</pose><truncated>0</truncated><difficult>0</difficult><robndbox><cx>726.5375</cx><cy>823.361</cy><w>33.8782</w><h>25.1142</h><angle>0.160941</angle></robndbox></object><object><type>robndbox</type><name>wheat_head</name><pose>Unspecified</pose><truncated>0</truncated><difficult>0</difficult><robndbox><cx>929.7539</cx><cy>841.7108</cy><w>48.923</w><h>29.8757</h><angle>0.373515</angle></robndbox></object><object><type>robndbox</type><name>wheat_head</name><pose>Unspecified</pose><truncated>0</truncated><difficult>0</difficult><robndbox><cx>920.6915</cx><cy>995.1808</cy><w>80.0439</w><h>29.9719</h><angle>0.036832</angle></robndbox></object><object><type>robndbox</type><name>wheat_head</name><pose>Unspecified</pose><truncated>0</truncated><difficult>0</difficult><robndbox><cx>34.7706</cx><cy>705.1245</cy><w>62.9022</w><h>34.1337</h><angle>0.116865</angle></robndbox></object><object><type>robndbox</type><name>wheat_head</name><pose>Unspecified</pose><truncated>0</truncated><difficult>0</difficult><robndbox><cx>64.4888</cx><cy>612.3669</cy><w>53.3667</w><h>15.8278</h><angle>0.226799</angle></robndbox></object><object><type>robndbox</type><name>wheat_head</name><pose>Unspecified</pose><truncated>0</truncated><difficult>0</difficult><robndbox><cx>756.1364</cx><cy>855.1147</cy><w>27.0</w><h>24.4101</h><angle>0.0</angle></robndbox></object></annotation>