<annotation verified="no"><folder>images</folder><filename>41badd217</filename><path>/home/badhon/Documents/thesis/final_dataset/ethz_1/images/41badd217.jpg</path><source><database>Unknown</database></source><size><width>1024</width><height>1024</height><depth>3</depth></size><segmented>0</segmented><object><type>robndbox</type><name>wheat_head</name><pose>Unspecified</pose><truncated>0</truncated><difficult>0</difficult><robndbox><cx>153.7953</cx><cy>970.9276</cy><w>84.151</w><h>34.5184</h><angle>0.856793</angle></robndbox></object><object><type>robndbox</type><name>wheat_head</name><pose>Unspecified</pose><truncated>0</truncated><difficult>0</difficult><robndbox><cx>243.0228</cx><cy>882.5139</cy><w>89.414</w><h>34.1185</h><angle>0.819579</angle></robndbox></object><object><type>robndbox</type><name>wheat_head</name><pose>Unspecified</pose><truncated>0</truncated><difficult>0</difficult><robndbox><cx>682.8337</cx><cy>379.1729</cy><w>61.9304</w><h>30.842</h><angle>1.1192</angle></robndbox></object><object><type>robndbox</type><name>wheat_head</name><pose>Unspecified</pose><truncated>0</truncated><difficult>0</difficult><robndbox><cx>55.3149</cx><cy>912.3108</cy><w>117.6733</w><h>37.8407</h><angle>0.474441</angle></robndbox></object><object><type>robndbox</type><name>wheat_head</name><pose>Unspecified</pose><truncated>0</truncated><difficult>0</difficult><robndbox><cx>54.5692</cx><cy>663.5106</cy><w>113.848</w><h>39.7883</h><angle>0.487561</angle></robndbox></object><object><type>robndbox</type><name>wheat_head</name><pose>Unspecified</pose><truncated>0</truncated><difficult>0</difficult><robndbox><cx>735.5572</cx><cy>252.5391</cy><w>100.0883</w><h>35.8625</h><angle>1.07871</angle></robndbox></object><object><type>robndbox</type><name>wheat_head</name><pose>Unspecified</pose><truncated>0</truncated><difficult>0</difficult><robndbox><cx>45.3676</cx><cy>355.7152</cy><w>80.61</w><h>37.1512</h><angle>0.628899</angle></robndbox></object><object><type>robndbox</type><name>wheat_head</name><pose>Unspecified</pose><truncated>0</truncated><difficult>0</difficult><robndbox><cx>192.7444</cx><cy>18.1432</cy><w>51.9443</w><h>28.0121</h><angle>0.993352</angle></robndbox></object><object><type>robndbox</type><name>wheat_head</name><pose>Unspecified</pose><truncated>0</truncated><difficult>0</difficult><robndbox><cx>772.5897</cx><cy>98.5327</cy><w>76.8842</w><h>36.9264</h><angle>0.673362</angle></robndbox></object><object><type>robndbox</type><name>wheat_head</name><pose>Unspecified</pose><truncated>0</truncated><difficult>0</difficult><robndbox><cx>255.5001</cx><cy>821.8981</cy><w>82.667</w><h>32.8634</h><angle>0.750431</angle></robndbox></object><object><type>robndbox</type><name>wheat_head</name><pose>Unspecified</pose><truncated>0</truncated><difficult>0</difficult><robndbox><cx>982.6929</cx><cy>494.1622</cy><w>80.0884</w><h>37.6296</h><angle>0.448643</angle></robndbox></object><object><type>robndbox</type><name>wheat_head</name><pose>Unspecified</pose><truncated>0</truncated><difficult>0</difficult><robndbox><cx>922.2179</cx><cy>604.3398</cy><w>92.0335</w><h>38.3861</h><angle>1.022994</angle></robndbox></object><object><type>robndbox</type><name>wheat_head</name><pose>Unspecified</pose><truncated>0</truncated><difficult>0</difficult><robndbox><cx>928.0162</cx><cy>176.5036</cy><w>127.1867</w><h>30.3808</h><angle>1.250167</angle></robndbox></object><object><type>robndbox</type><name>wheat_head</name><pose>Unspecified</pose><truncated>0</truncated><difficult>0</difficult><robndbox><cx>389.3683</cx><cy>410.98</cy><w>82.3803</w><h>27.2693</h><angle>1.085709</angle></robndbox></object><object><type>robndbox</type><name>wheat_head</name><pose>Unspecified</pose><truncated>0</truncated><difficult>0</difficult><robndbox><cx>391.3736</cx><cy>727.9211</cy><w>99.7526</w><h>38.8843</h><angle>0.637099</angle></robndbox></object><object><type>robndbox</type><name>wheat_head</name><pose>Unspecified</pose><truncated>0</truncated><difficult>0</difficult><robndbox><cx>852.0074</cx><cy>242.1429</cy><w>116.8611</w><h>40.0332</h><angle>1.077582</angle></robndbox></object><object><type>robndbox</type><name>wheat_head</name><pose>Unspecified</pose><truncated>0</truncated><difficult>0</difficult><robndbox><cx>991.7928</cx><cy>572.8648</cy><w>72.6772</w><h>33.0217</h><angle>1.371024</angle></robndbox></object><object><type>robndbox</type><name>wheat_head</name><pose>Unspecified</pose><truncated>0</truncated><difficult>0</difficult><robndbox><cx>487.3134</cx><cy>684.4871</cy><w>72.4567</w><h>30.8068</h><angle>1.130103</angle></robndbox></object><object><type>robndbox</type><name>wheat_head</name><pose>Unspecified</pose><truncated>0</truncated><difficult>0</difficult><robndbox><cx>172.2107</cx><cy>56.3094</cy><w>61.5256</w><h>28.8773</h><angle>1.003292</angle></robndbox></object><object><type>robndbox</type><name>wheat_head</name><pose>Unspecified</pose><truncated>0</truncated><difficult>0</difficult><robndbox><cx>764.049</cx><cy>357.0822</cy><w>117.7889</w><h>30.0489</h><angle>1.033886</angle></robndbox></object><object><type>robndbox</type><name>wheat_head</name><pose>Unspecified</pose><truncated>0</truncated><difficult>0</difficult><robndbox><cx>977.933</cx><cy>84.4718</cy><w>60.7153</w><h>34.5099</h><angle>0.999528</angle></robndbox></object><object><type>robndbox</type><name>wheat_head</name><pose>Unspecified</pose><truncated>0</truncated><difficult>0</difficult><robndbox><cx>81.9681</cx><cy>119.4903</cy><w>91.3765</w><h>38.6232</h><angle>0.669994</angle></robndbox></object><object><type>robndbox</type><name>wheat_head</name><pose>Unspecified</pose><truncated>0</truncated><difficult>0</difficult><robndbox><cx>586.0681</cx><cy>106.4623</cy><w>119.2663</w><h>39.6332</h><angle>0.694775</angle></robndbox></object><object><type>robndbox</type><name>wheat_head</name><pose>Unspecified</pose><truncated>0</truncated><difficult>0</difficult><robndbox><cx>245.5412</cx><cy>733.287</cy><w>104.349</w><h>36.7335</h><angle>0.671621</angle></robndbox></object><object><type>robndbox</type><name>wheat_head</name><pose>Unspecified</pose><truncated>0</truncated><difficult>0</difficult><robndbox><cx>539.1646</cx><cy>472.5553</cy><w>138.9716</w><h>39.0095</h><angle>1.279096</angle></robndbox></object><object><type>robndbox</type><name>wheat_head</name><pose>Unspecified</pose><truncated>0</truncated><difficult>0</difficult><robndbox><cx>746.0627</cx><cy>413.7205</cy><w>89.6504</w><h>35.9527</h><angle>1.107925</angle></robndbox></object><object><type>robndbox</type><name>wheat_head</name><pose>Unspecified</pose><truncated>0</truncated><difficult>0</difficult><robndbox><cx>657.8673</cx><cy>304.5574</cy><w>72.5302</w><h>32.8692</h><angle>0.933226</angle></robndbox></object><object><type>robndbox</type><name>wheat_head</name><pose>Unspecified</pose><truncated>0</truncated><difficult>0</difficult><robndbox><cx>469.4209</cx><cy>546.6263</cy><w>76.2503</w><h>34.2342</h><angle>0.628682</angle></robndbox></object><object><type>robndbox</type><name>wheat_head</name><pose>Unspecified</pose><truncated>0</truncated><difficult>0</difficult><robndbox><cx>887.5332</cx><cy>180.0381</cy><w>47.4332</w><h>24.4747</h><angle>1.261565</angle></robndbox></object><object><type>robndbox</type><name>wheat_head</name><pose>Unspecified</pose><truncated>0</truncated><difficult>0</difficult><robndbox><cx>890.0154</cx><cy>685.4299</cy><w>88.1307</w><h>35.2712</h><angle>1.32744</angle></robndbox></object><object><type>robndbox</type><name>wheat_head</name><pose>Unspecified</pose><truncated>0</truncated><difficult>0</difficult><robndbox><cx>823.8921</cx><cy>907.0677</cy><w>195.4002</w><h>37.8155</h><angle>0.963169</angle></robndbox></object><object><type>robndbox</type><name>wheat_head</name><pose>Unspecified</pose><truncated>0</truncated><difficult>0</difficult><robndbox><cx>512.53</cx><cy>602.158</cy><w>83.6384</w><h>39.4188</h><angle>0.527265</angle></robndbox></object><object><type>robndbox</type><name>wheat_head</name><pose>Unspecified</pose><truncated>0</truncated><difficult>0</difficult><robndbox><cx>552.9953</cx><cy>18.3364</cy><w>58.4606</w><h>36.777</h><angle>0.61114</angle></robndbox></object><object><type>robndbox</type><name>wheat_head</name><pose>Unspecified</pose><truncated>0</truncated><difficult>0</difficult><robndbox><cx>432.9891</cx><cy>347.224</cy><w>82.9901</w><h>36.9886</h><angle>0.455617</angle></robndbox></object><object><type>robndbox</type><name>wheat_head</name><pose>Unspecified</pose><truncated>0</truncated><difficult>0</difficult><robndbox><cx>83.9874</cx><cy>273.8482</cy><w>59.0981</w><h>21.0049</h><angle>1.275434</angle></robndbox></object><object><type>robndbox</type><name>wheat_head</name><pose>Unspecified</pose><truncated>0</truncated><difficult>0</difficult><robndbox><cx>374.3382</cx><cy>866.2208</cy><w>69.8037</w><h>37.7779</h><angle>0.919665</angle></robndbox></object><object><type>robndbox</type><name>wheat_head</name><pose>Unspecified</pose><truncated>0</truncated><difficult>0</difficult><robndbox><cx>317.6288</cx><cy>286.8584</cy><w>87.8641</w><h>30.4974</h><angle>1.018628</angle></robndbox></object><object><type>robndbox</type><name>wheat_head</name><pose>Unspecified</pose><truncated>0</truncated><difficult>0</difficult><robndbox><cx>191.1866</cx><cy>296.8745</cy><w>73.5435</w><h>36.4794</h><angle>0.754903</angle></robndbox></object><object><type>robndbox</type><name>wheat_head</name><pose>Unspecified</pose><truncated>0</truncated><difficult>0</difficult><robndbox><cx>169.1178</cx><cy>727.7495</cy><w>119.2635</w><h>34.2443</h><angle>0.724894</angle></robndbox></object><object><type>robndbox</type><name>wheat_head</name><pose>Unspecified</pose><truncated>0</truncated><difficult>0</difficult><robndbox><cx>780.1376</cx><cy>334.9383</cy><w>69.6483</w><h>25.4028</h><angle>1.398034</angle></robndbox></object><object><type>robndbox</type><name>wheat_head</name><pose>Unspecified</pose><truncated>0</truncated><difficult>0</difficult><robndbox><cx>71.3514</cx><cy>724.332</cy><w>38.1921</w><h>26.1391</h><angle>0.993464</angle></robndbox></object><object><type>robndbox</type><name>wheat_head</name><pose>Unspecified</pose><truncated>0</truncated><difficult>0</difficult><robndbox><cx>823.7808</cx><cy>684.4821</cy><w>52.6099</w><h>30.8305</h><angle>1.032715</angle></robndbox></object><object><type>robndbox</type><name>wheat_head</name><pose>Unspecified</pose><truncated>0</truncated><difficult>0</difficult><robndbox><cx>116.339</cx><cy>24.8689</cy><w>59.7521</w><h>30.7169</h><angle>1.20426</angle></robndbox></object><object><type>robndbox</type><name>wheat_head</name><pose>Unspecified</pose><truncated>0</truncated><difficult>0</difficult><robndbox><cx>415.781</cx><cy>277.215</cy><w>74.5855</w><h>30.9194</h><angle>1.102639</angle></robndbox></object><object><type>robndbox</type><name>wheat_head</name><pose>Unspecified</pose><truncated>0</truncated><difficult>0</difficult><robndbox><cx>773.7559</cx><cy>998.9627</cy><w>26.7838</w><h>25.0965</h><angle>1.159927</angle></robndbox></object><object><type>robndbox</type><name>wheat_head</name><pose>Unspecified</pose><truncated>0</truncated><difficult>0</difficult><robndbox><cx>404.4734</cx><cy>643.5949</cy><w>130.2101</w><h>35.58</h><angle>0.613045</angle></robndbox></object><object><type>robndbox</type><name>wheat_head</name><pose>Unspecified</pose><truncated>0</truncated><difficult>0</difficult><robndbox><cx>363.5898</cx><cy>360.2793</cy><w>99.2363</w><h>30.0098</h><angle>0.684593</angle></robndbox></object><object><type>robndbox</type><name>wheat_head</name><pose>Unspecified</pose><truncated>0</truncated><difficult>0</difficult><robndbox><cx>299.7001</cx><cy>365.0857</cy><w>113.2815</w><h>36.4276</h><angle>0.722518</angle></robndbox></object><object><type>robndbox</type><name>wheat_head</name><pose>Unspecified</pose><truncated>0</truncated><difficult>0</difficult><robndbox><cx>242.069</cx><cy>246.8689</cy><w>43.9328</w><h>25.6329</h><angle>1.337798</angle></robndbox></object><object><type>robndbox</type><name>wheat_head</name><pose>Unspecified</pose><truncated>0</truncated><difficult>0</difficult><robndbox><cx>275.9299</cx><cy>302.0891</cy><w>89.0993</w><h>26.191</h><angle>0.602241</angle></robndbox></object><object><type>robndbox</type><name>wheat_head</name><pose>Unspecified</pose><truncated>0</truncated><difficult>0</difficult><robndbox><cx>520.5699</cx><cy>675.475</cy><w>39.0016</w><h>22.2561</h><angle>1.286904</angle></robndbox></object><object><type>robndbox</type><name>wheat_head</name><pose>Unspecified</pose><truncated>0</truncated><difficult>0</difficult><robndbox><cx>389.6394</cx><cy>605.1012</cy><w>51.2679</w><h>30.0098</h><angle>1.266452</angle></robndbox></object><object><type>robndbox</type><name>wheat_head</name><pose>Unspecified</pose><truncated>0</truncated><difficult>0</difficult><robndbox><cx>994.8439</cx><cy>390.7151</cy><w>60.7082</w><h>20.3406</h><angle>0.83641</angle></robndbox></object><object><type>robndbox</type><name>wheat_head</name><pose>Unspecified</pose><truncated>0</truncated><difficult>0</difficult><robndbox><cx>995.6254</cx><cy>989.5953</cy><w>47.7536</w><h>34.4699</h><angle>0.24779</angle></robndbox></object><object><type>robndbox</type><name>wheat_head</name><pose>Unspecified</pose><truncated>0</truncated><difficult>0</difficult><robndbox><cx>398.883</cx><cy>689.6368</cy><w>64.7222</w><h>25.4565</h><angle>1.153432</angle></robndbox></object><object><type>robndbox</type><name>wheat_head</name><pose>Unspecified</pose><truncated>0</truncated><difficult>0</difficult><robndbox><cx>482.4712</cx><cy>991.3158</cy><w>73.0734</w><h>34.1177</h><angle>0.501269</angle></robndbox></object><object><type>robndbox</type><name>wheat_head</name><pose>Unspecified</pose><truncated>0</truncated><difficult>0</difficult><robndbox><cx>624.1218</cx><cy>621.1461</cy><w>116.6791</w><h>29.354</h><angle>0.971563</angle></robndbox></object><object><type>robndbox</type><name>wheat_head</name><pose>Unspecified</pose><truncated>0</truncated><difficult>0</difficult><robndbox><cx>274.9992</cx><cy>983.3517</cy><w>51.3145</w><h>34.1649</h><angle>0.610963</angle></robndbox></object><object><type>robndbox</type><name>wheat_head</name><pose>Unspecified</pose><truncated>0</truncated><difficult>0</difficult><robndbox><cx>303.5742</cx><cy>189.8561</cy><w>48.5556</w><h>27.3567</h><angle>0.608058</angle></robndbox></object><object><type>robndbox</type><name>wheat_head</name><pose>Unspecified</pose><truncated>0</truncated><difficult>0</difficult><robndbox><cx>675.1938</cx><cy>619.1586</cy><w>65.1124</w><h>28.7075</h><angle>0.288701</angle></robndbox></object><object><type>robndbox</type><name>wheat_head</name><pose>Unspecified</pose><truncated>0</truncated><difficult>0</difficult><robndbox><cx>683.8806</cx><cy>171.3965</cy><w>50.9625</w><h>28.2366</h><angle>0.71755</angle></robndbox></object><object><type>robndbox</type><name>wheat_head</name><pose>Unspecified</pose><truncated>0</truncated><difficult>0</difficult><robndbox><cx>928.5529</cx><cy>648.8179</cy><w>40.2046</w><h>27.2068</h><angle>1.384959</angle></robndbox></object><object><type>robndbox</type><name>wheat_head</name><pose>Unspecified</pose><truncated>0</truncated><difficult>0</difficult><robndbox><cx>813.0</cx><cy>19.5</cy><w>48.0888</w><h>39.0061</h><angle>2.845774</angle></robndbox></object><object><type>robndbox</type><name>wheat_head</name><pose>Unspecified</pose><truncated>0</truncated><difficult>0</difficult><robndbox><cx>59.204</cx><cy>543.515</cy><w>48.6306</w><h>28.6558</h><angle>0.98668</angle></robndbox></object><object><type>robndbox</type><name>wheat_head</name><pose>Unspecified</pose><truncated>0</truncated><difficult>0</difficult><robndbox><cx>822.8734</cx><cy>923.7692</cy><w>119.9908</w><h>34.5055</h><angle>2.944216</angle></robndbox></object><object><type>robndbox</type><name>wheat_head</name><pose>Unspecified</pose><truncated>0</truncated><difficult>0</difficult><robndbox><cx>701.1148</cx><cy>358.6343</cy><w>47.9201</w><h>18.5086</h><angle>1.330157</angle></robndbox></object><object><type>robndbox</type><name>wheat_head</name><pose>Unspecified</pose><truncated>0</truncated><difficult>0</difficult><robndbox><cx>60.5401</cx><cy>960.455</cy><w>49.8922</w><h>29.6303</h><angle>0.477894</angle></robndbox></object><object><type>robndbox</type><name>wheat_head</name><pose>Unspecified</pose><truncated>0</truncated><difficult>0</difficult><robndbox><cx>40.1004</cx><cy>582.1004</cy><w>73.0215</w><h>28.9699</h><angle>1.206739</angle></robndbox></object><object><type>robndbox</type><name>wheat_head</name><pose>Unspecified</pose><truncated>0</truncated><difficult>0</difficult><robndbox><cx>604.9874</cx><cy>966.5732</cy><w>76.0366</w><h>31.0065</h><angle>3.099562</angle></robndbox></object><object><type>robndbox</type><name>wheat_head</name><pose>Unspecified</pose><truncated>0</truncated><difficult>0</difficult><robndbox><cx>234.3927</cx><cy>971.2213</cy><w>41.1734</w><h>29.2769</h><angle>1.04162</angle></robndbox></object><object><type>robndbox</type><name>wheat_head</name><pose>Unspecified</pose><truncated>0</truncated><difficult>0</difficult><robndbox><cx>155.0284</cx><cy>419.6762</cy><w>37.6505</w><h>25.254</h><angle>1.007445</angle></robndbox></object><object><type>robndbox</type><name>wheat_head</name><pose>Unspecified</pose><truncated>0</truncated><difficult>0</difficult><robndbox><cx>212.351</cx><cy>983.5572</cy><w>29.8329</w><h>15.2339</h><angle>0.88035</angle></robndbox></object><object><type>robndbox</type><name>wheat_head</name><pose>Unspecified</pose><truncated>0</truncated><difficult>0</difficult><robndbox><cx>19.3637</cx><cy>593.7229</cy><w>36.8782</w><h>20.6006</h><angle>0.86217</angle></robndbox></object></annotation>