<annotation verified="no"><folder>images</folder><filename>4276fddc7</filename><path>/home/badhon/Documents/thesis/final_dataset/ethz_1/images/4276fddc7.jpg</path><source><database>Unknown</database></source><size><width>1024</width><height>1024</height><depth>3</depth></size><segmented>0</segmented><object><type>robndbox</type><name>wheat_head</name><pose>Unspecified</pose><truncated>0</truncated><difficult>0</difficult><robndbox><cx>854.3127</cx><cy>408.208</cy><w>80.9088</w><h>37.262</h><angle>0.939666</angle></robndbox></object><object><type>robndbox</type><name>wheat_head</name><pose>Unspecified</pose><truncated>0</truncated><difficult>0</difficult><robndbox><cx>974.3441</cx><cy>52.8331</cy><w>85.9401</w><h>38.2158</h><angle>0.513992</angle></robndbox></object><object><type>robndbox</type><name>wheat_head</name><pose>Unspecified</pose><truncated>0</truncated><difficult>0</difficult><robndbox><cx>913.3866</cx><cy>279.5943</cy><w>70.2807</w><h>34.0351</h><angle>1.004971</angle></robndbox></object><object><type>robndbox</type><name>wheat_head</name><pose>Unspecified</pose><truncated>0</truncated><difficult>0</difficult><robndbox><cx>196.1945</cx><cy>277.2431</cy><w>98.8127</w><h>39.0955</h><angle>0.844767</angle></robndbox></object><object><type>robndbox</type><name>wheat_head</name><pose>Unspecified</pose><truncated>0</truncated><difficult>0</difficult><robndbox><cx>88.0583</cx><cy>57.1594</cy><w>98.1942</w><h>38.6262</h><angle>0.607298</angle></robndbox></object><object><type>robndbox</type><name>wheat_head</name><pose>Unspecified</pose><truncated>0</truncated><difficult>0</difficult><robndbox><cx>532.0518</cx><cy>93.3573</cy><w>101.7834</w><h>39.7757</h><angle>0.685013</angle></robndbox></object><object><type>robndbox</type><name>wheat_head</name><pose>Unspecified</pose><truncated>0</truncated><difficult>0</difficult><robndbox><cx>422.5553</cx><cy>978.7293</cy><w>98.5001</w><h>41.03</h><angle>0.45706</angle></robndbox></object><object><type>robndbox</type><name>wheat_head</name><pose>Unspecified</pose><truncated>0</truncated><difficult>0</difficult><robndbox><cx>459.0903</cx><cy>24.1163</cy><w>79.9012</w><h>38.4784</h><angle>0.609515</angle></robndbox></object><object><type>robndbox</type><name>wheat_head</name><pose>Unspecified</pose><truncated>0</truncated><difficult>0</difficult><robndbox><cx>85.6708</cx><cy>602.0745</cy><w>145.822</w><h>37.434</h><angle>0.485797</angle></robndbox></object><object><type>robndbox</type><name>wheat_head</name><pose>Unspecified</pose><truncated>0</truncated><difficult>0</difficult><robndbox><cx>566.8864</cx><cy>267.9006</cy><w>71.4877</w><h>32.5633</h><angle>1.298291</angle></robndbox></object><object><type>robndbox</type><name>wheat_head</name><pose>Unspecified</pose><truncated>0</truncated><difficult>0</difficult><robndbox><cx>483.8548</cx><cy>373.1417</cy><w>80.4773</w><h>38.5275</h><angle>0.474843</angle></robndbox></object><object><type>robndbox</type><name>wheat_head</name><pose>Unspecified</pose><truncated>0</truncated><difficult>0</difficult><robndbox><cx>610.3688</cx><cy>621.1167</cy><w>76.2631</w><h>34.8651</h><angle>1.060144</angle></robndbox></object><object><type>robndbox</type><name>wheat_head</name><pose>Unspecified</pose><truncated>0</truncated><difficult>0</difficult><robndbox><cx>460.5415</cx><cy>158.3087</cy><w>74.5539</w><h>36.2062</h><angle>0.378849</angle></robndbox></object><object><type>robndbox</type><name>wheat_head</name><pose>Unspecified</pose><truncated>0</truncated><difficult>0</difficult><robndbox><cx>302.8772</cx><cy>549.913</cy><w>156.5953</w><h>32.8903</h><angle>0.470705</angle></robndbox></object><object><type>robndbox</type><name>wheat_head</name><pose>Unspecified</pose><truncated>0</truncated><difficult>0</difficult><robndbox><cx>449.6198</cx><cy>593.142</cy><w>90.3869</w><h>33.2298</h><angle>0.49594</angle></robndbox></object><object><type>robndbox</type><name>wheat_head</name><pose>Unspecified</pose><truncated>0</truncated><difficult>0</difficult><robndbox><cx>933.6392</cx><cy>159.1064</cy><w>119.2054</w><h>37.9921</h><angle>1.366094</angle></robndbox></object><object><type>robndbox</type><name>wheat_head</name><pose>Unspecified</pose><truncated>0</truncated><difficult>0</difficult><robndbox><cx>700.4465</cx><cy>288.2148</cy><w>134.3657</w><h>43.753</h><angle>0.693265</angle></robndbox></object><object><type>robndbox</type><name>wheat_head</name><pose>Unspecified</pose><truncated>0</truncated><difficult>0</difficult><robndbox><cx>345.1704</cx><cy>23.9269</cy><w>86.4441</w><h>43.3341</h><angle>0.513957</angle></robndbox></object><object><type>robndbox</type><name>wheat_head</name><pose>Unspecified</pose><truncated>0</truncated><difficult>0</difficult><robndbox><cx>786.4056</cx><cy>567.4843</cy><w>93.4957</w><h>41.112</h><angle>0.389003</angle></robndbox></object><object><type>robndbox</type><name>wheat_head</name><pose>Unspecified</pose><truncated>0</truncated><difficult>0</difficult><robndbox><cx>107.9105</cx><cy>686.8765</cy><w>145.8845</w><h>42.129</h><angle>0.610513</angle></robndbox></object><object><type>robndbox</type><name>wheat_head</name><pose>Unspecified</pose><truncated>0</truncated><difficult>0</difficult><robndbox><cx>360.5952</cx><cy>241.7918</cy><w>105.8396</w><h>37.9548</h><angle>0.241079</angle></robndbox></object><object><type>robndbox</type><name>wheat_head</name><pose>Unspecified</pose><truncated>0</truncated><difficult>0</difficult><robndbox><cx>708.0076</cx><cy>485.6822</cy><w>68.9702</w><h>33.3481</h><angle>0.609578</angle></robndbox></object><object><type>robndbox</type><name>wheat_head</name><pose>Unspecified</pose><truncated>0</truncated><difficult>0</difficult><robndbox><cx>1000.9236</cx><cy>578.7768</cy><w>40.5722</w><h>32.6877</h><angle>0.618523</angle></robndbox></object><object><type>robndbox</type><name>wheat_head</name><pose>Unspecified</pose><truncated>0</truncated><difficult>0</difficult><robndbox><cx>755.493</cx><cy>859.4902</cy><w>70.599</w><h>37.5901</h><angle>0.337122</angle></robndbox></object><object><type>robndbox</type><name>wheat_head</name><pose>Unspecified</pose><truncated>0</truncated><difficult>0</difficult><robndbox><cx>317.4981</cx><cy>501.5649</cy><w>65.6641</w><h>31.2557</h><angle>0.908061</angle></robndbox></object><object><type>robndbox</type><name>wheat_head</name><pose>Unspecified</pose><truncated>0</truncated><difficult>0</difficult><robndbox><cx>867.1968</cx><cy>976.4058</cy><w>146.3146</w><h>38.4968</h><angle>0.283377</angle></robndbox></object><object><type>robndbox</type><name>wheat_head</name><pose>Unspecified</pose><truncated>0</truncated><difficult>0</difficult><robndbox><cx>206.1356</cx><cy>690.1893</cy><w>156.3796</w><h>32.6779</h><angle>0.293576</angle></robndbox></object><object><type>robndbox</type><name>wheat_head</name><pose>Unspecified</pose><truncated>0</truncated><difficult>0</difficult><robndbox><cx>547.0643</cx><cy>539.4669</cy><w>94.5791</w><h>38.3452</h><angle>0.57851</angle></robndbox></object><object><type>robndbox</type><name>wheat_head</name><pose>Unspecified</pose><truncated>0</truncated><difficult>0</difficult><robndbox><cx>518.9537</cx><cy>740.6661</cy><w>97.5325</w><h>31.3936</h><angle>0.102368</angle></robndbox></object><object><type>robndbox</type><name>wheat_head</name><pose>Unspecified</pose><truncated>0</truncated><difficult>0</difficult><robndbox><cx>238.9729</cx><cy>79.4929</cy><w>72.9864</w><h>33.7552</h><angle>0.288019</angle></robndbox></object><object><type>robndbox</type><name>wheat_head</name><pose>Unspecified</pose><truncated>0</truncated><difficult>0</difficult><robndbox><cx>352.2125</cx><cy>616.7537</cy><w>92.6165</w><h>37.6036</h><angle>0.393373</angle></robndbox></object><object><type>robndbox</type><name>wheat_head</name><pose>Unspecified</pose><truncated>0</truncated><difficult>0</difficult><robndbox><cx>173.7036</cx><cy>863.5316</cy><w>69.2683</w><h>39.5578</h><angle>0.244868</angle></robndbox></object><object><type>robndbox</type><name>wheat_head</name><pose>Unspecified</pose><truncated>0</truncated><difficult>0</difficult><robndbox><cx>407.9158</cx><cy>521.2975</cy><w>74.7988</w><h>32.958</h><angle>0.340627</angle></robndbox></object><object><type>robndbox</type><name>wheat_head</name><pose>Unspecified</pose><truncated>0</truncated><difficult>0</difficult><robndbox><cx>143.3463</cx><cy>563.9502</cy><w>74.2998</w><h>28.797</h><angle>0.181961</angle></robndbox></object><object><type>robndbox</type><name>wheat_head</name><pose>Unspecified</pose><truncated>0</truncated><difficult>0</difficult><robndbox><cx>439.6605</cx><cy>804.7955</cy><w>55.233</w><h>25.9604</h><angle>0.243872</angle></robndbox></object><object><type>robndbox</type><name>wheat_head</name><pose>Unspecified</pose><truncated>0</truncated><difficult>0</difficult><robndbox><cx>89.1533</cx><cy>230.7232</cy><w>95.4424</w><h>40.8573</h><angle>0.442011</angle></robndbox></object><object><type>robndbox</type><name>wheat_head</name><pose>Unspecified</pose><truncated>0</truncated><difficult>0</difficult><robndbox><cx>205.6773</cx><cy>507.1966</cy><w>53.9302</w><h>35.1759</h><angle>0.675517</angle></robndbox></object><object><type>robndbox</type><name>wheat_head</name><pose>Unspecified</pose><truncated>0</truncated><difficult>0</difficult><robndbox><cx>484.137</cx><cy>699.1045</cy><w>91.9008</w><h>27.5609</h><angle>0.368747</angle></robndbox></object><object><type>robndbox</type><name>wheat_head</name><pose>Unspecified</pose><truncated>0</truncated><difficult>0</difficult><robndbox><cx>981.0141</cx><cy>886.2103</cy><w>59.5496</w><h>29.8976</h><angle>0.176717</angle></robndbox></object><object><type>robndbox</type><name>wheat_head</name><pose>Unspecified</pose><truncated>0</truncated><difficult>0</difficult><robndbox><cx>667.121</cx><cy>578.1549</cy><w>80.8861</w><h>31.6339</h><angle>0.098759</angle></robndbox></object><object><type>robndbox</type><name>wheat_head</name><pose>Unspecified</pose><truncated>0</truncated><difficult>0</difficult><robndbox><cx>143.3463</cx><cy>563.9502</cy><w>74.2998</w><h>28.797</h><angle>0.181961</angle></robndbox></object><object><type>robndbox</type><name>wheat_head</name><pose>Unspecified</pose><truncated>0</truncated><difficult>0</difficult><robndbox><cx>674.6473</cx><cy>916.9565</cy><w>69.3793</w><h>30.1469</h><angle>0.192127</angle></robndbox></object><object><type>robndbox</type><name>wheat_head</name><pose>Unspecified</pose><truncated>0</truncated><difficult>0</difficult><robndbox><cx>552.0373</cx><cy>625.3403</cy><w>65.7446</w><h>28.7498</h><angle>0.218469</angle></robndbox></object><object><type>robndbox</type><name>wheat_head</name><pose>Unspecified</pose><truncated>0</truncated><difficult>0</difficult><robndbox><cx>797.5497</cx><cy>505.2638</cy><w>59.6972</w><h>31.2108</h><angle>1.079604</angle></robndbox></object><object><type>robndbox</type><name>wheat_head</name><pose>Unspecified</pose><truncated>0</truncated><difficult>0</difficult><robndbox><cx>997.6674</cx><cy>362.3722</cy><w>36.1477</w><h>28.0907</h><angle>0.2535</angle></robndbox></object><object><type>robndbox</type><name>wheat_head</name><pose>Unspecified</pose><truncated>0</truncated><difficult>0</difficult><robndbox><cx>764.6463</cx><cy>671.7521</cy><w>80.6636</w><h>38.398</h><angle>0.486167</angle></robndbox></object><object><type>robndbox</type><name>wheat_head</name><pose>Unspecified</pose><truncated>0</truncated><difficult>0</difficult><robndbox><cx>992.5035</cx><cy>123.6336</cy><w>46.4888</w><h>26.3709</h><angle>0.074955</angle></robndbox></object><object><type>robndbox</type><name>wheat_head</name><pose>Unspecified</pose><truncated>0</truncated><difficult>0</difficult><robndbox><cx>937.7121</cx><cy>911.0542</cy><w>45.1533</w><h>25.2331</h><angle>0.207136</angle></robndbox></object><object><type>robndbox</type><name>wheat_head</name><pose>Unspecified</pose><truncated>0</truncated><difficult>0</difficult><robndbox><cx>617.0479</cx><cy>887.8557</cy><w>58.3794</w><h>35.2486</h><angle>0.157571</angle></robndbox></object><object><type>robndbox</type><name>wheat_head</name><pose>Unspecified</pose><truncated>0</truncated><difficult>0</difficult><robndbox><cx>657.1028</cx><cy>188.3069</cy><w>105.2044</w><h>42.2474</h><angle>0.52039</angle></robndbox></object><object><type>robndbox</type><name>wheat_head</name><pose>Unspecified</pose><truncated>0</truncated><difficult>0</difficult><robndbox><cx>93.769</cx><cy>870.1786</cy><w>94.356</w><h>30.4176</h><angle>0.131825</angle></robndbox></object><object><type>robndbox</type><name>wheat_head</name><pose>Unspecified</pose><truncated>0</truncated><difficult>0</difficult><robndbox><cx>314.6557</cx><cy>902.0079</cy><w>52.9838</w><h>29.0932</h><angle>0.444986</angle></robndbox></object><object><type>robndbox</type><name>wheat_head</name><pose>Unspecified</pose><truncated>0</truncated><difficult>0</difficult><robndbox><cx>31.8708</cx><cy>763.4752</cy><w>55.8544</w><h>28.4354</h><angle>3.073146</angle></robndbox></object><object><type>robndbox</type><name>wheat_head</name><pose>Unspecified</pose><truncated>0</truncated><difficult>0</difficult><robndbox><cx>380.8608</cx><cy>447.1417</cy><w>79.1885</w><h>37.5767</h><angle>0.57376</angle></robndbox></object><object><type>robndbox</type><name>wheat_head</name><pose>Unspecified</pose><truncated>0</truncated><difficult>0</difficult><robndbox><cx>113.0238</cx><cy>977.3279</cy><w>121.5875</w><h>27.9786</h><angle>0.125529</angle></robndbox></object><object><type>robndbox</type><name>wheat_head</name><pose>Unspecified</pose><truncated>0</truncated><difficult>0</difficult><robndbox><cx>655.9501</cx><cy>350.4578</cy><w>41.6373</w><h>29.2617</h><angle>0.367654</angle></robndbox></object><object><type>robndbox</type><name>wheat_head</name><pose>Unspecified</pose><truncated>0</truncated><difficult>0</difficult><robndbox><cx>403.8877</cx><cy>737.0483</cy><w>73.9792</w><h>29.7207</h><angle>0.072364</angle></robndbox></object><object><type>robndbox</type><name>wheat_head</name><pose>Unspecified</pose><truncated>0</truncated><difficult>0</difficult><robndbox><cx>440.5741</cx><cy>704.2614</cy><w>55.2248</w><h>30.734</h><angle>0.322086</angle></robndbox></object><object><type>robndbox</type><name>wheat_head</name><pose>Unspecified</pose><truncated>0</truncated><difficult>0</difficult><robndbox><cx>21.484</cx><cy>966.7524</cy><w>40.12</w><h>31.1419</h><angle>0.258829</angle></robndbox></object><object><type>robndbox</type><name>wheat_head</name><pose>Unspecified</pose><truncated>0</truncated><difficult>0</difficult><robndbox><cx>22.5494</cx><cy>277.0794</cy><w>41.3427</w><h>31.6721</h><angle>0.153539</angle></robndbox></object><object><type>robndbox</type><name>wheat_head</name><pose>Unspecified</pose><truncated>0</truncated><difficult>0</difficult><robndbox><cx>997.0469</cx><cy>679.3299</cy><w>32.9607</w><h>28.892</h><angle>0.381158</angle></robndbox></object><object><type>robndbox</type><name>wheat_head</name><pose>Unspecified</pose><truncated>0</truncated><difficult>0</difficult><robndbox><cx>29.4161</cx><cy>404.9257</cy><w>53.5402</w><h>23.3094</h><angle>3.057712</angle></robndbox></object><object><type>robndbox</type><name>wheat_head</name><pose>Unspecified</pose><truncated>0</truncated><difficult>0</difficult><robndbox><cx>992.9165</cx><cy>608.3699</cy><w>47.3535</w><h>33.0054</h><angle>0.494135</angle></robndbox></object><object><type>robndbox</type><name>wheat_head</name><pose>Unspecified</pose><truncated>0</truncated><difficult>0</difficult><robndbox><cx>849.1696</cx><cy>867.7867</cy><w>36.9914</w><h>32.9801</h><angle>1.135027</angle></robndbox></object><object><type>robndbox</type><name>wheat_head</name><pose>Unspecified</pose><truncated>0</truncated><difficult>0</difficult><robndbox><cx>647.7537</cx><cy>854.5575</cy><w>51.1965</w><h>26.1417</h><angle>0.028013</angle></robndbox></object><object><type>robndbox</type><name>wheat_head</name><pose>Unspecified</pose><truncated>0</truncated><difficult>0</difficult><robndbox><cx>794.8746</cx><cy>645.2802</cy><w>60.1974</w><h>26.0065</h><angle>3.033232</angle></robndbox></object><object><type>robndbox</type><name>wheat_head</name><pose>Unspecified</pose><truncated>0</truncated><difficult>0</difficult><robndbox><cx>674.3572</cx><cy>747.34</cy><w>82.518</w><h>39.7575</h><angle>0.274282</angle></robndbox></object><object><type>robndbox</type><name>wheat_head</name><pose>Unspecified</pose><truncated>0</truncated><difficult>0</difficult><robndbox><cx>380.8608</cx><cy>447.1417</cy><w>79.1885</w><h>37.5767</h><angle>0.57376</angle></robndbox></object><object><type>robndbox</type><name>wheat_head</name><pose>Unspecified</pose><truncated>0</truncated><difficult>0</difficult><robndbox><cx>182.0134</cx><cy>384.0594</cy><w>79.124</w><h>33.2841</h><angle>0.039916</angle></robndbox></object><object><type>robndbox</type><name>wheat_head</name><pose>Unspecified</pose><truncated>0</truncated><difficult>0</difficult><robndbox><cx>764.6463</cx><cy>671.7521</cy><w>80.6636</w><h>38.398</h><angle>0.486167</angle></robndbox></object><object><type>robndbox</type><name>wheat_head</name><pose>Unspecified</pose><truncated>0</truncated><difficult>0</difficult><robndbox><cx>44.9152</cx><cy>357.4156</cy><w>83.7983</w><h>28.1693</h><angle>0.002887</angle></robndbox></object><object><type>robndbox</type><name>wheat_head</name><pose>Unspecified</pose><truncated>0</truncated><difficult>0</difficult><robndbox><cx>296.585</cx><cy>942.1983</cy><w>101.7743</w><h>33.7807</h><angle>3.063372</angle></robndbox></object><object><type>robndbox</type><name>wheat_head</name><pose>Unspecified</pose><truncated>0</truncated><difficult>0</difficult><robndbox><cx>933.6392</cx><cy>159.1064</cy><w>119.2054</w><h>37.9921</h><angle>1.366094</angle></robndbox></object><object><type>robndbox</type><name>wheat_head</name><pose>Unspecified</pose><truncated>0</truncated><difficult>0</difficult><robndbox><cx>23.1754</cx><cy>143.7593</cy><w>39.4656</w><h>28.4217</h><angle>0.011138</angle></robndbox></object><object><type>robndbox</type><name>wheat_head</name><pose>Unspecified</pose><truncated>0</truncated><difficult>0</difficult><robndbox><cx>780.4574</cx><cy>536.4811</cy><w>64.2025</w><h>33.3649</h><angle>0.169274</angle></robndbox></object><object><type>robndbox</type><name>wheat_head</name><pose>Unspecified</pose><truncated>0</truncated><difficult>0</difficult><robndbox><cx>482.3707</cx><cy>566.4857</cy><w>99.1148</w><h>28.1654</h><angle>0.163817</angle></robndbox></object><object><type>robndbox</type><name>wheat_head</name><pose>Unspecified</pose><truncated>0</truncated><difficult>0</difficult><robndbox><cx>915.8572</cx><cy>36.4613</cy><w>50.207</w><h>24.7979</h><angle>3.120053</angle></robndbox></object><object><type>robndbox</type><name>wheat_head</name><pose>Unspecified</pose><truncated>0</truncated><difficult>0</difficult><robndbox><cx>125.0073</cx><cy>594.0295</cy><w>68.8406</w><h>25.3399</h><angle>0.289504</angle></robndbox></object><object><type>robndbox</type><name>wheat_head</name><pose>Unspecified</pose><truncated>0</truncated><difficult>0</difficult><robndbox><cx>22.9543</cx><cy>649.243</cy><w>38.6264</w><h>25.0783</h><angle>0.370891</angle></robndbox></object><object><type>robndbox</type><name>wheat_head</name><pose>Unspecified</pose><truncated>0</truncated><difficult>0</difficult><robndbox><cx>185.8525</cx><cy>216.2564</cy><w>54.0833</w><h>38.1063</h><angle>2.8023</angle></robndbox></object></annotation>