<annotation verified="no"><folder>images</folder><filename>452fe4932</filename><path>/home/badhon/Documents/thesis/final_dataset/ethz_1/images/452fe4932.jpg</path><source><database>Unknown</database></source><size><width>1024</width><height>1024</height><depth>3</depth></size><segmented>0</segmented><object><type>robndbox</type><name>wheat_head</name><pose>Unspecified</pose><truncated>0</truncated><difficult>0</difficult><robndbox><cx>997.5715</cx><cy>99.8776</cy><w>66.1731</w><h>29.6778</h><angle>1.115242</angle></robndbox></object><object><type>robndbox</type><name>wheat_head</name><pose>Unspecified</pose><truncated>0</truncated><difficult>0</difficult><robndbox><cx>325.5377</cx><cy>770.8977</cy><w>80.5515</w><h>36.5354</h><angle>1.042077</angle></robndbox></object><object><type>robndbox</type><name>wheat_head</name><pose>Unspecified</pose><truncated>0</truncated><difficult>0</difficult><robndbox><cx>582.7947</cx><cy>124.1878</cy><w>85.4546</w><h>41.5837</h><angle>0.613879</angle></robndbox></object><object><type>robndbox</type><name>wheat_head</name><pose>Unspecified</pose><truncated>0</truncated><difficult>0</difficult><robndbox><cx>924.3904</cx><cy>317.5829</cy><w>81.9384</w><h>43.2318</h><angle>0.621924</angle></robndbox></object><object><type>robndbox</type><name>wheat_head</name><pose>Unspecified</pose><truncated>0</truncated><difficult>0</difficult><robndbox><cx>236.0716</cx><cy>367.487</cy><w>113.2574</w><h>41.5098</h><angle>0.585413</angle></robndbox></object><object><type>robndbox</type><name>wheat_head</name><pose>Unspecified</pose><truncated>0</truncated><difficult>0</difficult><robndbox><cx>396.1364</cx><cy>583.0606</cy><w>140.4395</w><h>38.649</h><angle>0.883216</angle></robndbox></object><object><type>robndbox</type><name>wheat_head</name><pose>Unspecified</pose><truncated>0</truncated><difficult>0</difficult><robndbox><cx>980.7717</cx><cy>217.4455</cy><w>79.5532</w><h>40.2519</h><angle>0.794571</angle></robndbox></object><object><type>robndbox</type><name>wheat_head</name><pose>Unspecified</pose><truncated>0</truncated><difficult>0</difficult><robndbox><cx>666.2377</cx><cy>993.4578</cy><w>49.6581</w><h>32.0784</h><angle>2.178079</angle></robndbox></object><object><type>robndbox</type><name>wheat_head</name><pose>Unspecified</pose><truncated>0</truncated><difficult>0</difficult><robndbox><cx>121.8646</cx><cy>237.3474</cy><w>92.5226</w><h>41.9569</h><angle>0.577413</angle></robndbox></object><object><type>robndbox</type><name>wheat_head</name><pose>Unspecified</pose><truncated>0</truncated><difficult>0</difficult><robndbox><cx>190.1354</cx><cy>840.0869</cy><w>94.041</w><h>35.2876</h><angle>0.493827</angle></robndbox></object><object><type>robndbox</type><name>wheat_head</name><pose>Unspecified</pose><truncated>0</truncated><difficult>0</difficult><robndbox><cx>748.9403</cx><cy>664.1981</cy><w>98.8864</w><h>40.0481</h><angle>0.190629</angle></robndbox></object><object><type>robndbox</type><name>wheat_head</name><pose>Unspecified</pose><truncated>0</truncated><difficult>0</difficult><robndbox><cx>1004.5102</cx><cy>522.1439</cy><w>35.7607</w><h>34.9172</h><angle>0.035561</angle></robndbox></object><object><type>robndbox</type><name>wheat_head</name><pose>Unspecified</pose><truncated>0</truncated><difficult>0</difficult><robndbox><cx>212.1754</cx><cy>123.1436</cy><w>98.5004</w><h>40.3205</h><angle>0.433022</angle></robndbox></object><object><type>robndbox</type><name>wheat_head</name><pose>Unspecified</pose><truncated>0</truncated><difficult>0</difficult><robndbox><cx>93.0412</cx><cy>463.1647</cy><w>110.1071</w><h>41.6223</h><angle>0.609646</angle></robndbox></object><object><type>robndbox</type><name>wheat_head</name><pose>Unspecified</pose><truncated>0</truncated><difficult>0</difficult><robndbox><cx>272.0101</cx><cy>476.5365</cy><w>95.3374</w><h>33.7094</h><angle>0.629551</angle></robndbox></object><object><type>robndbox</type><name>wheat_head</name><pose>Unspecified</pose><truncated>0</truncated><difficult>0</difficult><robndbox><cx>539.718</cx><cy>286.4974</cy><w>41.6161</w><h>34.2019</h><angle>0.123745</angle></robndbox></object><object><type>robndbox</type><name>wheat_head</name><pose>Unspecified</pose><truncated>0</truncated><difficult>0</difficult><robndbox><cx>752.7646</cx><cy>323.4299</cy><w>46.9935</w><h>35.3075</h><angle>0.68317</angle></robndbox></object><object><type>robndbox</type><name>wheat_head</name><pose>Unspecified</pose><truncated>0</truncated><difficult>0</difficult><robndbox><cx>687.6453</cx><cy>176.1947</cy><w>59.9091</w><h>35.8977</h><angle>0.828288</angle></robndbox></object><object><type>robndbox</type><name>wheat_head</name><pose>Unspecified</pose><truncated>0</truncated><difficult>0</difficult><robndbox><cx>703.5253</cx><cy>791.2998</cy><w>137.4539</w><h>43.835</h><angle>1.907327</angle></robndbox></object><object><type>robndbox</type><name>wheat_head</name><pose>Unspecified</pose><truncated>0</truncated><difficult>0</difficult><robndbox><cx>817.1077</cx><cy>24.9791</cy><w>64.9318</w><h>36.1441</h><angle>0.533994</angle></robndbox></object><object><type>robndbox</type><name>wheat_head</name><pose>Unspecified</pose><truncated>0</truncated><difficult>0</difficult><robndbox><cx>614.9841</cx><cy>32.9752</cy><w>47.0935</w><h>30.9148</h><angle>0.702436</angle></robndbox></object><object><type>robndbox</type><name>wheat_head</name><pose>Unspecified</pose><truncated>0</truncated><difficult>0</difficult><robndbox><cx>391.8257</cx><cy>655.1472</cy><w>57.8691</w><h>33.0427</h><angle>0.506549</angle></robndbox></object><object><type>robndbox</type><name>wheat_head</name><pose>Unspecified</pose><truncated>0</truncated><difficult>0</difficult><robndbox><cx>634.3083</cx><cy>631.3681</cy><w>64.9099</w><h>34.3813</h><angle>0.626291</angle></robndbox></object><object><type>robndbox</type><name>wheat_head</name><pose>Unspecified</pose><truncated>0</truncated><difficult>0</difficult><robndbox><cx>163.8569</cx><cy>674.5984</cy><w>123.7549</w><h>41.1491</h><angle>2.895602</angle></robndbox></object><object><type>robndbox</type><name>wheat_head</name><pose>Unspecified</pose><truncated>0</truncated><difficult>0</difficult><robndbox><cx>427.6101</cx><cy>112.7351</cy><w>71.7475</w><h>36.3556</h><angle>0.513201</angle></robndbox></object><object><type>robndbox</type><name>wheat_head</name><pose>Unspecified</pose><truncated>0</truncated><difficult>0</difficult><robndbox><cx>229.1196</cx><cy>908.8561</cy><w>94.3195</w><h>46.9434</h><angle>0.315499</angle></robndbox></object><object><type>robndbox</type><name>wheat_head</name><pose>Unspecified</pose><truncated>0</truncated><difficult>0</difficult><robndbox><cx>15.7016</cx><cy>856.4191</cy><w>33.133</w><h>30.3632</h><angle>1.726283</angle></robndbox></object><object><type>robndbox</type><name>wheat_head</name><pose>Unspecified</pose><truncated>0</truncated><difficult>0</difficult><robndbox><cx>833.0308</cx><cy>189.8184</cy><w>58.7406</w><h>33.6712</h><angle>0.522597</angle></robndbox></object><object><type>robndbox</type><name>wheat_head</name><pose>Unspecified</pose><truncated>0</truncated><difficult>0</difficult><robndbox><cx>831.4678</cx><cy>494.4192</cy><w>94.2836</w><h>33.9504</h><angle>0.539266</angle></robndbox></object><object><type>robndbox</type><name>wheat_head</name><pose>Unspecified</pose><truncated>0</truncated><difficult>0</difficult><robndbox><cx>925.2651</cx><cy>602.2247</cy><w>75.5964</w><h>47.0058</h><angle>0.465982</angle></robndbox></object><object><type>robndbox</type><name>wheat_head</name><pose>Unspecified</pose><truncated>0</truncated><difficult>0</difficult><robndbox><cx>549.4408</cx><cy>930.1963</cy><w>55.0031</w><h>31.9628</h><angle>0.548985</angle></robndbox></object><object><type>robndbox</type><name>wheat_head</name><pose>Unspecified</pose><truncated>0</truncated><difficult>0</difficult><robndbox><cx>244.2312</cx><cy>290.9834</cy><w>123.5906</w><h>43.6028</h><angle>0.262875</angle></robndbox></object><object><type>robndbox</type><name>wheat_head</name><pose>Unspecified</pose><truncated>0</truncated><difficult>0</difficult><robndbox><cx>461.752</cx><cy>962.2905</cy><w>49.5011</w><h>35.6243</h><angle>0.401556</angle></robndbox></object><object><type>robndbox</type><name>wheat_head</name><pose>Unspecified</pose><truncated>0</truncated><difficult>0</difficult><robndbox><cx>111.8458</cx><cy>419.3734</cy><w>51.7749</w><h>28.532</h><angle>0.399333</angle></robndbox></object><object><type>robndbox</type><name>wheat_head</name><pose>Unspecified</pose><truncated>0</truncated><difficult>0</difficult><robndbox><cx>185.1098</cx><cy>9.4357</cy><w>49.127</w><h>23.9235</h><angle>0.256688</angle></robndbox></object><object><type>robndbox</type><name>wheat_head</name><pose>Unspecified</pose><truncated>0</truncated><difficult>0</difficult><robndbox><cx>761.347</cx><cy>258.1027</cy><w>86.5047</w><h>36.349</h><angle>0.442922</angle></robndbox></object><object><type>robndbox</type><name>wheat_head</name><pose>Unspecified</pose><truncated>0</truncated><difficult>0</difficult><robndbox><cx>765.4427</cx><cy>732.4433</cy><w>75.8878</w><h>40.6243</h><angle>0.633538</angle></robndbox></object><object><type>robndbox</type><name>wheat_head</name><pose>Unspecified</pose><truncated>0</truncated><difficult>0</difficult><robndbox><cx>394.2352</cx><cy>542.6422</cy><w>57.8507</w><h>32.7547</h><angle>2.800659</angle></robndbox></object><object><type>robndbox</type><name>wheat_head</name><pose>Unspecified</pose><truncated>0</truncated><difficult>0</difficult><robndbox><cx>603.882</cx><cy>673.4415</cy><w>43.487</w><h>29.1463</h><angle>1.254594</angle></robndbox></object><object><type>robndbox</type><name>wheat_head</name><pose>Unspecified</pose><truncated>0</truncated><difficult>0</difficult><robndbox><cx>583.7369</cx><cy>382.7932</cy><w>106.7981</w><h>32.6082</h><angle>1.569506</angle></robndbox></object><object><type>robndbox</type><name>wheat_head</name><pose>Unspecified</pose><truncated>0</truncated><difficult>0</difficult><robndbox><cx>76.6067</cx><cy>285.9525</cy><w>33.2636</w><h>27.3485</h><angle>0.244868</angle></robndbox></object><object><type>robndbox</type><name>wheat_head</name><pose>Unspecified</pose><truncated>0</truncated><difficult>0</difficult><robndbox><cx>401.8556</cx><cy>352.0562</cy><w>98.6108</w><h>41.0904</h><angle>2.699629</angle></robndbox></object><object><type>robndbox</type><name>wheat_head</name><pose>Unspecified</pose><truncated>0</truncated><difficult>0</difficult><robndbox><cx>131.7025</cx><cy>743.5093</cy><w>73.639</w><h>34.7071</h><angle>0.045307</angle></robndbox></object><object><type>robndbox</type><name>wheat_head</name><pose>Unspecified</pose><truncated>0</truncated><difficult>0</difficult><robndbox><cx>499.6949</cx><cy>652.6235</cy><w>89.1208</w><h>42.4414</h><angle>0.140498</angle></robndbox></object><object><type>robndbox</type><name>wheat_head</name><pose>Unspecified</pose><truncated>0</truncated><difficult>0</difficult><robndbox><cx>514.6719</cx><cy>401.9021</cy><w>38.9105</w><h>35.2955</h><angle>1.18392</angle></robndbox></object><object><type>robndbox</type><name>wheat_head</name><pose>Unspecified</pose><truncated>0</truncated><difficult>0</difficult><robndbox><cx>304.3787</cx><cy>226.5723</cy><w>59.1214</w><h>29.9014</h><angle>1.000393</angle></robndbox></object><object><type>robndbox</type><name>wheat_head</name><pose>Unspecified</pose><truncated>0</truncated><difficult>0</difficult><robndbox><cx>56.076</cx><cy>1009.4004</cy><w>67.2261</w><h>21.3997</h><angle>3.132671</angle></robndbox></object><object><type>robndbox</type><name>wheat_head</name><pose>Unspecified</pose><truncated>0</truncated><difficult>0</difficult><robndbox><cx>303.0569</cx><cy>989.1587</cy><w>50.3467</w><h>29.035</h><angle>0.258153</angle></robndbox></object><object><type>robndbox</type><name>wheat_head</name><pose>Unspecified</pose><truncated>0</truncated><difficult>0</difficult><robndbox><cx>121.8646</cx><cy>237.3474</cy><w>92.5226</w><h>41.9569</h><angle>0.577413</angle></robndbox></object><object><type>robndbox</type><name>wheat_head</name><pose>Unspecified</pose><truncated>0</truncated><difficult>0</difficult><robndbox><cx>54.2713</cx><cy>319.6299</cy><w>92.8394</w><h>39.0985</h><angle>0.387295</angle></robndbox></object><object><type>robndbox</type><name>wheat_head</name><pose>Unspecified</pose><truncated>0</truncated><difficult>0</difficult><robndbox><cx>421.8683</cx><cy>917.2628</cy><w>66.1274</w><h>31.5537</h><angle>0.00347</angle></robndbox></object><object><type>robndbox</type><name>wheat_head</name><pose>Unspecified</pose><truncated>0</truncated><difficult>0</difficult><robndbox><cx>582.3975</cx><cy>311.1798</cy><w>75.3124</w><h>37.3382</h><angle>2.265443</angle></robndbox></object><object><type>robndbox</type><name>wheat_head</name><pose>Unspecified</pose><truncated>0</truncated><difficult>0</difficult><robndbox><cx>421.8683</cx><cy>917.2628</cy><w>66.1274</w><h>31.5537</h><angle>0.00347</angle></robndbox></object><object><type>robndbox</type><name>wheat_head</name><pose>Unspecified</pose><truncated>0</truncated><difficult>0</difficult><robndbox><cx>546.4119</cx><cy>453.6038</cy><w>95.9781</w><h>33.5961</h><angle>0.521752</angle></robndbox></object><object><type>robndbox</type><name>wheat_head</name><pose>Unspecified</pose><truncated>0</truncated><difficult>0</difficult><robndbox><cx>11.5</cx><cy>228.0</cy><w>28.3435</w><h>17.5002</h><angle>2.517466</angle></robndbox></object><object><type>robndbox</type><name>wheat_head</name><pose>Unspecified</pose><truncated>0</truncated><difficult>0</difficult><robndbox><cx>787.5397</cx><cy>446.5761</cy><w>138.0871</w><h>45.7893</h><angle>1.807071</angle></robndbox></object><object><type>robndbox</type><name>wheat_head</name><pose>Unspecified</pose><truncated>0</truncated><difficult>0</difficult><robndbox><cx>583.2166</cx><cy>516.2391</cy><w>170.9119</w><h>43.607</h><angle>0.351333</angle></robndbox></object><object><type>robndbox</type><name>wheat_head</name><pose>Unspecified</pose><truncated>0</truncated><difficult>0</difficult><robndbox><cx>31.447</cx><cy>930.6707</cy><w>50.9306</w><h>31.3849</h><angle>0.046649</angle></robndbox></object><object><type>robndbox</type><name>wheat_head</name><pose>Unspecified</pose><truncated>0</truncated><difficult>0</difficult><robndbox><cx>241.6501</cx><cy>504.7126</cy><w>115.7781</w><h>34.1315</h><angle>0.643393</angle></robndbox></object><object><type>robndbox</type><name>wheat_head</name><pose>Unspecified</pose><truncated>0</truncated><difficult>0</difficult><robndbox><cx>123.4584</cx><cy>63.0069</cy><w>64.8103</w><h>27.4596</h><angle>0.430707</angle></robndbox></object><object><type>robndbox</type><name>wheat_head</name><pose>Unspecified</pose><truncated>0</truncated><difficult>0</difficult><robndbox><cx>576.8497</cx><cy>883.265</cy><w>82.1191</w><h>33.3665</h><angle>3.128403</angle></robndbox></object><object><type>robndbox</type><name>wheat_head</name><pose>Unspecified</pose><truncated>0</truncated><difficult>0</difficult><robndbox><cx>991.4799</cx><cy>539.9137</cy><w>57.216</w><h>29.1811</h><angle>0.535561</angle></robndbox></object><object><type>robndbox</type><name>wheat_head</name><pose>Unspecified</pose><truncated>0</truncated><difficult>0</difficult><robndbox><cx>269.1186</cx><cy>697.8033</cy><w>69.7753</w><h>35.4986</h><angle>0.067513</angle></robndbox></object><object><type>robndbox</type><name>wheat_head</name><pose>Unspecified</pose><truncated>0</truncated><difficult>0</difficult><robndbox><cx>551.8987</cx><cy>367.4713</cy><w>37.0209</w><h>22.5104</h><angle>1.800856</angle></robndbox></object><object><type>robndbox</type><name>wheat_head</name><pose>Unspecified</pose><truncated>0</truncated><difficult>0</difficult><robndbox><cx>883.7189</cx><cy>517.0353</cy><w>83.879</w><h>40.8458</h><angle>1.209875</angle></robndbox></object><object><type>robndbox</type><name>wheat_head</name><pose>Unspecified</pose><truncated>0</truncated><difficult>0</difficult><robndbox><cx>855.3666</cx><cy>70.3318</cy><w>75.1109</w><h>40.6712</h><angle>0.661079</angle></robndbox></object><object><type>robndbox</type><name>wheat_head</name><pose>Unspecified</pose><truncated>0</truncated><difficult>0</difficult><robndbox><cx>417.5504</cx><cy>43.2111</cy><w>44.9646</w><h>33.326</h><angle>1.189925</angle></robndbox></object><object><type>robndbox</type><name>wheat_head</name><pose>Unspecified</pose><truncated>0</truncated><difficult>0</difficult><robndbox><cx>289.5858</cx><cy>82.6143</cy><w>56.3648</w><h>27.5432</h><angle>0.596762</angle></robndbox></object><object><type>robndbox</type><name>wheat_head</name><pose>Unspecified</pose><truncated>0</truncated><difficult>0</difficult><robndbox><cx>711.2821</cx><cy>221.196</cy><w>40.1995</w><h>25.3494</h><angle>1.471128</angle></robndbox></object><object><type>robndbox</type><name>wheat_head</name><pose>Unspecified</pose><truncated>0</truncated><difficult>0</difficult><robndbox><cx>871.7462</cx><cy>16.2861</cy><w>40.3113</w><h>30.7378</h><angle>0.767856</angle></robndbox></object><object><type>robndbox</type><name>wheat_head</name><pose>Unspecified</pose><truncated>0</truncated><difficult>0</difficult><robndbox><cx>103.6437</cx><cy>270.8265</cy><w>45.398</w><h>20.8831</h><angle>1.138389</angle></robndbox></object></annotation>