<annotation verified="no"><folder>images</folder><filename>4688d25ab</filename><path>/home/badhon/Documents/thesis/final_dataset/ethz_1/images/4688d25ab.jpg</path><source><database>Unknown</database></source><size><width>1024</width><height>1024</height><depth>3</depth></size><segmented>0</segmented><object><type>robndbox</type><name>wheat_head</name><pose>Unspecified</pose><truncated>0</truncated><difficult>0</difficult><robndbox><cx>390.3953</cx><cy>405.5188</cy><w>95.0697</w><h>38.2252</h><angle>0.955559</angle></robndbox></object><object><type>robndbox</type><name>wheat_head</name><pose>Unspecified</pose><truncated>0</truncated><difficult>0</difficult><robndbox><cx>725.0735</cx><cy>397.346</cy><w>96.1529</w><h>38.4313</h><angle>1.109197</angle></robndbox></object><object><type>robndbox</type><name>wheat_head</name><pose>Unspecified</pose><truncated>0</truncated><difficult>0</difficult><robndbox><cx>425.5818</cx><cy>493.6878</cy><w>66.617</w><h>35.342</h><angle>1.002583</angle></robndbox></object><object><type>robndbox</type><name>wheat_head</name><pose>Unspecified</pose><truncated>0</truncated><difficult>0</difficult><robndbox><cx>1000.4022</cx><cy>210.747</cy><w>78.5676</w><h>32.4166</h><angle>1.929121</angle></robndbox></object><object><type>robndbox</type><name>wheat_head</name><pose>Unspecified</pose><truncated>0</truncated><difficult>0</difficult><robndbox><cx>44.5432</cx><cy>484.5329</cy><w>72.7278</w><h>35.6722</h><angle>0.686134</angle></robndbox></object><object><type>robndbox</type><name>wheat_head</name><pose>Unspecified</pose><truncated>0</truncated><difficult>0</difficult><robndbox><cx>224.0673</cx><cy>820.7504</cy><w>82.5915</w><h>32.1471</h><angle>2.312361</angle></robndbox></object><object><type>robndbox</type><name>wheat_head</name><pose>Unspecified</pose><truncated>0</truncated><difficult>0</difficult><robndbox><cx>552.1763</cx><cy>392.1038</cy><w>70.4967</w><h>33.0897</h><angle>0.904703</angle></robndbox></object><object><type>robndbox</type><name>wheat_head</name><pose>Unspecified</pose><truncated>0</truncated><difficult>0</difficult><robndbox><cx>86.2396</cx><cy>57.5194</cy><w>89.1692</w><h>35.4839</h><angle>0.969415</angle></robndbox></object><object><type>robndbox</type><name>wheat_head</name><pose>Unspecified</pose><truncated>0</truncated><difficult>0</difficult><robndbox><cx>345.7579</cx><cy>111.6446</cy><w>116.6711</w><h>43.1961</h><angle>1.056727</angle></robndbox></object><object><type>robndbox</type><name>wheat_head</name><pose>Unspecified</pose><truncated>0</truncated><difficult>0</difficult><robndbox><cx>991.1025</cx><cy>821.775</cy><w>56.5575</w><h>34.2723</h><angle>0.996162</angle></robndbox></object><object><type>robndbox</type><name>wheat_head</name><pose>Unspecified</pose><truncated>0</truncated><difficult>0</difficult><robndbox><cx>573.544</cx><cy>776.9316</cy><w>74.4966</w><h>37.3252</h><angle>1.0352</angle></robndbox></object><object><type>robndbox</type><name>wheat_head</name><pose>Unspecified</pose><truncated>0</truncated><difficult>0</difficult><robndbox><cx>549.6672</cx><cy>269.6993</cy><w>137.4797</w><h>35.4366</h><angle>0.92788</angle></robndbox></object><object><type>robndbox</type><name>wheat_head</name><pose>Unspecified</pose><truncated>0</truncated><difficult>0</difficult><robndbox><cx>826.8263</cx><cy>474.2569</cy><w>89.3197</w><h>32.7159</h><angle>0.946988</angle></robndbox></object><object><type>robndbox</type><name>wheat_head</name><pose>Unspecified</pose><truncated>0</truncated><difficult>0</difficult><robndbox><cx>467.7128</cx><cy>416.7942</cy><w>82.0158</w><h>33.7061</h><angle>0.60842</angle></robndbox></object><object><type>robndbox</type><name>wheat_head</name><pose>Unspecified</pose><truncated>0</truncated><difficult>0</difficult><robndbox><cx>452.6547</cx><cy>814.4875</cy><w>97.8671</w><h>42.4205</h><angle>0.665702</angle></robndbox></object><object><type>robndbox</type><name>wheat_head</name><pose>Unspecified</pose><truncated>0</truncated><difficult>0</difficult><robndbox><cx>15.3637</cx><cy>998.9826</cy><w>29.7538</w><h>27.749</h><angle>0.023158</angle></robndbox></object><object><type>robndbox</type><name>wheat_head</name><pose>Unspecified</pose><truncated>0</truncated><difficult>0</difficult><robndbox><cx>808.8448</cx><cy>221.0891</cy><w>79.5829</w><h>44.3282</h><angle>0.703198</angle></robndbox></object><object><type>robndbox</type><name>wheat_head</name><pose>Unspecified</pose><truncated>0</truncated><difficult>0</difficult><robndbox><cx>422.9853</cx><cy>609.3679</cy><w>74.069</w><h>36.5784</h><angle>1.201306</angle></robndbox></object><object><type>robndbox</type><name>wheat_head</name><pose>Unspecified</pose><truncated>0</truncated><difficult>0</difficult><robndbox><cx>277.2999</cx><cy>563.284</cy><w>155.0821</w><h>33.3457</h><angle>0.716463</angle></robndbox></object><object><type>robndbox</type><name>wheat_head</name><pose>Unspecified</pose><truncated>0</truncated><difficult>0</difficult><robndbox><cx>904.9581</cx><cy>823.6155</cy><w>78.4528</w><h>37.6963</h><angle>1.03877</angle></robndbox></object><object><type>robndbox</type><name>wheat_head</name><pose>Unspecified</pose><truncated>0</truncated><difficult>0</difficult><robndbox><cx>157.2951</cx><cy>24.7564</cy><w>63.1702</w><h>36.2945</h><angle>0.275262</angle></robndbox></object><object><type>robndbox</type><name>wheat_head</name><pose>Unspecified</pose><truncated>0</truncated><difficult>0</difficult><robndbox><cx>278.1925</cx><cy>406.0238</cy><w>86.7495</w><h>42.8291</h><angle>0.520237</angle></robndbox></object><object><type>robndbox</type><name>wheat_head</name><pose>Unspecified</pose><truncated>0</truncated><difficult>0</difficult><robndbox><cx>437.5049</cx><cy>34.4601</cy><w>65.3897</w><h>35.2428</h><angle>0.341525</angle></robndbox></object><object><type>robndbox</type><name>wheat_head</name><pose>Unspecified</pose><truncated>0</truncated><difficult>0</difficult><robndbox><cx>939.4753</cx><cy>406.729</cy><w>112.8356</w><h>28.6078</h><angle>1.536848</angle></robndbox></object><object><type>robndbox</type><name>wheat_head</name><pose>Unspecified</pose><truncated>0</truncated><difficult>0</difficult><robndbox><cx>934.8736</cx><cy>512.0252</cy><w>79.1225</w><h>40.8253</h><angle>0.639655</angle></robndbox></object><object><type>robndbox</type><name>wheat_head</name><pose>Unspecified</pose><truncated>0</truncated><difficult>0</difficult><robndbox><cx>904.9581</cx><cy>823.6155</cy><w>78.4528</w><h>37.6963</h><angle>1.03877</angle></robndbox></object><object><type>robndbox</type><name>wheat_head</name><pose>Unspecified</pose><truncated>0</truncated><difficult>0</difficult><robndbox><cx>769.8182</cx><cy>132.833</cy><w>66.6828</w><h>30.5285</h><angle>0.949567</angle></robndbox></object><object><type>robndbox</type><name>wheat_head</name><pose>Unspecified</pose><truncated>0</truncated><difficult>0</difficult><robndbox><cx>883.6032</cx><cy>30.191</cy><w>60.8308</w><h>31.3042</h><angle>1.332301</angle></robndbox></object><object><type>robndbox</type><name>wheat_head</name><pose>Unspecified</pose><truncated>0</truncated><difficult>0</difficult><robndbox><cx>849.5447</cx><cy>569.4566</cy><w>89.1103</w><h>41.7953</h><angle>0.46652</angle></robndbox></object><object><type>robndbox</type><name>wheat_head</name><pose>Unspecified</pose><truncated>0</truncated><difficult>0</difficult><robndbox><cx>708.5635</cx><cy>110.638</cy><w>85.5092</w><h>36.8059</h><angle>0.698027</angle></robndbox></object><object><type>robndbox</type><name>wheat_head</name><pose>Unspecified</pose><truncated>0</truncated><difficult>0</difficult><robndbox><cx>117.8864</cx><cy>471.0423</cy><w>34.1914</w><h>33.6234</h><angle>2.708312</angle></robndbox></object><object><type>robndbox</type><name>wheat_head</name><pose>Unspecified</pose><truncated>0</truncated><difficult>0</difficult><robndbox><cx>712.5396</cx><cy>482.7361</cy><w>105.1037</w><h>38.3063</h><angle>1.242352</angle></robndbox></object><object><type>robndbox</type><name>wheat_head</name><pose>Unspecified</pose><truncated>0</truncated><difficult>0</difficult><robndbox><cx>250.0573</cx><cy>15.0638</cy><w>38.3275</w><h>34.0712</h><angle>1.478336</angle></robndbox></object><object><type>robndbox</type><name>wheat_head</name><pose>Unspecified</pose><truncated>0</truncated><difficult>0</difficult><robndbox><cx>271.6002</cx><cy>233.1811</cy><w>82.9424</w><h>42.3276</h><angle>0.621156</angle></robndbox></object><object><type>robndbox</type><name>wheat_head</name><pose>Unspecified</pose><truncated>0</truncated><difficult>0</difficult><robndbox><cx>325.1078</cx><cy>495.1468</cy><w>43.4089</w><h>26.2591</h><angle>1.005733</angle></robndbox></object><object><type>robndbox</type><name>wheat_head</name><pose>Unspecified</pose><truncated>0</truncated><difficult>0</difficult><robndbox><cx>487.9964</cx><cy>187.9317</cy><w>64.5861</w><h>35.6316</h><angle>1.015269</angle></robndbox></object><object><type>robndbox</type><name>wheat_head</name><pose>Unspecified</pose><truncated>0</truncated><difficult>0</difficult><robndbox><cx>251.3238</cx><cy>502.7198</cy><w>79.7113</w><h>30.5964</h><angle>0.457856</angle></robndbox></object><object><type>robndbox</type><name>wheat_head</name><pose>Unspecified</pose><truncated>0</truncated><difficult>0</difficult><robndbox><cx>22.9667</cx><cy>405.2663</cy><w>43.6867</w><h>32.8596</h><angle>0.206142</angle></robndbox></object><object><type>robndbox</type><name>wheat_head</name><pose>Unspecified</pose><truncated>0</truncated><difficult>0</difficult><robndbox><cx>535.5767</cx><cy>468.4085</cy><w>63.9626</w><h>29.616</h><angle>1.291166</angle></robndbox></object><object><type>robndbox</type><name>wheat_head</name><pose>Unspecified</pose><truncated>0</truncated><difficult>0</difficult><robndbox><cx>367.4223</cx><cy>315.4279</cy><w>52.4408</w><h>32.1787</h><angle>1.251741</angle></robndbox></object><object><type>robndbox</type><name>wheat_head</name><pose>Unspecified</pose><truncated>0</truncated><difficult>0</difficult><robndbox><cx>706.9002</cx><cy>32.9493</cy><w>73.5472</w><h>29.8662</h><angle>1.117288</angle></robndbox></object><object><type>robndbox</type><name>wheat_head</name><pose>Unspecified</pose><truncated>0</truncated><difficult>0</difficult><robndbox><cx>424.0565</cx><cy>869.4963</cy><w>72.2992</w><h>34.6605</h><angle>0.248599</angle></robndbox></object><object><type>robndbox</type><name>wheat_head</name><pose>Unspecified</pose><truncated>0</truncated><difficult>0</difficult><robndbox><cx>987.5125</cx><cy>630.6752</cy><w>59.5612</w><h>33.1064</h><angle>0.077388</angle></robndbox></object><object><type>robndbox</type><name>wheat_head</name><pose>Unspecified</pose><truncated>0</truncated><difficult>0</difficult><robndbox><cx>528.2621</cx><cy>727.0703</cy><w>68.5602</w><h>33.4342</h><angle>0.208275</angle></robndbox></object><object><type>robndbox</type><name>wheat_head</name><pose>Unspecified</pose><truncated>0</truncated><difficult>0</difficult><robndbox><cx>112.7923</cx><cy>429.6675</cy><w>36.0722</w><h>33.0044</h><angle>0.963453</angle></robndbox></object><object><type>robndbox</type><name>wheat_head</name><pose>Unspecified</pose><truncated>0</truncated><difficult>0</difficult><robndbox><cx>859.2266</cx><cy>633.6166</cy><w>97.7904</w><h>34.9207</h><angle>0.080818</angle></robndbox></object><object><type>robndbox</type><name>wheat_head</name><pose>Unspecified</pose><truncated>0</truncated><difficult>0</difficult><robndbox><cx>968.9605</cx><cy>591.6161</cy><w>54.2651</w><h>29.0195</h><angle>0.943287</angle></robndbox></object><object><type>robndbox</type><name>wheat_head</name><pose>Unspecified</pose><truncated>0</truncated><difficult>0</difficult><robndbox><cx>38.2861</cx><cy>657.0195</cy><w>71.5622</w><h>32.4331</h><angle>0.78391</angle></robndbox></object><object><type>robndbox</type><name>wheat_head</name><pose>Unspecified</pose><truncated>0</truncated><difficult>0</difficult><robndbox><cx>758.0895</cx><cy>174.8756</cy><w>52.1553</w><h>28.5354</h><angle>1.032881</angle></robndbox></object><object><type>robndbox</type><name>wheat_head</name><pose>Unspecified</pose><truncated>0</truncated><difficult>0</difficult><robndbox><cx>669.5657</cx><cy>742.8211</cy><w>155.5281</w><h>31.3535</h><angle>3.122535</angle></robndbox></object><object><type>robndbox</type><name>wheat_head</name><pose>Unspecified</pose><truncated>0</truncated><difficult>0</difficult><robndbox><cx>342.559</cx><cy>549.3109</cy><w>66.366</w><h>36.41</h><angle>0.30579</angle></robndbox></object><object><type>robndbox</type><name>wheat_head</name><pose>Unspecified</pose><truncated>0</truncated><difficult>0</difficult><robndbox><cx>558.1743</cx><cy>637.7759</cy><w>66.505</w><h>39.1917</h><angle>0.245591</angle></robndbox></object><object><type>robndbox</type><name>wheat_head</name><pose>Unspecified</pose><truncated>0</truncated><difficult>0</difficult><robndbox><cx>219.2847</cx><cy>647.7719</cy><w>33.6996</w><h>32.9405</h><angle>2.807077</angle></robndbox></object><object><type>robndbox</type><name>wheat_head</name><pose>Unspecified</pose><truncated>0</truncated><difficult>0</difficult><robndbox><cx>983.9597</cx><cy>392.2201</cy><w>75.2462</w><h>29.071</h><angle>1.374807</angle></robndbox></object><object><type>robndbox</type><name>wheat_head</name><pose>Unspecified</pose><truncated>0</truncated><difficult>0</difficult><robndbox><cx>781.9371</cx><cy>68.1195</cy><w>81.4439</w><h>29.1915</h><angle>0.574232</angle></robndbox></object><object><type>robndbox</type><name>wheat_head</name><pose>Unspecified</pose><truncated>0</truncated><difficult>0</difficult><robndbox><cx>265.4078</cx><cy>101.0428</cy><w>46.9173</w><h>29.2308</h><angle>0.668521</angle></robndbox></object><object><type>robndbox</type><name>wheat_head</name><pose>Unspecified</pose><truncated>0</truncated><difficult>0</difficult><robndbox><cx>233.0245</cx><cy>599.5351</cy><w>74.5956</w><h>29.6176</h><angle>2.9751</angle></robndbox></object><object><type>robndbox</type><name>wheat_head</name><pose>Unspecified</pose><truncated>0</truncated><difficult>0</difficult><robndbox><cx>692.639</cx><cy>162.6086</cy><w>54.2399</w><h>26.898</h><angle>2.579692</angle></robndbox></object><object><type>robndbox</type><name>wheat_head</name><pose>Unspecified</pose><truncated>0</truncated><difficult>0</difficult><robndbox><cx>679.5</cx><cy>488.0</cy><w>30.9904</w><h>28.0014</h><angle>2.931588</angle></robndbox></object><object><type>robndbox</type><name>wheat_head</name><pose>Unspecified</pose><truncated>0</truncated><difficult>0</difficult><robndbox><cx>359.4626</cx><cy>24.7466</cy><w>31.6095</w><h>30.5711</h><angle>2.614247</angle></robndbox></object><object><type>robndbox</type><name>wheat_head</name><pose>Unspecified</pose><truncated>0</truncated><difficult>0</difficult><robndbox><cx>750.8943</cx><cy>8.8634</cy><w>37.5515</w><h>19.5522</h><angle>3.105242</angle></robndbox></object><object><type>robndbox</type><name>wheat_head</name><pose>Unspecified</pose><truncated>0</truncated><difficult>0</difficult><robndbox><cx>887.8881</cx><cy>423.3287</cy><w>79.8372</w><h>43.3661</h><angle>2.872004</angle></robndbox></object><object><type>robndbox</type><name>wheat_head</name><pose>Unspecified</pose><truncated>0</truncated><difficult>0</difficult><robndbox><cx>508.996</cx><cy>324.8876</cy><w>48.2701</w><h>21.4728</h><angle>0.229904</angle></robndbox></object><object><type>robndbox</type><name>wheat_head</name><pose>Unspecified</pose><truncated>0</truncated><difficult>0</difficult><robndbox><cx>674.1364</cx><cy>120.5714</cy><w>31.0</w><h>25.1819</h><angle>0.0</angle></robndbox></object></annotation>