<annotation verified="no"><folder>images</folder><filename>46b7a42f3</filename><path>/home/badhon/Documents/thesis/final_dataset/ethz_1/images/46b7a42f3.jpg</path><source><database>Unknown</database></source><size><width>1024</width><height>1024</height><depth>3</depth></size><segmented>0</segmented><object><type>robndbox</type><name>wheat_head</name><pose>Unspecified</pose><truncated>0</truncated><difficult>0</difficult><robndbox><cx>440.3156</cx><cy>542.666</cy><w>82.5028</w><h>35.6918</h><angle>1.029366</angle></robndbox></object><object><type>robndbox</type><name>wheat_head</name><pose>Unspecified</pose><truncated>0</truncated><difficult>0</difficult><robndbox><cx>8.1415</cx><cy>459.0961</cy><w>33.6264</w><h>14.5746</h><angle>1.423624</angle></robndbox></object><object><type>robndbox</type><name>wheat_head</name><pose>Unspecified</pose><truncated>0</truncated><difficult>0</difficult><robndbox><cx>12.6331</cx><cy>820.7815</cy><w>37.9506</w><h>26.2292</h><angle>1.186787</angle></robndbox></object><object><type>robndbox</type><name>wheat_head</name><pose>Unspecified</pose><truncated>0</truncated><difficult>0</difficult><robndbox><cx>791.1393</cx><cy>545.7206</cy><w>85.8594</w><h>37.5975</h><angle>1.117858</angle></robndbox></object><object><type>robndbox</type><name>wheat_head</name><pose>Unspecified</pose><truncated>0</truncated><difficult>0</difficult><robndbox><cx>350.5446</cx><cy>387.0211</cy><w>102.7963</w><h>41.266</h><angle>0.513833</angle></robndbox></object><object><type>robndbox</type><name>wheat_head</name><pose>Unspecified</pose><truncated>0</truncated><difficult>0</difficult><robndbox><cx>494.1422</cx><cy>860.0571</cy><w>82.7676</w><h>41.9647</h><angle>0.623014</angle></robndbox></object><object><type>robndbox</type><name>wheat_head</name><pose>Unspecified</pose><truncated>0</truncated><difficult>0</difficult><robndbox><cx>474.1913</cx><cy>447.7795</cy><w>93.7156</w><h>39.2559</h><angle>0.459503</angle></robndbox></object><object><type>robndbox</type><name>wheat_head</name><pose>Unspecified</pose><truncated>0</truncated><difficult>0</difficult><robndbox><cx>792.2458</cx><cy>441.6193</cy><w>130.6108</w><h>38.8505</h><angle>0.946905</angle></robndbox></object><object><type>robndbox</type><name>wheat_head</name><pose>Unspecified</pose><truncated>0</truncated><difficult>0</difficult><robndbox><cx>922.0269</cx><cy>314.908</cy><w>76.5322</w><h>27.8993</h><angle>1.487329</angle></robndbox></object><object><type>robndbox</type><name>wheat_head</name><pose>Unspecified</pose><truncated>0</truncated><difficult>0</difficult><robndbox><cx>131.3682</cx><cy>869.0427</cy><w>94.851</w><h>41.976</h><angle>0.516352</angle></robndbox></object><object><type>robndbox</type><name>wheat_head</name><pose>Unspecified</pose><truncated>0</truncated><difficult>0</difficult><robndbox><cx>11.7033</cx><cy>27.4912</cy><w>37.5454</w><h>26.291</h><angle>1.219586</angle></robndbox></object><object><type>robndbox</type><name>wheat_head</name><pose>Unspecified</pose><truncated>0</truncated><difficult>0</difficult><robndbox><cx>780.2473</cx><cy>887.8753</cy><w>78.4303</w><h>38.1703</h><angle>0.582807</angle></robndbox></object><object><type>robndbox</type><name>wheat_head</name><pose>Unspecified</pose><truncated>0</truncated><difficult>0</difficult><robndbox><cx>290.31</cx><cy>246.8596</cy><w>104.8422</w><h>32.7795</h><angle>0.971092</angle></robndbox></object><object><type>robndbox</type><name>wheat_head</name><pose>Unspecified</pose><truncated>0</truncated><difficult>0</difficult><robndbox><cx>149.0012</cx><cy>697.8536</cy><w>117.3206</w><h>39.7222</h><angle>0.781293</angle></robndbox></object><object><type>robndbox</type><name>wheat_head</name><pose>Unspecified</pose><truncated>0</truncated><difficult>0</difficult><robndbox><cx>475.124</cx><cy>329.1804</cy><w>61.3102</w><h>27.4681</h><angle>2.011</angle></robndbox></object><object><type>robndbox</type><name>wheat_head</name><pose>Unspecified</pose><truncated>0</truncated><difficult>0</difficult><robndbox><cx>373.5383</cx><cy>755.7585</cy><w>65.6061</w><h>38.1866</h><angle>2.524011</angle></robndbox></object><object><type>robndbox</type><name>wheat_head</name><pose>Unspecified</pose><truncated>0</truncated><difficult>0</difficult><robndbox><cx>957.6193</cx><cy>236.7967</cy><w>76.4869</w><h>29.4141</h><angle>1.00089</angle></robndbox></object><object><type>robndbox</type><name>wheat_head</name><pose>Unspecified</pose><truncated>0</truncated><difficult>0</difficult><robndbox><cx>946.9401</cx><cy>431.7178</cy><w>67.433</w><h>39.7097</h><angle>1.054245</angle></robndbox></object><object><type>robndbox</type><name>wheat_head</name><pose>Unspecified</pose><truncated>0</truncated><difficult>0</difficult><robndbox><cx>734.6581</cx><cy>604.4035</cy><w>61.4731</w><h>36.7959</h><angle>0.621708</angle></robndbox></object><object><type>robndbox</type><name>wheat_head</name><pose>Unspecified</pose><truncated>0</truncated><difficult>0</difficult><robndbox><cx>602.9186</cx><cy>645.8812</cy><w>66.1034</w><h>31.9854</h><angle>1.04082</angle></robndbox></object><object><type>robndbox</type><name>wheat_head</name><pose>Unspecified</pose><truncated>0</truncated><difficult>0</difficult><robndbox><cx>359.8727</cx><cy>112.3324</cy><w>103.6834</w><h>39.6758</h><angle>0.679691</angle></robndbox></object><object><type>robndbox</type><name>wheat_head</name><pose>Unspecified</pose><truncated>0</truncated><difficult>0</difficult><robndbox><cx>142.3675</cx><cy>566.4027</cy><w>81.488</w><h>41.1905</h><angle>0.424853</angle></robndbox></object><object><type>robndbox</type><name>wheat_head</name><pose>Unspecified</pose><truncated>0</truncated><difficult>0</difficult><robndbox><cx>637.6208</cx><cy>407.4851</cy><w>51.3205</w><h>36.7041</h><angle>1.026509</angle></robndbox></object><object><type>robndbox</type><name>wheat_head</name><pose>Unspecified</pose><truncated>0</truncated><difficult>0</difficult><robndbox><cx>661.9998</cx><cy>178.8116</cy><w>118.4405</w><h>31.7185</h><angle>1.504105</angle></robndbox></object><object><type>robndbox</type><name>wheat_head</name><pose>Unspecified</pose><truncated>0</truncated><difficult>0</difficult><robndbox><cx>216.358</cx><cy>652.6985</cy><w>78.283</w><h>37.8576</h><angle>0.399663</angle></robndbox></object><object><type>robndbox</type><name>wheat_head</name><pose>Unspecified</pose><truncated>0</truncated><difficult>0</difficult><robndbox><cx>1001.6481</cx><cy>441.6311</cy><w>59.9767</w><h>27.481</h><angle>1.296414</angle></robndbox></object><object><type>robndbox</type><name>wheat_head</name><pose>Unspecified</pose><truncated>0</truncated><difficult>0</difficult><robndbox><cx>110.485</cx><cy>932.6475</cy><w>89.3993</w><h>36.3915</h><angle>0.566625</angle></robndbox></object><object><type>robndbox</type><name>wheat_head</name><pose>Unspecified</pose><truncated>0</truncated><difficult>0</difficult><robndbox><cx>497.5656</cx><cy>16.6839</cy><w>35.5914</w><h>32.0465</h><angle>1.073792</angle></robndbox></object><object><type>robndbox</type><name>wheat_head</name><pose>Unspecified</pose><truncated>0</truncated><difficult>0</difficult><robndbox><cx>912.9113</cx><cy>507.6464</cy><w>54.0186</w><h>31.0858</h><angle>0.551177</angle></robndbox></object><object><type>robndbox</type><name>wheat_head</name><pose>Unspecified</pose><truncated>0</truncated><difficult>0</difficult><robndbox><cx>337.2558</cx><cy>553.6791</cy><w>94.0403</w><h>37.5894</h><angle>0.270504</angle></robndbox></object><object><type>robndbox</type><name>wheat_head</name><pose>Unspecified</pose><truncated>0</truncated><difficult>0</difficult><robndbox><cx>106.5091</cx><cy>216.9779</cy><w>51.9449</w><h>33.4038</h><angle>0.825154</angle></robndbox></object><object><type>robndbox</type><name>wheat_head</name><pose>Unspecified</pose><truncated>0</truncated><difficult>0</difficult><robndbox><cx>309.5269</cx><cy>190.3492</cy><w>43.1741</w><h>29.8539</h><angle>1.059812</angle></robndbox></object><object><type>robndbox</type><name>wheat_head</name><pose>Unspecified</pose><truncated>0</truncated><difficult>0</difficult><robndbox><cx>42.215</cx><cy>491.1587</cy><w>37.3734</w><h>23.0236</h><angle>2.058123</angle></robndbox></object><object><type>robndbox</type><name>wheat_head</name><pose>Unspecified</pose><truncated>0</truncated><difficult>0</difficult><robndbox><cx>870.2332</cx><cy>414.1767</cy><w>54.2373</w><h>34.0405</h><angle>0.167292</angle></robndbox></object><object><type>robndbox</type><name>wheat_head</name><pose>Unspecified</pose><truncated>0</truncated><difficult>0</difficult><robndbox><cx>57.1355</cx><cy>432.8668</cy><w>69.4386</w><h>35.4098</h><angle>0.464695</angle></robndbox></object><object><type>robndbox</type><name>wheat_head</name><pose>Unspecified</pose><truncated>0</truncated><difficult>0</difficult><robndbox><cx>672.924</cx><cy>504.5574</cy><w>54.2835</w><h>30.0068</h><angle>0.274408</angle></robndbox></object><object><type>robndbox</type><name>wheat_head</name><pose>Unspecified</pose><truncated>0</truncated><difficult>0</difficult><robndbox><cx>26.1621</cx><cy>762.9299</cy><w>55.1732</w><h>37.6787</h><angle>0.410762</angle></robndbox></object><object><type>robndbox</type><name>wheat_head</name><pose>Unspecified</pose><truncated>0</truncated><difficult>0</difficult><robndbox><cx>80.5092</cx><cy>132.249</cy><w>44.4412</w><h>32.6074</h><angle>0.568229</angle></robndbox></object><object><type>robndbox</type><name>wheat_head</name><pose>Unspecified</pose><truncated>0</truncated><difficult>0</difficult><robndbox><cx>840.2051</cx><cy>8.3144</cy><w>45.8243</w><h>18.9889</h><angle>0.059393</angle></robndbox></object><object><type>robndbox</type><name>wheat_head</name><pose>Unspecified</pose><truncated>0</truncated><difficult>0</difficult><robndbox><cx>720.5862</cx><cy>949.1678</cy><w>51.088</w><h>30.9514</h><angle>1.56413</angle></robndbox></object><object><type>robndbox</type><name>wheat_head</name><pose>Unspecified</pose><truncated>0</truncated><difficult>0</difficult><robndbox><cx>261.1834</cx><cy>292.0996</cy><w>102.5921</w><h>35.5052</h><angle>1.100831</angle></robndbox></object><object><type>robndbox</type><name>wheat_head</name><pose>Unspecified</pose><truncated>0</truncated><difficult>0</difficult><robndbox><cx>656.5</cx><cy>913.5</cy><w>46.7606</w><h>32.1059</h><angle>0.474587</angle></robndbox></object><object><type>robndbox</type><name>wheat_head</name><pose>Unspecified</pose><truncated>0</truncated><difficult>0</difficult><robndbox><cx>595.528</cx><cy>848.5266</cy><w>43.8337</w><h>30.9855</h><angle>1.465037</angle></robndbox></object><object><type>robndbox</type><name>wheat_head</name><pose>Unspecified</pose><truncated>0</truncated><difficult>0</difficult><robndbox><cx>484.9497</cx><cy>368.892</cy><w>51.1948</w><h>29.4549</h><angle>1.611</angle></robndbox></object><object><type>robndbox</type><name>wheat_head</name><pose>Unspecified</pose><truncated>0</truncated><difficult>0</difficult><robndbox><cx>555.3873</cx><cy>245.2111</cy><w>70.0353</w><h>32.6729</h><angle>0.379318</angle></robndbox></object><object><type>robndbox</type><name>wheat_head</name><pose>Unspecified</pose><truncated>0</truncated><difficult>0</difficult><robndbox><cx>289.0133</cx><cy>793.5634</cy><w>48.5916</w><h>31.2795</h><angle>0.527098</angle></robndbox></object><object><type>robndbox</type><name>wheat_head</name><pose>Unspecified</pose><truncated>0</truncated><difficult>0</difficult><robndbox><cx>498.0748</cx><cy>948.8246</cy><w>38.2541</w><h>36.0958</h><angle>0.096124</angle></robndbox></object><object><type>robndbox</type><name>wheat_head</name><pose>Unspecified</pose><truncated>0</truncated><difficult>0</difficult><robndbox><cx>588.892</cx><cy>790.8458</cy><w>51.5695</w><h>30.2153</h><angle>0.139826</angle></robndbox></object><object><type>robndbox</type><name>wheat_head</name><pose>Unspecified</pose><truncated>0</truncated><difficult>0</difficult><robndbox><cx>40.4006</cx><cy>588.3743</cy><w>75.7762</w><h>34.5025</h><angle>0.686867</angle></robndbox></object><object><type>robndbox</type><name>wheat_head</name><pose>Unspecified</pose><truncated>0</truncated><difficult>0</difficult><robndbox><cx>472.9654</cx><cy>202.9931</cy><w>44.3244</w><h>30.2163</h><angle>1.025053</angle></robndbox></object><object><type>robndbox</type><name>wheat_head</name><pose>Unspecified</pose><truncated>0</truncated><difficult>0</difficult><robndbox><cx>684.4683</cx><cy>564.9125</cy><w>67.5812</w><h>36.9775</h><angle>0.410644</angle></robndbox></object><object><type>robndbox</type><name>wheat_head</name><pose>Unspecified</pose><truncated>0</truncated><difficult>0</difficult><robndbox><cx>371.2051</cx><cy>1008.3696</cy><w>28.5426</w><h>27.1614</h><angle>3.065186</angle></robndbox></object><object><type>robndbox</type><name>wheat_head</name><pose>Unspecified</pose><truncated>0</truncated><difficult>0</difficult><robndbox><cx>924.8237</cx><cy>585.728</cy><w>40.9439</w><h>32.3671</h><angle>1.005031</angle></robndbox></object><object><type>robndbox</type><name>wheat_head</name><pose>Unspecified</pose><truncated>0</truncated><difficult>0</difficult><robndbox><cx>911.5028</cx><cy>251.3229</cy><w>38.1839</w><h>26.4609</h><angle>0.92394</angle></robndbox></object><object><type>robndbox</type><name>wheat_head</name><pose>Unspecified</pose><truncated>0</truncated><difficult>0</difficult><robndbox><cx>864.8531</cx><cy>970.3917</cy><w>34.6307</w><h>31.1952</h><angle>1.269444</angle></robndbox></object><object><type>robndbox</type><name>wheat_head</name><pose>Unspecified</pose><truncated>0</truncated><difficult>0</difficult><robndbox><cx>657.4656</cx><cy>868.7695</cy><w>69.3631</w><h>32.5597</h><angle>0.524886</angle></robndbox></object><object><type>robndbox</type><name>wheat_head</name><pose>Unspecified</pose><truncated>0</truncated><difficult>0</difficult><robndbox><cx>963.7867</cx><cy>630.259</cy><w>42.717</w><h>34.3991</h><angle>0.093094</angle></robndbox></object><object><type>robndbox</type><name>wheat_head</name><pose>Unspecified</pose><truncated>0</truncated><difficult>0</difficult><robndbox><cx>154.2248</cx><cy>278.0547</cy><w>71.025</w><h>32.1515</h><angle>1.188289</angle></robndbox></object><object><type>robndbox</type><name>wheat_head</name><pose>Unspecified</pose><truncated>0</truncated><difficult>0</difficult><robndbox><cx>7.5</cx><cy>860.5</cy><w>16.3713</w><h>15.0033</h><angle>1.59185</angle></robndbox></object><object><type>robndbox</type><name>wheat_head</name><pose>Unspecified</pose><truncated>0</truncated><difficult>0</difficult><robndbox><cx>284.3211</cx><cy>844.712</cy><w>41.1384</w><h>34.6066</h><angle>1.608964</angle></robndbox></object><object><type>robndbox</type><name>wheat_head</name><pose>Unspecified</pose><truncated>0</truncated><difficult>0</difficult><robndbox><cx>963.7867</cx><cy>630.259</cy><w>42.717</w><h>34.3991</h><angle>0.093094</angle></robndbox></object><object><type>robndbox</type><name>wheat_head</name><pose>Unspecified</pose><truncated>0</truncated><difficult>0</difficult><robndbox><cx>201.2166</cx><cy>211.0104</cy><w>94.3885</w><h>33.7274</h><angle>1.279117</angle></robndbox></object><object><type>robndbox</type><name>wheat_head</name><pose>Unspecified</pose><truncated>0</truncated><difficult>0</difficult><robndbox><cx>354.2234</cx><cy>872.8021</cy><w>27.8211</w><h>20.3503</h><angle>0.94159</angle></robndbox></object><object><type>robndbox</type><name>wheat_head</name><pose>Unspecified</pose><truncated>0</truncated><difficult>0</difficult><robndbox><cx>797.9372</cx><cy>852.5322</cy><w>66.1891</w><h>23.0986</h><angle>3.06598</angle></robndbox></object><object><type>robndbox</type><name>wheat_head</name><pose>Unspecified</pose><truncated>0</truncated><difficult>0</difficult><robndbox><cx>379.8884</cx><cy>534.0872</cy><w>32.0742</w><h>28.1603</h><angle>3.034857</angle></robndbox></object><object><type>robndbox</type><name>wheat_head</name><pose>Unspecified</pose><truncated>0</truncated><difficult>0</difficult><robndbox><cx>290.6364</cx><cy>426.0947</cy><w>40.0</w><h>39.9317</h><angle>0.0</angle></robndbox></object><object><type>robndbox</type><name>wheat_head</name><pose>Unspecified</pose><truncated>0</truncated><difficult>0</difficult><robndbox><cx>947.3311</cx><cy>270.3482</cy><w>44.5982</w><h>21.635</h><angle>1.227772</angle></robndbox></object><object><type>robndbox</type><name>wheat_head</name><pose>Unspecified</pose><truncated>0</truncated><difficult>0</difficult><robndbox><cx>940.8285</cx><cy>172.3154</cy><w>73.2462</w><h>30.6025</h><angle>3.059585</angle></robndbox></object></annotation>