<annotation verified="no"><folder>images</folder><filename>474e47181</filename><path>/home/badhon/Documents/thesis/final_dataset/ethz_1/images/474e47181.jpg</path><source><database>Unknown</database></source><size><width>1024</width><height>1024</height><depth>3</depth></size><segmented>0</segmented><object><type>robndbox</type><name>wheat_head</name><pose>Unspecified</pose><truncated>0</truncated><difficult>0</difficult><robndbox><cx>819.7615</cx><cy>352.3476</cy><w>107.1843</w><h>30.8468</h><angle>0.906912</angle></robndbox></object><object><type>robndbox</type><name>wheat_head</name><pose>Unspecified</pose><truncated>0</truncated><difficult>0</difficult><robndbox><cx>620.3001</cx><cy>264.7296</cy><w>99.448</w><h>37.6293</h><angle>0.562372</angle></robndbox></object><object><type>robndbox</type><name>wheat_head</name><pose>Unspecified</pose><truncated>0</truncated><difficult>0</difficult><robndbox><cx>69.6762</cx><cy>424.6059</cy><w>132.4347</w><h>30.2216</h><angle>0.348485</angle></robndbox></object><object><type>robndbox</type><name>wheat_head</name><pose>Unspecified</pose><truncated>0</truncated><difficult>0</difficult><robndbox><cx>392.2357</cx><cy>696.0856</cy><w>77.2303</w><h>40.7403</h><angle>0.585254</angle></robndbox></object><object><type>robndbox</type><name>wheat_head</name><pose>Unspecified</pose><truncated>0</truncated><difficult>0</difficult><robndbox><cx>159.7254</cx><cy>956.8496</cy><w>105.4417</w><h>39.3094</h><angle>0.308273</angle></robndbox></object><object><type>robndbox</type><name>wheat_head</name><pose>Unspecified</pose><truncated>0</truncated><difficult>0</difficult><robndbox><cx>452.789</cx><cy>51.3102</cy><w>80.9607</w><h>35.6541</h><angle>0.393837</angle></robndbox></object><object><type>robndbox</type><name>wheat_head</name><pose>Unspecified</pose><truncated>0</truncated><difficult>0</difficult><robndbox><cx>36.647</cx><cy>163.014</cy><w>81.1395</w><h>34.3335</h><angle>0.530002</angle></robndbox></object><object><type>robndbox</type><name>wheat_head</name><pose>Unspecified</pose><truncated>0</truncated><difficult>0</difficult><robndbox><cx>449.8854</cx><cy>537.7777</cy><w>113.1441</w><h>40.5063</h><angle>0.564844</angle></robndbox></object><object><type>robndbox</type><name>wheat_head</name><pose>Unspecified</pose><truncated>0</truncated><difficult>0</difficult><robndbox><cx>416.7413</cx><cy>350.7507</cy><w>110.7186</w><h>37.3105</h><angle>0.231901</angle></robndbox></object><object><type>robndbox</type><name>wheat_head</name><pose>Unspecified</pose><truncated>0</truncated><difficult>0</difficult><robndbox><cx>336.5325</cx><cy>985.7581</cy><w>67.436</w><h>35.5299</h><angle>0.445956</angle></robndbox></object><object><type>robndbox</type><name>wheat_head</name><pose>Unspecified</pose><truncated>0</truncated><difficult>0</difficult><robndbox><cx>865.4531</cx><cy>188.7573</cy><w>101.3751</w><h>31.6126</h><angle>0.735799</angle></robndbox></object><object><type>robndbox</type><name>wheat_head</name><pose>Unspecified</pose><truncated>0</truncated><difficult>0</difficult><robndbox><cx>976.3798</cx><cy>635.1792</cy><w>82.8035</w><h>32.1546</h><angle>0.344219</angle></robndbox></object><object><type>robndbox</type><name>wheat_head</name><pose>Unspecified</pose><truncated>0</truncated><difficult>0</difficult><robndbox><cx>927.0472</cx><cy>261.3315</cy><w>117.2818</w><h>37.342</h><angle>0.296486</angle></robndbox></object><object><type>robndbox</type><name>wheat_head</name><pose>Unspecified</pose><truncated>0</truncated><difficult>0</difficult><robndbox><cx>259.9328</cx><cy>626.6077</cy><w>81.2949</w><h>41.3132</h><angle>0.687281</angle></robndbox></object><object><type>robndbox</type><name>wheat_head</name><pose>Unspecified</pose><truncated>0</truncated><difficult>0</difficult><robndbox><cx>287.0664</cx><cy>174.5282</cy><w>117.0326</w><h>37.3472</h><angle>0.405037</angle></robndbox></object><object><type>robndbox</type><name>wheat_head</name><pose>Unspecified</pose><truncated>0</truncated><difficult>0</difficult><robndbox><cx>860.1673</cx><cy>642.3587</cy><w>94.2843</w><h>31.9239</h><angle>0.32371</angle></robndbox></object><object><type>robndbox</type><name>wheat_head</name><pose>Unspecified</pose><truncated>0</truncated><difficult>0</difficult><robndbox><cx>937.7432</cx><cy>570.0283</cy><w>86.3343</w><h>34.7655</h><angle>0.379277</angle></robndbox></object><object><type>robndbox</type><name>wheat_head</name><pose>Unspecified</pose><truncated>0</truncated><difficult>0</difficult><robndbox><cx>949.4809</cx><cy>182.7098</cy><w>117.226</w><h>39.6623</h><angle>0.620127</angle></robndbox></object><object><type>robndbox</type><name>wheat_head</name><pose>Unspecified</pose><truncated>0</truncated><difficult>0</difficult><robndbox><cx>299.7358</cx><cy>424.4958</cy><w>68.4993</w><h>31.5457</h><angle>0.6119</angle></robndbox></object><object><type>robndbox</type><name>wheat_head</name><pose>Unspecified</pose><truncated>0</truncated><difficult>0</difficult><robndbox><cx>284.6907</cx><cy>213.3069</cy><w>63.6293</w><h>21.0547</h><angle>0.392672</angle></robndbox></object><object><type>robndbox</type><name>wheat_head</name><pose>Unspecified</pose><truncated>0</truncated><difficult>0</difficult><robndbox><cx>1018.5</cx><cy>968.0</cy><w>12.5449</w><h>11.394</h><angle>1.307065</angle></robndbox></object><object><type>robndbox</type><name>wheat_head</name><pose>Unspecified</pose><truncated>0</truncated><difficult>0</difficult><robndbox><cx>674.6023</cx><cy>880.118</cy><w>96.3823</w><h>37.4913</h><angle>1.058561</angle></robndbox></object><object><type>robndbox</type><name>wheat_head</name><pose>Unspecified</pose><truncated>0</truncated><difficult>0</difficult><robndbox><cx>55.5759</cx><cy>272.114</cy><w>105.0592</w><h>33.4087</h><angle>0.560152</angle></robndbox></object><object><type>robndbox</type><name>wheat_head</name><pose>Unspecified</pose><truncated>0</truncated><difficult>0</difficult><robndbox><cx>447.521</cx><cy>204.3634</cy><w>141.5528</w><h>42.9051</h><angle>0.672988</angle></robndbox></object><object><type>robndbox</type><name>wheat_head</name><pose>Unspecified</pose><truncated>0</truncated><difficult>0</difficult><robndbox><cx>626.8005</cx><cy>857.121</cy><w>45.2594</w><h>34.3234</h><angle>3.060443</angle></robndbox></object><object><type>robndbox</type><name>wheat_head</name><pose>Unspecified</pose><truncated>0</truncated><difficult>0</difficult><robndbox><cx>175.0934</cx><cy>519.188</cy><w>116.19</w><h>34.2501</h><angle>0.774597</angle></robndbox></object><object><type>robndbox</type><name>wheat_head</name><pose>Unspecified</pose><truncated>0</truncated><difficult>0</difficult><robndbox><cx>549.3455</cx><cy>49.8109</cy><w>67.1203</w><h>27.6158</h><angle>0.247582</angle></robndbox></object><object><type>robndbox</type><name>wheat_head</name><pose>Unspecified</pose><truncated>0</truncated><difficult>0</difficult><robndbox><cx>181.3806</cx><cy>328.7218</cy><w>80.4322</w><h>32.7228</h><angle>0.236789</angle></robndbox></object><object><type>robndbox</type><name>wheat_head</name><pose>Unspecified</pose><truncated>0</truncated><difficult>0</difficult><robndbox><cx>970.9588</cx><cy>685.4462</cy><w>90.5245</w><h>31.6747</h><angle>0.300913</angle></robndbox></object><object><type>robndbox</type><name>wheat_head</name><pose>Unspecified</pose><truncated>0</truncated><difficult>0</difficult><robndbox><cx>355.5156</cx><cy>582.6407</cy><w>95.9039</w><h>33.7476</h><angle>0.22057</angle></robndbox></object><object><type>robndbox</type><name>wheat_head</name><pose>Unspecified</pose><truncated>0</truncated><difficult>0</difficult><robndbox><cx>903.5553</cx><cy>528.8656</cy><w>65.7392</w><h>20.794</h><angle>0.457618</angle></robndbox></object><object><type>robndbox</type><name>wheat_head</name><pose>Unspecified</pose><truncated>0</truncated><difficult>0</difficult><robndbox><cx>193.6192</cx><cy>281.6205</cy><w>80.9749</w><h>26.4034</h><angle>0.165456</angle></robndbox></object><object><type>robndbox</type><name>wheat_head</name><pose>Unspecified</pose><truncated>0</truncated><difficult>0</difficult><robndbox><cx>886.1605</cx><cy>607.7148</cy><w>118.7355</w><h>35.9982</h><angle>0.680197</angle></robndbox></object><object><type>robndbox</type><name>wheat_head</name><pose>Unspecified</pose><truncated>0</truncated><difficult>0</difficult><robndbox><cx>874.9364</cx><cy>79.3649</cy><w>64.1608</w><h>32.0572</h><angle>0.727492</angle></robndbox></object><object><type>robndbox</type><name>wheat_head</name><pose>Unspecified</pose><truncated>0</truncated><difficult>0</difficult><robndbox><cx>285.6763</cx><cy>76.0778</cy><w>47.4741</w><h>31.8037</h><angle>0.565734</angle></robndbox></object><object><type>robndbox</type><name>wheat_head</name><pose>Unspecified</pose><truncated>0</truncated><difficult>0</difficult><robndbox><cx>512.7946</cx><cy>738.8777</cy><w>104.4631</w><h>36.3612</h><angle>0.028498</angle></robndbox></object><object><type>robndbox</type><name>wheat_head</name><pose>Unspecified</pose><truncated>0</truncated><difficult>0</difficult><robndbox><cx>747.9045</cx><cy>614.4857</cy><w>99.8462</w><h>30.0983</h><angle>0.058141</angle></robndbox></object><object><type>robndbox</type><name>wheat_head</name><pose>Unspecified</pose><truncated>0</truncated><difficult>0</difficult><robndbox><cx>714.1564</cx><cy>947.7808</cy><w>71.0507</w><h>26.8349</h><angle>0.258619</angle></robndbox></object><object><type>robndbox</type><name>wheat_head</name><pose>Unspecified</pose><truncated>0</truncated><difficult>0</difficult><robndbox><cx>299.876</cx><cy>574.315</cy><w>130.9041</w><h>31.8929</h><angle>0.567661</angle></robndbox></object><object><type>robndbox</type><name>wheat_head</name><pose>Unspecified</pose><truncated>0</truncated><difficult>0</difficult><robndbox><cx>442.2385</cx><cy>920.4667</cy><w>86.8507</w><h>39.2582</h><angle>0.165551</angle></robndbox></object><object><type>robndbox</type><name>wheat_head</name><pose>Unspecified</pose><truncated>0</truncated><difficult>0</difficult><robndbox><cx>1012.0</cx><cy>788.0</cy><w>29.1575</w><h>17.8555</h><angle>1.853514</angle></robndbox></object><object><type>robndbox</type><name>wheat_head</name><pose>Unspecified</pose><truncated>0</truncated><difficult>0</difficult><robndbox><cx>940.6961</cx><cy>737.0348</cy><w>75.7961</w><h>30.3563</h><angle>0.217774</angle></robndbox></object><object><type>robndbox</type><name>wheat_head</name><pose>Unspecified</pose><truncated>0</truncated><difficult>0</difficult><robndbox><cx>118.3971</cx><cy>288.9454</cy><w>44.8308</w><h>30.4547</h><angle>0.860217</angle></robndbox></object><object><type>robndbox</type><name>wheat_head</name><pose>Unspecified</pose><truncated>0</truncated><difficult>0</difficult><robndbox><cx>987.9499</cx><cy>370.9447</cy><w>59.1329</w><h>32.3115</h><angle>0.33774</angle></robndbox></object><object><type>robndbox</type><name>wheat_head</name><pose>Unspecified</pose><truncated>0</truncated><difficult>0</difficult><robndbox><cx>901.8217</cx><cy>710.0456</cy><w>54.4955</w><h>29.22</h><angle>0.635691</angle></robndbox></object><object><type>robndbox</type><name>wheat_head</name><pose>Unspecified</pose><truncated>0</truncated><difficult>0</difficult><robndbox><cx>123.2017</cx><cy>355.8248</cy><w>99.3939</w><h>24.2775</h><angle>0.391922</angle></robndbox></object><object><type>robndbox</type><name>wheat_head</name><pose>Unspecified</pose><truncated>0</truncated><difficult>0</difficult><robndbox><cx>908.475</cx><cy>972.5123</cy><w>80.6966</w><h>26.5318</h><angle>0.046172</angle></robndbox></object><object><type>robndbox</type><name>wheat_head</name><pose>Unspecified</pose><truncated>0</truncated><difficult>0</difficult><robndbox><cx>32.7767</cx><cy>213.927</cy><w>52.0664</w><h>17.2892</h><angle>0.098129</angle></robndbox></object><object><type>robndbox</type><name>wheat_head</name><pose>Unspecified</pose><truncated>0</truncated><difficult>0</difficult><robndbox><cx>422.3781</cx><cy>762.1441</cy><w>65.763</w><h>32.4377</h><angle>3.025405</angle></robndbox></object><object><type>robndbox</type><name>wheat_head</name><pose>Unspecified</pose><truncated>0</truncated><difficult>0</difficult><robndbox><cx>43.6691</cx><cy>603.1392</cy><w>72.887</w><h>28.948</h><angle>0.038014</angle></robndbox></object><object><type>robndbox</type><name>wheat_head</name><pose>Unspecified</pose><truncated>0</truncated><difficult>0</difficult><robndbox><cx>447.5677</cx><cy>428.2344</cy><w>36.807</w><h>28.47</h><angle>0.150053</angle></robndbox></object><object><type>robndbox</type><name>wheat_head</name><pose>Unspecified</pose><truncated>0</truncated><difficult>0</difficult><robndbox><cx>816.105</cx><cy>718.4117</cy><w>58.0</w><h>18.4801</h><angle>2.331809</angle></robndbox></object><object><type>robndbox</type><name>wheat_head</name><pose>Unspecified</pose><truncated>0</truncated><difficult>0</difficult><robndbox><cx>794.9402</cx><cy>699.9811</cy><w>29.5466</w><h>22.7784</h><angle>1.152572</angle></robndbox></object><object><type>robndbox</type><name>wheat_head</name><pose>Unspecified</pose><truncated>0</truncated><difficult>0</difficult><robndbox><cx>186.828</cx><cy>182.5467</cy><w>68.0294</w><h>40.8183</h><angle>0.029403</angle></robndbox></object><object><type>robndbox</type><name>wheat_head</name><pose>Unspecified</pose><truncated>0</truncated><difficult>0</difficult><robndbox><cx>135.0627</cx><cy>168.137</cy><w>40.3113</w><h>23.5575</h><angle>0.767856</angle></robndbox></object></annotation>