<annotation verified="no"><folder>images</folder><filename>48fe9c634</filename><path>/home/badhon/Documents/thesis/final_dataset/ethz_1/images/48fe9c634.jpg</path><source><database>Unknown</database></source><size><width>1024</width><height>1024</height><depth>3</depth></size><segmented>0</segmented><object><type>robndbox</type><name>wheat_head</name><pose>Unspecified</pose><truncated>0</truncated><difficult>0</difficult><robndbox><cx>222.8227</cx><cy>198.3186</cy><w>95.0151</w><h>36.2505</h><angle>0.622046</angle></robndbox></object><object><type>robndbox</type><name>wheat_head</name><pose>Unspecified</pose><truncated>0</truncated><difficult>0</difficult><robndbox><cx>178.6434</cx><cy>268.6632</cy><w>65.3177</w><h>35.5191</h><angle>0.865483</angle></robndbox></object><object><type>robndbox</type><name>wheat_head</name><pose>Unspecified</pose><truncated>0</truncated><difficult>0</difficult><robndbox><cx>79.1363</cx><cy>393.9766</cy><w>116.8783</w><h>40.1166</h><angle>0.645448</angle></robndbox></object><object><type>robndbox</type><name>wheat_head</name><pose>Unspecified</pose><truncated>0</truncated><difficult>0</difficult><robndbox><cx>460.5565</cx><cy>790.996</cy><w>77.9173</w><h>36.4037</h><angle>0.61253</angle></robndbox></object><object><type>robndbox</type><name>wheat_head</name><pose>Unspecified</pose><truncated>0</truncated><difficult>0</difficult><robndbox><cx>727.2421</cx><cy>30.2418</cy><w>58.2901</w><h>30.9026</h><angle>0.617785</angle></robndbox></object><object><type>robndbox</type><name>wheat_head</name><pose>Unspecified</pose><truncated>0</truncated><difficult>0</difficult><robndbox><cx>741.9622</cx><cy>738.4492</cy><w>93.6002</w><h>37.4889</h><angle>0.533059</angle></robndbox></object><object><type>robndbox</type><name>wheat_head</name><pose>Unspecified</pose><truncated>0</truncated><difficult>0</difficult><robndbox><cx>741.8289</cx><cy>586.2916</cy><w>102.9367</w><h>40.0319</h><angle>0.302174</angle></robndbox></object><object><type>robndbox</type><name>wheat_head</name><pose>Unspecified</pose><truncated>0</truncated><difficult>0</difficult><robndbox><cx>714.9969</cx><cy>792.8744</cy><w>104.5229</w><h>36.4668</h><angle>0.685087</angle></robndbox></object><object><type>robndbox</type><name>wheat_head</name><pose>Unspecified</pose><truncated>0</truncated><difficult>0</difficult><robndbox><cx>164.2694</cx><cy>884.0018</cy><w>82.5143</w><h>30.1773</h><angle>0.24435</angle></robndbox></object><object><type>robndbox</type><name>wheat_head</name><pose>Unspecified</pose><truncated>0</truncated><difficult>0</difficult><robndbox><cx>340.0598</cx><cy>188.6334</cy><w>85.9745</w><h>34.0027</h><angle>0.311161</angle></robndbox></object><object><type>robndbox</type><name>wheat_head</name><pose>Unspecified</pose><truncated>0</truncated><difficult>0</difficult><robndbox><cx>263.8825</cx><cy>884.5949</cy><w>117.5403</w><h>39.033</h><angle>0.38503</angle></robndbox></object><object><type>robndbox</type><name>wheat_head</name><pose>Unspecified</pose><truncated>0</truncated><difficult>0</difficult><robndbox><cx>163.8001</cx><cy>26.107</cy><w>56.4097</w><h>35.451</h><angle>0.368906</angle></robndbox></object><object><type>robndbox</type><name>wheat_head</name><pose>Unspecified</pose><truncated>0</truncated><difficult>0</difficult><robndbox><cx>92.0602</cx><cy>321.0055</cy><w>124.4389</w><h>39.6896</h><angle>0.650568</angle></robndbox></object><object><type>robndbox</type><name>wheat_head</name><pose>Unspecified</pose><truncated>0</truncated><difficult>0</difficult><robndbox><cx>752.8091</cx><cy>78.8209</cy><w>62.9327</w><h>32.0033</h><angle>0.56303</angle></robndbox></object><object><type>robndbox</type><name>wheat_head</name><pose>Unspecified</pose><truncated>0</truncated><difficult>0</difficult><robndbox><cx>683.4172</cx><cy>894.9516</cy><w>103.4993</w><h>33.4124</h><angle>0.297668</angle></robndbox></object><object><type>robndbox</type><name>wheat_head</name><pose>Unspecified</pose><truncated>0</truncated><difficult>0</difficult><robndbox><cx>410.9092</cx><cy>124.1634</cy><w>96.9873</w><h>36.8462</h><angle>0.319612</angle></robndbox></object><object><type>robndbox</type><name>wheat_head</name><pose>Unspecified</pose><truncated>0</truncated><difficult>0</difficult><robndbox><cx>323.3013</cx><cy>18.7</cy><w>54.4167</w><h>32.1789</h><angle>0.494651</angle></robndbox></object><object><type>robndbox</type><name>wheat_head</name><pose>Unspecified</pose><truncated>0</truncated><difficult>0</difficult><robndbox><cx>370.17</cx><cy>725.5566</cy><w>97.9556</w><h>37.4587</h><angle>2.865728</angle></robndbox></object><object><type>robndbox</type><name>wheat_head</name><pose>Unspecified</pose><truncated>0</truncated><difficult>0</difficult><robndbox><cx>38.3898</cx><cy>656.4764</cy><w>68.5342</w><h>39.411</h><angle>2.597806</angle></robndbox></object><object><type>robndbox</type><name>wheat_head</name><pose>Unspecified</pose><truncated>0</truncated><difficult>0</difficult><robndbox><cx>953.5604</cx><cy>49.9221</cy><w>114.761</w><h>39.3929</h><angle>2.815466</angle></robndbox></object><object><type>robndbox</type><name>wheat_head</name><pose>Unspecified</pose><truncated>0</truncated><difficult>0</difficult><robndbox><cx>731.3734</cx><cy>236.9851</cy><w>107.3555</w><h>41.2259</h><angle>0.366104</angle></robndbox></object><object><type>robndbox</type><name>wheat_head</name><pose>Unspecified</pose><truncated>0</truncated><difficult>0</difficult><robndbox><cx>319.7911</cx><cy>240.976</cy><w>83.4731</w><h>31.9244</h><angle>0.298736</angle></robndbox></object><object><type>robndbox</type><name>wheat_head</name><pose>Unspecified</pose><truncated>0</truncated><difficult>0</difficult><robndbox><cx>583.3021</cx><cy>876.8723</cy><w>91.2736</w><h>38.2189</h><angle>0.565729</angle></robndbox></object><object><type>robndbox</type><name>wheat_head</name><pose>Unspecified</pose><truncated>0</truncated><difficult>0</difficult><robndbox><cx>843.3598</cx><cy>509.0437</cy><w>91.745</w><h>40.4355</h><angle>0.561606</angle></robndbox></object><object><type>robndbox</type><name>wheat_head</name><pose>Unspecified</pose><truncated>0</truncated><difficult>0</difficult><robndbox><cx>355.5383</cx><cy>878.2971</cy><w>89.0424</w><h>34.2421</h><angle>0.644967</angle></robndbox></object><object><type>robndbox</type><name>wheat_head</name><pose>Unspecified</pose><truncated>0</truncated><difficult>0</difficult><robndbox><cx>636.0111</cx><cy>628.6821</cy><w>55.7578</w><h>30.4746</h><angle>2.945446</angle></robndbox></object><object><type>robndbox</type><name>wheat_head</name><pose>Unspecified</pose><truncated>0</truncated><difficult>0</difficult><robndbox><cx>763.6797</cx><cy>869.2441</cy><w>121.2955</w><h>27.8585</h><angle>0.03867</angle></robndbox></object><object><type>robndbox</type><name>wheat_head</name><pose>Unspecified</pose><truncated>0</truncated><difficult>0</difficult><robndbox><cx>79.4392</cx><cy>237.7134</cy><w>107.6129</w><h>39.9558</h><angle>0.300382</angle></robndbox></object><object><type>robndbox</type><name>wheat_head</name><pose>Unspecified</pose><truncated>0</truncated><difficult>0</difficult><robndbox><cx>359.3787</cx><cy>643.8621</cy><w>55.1376</w><h>30.5522</h><angle>0.260231</angle></robndbox></object><object><type>robndbox</type><name>wheat_head</name><pose>Unspecified</pose><truncated>0</truncated><difficult>0</difficult><robndbox><cx>815.1233</cx><cy>397.0885</cy><w>112.0703</w><h>32.7523</h><angle>0.050086</angle></robndbox></object><object><type>robndbox</type><name>wheat_head</name><pose>Unspecified</pose><truncated>0</truncated><difficult>0</difficult><robndbox><cx>864.7709</cx><cy>583.1053</cy><w>38.5602</w><h>26.0886</h><angle>0.372893</angle></robndbox></object><object><type>robndbox</type><name>wheat_head</name><pose>Unspecified</pose><truncated>0</truncated><difficult>0</difficult><robndbox><cx>511.535</cx><cy>527.2571</cy><w>100.2776</w><h>32.4</h><angle>0.121493</angle></robndbox></object><object><type>robndbox</type><name>wheat_head</name><pose>Unspecified</pose><truncated>0</truncated><difficult>0</difficult><robndbox><cx>385.2238</cx><cy>419.8912</cy><w>87.7385</w><h>38.3666</h><angle>0.218454</angle></robndbox></object><object><type>robndbox</type><name>wheat_head</name><pose>Unspecified</pose><truncated>0</truncated><difficult>0</difficult><robndbox><cx>975.527</cx><cy>875.3338</cy><w>76.2139</w><h>36.9613</h><angle>0.19866</angle></robndbox></object><object><type>robndbox</type><name>wheat_head</name><pose>Unspecified</pose><truncated>0</truncated><difficult>0</difficult><robndbox><cx>118.4561</cx><cy>181.0403</cy><w>73.3727</w><h>26.2723</h><angle>0.168014</angle></robndbox></object><object><type>robndbox</type><name>wheat_head</name><pose>Unspecified</pose><truncated>0</truncated><difficult>0</difficult><robndbox><cx>958.8067</cx><cy>415.4471</cy><w>117.6877</w><h>36.868</h><angle>0.003436</angle></robndbox></object><object><type>robndbox</type><name>wheat_head</name><pose>Unspecified</pose><truncated>0</truncated><difficult>0</difficult><robndbox><cx>638.7527</cx><cy>585.4344</cy><w>42.1701</w><h>24.2223</h><angle>0.497126</angle></robndbox></object><object><type>robndbox</type><name>wheat_head</name><pose>Unspecified</pose><truncated>0</truncated><difficult>0</difficult><robndbox><cx>633.6516</cx><cy>1008.999</cy><w>78.0104</w><h>25.5203</h><angle>0.131987</angle></robndbox></object><object><type>robndbox</type><name>wheat_head</name><pose>Unspecified</pose><truncated>0</truncated><difficult>0</difficult><robndbox><cx>636.4945</cx><cy>280.3628</cy><w>31.8485</w><h>25.2405</h><angle>0.883513</angle></robndbox></object><object><type>robndbox</type><name>wheat_head</name><pose>Unspecified</pose><truncated>0</truncated><difficult>0</difficult><robndbox><cx>863.6958</cx><cy>920.7288</cy><w>92.8692</w><h>30.2882</h><angle>0.185617</angle></robndbox></object><object><type>robndbox</type><name>wheat_head</name><pose>Unspecified</pose><truncated>0</truncated><difficult>0</difficult><robndbox><cx>116.4226</cx><cy>89.6502</cy><w>32.9864</w><h>24.888</h><angle>0.17457</angle></robndbox></object><object><type>robndbox</type><name>wheat_head</name><pose>Unspecified</pose><truncated>0</truncated><difficult>0</difficult><robndbox><cx>450.5002</cx><cy>693.402</cy><w>60.1071</w><h>27.1626</h><angle>0.16179</angle></robndbox></object><object><type>robndbox</type><name>wheat_head</name><pose>Unspecified</pose><truncated>0</truncated><difficult>0</difficult><robndbox><cx>164.9467</cx><cy>613.0</cy><w>48.3141</w><h>25.0402</h><angle>0.141478</angle></robndbox></object><object><type>robndbox</type><name>wheat_head</name><pose>Unspecified</pose><truncated>0</truncated><difficult>0</difficult><robndbox><cx>526.3307</cx><cy>579.7449</cy><w>80.7581</w><h>31.4053</h><angle>0.073739</angle></robndbox></object><object><type>robndbox</type><name>wheat_head</name><pose>Unspecified</pose><truncated>0</truncated><difficult>0</difficult><robndbox><cx>909.7899</cx><cy>962.9069</cy><w>65.6945</w><h>26.7419</h><angle>0.003921</angle></robndbox></object><object><type>robndbox</type><name>wheat_head</name><pose>Unspecified</pose><truncated>0</truncated><difficult>0</difficult><robndbox><cx>65.5327</cx><cy>106.9074</cy><w>89.1394</w><h>33.2517</h><angle>0.141889</angle></robndbox></object><object><type>robndbox</type><name>wheat_head</name><pose>Unspecified</pose><truncated>0</truncated><difficult>0</difficult><robndbox><cx>138.9288</cx><cy>728.5272</cy><w>98.3709</w><h>28.959</h><angle>0.050226</angle></robndbox></object><object><type>robndbox</type><name>wheat_head</name><pose>Unspecified</pose><truncated>0</truncated><difficult>0</difficult><robndbox><cx>282.9211</cx><cy>956.7057</cy><w>104.0891</w><h>34.3335</h><angle>2.972029</angle></robndbox></object><object><type>robndbox</type><name>wheat_head</name><pose>Unspecified</pose><truncated>0</truncated><difficult>0</difficult><robndbox><cx>17.3933</cx><cy>392.7799</cy><w>32.4213</w><h>30.4673</h><angle>1.733865</angle></robndbox></object><object><type>robndbox</type><name>wheat_head</name><pose>Unspecified</pose><truncated>0</truncated><difficult>0</difficult><robndbox><cx>928.2593</cx><cy>656.0477</cy><w>111.4761</w><h>24.7439</h><angle>3.055039</angle></robndbox></object><object><type>robndbox</type><name>wheat_head</name><pose>Unspecified</pose><truncated>0</truncated><difficult>0</difficult><robndbox><cx>579.6718</cx><cy>928.5415</cy><w>78.4045</w><h>28.078</h><angle>0.280508</angle></robndbox></object><object><type>robndbox</type><name>wheat_head</name><pose>Unspecified</pose><truncated>0</truncated><difficult>0</difficult><robndbox><cx>602.1205</cx><cy>653.1477</cy><w>140.7135</w><h>47.4945</h><angle>0.103853</angle></robndbox></object><object><type>robndbox</type><name>wheat_head</name><pose>Unspecified</pose><truncated>0</truncated><difficult>0</difficult><robndbox><cx>520.1124</cx><cy>373.0034</cy><w>80.1902</w><h>36.0542</h><angle>0.165195</angle></robndbox></object><object><type>robndbox</type><name>wheat_head</name><pose>Unspecified</pose><truncated>0</truncated><difficult>0</difficult><robndbox><cx>275.2992</cx><cy>583.0861</cy><w>82.5342</w><h>32.469</h><angle>3.123039</angle></robndbox></object><object><type>robndbox</type><name>wheat_head</name><pose>Unspecified</pose><truncated>0</truncated><difficult>0</difficult><robndbox><cx>331.032</cx><cy>1008.4146</cy><w>40.0583</w><h>23.1909</h><angle>0.131476</angle></robndbox></object><object><type>robndbox</type><name>wheat_head</name><pose>Unspecified</pose><truncated>0</truncated><difficult>0</difficult><robndbox><cx>38.3898</cx><cy>656.4764</cy><w>68.5342</w><h>39.411</h><angle>2.597806</angle></robndbox></object><object><type>robndbox</type><name>wheat_head</name><pose>Unspecified</pose><truncated>0</truncated><difficult>0</difficult><robndbox><cx>22.0</cx><cy>235.5</cy><w>43.3948</w><h>23.8534</h><angle>0.305793</angle></robndbox></object><object><type>robndbox</type><name>wheat_head</name><pose>Unspecified</pose><truncated>0</truncated><difficult>0</difficult><robndbox><cx>955.7892</cx><cy>941.8558</cy><w>43.5661</w><h>34.1908</h><angle>0.338267</angle></robndbox></object><object><type>robndbox</type><name>wheat_head</name><pose>Unspecified</pose><truncated>0</truncated><difficult>0</difficult><robndbox><cx>181.4466</cx><cy>751.5344</cy><w>46.3591</w><h>29.085</h><angle>3.140889</angle></robndbox></object><object><type>robndbox</type><name>wheat_head</name><pose>Unspecified</pose><truncated>0</truncated><difficult>0</difficult><robndbox><cx>701.5883</cx><cy>967.6981</cy><w>54.4248</w><h>28.7448</h><angle>0.0118</angle></robndbox></object><object><type>robndbox</type><name>wheat_head</name><pose>Unspecified</pose><truncated>0</truncated><difficult>0</difficult><robndbox><cx>410.5454</cx><cy>870.4929</cy><w>65.914</w><h>31.2426</h><angle>0.081963</angle></robndbox></object><object><type>robndbox</type><name>wheat_head</name><pose>Unspecified</pose><truncated>0</truncated><difficult>0</difficult><robndbox><cx>826.8247</cx><cy>644.0519</cy><w>29.1957</w><h>12.9119</h><angle>0.181991</angle></robndbox></object><object><type>robndbox</type><name>wheat_head</name><pose>Unspecified</pose><truncated>0</truncated><difficult>0</difficult><robndbox><cx>934.0831</cx><cy>438.1089</cy><w>52.9823</w><h>22.2022</h><angle>3.13596</angle></robndbox></object><object><type>robndbox</type><name>wheat_head</name><pose>Unspecified</pose><truncated>0</truncated><difficult>0</difficult><robndbox><cx>921.751</cx><cy>628.6338</cy><w>186.4903</w><h>36.2539</h><angle>2.760933</angle></robndbox></object><object><type>robndbox</type><name>wheat_head</name><pose>Unspecified</pose><truncated>0</truncated><difficult>0</difficult><robndbox><cx>655.7733</cx><cy>935.9427</cy><w>53.6999</w><h>24.6657</h><angle>3.088518</angle></robndbox></object><object><type>robndbox</type><name>wheat_head</name><pose>Unspecified</pose><truncated>0</truncated><difficult>0</difficult><robndbox><cx>393.893</cx><cy>1004.9275</cy><w>33.9169</w><h>22.1194</h><angle>2.89484</angle></robndbox></object><object><type>robndbox</type><name>wheat_head</name><pose>Unspecified</pose><truncated>0</truncated><difficult>0</difficult><robndbox><cx>441.5922</cx><cy>990.4434</cy><w>82.2689</w><h>27.5196</h><angle>0.453248</angle></robndbox></object><object><type>robndbox</type><name>wheat_head</name><pose>Unspecified</pose><truncated>0</truncated><difficult>0</difficult><robndbox><cx>689.7189</cx><cy>303.7681</cy><w>115.5664</w><h>38.4674</h><angle>0.283513</angle></robndbox></object><object><type>robndbox</type><name>wheat_head</name><pose>Unspecified</pose><truncated>0</truncated><difficult>0</difficult><robndbox><cx>449.5109</cx><cy>354.5614</cy><w>40.8728</w><h>37.1375</h><angle>0.411363</angle></robndbox></object><object><type>robndbox</type><name>wheat_head</name><pose>Unspecified</pose><truncated>0</truncated><difficult>0</difficult><robndbox><cx>1012.4447</cx><cy>799.8216</cy><w>92.9139</w><h>32.4858</h><angle>1.711171</angle></robndbox></object><object><type>robndbox</type><name>wheat_head</name><pose>Unspecified</pose><truncated>0</truncated><difficult>0</difficult><robndbox><cx>1012.6364</cx><cy>731.1021</cy><w>28.1661</w><h>26.0</h><angle>1.570796</angle></robndbox></object></annotation>