<annotation verified="no"><folder>images</folder><filename>498df3cb2</filename><path>/home/badhon/Documents/thesis/final_dataset/ethz_1/images/498df3cb2.jpg</path><source><database>Unknown</database></source><size><width>1024</width><height>1024</height><depth>3</depth></size><segmented>0</segmented><object><type>robndbox</type><name>wheat_head</name><pose>Unspecified</pose><truncated>0</truncated><difficult>0</difficult><robndbox><cx>91.8521</cx><cy>407.7415</cy><w>156.3654</w><h>40.2261</h><angle>0.887214</angle></robndbox></object><object><type>robndbox</type><name>wheat_head</name><pose>Unspecified</pose><truncated>0</truncated><difficult>0</difficult><robndbox><cx>667.6651</cx><cy>394.7769</cy><w>106.6378</w><h>37.0221</h><angle>0.527688</angle></robndbox></object><object><type>robndbox</type><name>wheat_head</name><pose>Unspecified</pose><truncated>0</truncated><difficult>0</difficult><robndbox><cx>29.2463</cx><cy>238.812</cy><w>96.8458</w><h>34.7708</h><angle>0.922088</angle></robndbox></object><object><type>robndbox</type><name>wheat_head</name><pose>Unspecified</pose><truncated>0</truncated><difficult>0</difficult><robndbox><cx>63.1594</cx><cy>694.2755</cy><w>104.6781</w><h>31.4809</h><angle>0.953174</angle></robndbox></object><object><type>robndbox</type><name>wheat_head</name><pose>Unspecified</pose><truncated>0</truncated><difficult>0</difficult><robndbox><cx>694.2313</cx><cy>16.1047</cy><w>81.0943</w><h>36.3528</h><angle>0.436285</angle></robndbox></object><object><type>robndbox</type><name>wheat_head</name><pose>Unspecified</pose><truncated>0</truncated><difficult>0</difficult><robndbox><cx>632.8447</cx><cy>979.6943</cy><w>93.692</w><h>36.9162</h><angle>0.568297</angle></robndbox></object><object><type>robndbox</type><name>wheat_head</name><pose>Unspecified</pose><truncated>0</truncated><difficult>0</difficult><robndbox><cx>865.8929</cx><cy>599.3561</cy><w>117.4031</w><h>35.4532</h><angle>0.932432</angle></robndbox></object><object><type>robndbox</type><name>wheat_head</name><pose>Unspecified</pose><truncated>0</truncated><difficult>0</difficult><robndbox><cx>662.0015</cx><cy>232.2189</cy><w>59.299</w><h>32.8598</h><angle>1.014796</angle></robndbox></object><object><type>robndbox</type><name>wheat_head</name><pose>Unspecified</pose><truncated>0</truncated><difficult>0</difficult><robndbox><cx>777.5444</cx><cy>166.0467</cy><w>94.2357</w><h>41.749</h><angle>0.679342</angle></robndbox></object><object><type>robndbox</type><name>wheat_head</name><pose>Unspecified</pose><truncated>0</truncated><difficult>0</difficult><robndbox><cx>859.7681</cx><cy>437.5424</cy><w>99.1444</w><h>41.0732</h><angle>1.10589</angle></robndbox></object><object><type>robndbox</type><name>wheat_head</name><pose>Unspecified</pose><truncated>0</truncated><difficult>0</difficult><robndbox><cx>190.3108</cx><cy>118.0553</cy><w>73.4499</w><h>32.478</h><angle>0.541729</angle></robndbox></object><object><type>robndbox</type><name>wheat_head</name><pose>Unspecified</pose><truncated>0</truncated><difficult>0</difficult><robndbox><cx>726.3779</cx><cy>805.8176</cy><w>119.7538</w><h>40.5635</h><angle>1.140534</angle></robndbox></object><object><type>robndbox</type><name>wheat_head</name><pose>Unspecified</pose><truncated>0</truncated><difficult>0</difficult><robndbox><cx>218.8483</cx><cy>863.9705</cy><w>70.7079</w><h>40.2739</h><angle>1.061097</angle></robndbox></object><object><type>robndbox</type><name>wheat_head</name><pose>Unspecified</pose><truncated>0</truncated><difficult>0</difficult><robndbox><cx>412.5471</cx><cy>547.2457</cy><w>152.376</w><h>40.3348</h><angle>0.625545</angle></robndbox></object><object><type>robndbox</type><name>wheat_head</name><pose>Unspecified</pose><truncated>0</truncated><difficult>0</difficult><robndbox><cx>535.4985</cx><cy>81.9365</cy><w>96.2686</w><h>38.6016</h><angle>0.636504</angle></robndbox></object><object><type>robndbox</type><name>wheat_head</name><pose>Unspecified</pose><truncated>0</truncated><difficult>0</difficult><robndbox><cx>345.6937</cx><cy>569.2934</cy><w>93.0899</w><h>36.1904</h><angle>0.591344</angle></robndbox></object><object><type>robndbox</type><name>wheat_head</name><pose>Unspecified</pose><truncated>0</truncated><difficult>0</difficult><robndbox><cx>671.7404</cx><cy>560.965</cy><w>75.1874</w><h>34.8654</h><angle>0.582072</angle></robndbox></object><object><type>robndbox</type><name>wheat_head</name><pose>Unspecified</pose><truncated>0</truncated><difficult>0</difficult><robndbox><cx>974.6538</cx><cy>349.5907</cy><w>35.2214</w><h>24.8567</h><angle>0.962514</angle></robndbox></object><object><type>robndbox</type><name>wheat_head</name><pose>Unspecified</pose><truncated>0</truncated><difficult>0</difficult><robndbox><cx>857.8529</cx><cy>358.0378</cy><w>189.3947</w><h>37.5129</h><angle>2.684812</angle></robndbox></object><object><type>robndbox</type><name>wheat_head</name><pose>Unspecified</pose><truncated>0</truncated><difficult>0</difficult><robndbox><cx>524.0603</cx><cy>561.5539</cy><w>114.4566</w><h>46.0946</h><angle>0.865056</angle></robndbox></object><object><type>robndbox</type><name>wheat_head</name><pose>Unspecified</pose><truncated>0</truncated><difficult>0</difficult><robndbox><cx>1007.5</cx><cy>60.0</cy><w>31.2893</w><h>23.7228</h><angle>2.033441</angle></robndbox></object><object><type>robndbox</type><name>wheat_head</name><pose>Unspecified</pose><truncated>0</truncated><difficult>0</difficult><robndbox><cx>253.1757</cx><cy>72.4969</cy><w>74.656</w><h>36.1864</h><angle>0.456954</angle></robndbox></object><object><type>robndbox</type><name>wheat_head</name><pose>Unspecified</pose><truncated>0</truncated><difficult>0</difficult><robndbox><cx>476.9508</cx><cy>476.9935</cy><w>107.5488</w><h>42.6017</h><angle>0.413842</angle></robndbox></object><object><type>robndbox</type><name>wheat_head</name><pose>Unspecified</pose><truncated>0</truncated><difficult>0</difficult><robndbox><cx>769.6359</cx><cy>1005.0004</cy><w>31.7542</w><h>28.9316</h><angle>2.886877</angle></robndbox></object><object><type>robndbox</type><name>wheat_head</name><pose>Unspecified</pose><truncated>0</truncated><difficult>0</difficult><robndbox><cx>113.7571</cx><cy>605.733</cy><w>102.0784</w><h>27.8527</h><angle>0.923757</angle></robndbox></object><object><type>robndbox</type><name>wheat_head</name><pose>Unspecified</pose><truncated>0</truncated><difficult>0</difficult><robndbox><cx>310.9513</cx><cy>395.0787</cy><w>70.35</w><h>34.7153</h><angle>0.240316</angle></robndbox></object><object><type>robndbox</type><name>wheat_head</name><pose>Unspecified</pose><truncated>0</truncated><difficult>0</difficult><robndbox><cx>593.1083</cx><cy>861.7314</cy><w>159.7493</w><h>43.6836</h><angle>1.02231</angle></robndbox></object><object><type>robndbox</type><name>wheat_head</name><pose>Unspecified</pose><truncated>0</truncated><difficult>0</difficult><robndbox><cx>51.4636</cx><cy>810.6088</cy><w>79.6755</w><h>31.9044</h><angle>0.150758</angle></robndbox></object><object><type>robndbox</type><name>wheat_head</name><pose>Unspecified</pose><truncated>0</truncated><difficult>0</difficult><robndbox><cx>305.3304</cx><cy>285.7934</cy><w>83.2328</w><h>26.0412</h><angle>0.426382</angle></robndbox></object><object><type>robndbox</type><name>wheat_head</name><pose>Unspecified</pose><truncated>0</truncated><difficult>0</difficult><robndbox><cx>1009.1389</cx><cy>685.9862</cy><w>32.7813</w><h>27.7359</h><angle>1.536535</angle></robndbox></object><object><type>robndbox</type><name>wheat_head</name><pose>Unspecified</pose><truncated>0</truncated><difficult>0</difficult><robndbox><cx>349.2331</cx><cy>830.1881</cy><w>63.5226</w><h>21.6694</h><angle>0.890393</angle></robndbox></object><object><type>robndbox</type><name>wheat_head</name><pose>Unspecified</pose><truncated>0</truncated><difficult>0</difficult><robndbox><cx>295.6474</cx><cy>962.8812</cy><w>55.0718</w><h>32.2406</h><angle>1.165778</angle></robndbox></object><object><type>robndbox</type><name>wheat_head</name><pose>Unspecified</pose><truncated>0</truncated><difficult>0</difficult><robndbox><cx>404.6191</cx><cy>736.2275</cy><w>89.8026</w><h>41.1936</h><angle>2.837252</angle></robndbox></object><object><type>robndbox</type><name>wheat_head</name><pose>Unspecified</pose><truncated>0</truncated><difficult>0</difficult><robndbox><cx>516.9776</cx><cy>129.0769</cy><w>52.2351</w><h>26.6359</h><angle>0.259091</angle></robndbox></object><object><type>robndbox</type><name>wheat_head</name><pose>Unspecified</pose><truncated>0</truncated><difficult>0</difficult><robndbox><cx>362.2783</cx><cy>951.2087</cy><w>64.6176</w><h>33.3448</h><angle>0.623769</angle></robndbox></object><object><type>robndbox</type><name>wheat_head</name><pose>Unspecified</pose><truncated>0</truncated><difficult>0</difficult><robndbox><cx>989.2054</cx><cy>515.7252</cy><w>50.4323</w><h>40.3992</h><angle>0.591186</angle></robndbox></object><object><type>robndbox</type><name>wheat_head</name><pose>Unspecified</pose><truncated>0</truncated><difficult>0</difficult><robndbox><cx>404.9144</cx><cy>915.2858</cy><w>49.1833</w><h>36.0421</h><angle>0.290393</angle></robndbox></object><object><type>robndbox</type><name>wheat_head</name><pose>Unspecified</pose><truncated>0</truncated><difficult>0</difficult><robndbox><cx>977.8154</cx><cy>33.6077</cy><w>68.3802</w><h>31.8839</h><angle>0.528374</angle></robndbox></object><object><type>robndbox</type><name>wheat_head</name><pose>Unspecified</pose><truncated>0</truncated><difficult>0</difficult><robndbox><cx>777.8241</cx><cy>17.6292</cy><w>69.2356</w><h>25.1787</h><angle>0.038115</angle></robndbox></object><object><type>robndbox</type><name>wheat_head</name><pose>Unspecified</pose><truncated>0</truncated><difficult>0</difficult><robndbox><cx>92.6837</cx><cy>9.5413</cy><w>28.8936</w><h>24.3047</h><angle>3.013515</angle></robndbox></object><object><type>robndbox</type><name>wheat_head</name><pose>Unspecified</pose><truncated>0</truncated><difficult>0</difficult><robndbox><cx>765.3654</cx><cy>667.1014</cy><w>90.6652</w><h>36.889</h><angle>0.139696</angle></robndbox></object><object><type>robndbox</type><name>wheat_head</name><pose>Unspecified</pose><truncated>0</truncated><difficult>0</difficult><robndbox><cx>169.9989</cx><cy>1011.474</cy><w>81.1381</w><h>20.3855</h><angle>3.108586</angle></robndbox></object><object><type>robndbox</type><name>wheat_head</name><pose>Unspecified</pose><truncated>0</truncated><difficult>0</difficult><robndbox><cx>391.4246</cx><cy>251.9036</cy><w>124.7056</w><h>34.3669</h><angle>0.476714</angle></robndbox></object><object><type>robndbox</type><name>wheat_head</name><pose>Unspecified</pose><truncated>0</truncated><difficult>0</difficult><robndbox><cx>51.757</cx><cy>889.6634</cy><w>56.4244</w><h>35.4448</h><angle>0.86916</angle></robndbox></object><object><type>robndbox</type><name>wheat_head</name><pose>Unspecified</pose><truncated>0</truncated><difficult>0</difficult><robndbox><cx>810.0257</cx><cy>611.7972</cy><w>76.6404</w><h>34.9113</h><angle>1.613789</angle></robndbox></object><object><type>robndbox</type><name>wheat_head</name><pose>Unspecified</pose><truncated>0</truncated><difficult>0</difficult><robndbox><cx>638.5024</cx><cy>736.4115</cy><w>90.1065</w><h>31.9732</h><angle>0.22924</angle></robndbox></object><object><type>robndbox</type><name>wheat_head</name><pose>Unspecified</pose><truncated>0</truncated><difficult>0</difficult><robndbox><cx>204.463</cx><cy>742.1896</cy><w>71.0622</w><h>29.5502</h><angle>0.136636</angle></robndbox></object><object><type>robndbox</type><name>wheat_head</name><pose>Unspecified</pose><truncated>0</truncated><difficult>0</difficult><robndbox><cx>677.9578</cx><cy>867.6732</cy><w>30.3025</w><h>21.5352</h><angle>0.679216</angle></robndbox></object><object><type>robndbox</type><name>wheat_head</name><pose>Unspecified</pose><truncated>0</truncated><difficult>0</difficult><robndbox><cx>146.0929</cx><cy>765.3659</cy><w>96.0359</w><h>31.6621</h><angle>0.292649</angle></robndbox></object><object><type>robndbox</type><name>wheat_head</name><pose>Unspecified</pose><truncated>0</truncated><difficult>0</difficult><robndbox><cx>934.0</cx><cy>1010.0</cy><w>26.6558</w><h>18.2046</h><angle>2.020984</angle></robndbox></object><object><type>robndbox</type><name>wheat_head</name><pose>Unspecified</pose><truncated>0</truncated><difficult>0</difficult><robndbox><cx>647.0701</cx><cy>527.7193</cy><w>79.0361</w><h>33.4752</h><angle>3.101844</angle></robndbox></object><object><type>robndbox</type><name>wheat_head</name><pose>Unspecified</pose><truncated>0</truncated><difficult>0</difficult><robndbox><cx>638.5024</cx><cy>736.4115</cy><w>90.1065</w><h>31.9732</h><angle>0.22924</angle></robndbox></object><object><type>robndbox</type><name>wheat_head</name><pose>Unspecified</pose><truncated>0</truncated><difficult>0</difficult><robndbox><cx>591.2885</cx><cy>1011.9694</cy><w>49.6488</w><h>17.8598</h><angle>3.109285</angle></robndbox></object><object><type>robndbox</type><name>wheat_head</name><pose>Unspecified</pose><truncated>0</truncated><difficult>0</difficult><robndbox><cx>118.5914</cx><cy>703.2792</cy><w>46.3916</w><h>31.5142</h><angle>0.183137</angle></robndbox></object><object><type>robndbox</type><name>wheat_head</name><pose>Unspecified</pose><truncated>0</truncated><difficult>0</difficult><robndbox><cx>998.5637</cx><cy>727.7277</cy><w>41.4701</w><h>28.2585</h><angle>0.369144</angle></robndbox></object><object><type>robndbox</type><name>wheat_head</name><pose>Unspecified</pose><truncated>0</truncated><difficult>0</difficult><robndbox><cx>538.8424</cx><cy>765.0444</cy><w>66.2241</w><h>38.3602</h><angle>0.606198</angle></robndbox></object><object><type>robndbox</type><name>wheat_head</name><pose>Unspecified</pose><truncated>0</truncated><difficult>0</difficult><robndbox><cx>388.5323</cx><cy>191.532</cy><w>78.3366</w><h>32.8313</h><angle>2.869004</angle></robndbox></object><object><type>robndbox</type><name>wheat_head</name><pose>Unspecified</pose><truncated>0</truncated><difficult>0</difficult><robndbox><cx>34.2496</cx><cy>950.3396</cy><w>62.0449</w><h>29.1335</h><angle>0.038544</angle></robndbox></object><object><type>robndbox</type><name>wheat_head</name><pose>Unspecified</pose><truncated>0</truncated><difficult>0</difficult><robndbox><cx>407.9141</cx><cy>917.5344</cy><w>158.8577</w><h>42.0499</h><angle>0.860725</angle></robndbox></object><object><type>robndbox</type><name>wheat_head</name><pose>Unspecified</pose><truncated>0</truncated><difficult>0</difficult><robndbox><cx>365.246</cx><cy>289.3308</cy><w>165.4349</w><h>35.8146</h><angle>0.461565</angle></robndbox></object><object><type>robndbox</type><name>wheat_head</name><pose>Unspecified</pose><truncated>0</truncated><difficult>0</difficult><robndbox><cx>341.8462</cx><cy>996.0289</cy><w>182.5913</w><h>28.5762</h><angle>0.089924</angle></robndbox></object><object><type>robndbox</type><name>wheat_head</name><pose>Unspecified</pose><truncated>0</truncated><difficult>0</difficult><robndbox><cx>176.3506</cx><cy>643.7955</cy><w>59.8823</w><h>24.7683</h><angle>0.40209</angle></robndbox></object><object><type>robndbox</type><name>wheat_head</name><pose>Unspecified</pose><truncated>0</truncated><difficult>0</difficult><robndbox><cx>29.707</cx><cy>172.923</cy><w>77.4661</w><h>34.2606</h><angle>0.684821</angle></robndbox></object><object><type>robndbox</type><name>wheat_head</name><pose>Unspecified</pose><truncated>0</truncated><difficult>0</difficult><robndbox><cx>89.0907</cx><cy>191.0929</cy><w>178.404</w><h>39.1653</h><angle>0.650227</angle></robndbox></object><object><type>robndbox</type><name>wheat_head</name><pose>Unspecified</pose><truncated>0</truncated><difficult>0</difficult><robndbox><cx>192.5982</cx><cy>243.8088</cy><w>110.4219</w><h>26.2114</h><angle>0.90737</angle></robndbox></object></annotation>