<annotation verified="no"><folder>images</folder><filename>4bb2dc30e</filename><path>/home/badhon/Documents/thesis/final_dataset/ethz_1/images/4bb2dc30e.jpg</path><source><database>Unknown</database></source><size><width>1024</width><height>1024</height><depth>3</depth></size><segmented>0</segmented><object><type>robndbox</type><name>wheat_head</name><pose>Unspecified</pose><truncated>0</truncated><difficult>0</difficult><robndbox><cx>654.7261</cx><cy>152.7494</cy><w>56.9918</w><h>35.0602</h><angle>1.151992</angle></robndbox></object><object><type>robndbox</type><name>wheat_head</name><pose>Unspecified</pose><truncated>0</truncated><difficult>0</difficult><robndbox><cx>634.9528</cx><cy>607.1902</cy><w>108.5877</w><h>33.2547</h><angle>1.077323</angle></robndbox></object><object><type>robndbox</type><name>wheat_head</name><pose>Unspecified</pose><truncated>0</truncated><difficult>0</difficult><robndbox><cx>800.09</cx><cy>328.7751</cy><w>77.9793</w><h>34.2186</h><angle>1.133841</angle></robndbox></object><object><type>robndbox</type><name>wheat_head</name><pose>Unspecified</pose><truncated>0</truncated><difficult>0</difficult><robndbox><cx>979.2552</cx><cy>609.1973</cy><w>87.4838</w><h>33.3347</h><angle>1.163455</angle></robndbox></object><object><type>robndbox</type><name>wheat_head</name><pose>Unspecified</pose><truncated>0</truncated><difficult>0</difficult><robndbox><cx>140.7628</cx><cy>772.3041</cy><w>109.0775</w><h>41.1255</h><angle>0.941956</angle></robndbox></object><object><type>robndbox</type><name>wheat_head</name><pose>Unspecified</pose><truncated>0</truncated><difficult>0</difficult><robndbox><cx>304.8419</cx><cy>25.0212</cy><w>56.8414</w><h>32.7695</h><angle>1.340953</angle></robndbox></object><object><type>robndbox</type><name>wheat_head</name><pose>Unspecified</pose><truncated>0</truncated><difficult>0</difficult><robndbox><cx>461.5358</cx><cy>953.2092</cy><w>68.6744</w><h>31.6883</h><angle>0.598225</angle></robndbox></object><object><type>robndbox</type><name>wheat_head</name><pose>Unspecified</pose><truncated>0</truncated><difficult>0</difficult><robndbox><cx>15.677</cx><cy>102.5609</cy><w>29.1187</w><h>28.8487</h><angle>0.23873</angle></robndbox></object><object><type>robndbox</type><name>wheat_head</name><pose>Unspecified</pose><truncated>0</truncated><difficult>0</difficult><robndbox><cx>731.3873</cx><cy>577.989</cy><w>106.9699</w><h>35.8106</h><angle>1.231541</angle></robndbox></object><object><type>robndbox</type><name>wheat_head</name><pose>Unspecified</pose><truncated>0</truncated><difficult>0</difficult><robndbox><cx>875.4808</cx><cy>367.8914</cy><w>59.3564</w><h>36.4065</h><angle>1.073296</angle></robndbox></object><object><type>robndbox</type><name>wheat_head</name><pose>Unspecified</pose><truncated>0</truncated><difficult>0</difficult><robndbox><cx>500.5305</cx><cy>640.0323</cy><w>49.1048</w><h>31.2211</h><angle>1.187003</angle></robndbox></object><object><type>robndbox</type><name>wheat_head</name><pose>Unspecified</pose><truncated>0</truncated><difficult>0</difficult><robndbox><cx>686.7192</cx><cy>422.2804</cy><w>92.4851</w><h>44.3748</h><angle>0.913386</angle></robndbox></object><object><type>robndbox</type><name>wheat_head</name><pose>Unspecified</pose><truncated>0</truncated><difficult>0</difficult><robndbox><cx>84.3331</cx><cy>178.1272</cy><w>77.7016</w><h>26.4948</h><angle>1.356334</angle></robndbox></object><object><type>robndbox</type><name>wheat_head</name><pose>Unspecified</pose><truncated>0</truncated><difficult>0</difficult><robndbox><cx>123.5148</cx><cy>173.2588</cy><w>63.7573</w><h>32.1601</h><angle>1.122076</angle></robndbox></object><object><type>robndbox</type><name>wheat_head</name><pose>Unspecified</pose><truncated>0</truncated><difficult>0</difficult><robndbox><cx>216.0208</cx><cy>136.4798</cy><w>124.9741</w><h>39.2303</h><angle>0.936725</angle></robndbox></object><object><type>robndbox</type><name>wheat_head</name><pose>Unspecified</pose><truncated>0</truncated><difficult>0</difficult><robndbox><cx>230.1718</cx><cy>810.8713</cy><w>82.6091</w><h>30.567</h><angle>0.403943</angle></robndbox></object><object><type>robndbox</type><name>wheat_head</name><pose>Unspecified</pose><truncated>0</truncated><difficult>0</difficult><robndbox><cx>610.6237</cx><cy>392.8963</cy><w>75.0081</w><h>28.9252</h><angle>1.081584</angle></robndbox></object><object><type>robndbox</type><name>wheat_head</name><pose>Unspecified</pose><truncated>0</truncated><difficult>0</difficult><robndbox><cx>350.244</cx><cy>793.0074</cy><w>58.3423</w><h>37.6497</h><angle>1.378559</angle></robndbox></object><object><type>robndbox</type><name>wheat_head</name><pose>Unspecified</pose><truncated>0</truncated><difficult>0</difficult><robndbox><cx>988.824</cx><cy>406.6943</cy><w>57.438</w><h>35.3287</h><angle>0.971961</angle></robndbox></object><object><type>robndbox</type><name>wheat_head</name><pose>Unspecified</pose><truncated>0</truncated><difficult>0</difficult><robndbox><cx>52.243</cx><cy>971.4901</cy><w>81.6773</w><h>33.2814</h><angle>1.264999</angle></robndbox></object><object><type>robndbox</type><name>wheat_head</name><pose>Unspecified</pose><truncated>0</truncated><difficult>0</difficult><robndbox><cx>983.2532</cx><cy>151.2717</cy><w>70.8254</w><h>37.6548</h><angle>0.64608</angle></robndbox></object><object><type>robndbox</type><name>wheat_head</name><pose>Unspecified</pose><truncated>0</truncated><difficult>0</difficult><robndbox><cx>616.5341</cx><cy>656.7611</cy><w>69.7962</w><h>31.1162</h><angle>1.161326</angle></robndbox></object><object><type>robndbox</type><name>wheat_head</name><pose>Unspecified</pose><truncated>0</truncated><difficult>0</difficult><robndbox><cx>489.9557</cx><cy>375.5754</cy><w>39.6758</w><h>27.4029</h><angle>1.560588</angle></robndbox></object><object><type>robndbox</type><name>wheat_head</name><pose>Unspecified</pose><truncated>0</truncated><difficult>0</difficult><robndbox><cx>257.9147</cx><cy>419.2685</cy><w>45.9239</w><h>25.1143</h><angle>0.887997</angle></robndbox></object><object><type>robndbox</type><name>wheat_head</name><pose>Unspecified</pose><truncated>0</truncated><difficult>0</difficult><robndbox><cx>278.9347</cx><cy>725.9174</cy><w>73.4182</w><h>26.7806</h><angle>1.015719</angle></robndbox></object><object><type>robndbox</type><name>wheat_head</name><pose>Unspecified</pose><truncated>0</truncated><difficult>0</difficult><robndbox><cx>920.4404</cx><cy>691.7523</cy><w>71.142</w><h>41.3914</h><angle>0.577838</angle></robndbox></object><object><type>robndbox</type><name>wheat_head</name><pose>Unspecified</pose><truncated>0</truncated><difficult>0</difficult><robndbox><cx>126.8645</cx><cy>988.9671</cy><w>57.353</w><h>36.9918</h><angle>1.071003</angle></robndbox></object><object><type>robndbox</type><name>wheat_head</name><pose>Unspecified</pose><truncated>0</truncated><difficult>0</difficult><robndbox><cx>877.9567</cx><cy>628.1048</cy><w>78.1005</w><h>29.2721</h><angle>1.516985</angle></robndbox></object><object><type>robndbox</type><name>wheat_head</name><pose>Unspecified</pose><truncated>0</truncated><difficult>0</difficult><robndbox><cx>110.557</cx><cy>451.4976</cy><w>98.0195</w><h>32.0374</h><angle>1.067854</angle></robndbox></object><object><type>robndbox</type><name>wheat_head</name><pose>Unspecified</pose><truncated>0</truncated><difficult>0</difficult><robndbox><cx>607.7916</cx><cy>338.0799</cy><w>72.6809</w><h>34.3673</h><angle>0.575048</angle></robndbox></object><object><type>robndbox</type><name>wheat_head</name><pose>Unspecified</pose><truncated>0</truncated><difficult>0</difficult><robndbox><cx>431.7312</cx><cy>994.1294</cy><w>52.7013</w><h>33.7599</h><angle>0.382058</angle></robndbox></object><object><type>robndbox</type><name>wheat_head</name><pose>Unspecified</pose><truncated>0</truncated><difficult>0</difficult><robndbox><cx>998.762</cx><cy>871.538</cy><w>40.7939</w><h>30.0543</h><angle>1.671694</angle></robndbox></object><object><type>robndbox</type><name>wheat_head</name><pose>Unspecified</pose><truncated>0</truncated><difficult>0</difficult><robndbox><cx>504.031</cx><cy>242.1823</cy><w>61.5035</w><h>31.3587</h><angle>0.580537</angle></robndbox></object><object><type>robndbox</type><name>wheat_head</name><pose>Unspecified</pose><truncated>0</truncated><difficult>0</difficult><robndbox><cx>211.597</cx><cy>763.9927</cy><w>44.7679</w><h>26.5562</h><angle>1.231052</angle></robndbox></object><object><type>robndbox</type><name>wheat_head</name><pose>Unspecified</pose><truncated>0</truncated><difficult>0</difficult><robndbox><cx>907.616</cx><cy>815.3238</cy><w>74.2933</w><h>40.5623</h><angle>0.445433</angle></robndbox></object><object><type>robndbox</type><name>wheat_head</name><pose>Unspecified</pose><truncated>0</truncated><difficult>0</difficult><robndbox><cx>17.7995</cx><cy>680.3934</cy><w>55.4927</w><h>26.1614</h><angle>1.415583</angle></robndbox></object><object><type>robndbox</type><name>wheat_head</name><pose>Unspecified</pose><truncated>0</truncated><difficult>0</difficult><robndbox><cx>346.5081</cx><cy>589.8804</cy><w>39.9078</w><h>27.9622</h><angle>1.241057</angle></robndbox></object><object><type>robndbox</type><name>wheat_head</name><pose>Unspecified</pose><truncated>0</truncated><difficult>0</difficult><robndbox><cx>939.7509</cx><cy>521.0734</cy><w>40.6182</w><h>25.4464</h><angle>0.515341</angle></robndbox></object><object><type>robndbox</type><name>wheat_head</name><pose>Unspecified</pose><truncated>0</truncated><difficult>0</difficult><robndbox><cx>384.9228</cx><cy>471.5605</cy><w>68.0888</w><h>36.6698</h><angle>0.472602</angle></robndbox></object><object><type>robndbox</type><name>wheat_head</name><pose>Unspecified</pose><truncated>0</truncated><difficult>0</difficult><robndbox><cx>121.3117</cx><cy>342.3942</cy><w>145.3465</w><h>43.6501</h><angle>1.917485</angle></robndbox></object><object><type>robndbox</type><name>wheat_head</name><pose>Unspecified</pose><truncated>0</truncated><difficult>0</difficult><robndbox><cx>40.5764</cx><cy>191.1995</cy><w>38.3748</w><h>26.1386</h><angle>1.328236</angle></robndbox></object><object><type>robndbox</type><name>wheat_head</name><pose>Unspecified</pose><truncated>0</truncated><difficult>0</difficult><robndbox><cx>577.0078</cx><cy>242.1874</cy><w>63.3782</w><h>40.5309</h><angle>0.445372</angle></robndbox></object><object><type>robndbox</type><name>wheat_head</name><pose>Unspecified</pose><truncated>0</truncated><difficult>0</difficult><robndbox><cx>1002.722</cx><cy>805.9085</cy><w>55.6509</w><h>25.4917</h><angle>1.424648</angle></robndbox></object><object><type>robndbox</type><name>wheat_head</name><pose>Unspecified</pose><truncated>0</truncated><difficult>0</difficult><robndbox><cx>266.8076</cx><cy>871.9155</cy><w>61.2201</w><h>37.4571</h><angle>2.134017</angle></robndbox></object><object><type>robndbox</type><name>wheat_head</name><pose>Unspecified</pose><truncated>0</truncated><difficult>0</difficult><robndbox><cx>191.0007</cx><cy>455.1509</cy><w>76.1575</w><h>46.0926</h><angle>0.622663</angle></robndbox></object><object><type>robndbox</type><name>wheat_head</name><pose>Unspecified</pose><truncated>0</truncated><difficult>0</difficult><robndbox><cx>175.509</cx><cy>10.2874</cy><w>25.984</w><h>24.4034</h><angle>2.839505</angle></robndbox></object><object><type>robndbox</type><name>wheat_head</name><pose>Unspecified</pose><truncated>0</truncated><difficult>0</difficult><robndbox><cx>169.2623</cx><cy>944.2475</cy><w>35.5943</w><h>31.0476</h><angle>0.949852</angle></robndbox></object><object><type>robndbox</type><name>wheat_head</name><pose>Unspecified</pose><truncated>0</truncated><difficult>0</difficult><robndbox><cx>132.1011</cx><cy>674.6129</cy><w>65.7559</w><h>37.3155</h><angle>0.937991</angle></robndbox></object><object><type>robndbox</type><name>wheat_head</name><pose>Unspecified</pose><truncated>0</truncated><difficult>0</difficult><robndbox><cx>276.4911</cx><cy>105.3749</cy><w>48.337</w><h>31.4432</h><angle>0.936679</angle></robndbox></object><object><type>robndbox</type><name>wheat_head</name><pose>Unspecified</pose><truncated>0</truncated><difficult>0</difficult><robndbox><cx>798.7958</cx><cy>1002.3029</cy><w>25.9134</w><h>23.8032</h><angle>3.106953</angle></robndbox></object><object><type>robndbox</type><name>wheat_head</name><pose>Unspecified</pose><truncated>0</truncated><difficult>0</difficult><robndbox><cx>413.5467</cx><cy>435.0504</cy><w>46.0845</w><h>31.9466</h><angle>1.120844</angle></robndbox></object><object><type>robndbox</type><name>wheat_head</name><pose>Unspecified</pose><truncated>0</truncated><difficult>0</difficult><robndbox><cx>250.0477</cx><cy>311.4843</cy><w>90.0987</w><h>41.0542</h><angle>1.28355</angle></robndbox></object><object><type>robndbox</type><name>wheat_head</name><pose>Unspecified</pose><truncated>0</truncated><difficult>0</difficult><robndbox><cx>843.6847</cx><cy>626.0479</cy><w>69.1383</w><h>35.2906</h><angle>1.539069</angle></robndbox></object><object><type>robndbox</type><name>wheat_head</name><pose>Unspecified</pose><truncated>0</truncated><difficult>0</difficult><robndbox><cx>736.3858</cx><cy>504.3919</cy><w>51.3647</w><h>23.9274</h><angle>0.160397</angle></robndbox></object><object><type>robndbox</type><name>wheat_head</name><pose>Unspecified</pose><truncated>0</truncated><difficult>0</difficult><robndbox><cx>540.4772</cx><cy>193.3105</cy><w>39.6528</w><h>33.0503</h><angle>1.488283</angle></robndbox></object><object><type>robndbox</type><name>wheat_head</name><pose>Unspecified</pose><truncated>0</truncated><difficult>0</difficult><robndbox><cx>82.9619</cx><cy>723.709</cy><w>69.8394</w><h>31.4724</h><angle>1.391503</angle></robndbox></object><object><type>robndbox</type><name>wheat_head</name><pose>Unspecified</pose><truncated>0</truncated><difficult>0</difficult><robndbox><cx>353.3582</cx><cy>180.1768</cy><w>54.9237</w><h>38.5608</h><angle>2.974781</angle></robndbox></object><object><type>robndbox</type><name>wheat_head</name><pose>Unspecified</pose><truncated>0</truncated><difficult>0</difficult><robndbox><cx>105.5</cx><cy>11.5</cy><w>25.1153</w><h>12.1299</h><angle>1.98416</angle></robndbox></object><object><type>robndbox</type><name>wheat_head</name><pose>Unspecified</pose><truncated>0</truncated><difficult>0</difficult><robndbox><cx>156.6809</cx><cy>366.1286</cy><w>53.1069</w><h>24.8635</h><angle>0.680029</angle></robndbox></object><object><type>robndbox</type><name>wheat_head</name><pose>Unspecified</pose><truncated>0</truncated><difficult>0</difficult><robndbox><cx>513.0674</cx><cy>45.3202</cy><w>94.1639</w><h>39.501</h><angle>1.515722</angle></robndbox></object><object><type>robndbox</type><name>wheat_head</name><pose>Unspecified</pose><truncated>0</truncated><difficult>0</difficult><robndbox><cx>341.3239</cx><cy>683.2485</cy><w>53.0082</w><h>31.4626</h><angle>0.532766</angle></robndbox></object><object><type>robndbox</type><name>wheat_head</name><pose>Unspecified</pose><truncated>0</truncated><difficult>0</difficult><robndbox><cx>880.0284</cx><cy>747.9203</cy><w>61.2278</w><h>36.5113</h><angle>2.714359</angle></robndbox></object><object><type>robndbox</type><name>wheat_head</name><pose>Unspecified</pose><truncated>0</truncated><difficult>0</difficult><robndbox><cx>809.5518</cx><cy>777.5286</cy><w>94.4735</w><h>35.0165</h><angle>1.253966</angle></robndbox></object><object><type>robndbox</type><name>wheat_head</name><pose>Unspecified</pose><truncated>0</truncated><difficult>0</difficult><robndbox><cx>216.1565</cx><cy>599.0014</cy><w>103.209</w><h>35.0442</h><angle>2.120356</angle></robndbox></object><object><type>robndbox</type><name>wheat_head</name><pose>Unspecified</pose><truncated>0</truncated><difficult>0</difficult><robndbox><cx>290.2269</cx><cy>670.7304</cy><w>140.7812</w><h>37.7251</h><angle>0.817279</angle></robndbox></object><object><type>robndbox</type><name>wheat_head</name><pose>Unspecified</pose><truncated>0</truncated><difficult>0</difficult><robndbox><cx>541.4205</cx><cy>850.561</cy><w>46.2308</w><h>33.798</h><angle>3.012416</angle></robndbox></object><object><type>robndbox</type><name>wheat_head</name><pose>Unspecified</pose><truncated>0</truncated><difficult>0</difficult><robndbox><cx>287.821</cx><cy>787.7922</cy><w>40.2975</w><h>31.2049</h><angle>1.172305</angle></robndbox></object><object><type>robndbox</type><name>wheat_head</name><pose>Unspecified</pose><truncated>0</truncated><difficult>0</difficult><robndbox><cx>190.2426</cx><cy>160.6217</cy><w>61.0983</w><h>28.6523</h><angle>1.202447</angle></robndbox></object><object><type>robndbox</type><name>wheat_head</name><pose>Unspecified</pose><truncated>0</truncated><difficult>0</difficult><robndbox><cx>627.1285</cx><cy>236.5756</cy><w>37.3672</w><h>33.8378</h><angle>0.331096</angle></robndbox></object></annotation>