<annotation verified="no"><folder>images</folder><filename>4fc5adf2d</filename><path>/home/badhon/Documents/thesis/final_dataset/ethz_1/images/4fc5adf2d.jpg</path><source><database>Unknown</database></source><size><width>1024</width><height>1024</height><depth>3</depth></size><segmented>0</segmented><object><type>robndbox</type><name>wheat_head</name><pose>Unspecified</pose><truncated>0</truncated><difficult>0</difficult><robndbox><cx>50.5737</cx><cy>467.6871</cy><w>100.9596</w><h>34.0694</h><angle>1.254097</angle></robndbox></object><object><type>robndbox</type><name>wheat_head</name><pose>Unspecified</pose><truncated>0</truncated><difficult>0</difficult><robndbox><cx>463.9691</cx><cy>810.4618</cy><w>77.8582</w><h>31.9853</h><angle>1.205964</angle></robndbox></object><object><type>robndbox</type><name>wheat_head</name><pose>Unspecified</pose><truncated>0</truncated><difficult>0</difficult><robndbox><cx>552.7044</cx><cy>194.6109</cy><w>76.5405</w><h>20.0481</h><angle>1.19535</angle></robndbox></object><object><type>robndbox</type><name>wheat_head</name><pose>Unspecified</pose><truncated>0</truncated><difficult>0</difficult><robndbox><cx>947.8953</cx><cy>519.9162</cy><w>100.0799</w><h>32.9058</h><angle>1.8889</angle></robndbox></object><object><type>robndbox</type><name>wheat_head</name><pose>Unspecified</pose><truncated>0</truncated><difficult>0</difficult><robndbox><cx>564.1779</cx><cy>839.7285</cy><w>99.4405</w><h>29.5836</h><angle>1.026048</angle></robndbox></object><object><type>robndbox</type><name>wheat_head</name><pose>Unspecified</pose><truncated>0</truncated><difficult>0</difficult><robndbox><cx>492.8489</cx><cy>919.2999</cy><w>99.9388</w><h>37.2325</h><angle>0.980237</angle></robndbox></object><object><type>robndbox</type><name>wheat_head</name><pose>Unspecified</pose><truncated>0</truncated><difficult>0</difficult><robndbox><cx>656.5944</cx><cy>185.7216</cy><w>80.3925</w><h>33.2327</h><angle>1.134156</angle></robndbox></object><object><type>robndbox</type><name>wheat_head</name><pose>Unspecified</pose><truncated>0</truncated><difficult>0</difficult><robndbox><cx>710.0464</cx><cy>370.6827</cy><w>88.1966</w><h>32.6967</h><angle>0.840301</angle></robndbox></object><object><type>robndbox</type><name>wheat_head</name><pose>Unspecified</pose><truncated>0</truncated><difficult>0</difficult><robndbox><cx>984.8256</cx><cy>452.0041</cy><w>63.5694</w><h>26.0841</h><angle>1.036341</angle></robndbox></object><object><type>robndbox</type><name>wheat_head</name><pose>Unspecified</pose><truncated>0</truncated><difficult>0</difficult><robndbox><cx>224.938</cx><cy>571.2885</cy><w>70.4644</w><h>36.7008</h><angle>1.03948</angle></robndbox></object><object><type>robndbox</type><name>wheat_head</name><pose>Unspecified</pose><truncated>0</truncated><difficult>0</difficult><robndbox><cx>101.3885</cx><cy>829.8963</cy><w>83.9342</w><h>25.4328</h><angle>0.610595</angle></robndbox></object><object><type>robndbox</type><name>wheat_head</name><pose>Unspecified</pose><truncated>0</truncated><difficult>0</difficult><robndbox><cx>178.249</cx><cy>445.7214</cy><w>80.9144</w><h>29.2093</h><angle>1.33047</angle></robndbox></object><object><type>robndbox</type><name>wheat_head</name><pose>Unspecified</pose><truncated>0</truncated><difficult>0</difficult><robndbox><cx>829.0186</cx><cy>691.4758</cy><w>75.8009</w><h>31.4354</h><angle>1.268725</angle></robndbox></object><object><type>robndbox</type><name>wheat_head</name><pose>Unspecified</pose><truncated>0</truncated><difficult>0</difficult><robndbox><cx>893.673</cx><cy>967.2574</cy><w>66.694</w><h>35.1741</h><angle>1.177833</angle></robndbox></object><object><type>robndbox</type><name>wheat_head</name><pose>Unspecified</pose><truncated>0</truncated><difficult>0</difficult><robndbox><cx>503.2375</cx><cy>174.9408</cy><w>86.3632</w><h>27.4139</h><angle>1.282005</angle></robndbox></object><object><type>robndbox</type><name>wheat_head</name><pose>Unspecified</pose><truncated>0</truncated><difficult>0</difficult><robndbox><cx>364.6802</cx><cy>184.406</cy><w>110.8368</w><h>34.373</h><angle>2.00243</angle></robndbox></object><object><type>robndbox</type><name>wheat_head</name><pose>Unspecified</pose><truncated>0</truncated><difficult>0</difficult><robndbox><cx>522.1785</cx><cy>847.4509</cy><w>73.2285</w><h>22.206</h><angle>1.342035</angle></robndbox></object><object><type>robndbox</type><name>wheat_head</name><pose>Unspecified</pose><truncated>0</truncated><difficult>0</difficult><robndbox><cx>116.84</cx><cy>23.9254</cy><w>71.7308</w><h>30.3149</h><angle>0.953271</angle></robndbox></object><object><type>robndbox</type><name>wheat_head</name><pose>Unspecified</pose><truncated>0</truncated><difficult>0</difficult><robndbox><cx>288.9906</cx><cy>160.9606</cy><w>65.5217</w><h>29.4408</h><angle>1.629153</angle></robndbox></object><object><type>robndbox</type><name>wheat_head</name><pose>Unspecified</pose><truncated>0</truncated><difficult>0</difficult><robndbox><cx>224.4974</cx><cy>238.4688</cy><w>90.8066</w><h>31.576</h><angle>1.560506</angle></robndbox></object><object><type>robndbox</type><name>wheat_head</name><pose>Unspecified</pose><truncated>0</truncated><difficult>0</difficult><robndbox><cx>432.7024</cx><cy>507.3327</cy><w>67.7805</w><h>24.7418</h><angle>1.349383</angle></robndbox></object><object><type>robndbox</type><name>wheat_head</name><pose>Unspecified</pose><truncated>0</truncated><difficult>0</difficult><robndbox><cx>716.5298</cx><cy>154.3219</cy><w>133.3211</w><h>34.1582</h><angle>1.120833</angle></robndbox></object><object><type>robndbox</type><name>wheat_head</name><pose>Unspecified</pose><truncated>0</truncated><difficult>0</difficult><robndbox><cx>307.1909</cx><cy>943.362</cy><w>60.2379</w><h>31.0796</h><angle>0.659169</angle></robndbox></object><object><type>robndbox</type><name>wheat_head</name><pose>Unspecified</pose><truncated>0</truncated><difficult>0</difficult><robndbox><cx>30.9829</cx><cy>766.9294</cy><w>127.6193</w><h>33.3924</h><angle>1.309415</angle></robndbox></object><object><type>robndbox</type><name>wheat_head</name><pose>Unspecified</pose><truncated>0</truncated><difficult>0</difficult><robndbox><cx>247.1867</cx><cy>978.2302</cy><w>113.0142</w><h>31.974</h><angle>0.378142</angle></robndbox></object><object><type>robndbox</type><name>wheat_head</name><pose>Unspecified</pose><truncated>0</truncated><difficult>0</difficult><robndbox><cx>260.426</cx><cy>786.5794</cy><w>86.3076</w><h>26.1134</h><angle>1.25164</angle></robndbox></object><object><type>robndbox</type><name>wheat_head</name><pose>Unspecified</pose><truncated>0</truncated><difficult>0</difficult><robndbox><cx>767.2521</cx><cy>817.8259</cy><w>64.9588</w><h>33.6008</h><angle>1.323866</angle></robndbox></object><object><type>robndbox</type><name>wheat_head</name><pose>Unspecified</pose><truncated>0</truncated><difficult>0</difficult><robndbox><cx>500.4489</cx><cy>247.6249</cy><w>84.3648</w><h>35.1999</h><angle>0.448034</angle></robndbox></object><object><type>robndbox</type><name>wheat_head</name><pose>Unspecified</pose><truncated>0</truncated><difficult>0</difficult><robndbox><cx>376.6967</cx><cy>460.6421</cy><w>42.9002</w><h>21.1598</h><angle>1.62053</angle></robndbox></object><object><type>robndbox</type><name>wheat_head</name><pose>Unspecified</pose><truncated>0</truncated><difficult>0</difficult><robndbox><cx>832.6052</cx><cy>511.7227</cy><w>72.3279</w><h>33.8996</h><angle>1.60918</angle></robndbox></object><object><type>robndbox</type><name>wheat_head</name><pose>Unspecified</pose><truncated>0</truncated><difficult>0</difficult><robndbox><cx>841.7062</cx><cy>303.1282</cy><w>111.055</w><h>30.2863</h><angle>1.579822</angle></robndbox></object><object><type>robndbox</type><name>wheat_head</name><pose>Unspecified</pose><truncated>0</truncated><difficult>0</difficult><robndbox><cx>391.2567</cx><cy>516.8189</cy><w>50.0307</w><h>27.7433</h><angle>0.942727</angle></robndbox></object><object><type>robndbox</type><name>wheat_head</name><pose>Unspecified</pose><truncated>0</truncated><difficult>0</difficult><robndbox><cx>779.8997</cx><cy>640.5876</cy><w>110.211</w><h>38.0404</h><angle>1.425053</angle></robndbox></object><object><type>robndbox</type><name>wheat_head</name><pose>Unspecified</pose><truncated>0</truncated><difficult>0</difficult><robndbox><cx>610.9857</cx><cy>820.7877</cy><w>91.4632</w><h>33.3626</h><angle>1.115906</angle></robndbox></object><object><type>robndbox</type><name>wheat_head</name><pose>Unspecified</pose><truncated>0</truncated><difficult>0</difficult><robndbox><cx>782.6201</cx><cy>916.9542</cy><w>53.6459</w><h>29.0248</h><angle>1.286305</angle></robndbox></object><object><type>robndbox</type><name>wheat_head</name><pose>Unspecified</pose><truncated>0</truncated><difficult>0</difficult><robndbox><cx>562.1007</cx><cy>131.1677</cy><w>73.7468</w><h>26.5495</h><angle>1.589856</angle></robndbox></object><object><type>robndbox</type><name>wheat_head</name><pose>Unspecified</pose><truncated>0</truncated><difficult>0</difficult><robndbox><cx>744.4558</cx><cy>552.6914</cy><w>55.1554</w><h>26.7977</h><angle>1.548614</angle></robndbox></object><object><type>robndbox</type><name>wheat_head</name><pose>Unspecified</pose><truncated>0</truncated><difficult>0</difficult><robndbox><cx>427.1576</cx><cy>424.3925</cy><w>132.517</w><h>33.0987</h><angle>1.003215</angle></robndbox></object><object><type>robndbox</type><name>wheat_head</name><pose>Unspecified</pose><truncated>0</truncated><difficult>0</difficult><robndbox><cx>317.8409</cx><cy>96.4661</cy><w>125.523</w><h>35.8135</h><angle>1.192173</angle></robndbox></object><object><type>robndbox</type><name>wheat_head</name><pose>Unspecified</pose><truncated>0</truncated><difficult>0</difficult><robndbox><cx>252.1332</cx><cy>882.9453</cy><w>63.3725</w><h>33.3409</h><angle>0.897472</angle></robndbox></object><object><type>robndbox</type><name>wheat_head</name><pose>Unspecified</pose><truncated>0</truncated><difficult>0</difficult><robndbox><cx>288.4752</cx><cy>699.5935</cy><w>91.821</w><h>25.8637</h><angle>1.032985</angle></robndbox></object><object><type>robndbox</type><name>wheat_head</name><pose>Unspecified</pose><truncated>0</truncated><difficult>0</difficult><robndbox><cx>433.0425</cx><cy>672.4455</cy><w>101.8264</w><h>35.5429</h><angle>0.238392</angle></robndbox></object><object><type>robndbox</type><name>wheat_head</name><pose>Unspecified</pose><truncated>0</truncated><difficult>0</difficult><robndbox><cx>717.0943</cx><cy>274.8419</cy><w>158.6827</w><h>40.7844</h><angle>1.392908</angle></robndbox></object><object><type>robndbox</type><name>wheat_head</name><pose>Unspecified</pose><truncated>0</truncated><difficult>0</difficult><robndbox><cx>115.9358</cx><cy>133.9584</cy><w>149.5963</w><h>40.4115</h><angle>1.282229</angle></robndbox></object><object><type>robndbox</type><name>wheat_head</name><pose>Unspecified</pose><truncated>0</truncated><difficult>0</difficult><robndbox><cx>606.6806</cx><cy>767.6952</cy><w>77.638</w><h>19.5163</h><angle>0.915906</angle></robndbox></object><object><type>robndbox</type><name>wheat_head</name><pose>Unspecified</pose><truncated>0</truncated><difficult>0</difficult><robndbox><cx>692.8298</cx><cy>819.1844</cy><w>48.1692</w><h>26.7517</h><angle>1.604847</angle></robndbox></object><object><type>robndbox</type><name>wheat_head</name><pose>Unspecified</pose><truncated>0</truncated><difficult>0</difficult><robndbox><cx>450.9972</cx><cy>999.3448</cy><w>35.1011</w><h>26.9643</h><angle>1.246946</angle></robndbox></object><object><type>robndbox</type><name>wheat_head</name><pose>Unspecified</pose><truncated>0</truncated><difficult>0</difficult><robndbox><cx>25.0</cx><cy>181.5</cy><w>52.241</w><h>47.4197</h><angle>2.84763</angle></robndbox></object><object><type>robndbox</type><name>wheat_head</name><pose>Unspecified</pose><truncated>0</truncated><difficult>0</difficult><robndbox><cx>343.8597</cx><cy>792.7457</cy><w>164.2646</w><h>28.457</h><angle>1.232985</angle></robndbox></object><object><type>robndbox</type><name>wheat_head</name><pose>Unspecified</pose><truncated>0</truncated><difficult>0</difficult><robndbox><cx>1007.6968</cx><cy>555.6403</cy><w>56.6229</w><h>24.3112</h><angle>1.51536</angle></robndbox></object><object><type>robndbox</type><name>wheat_head</name><pose>Unspecified</pose><truncated>0</truncated><difficult>0</difficult><robndbox><cx>995.726</cx><cy>142.5458</cy><w>59.2661</w><h>30.8262</h><angle>1.141936</angle></robndbox></object><object><type>robndbox</type><name>wheat_head</name><pose>Unspecified</pose><truncated>0</truncated><difficult>0</difficult><robndbox><cx>606.4359</cx><cy>39.7619</cy><w>35.7128</w><h>28.7355</h><angle>1.662544</angle></robndbox></object><object><type>robndbox</type><name>wheat_head</name><pose>Unspecified</pose><truncated>0</truncated><difficult>0</difficult><robndbox><cx>115.9358</cx><cy>133.9584</cy><w>149.5963</w><h>40.4115</h><angle>1.282229</angle></robndbox></object><object><type>robndbox</type><name>wheat_head</name><pose>Unspecified</pose><truncated>0</truncated><difficult>0</difficult><robndbox><cx>655.5783</cx><cy>496.8736</cy><w>39.2547</w><h>28.3208</h><angle>1.837577</angle></robndbox></object><object><type>robndbox</type><name>wheat_head</name><pose>Unspecified</pose><truncated>0</truncated><difficult>0</difficult><robndbox><cx>1009.6678</cx><cy>789.795</cy><w>80.3904</w><h>24.4874</h><angle>1.66387</angle></robndbox></object><object><type>robndbox</type><name>wheat_head</name><pose>Unspecified</pose><truncated>0</truncated><difficult>0</difficult><robndbox><cx>279.6581</cx><cy>840.4307</cy><w>41.6029</w><h>19.5347</h><angle>0.663183</angle></robndbox></object><object><type>robndbox</type><name>wheat_head</name><pose>Unspecified</pose><truncated>0</truncated><difficult>0</difficult><robndbox><cx>675.7232</cx><cy>450.2045</cy><w>139.6346</w><h>35.4831</h><angle>0.887201</angle></robndbox></object><object><type>robndbox</type><name>wheat_head</name><pose>Unspecified</pose><truncated>0</truncated><difficult>0</difficult><robndbox><cx>631.9105</cx><cy>476.858</cy><w>78.9788</w><h>32.5342</h><angle>2.24002</angle></robndbox></object><object><type>robndbox</type><name>wheat_head</name><pose>Unspecified</pose><truncated>0</truncated><difficult>0</difficult><robndbox><cx>866.8235</cx><cy>595.3821</cy><w>57.3333</w><h>32.9446</h><angle>2.40047</angle></robndbox></object><object><type>robndbox</type><name>wheat_head</name><pose>Unspecified</pose><truncated>0</truncated><difficult>0</difficult><robndbox><cx>494.1871</cx><cy>489.4126</cy><w>32.7233</w><h>23.9297</h><angle>1.355413</angle></robndbox></object><object><type>robndbox</type><name>wheat_head</name><pose>Unspecified</pose><truncated>0</truncated><difficult>0</difficult><robndbox><cx>966.9832</cx><cy>900.6539</cy><w>37.9859</w><h>27.1811</h><angle>0.3001</angle></robndbox></object><object><type>robndbox</type><name>wheat_head</name><pose>Unspecified</pose><truncated>0</truncated><difficult>0</difficult><robndbox><cx>15.5</cx><cy>271.0</cy><w>35.973</w><h>16.9723</h><angle>2.60952</angle></robndbox></object><object><type>robndbox</type><name>wheat_head</name><pose>Unspecified</pose><truncated>0</truncated><difficult>0</difficult><robndbox><cx>279.7856</cx><cy>951.805</cy><w>28.4651</w><h>25.0212</h><angle>1.753155</angle></robndbox></object><object><type>robndbox</type><name>wheat_head</name><pose>Unspecified</pose><truncated>0</truncated><difficult>0</difficult><robndbox><cx>373.5192</cx><cy>401.8889</cy><w>139.8888</w><h>28.7024</h><angle>1.02053</angle></robndbox></object><object><type>robndbox</type><name>wheat_head</name><pose>Unspecified</pose><truncated>0</truncated><difficult>0</difficult><robndbox><cx>129.5118</cx><cy>960.7149</cy><w>34.8325</w><h>27.2873</h><angle>0.157584</angle></robndbox></object><object><type>robndbox</type><name>wheat_head</name><pose>Unspecified</pose><truncated>0</truncated><difficult>0</difficult><robndbox><cx>871.3617</cx><cy>265.2899</cy><w>28.2444</w><h>27.7316</h><angle>3.098851</angle></robndbox></object><object><type>robndbox</type><name>wheat_head</name><pose>Unspecified</pose><truncated>0</truncated><difficult>0</difficult><robndbox><cx>47.2102</cx><cy>147.3317</cy><w>87.8196</w><h>29.2389</h><angle>0.460276</angle></robndbox></object><object><type>robndbox</type><name>wheat_head</name><pose>Unspecified</pose><truncated>0</truncated><difficult>0</difficult><robndbox><cx>583.5751</cx><cy>927.6211</cy><w>39.2769</w><h>23.2736</h><angle>0.70744</angle></robndbox></object><object><type>robndbox</type><name>wheat_head</name><pose>Unspecified</pose><truncated>0</truncated><difficult>0</difficult><robndbox><cx>674.2984</cx><cy>125.5661</cy><w>70.2638</w><h>20.1063</h><angle>1.145347</angle></robndbox></object><object><type>robndbox</type><name>wheat_head</name><pose>Unspecified</pose><truncated>0</truncated><difficult>0</difficult><robndbox><cx>713.2337</cx><cy>73.7398</cy><w>32.573</w><h>23.2422</h><angle>1.882838</angle></robndbox></object><object><type>robndbox</type><name>wheat_head</name><pose>Unspecified</pose><truncated>0</truncated><difficult>0</difficult><robndbox><cx>674.2352</cx><cy>11.914</cy><w>21.9545</w><h>9.8995</h><angle>1.046001</angle></robndbox></object><object><type>robndbox</type><name>wheat_head</name><pose>Unspecified</pose><truncated>0</truncated><difficult>0</difficult><robndbox><cx>724.9611</cx><cy>62.2742</cy><w>120.7146</w><h>34.6825</h><angle>1.16164</angle></robndbox></object><object><type>robndbox</type><name>wheat_head</name><pose>Unspecified</pose><truncated>0</truncated><difficult>0</difficult><robndbox><cx>744.3895</cx><cy>9.3332</cy><w>20.6155</w><h>12.3329</h><angle>1.325818</angle></robndbox></object><object><type>robndbox</type><name>wheat_head</name><pose>Unspecified</pose><truncated>0</truncated><difficult>0</difficult><robndbox><cx>891.64</cx><cy>14.4646</cy><w>30.8058</w><h>17.3583</h><angle>0.946773</angle></robndbox></object><object><type>robndbox</type><name>wheat_head</name><pose>Unspecified</pose><truncated>0</truncated><difficult>0</difficult><robndbox><cx>1002.9949</cx><cy>249.225</cy><w>42.45</w><h>33.1188</h><angle>2.389515</angle></robndbox></object><object><type>robndbox</type><name>wheat_head</name><pose>Unspecified</pose><truncated>0</truncated><difficult>0</difficult><robndbox><cx>655.1463</cx><cy>394.8732</cy><w>46.8188</w><h>18.4443</h><angle>1.222025</angle></robndbox></object><object><type>robndbox</type><name>wheat_head</name><pose>Unspecified</pose><truncated>0</truncated><difficult>0</difficult><robndbox><cx>201.5939</cx><cy>945.4361</cy><w>123.975</w><h>31.1427</h><angle>1.347683</angle></robndbox></object></annotation>