<annotation verified="no"><folder>images</folder><filename>504dc181d</filename><path>/home/badhon/Documents/thesis/final_dataset/ethz_1/images/504dc181d.jpg</path><source><database>Unknown</database></source><size><width>1024</width><height>1024</height><depth>3</depth></size><segmented>0</segmented><object><type>robndbox</type><name>wheat_head</name><pose>Unspecified</pose><truncated>0</truncated><difficult>0</difficult><robndbox><cx>261.496</cx><cy>357.5067</cy><w>109.5043</w><h>35.2724</h><angle>1.046293</angle></robndbox></object><object><type>robndbox</type><name>wheat_head</name><pose>Unspecified</pose><truncated>0</truncated><difficult>0</difficult><robndbox><cx>994.9347</cx><cy>852.8445</cy><w>59.7064</w><h>30.8966</h><angle>1.140409</angle></robndbox></object><object><type>robndbox</type><name>wheat_head</name><pose>Unspecified</pose><truncated>0</truncated><difficult>0</difficult><robndbox><cx>437.0873</cx><cy>460.4109</cy><w>67.117</w><h>34.7702</h><angle>1.004666</angle></robndbox></object><object><type>robndbox</type><name>wheat_head</name><pose>Unspecified</pose><truncated>0</truncated><difficult>0</difficult><robndbox><cx>986.903</cx><cy>491.2684</cy><w>68.3402</w><h>38.1447</h><angle>0.8835</angle></robndbox></object><object><type>robndbox</type><name>wheat_head</name><pose>Unspecified</pose><truncated>0</truncated><difficult>0</difficult><robndbox><cx>751.4016</cx><cy>956.2582</cy><w>86.2873</w><h>36.3621</h><angle>0.420143</angle></robndbox></object><object><type>robndbox</type><name>wheat_head</name><pose>Unspecified</pose><truncated>0</truncated><difficult>0</difficult><robndbox><cx>277.6685</cx><cy>773.0645</cy><w>78.3172</w><h>38.4734</h><angle>0.709781</angle></robndbox></object><object><type>robndbox</type><name>wheat_head</name><pose>Unspecified</pose><truncated>0</truncated><difficult>0</difficult><robndbox><cx>869.9194</cx><cy>988.0443</cy><w>59.6913</w><h>35.4575</h><angle>0.620344</angle></robndbox></object><object><type>robndbox</type><name>wheat_head</name><pose>Unspecified</pose><truncated>0</truncated><difficult>0</difficult><robndbox><cx>855.6181</cx><cy>146.3517</cy><w>82.3685</w><h>36.5553</h><angle>1.030582</angle></robndbox></object><object><type>robndbox</type><name>wheat_head</name><pose>Unspecified</pose><truncated>0</truncated><difficult>0</difficult><robndbox><cx>504.737</cx><cy>77.0901</cy><w>109.9403</w><h>39.5453</h><angle>0.877651</angle></robndbox></object><object><type>robndbox</type><name>wheat_head</name><pose>Unspecified</pose><truncated>0</truncated><difficult>0</difficult><robndbox><cx>395.4632</cx><cy>482.791</cy><w>87.3975</w><h>33.718</h><angle>0.975687</angle></robndbox></object><object><type>robndbox</type><name>wheat_head</name><pose>Unspecified</pose><truncated>0</truncated><difficult>0</difficult><robndbox><cx>898.9311</cx><cy>36.1628</cy><w>53.3803</w><h>31.5059</h><angle>1.693282</angle></robndbox></object><object><type>robndbox</type><name>wheat_head</name><pose>Unspecified</pose><truncated>0</truncated><difficult>0</difficult><robndbox><cx>621.7694</cx><cy>427.8815</cy><w>121.0729</w><h>42.4487</h><angle>2.045141</angle></robndbox></object><object><type>robndbox</type><name>wheat_head</name><pose>Unspecified</pose><truncated>0</truncated><difficult>0</difficult><robndbox><cx>975.8704</cx><cy>266.5973</cy><w>51.2383</w><h>24.0462</h><angle>0.949742</angle></robndbox></object><object><type>robndbox</type><name>wheat_head</name><pose>Unspecified</pose><truncated>0</truncated><difficult>0</difficult><robndbox><cx>821.1511</cx><cy>271.4729</cy><w>57.6474</w><h>35.1784</h><angle>0.586936</angle></robndbox></object><object><type>robndbox</type><name>wheat_head</name><pose>Unspecified</pose><truncated>0</truncated><difficult>0</difficult><robndbox><cx>551.076</cx><cy>914.2438</cy><w>90.602</w><h>38.1517</h><angle>0.479016</angle></robndbox></object><object><type>robndbox</type><name>wheat_head</name><pose>Unspecified</pose><truncated>0</truncated><difficult>0</difficult><robndbox><cx>1001.639</cx><cy>252.4135</cy><w>61.5145</w><h>19.7965</h><angle>1.12406</angle></robndbox></object><object><type>robndbox</type><name>wheat_head</name><pose>Unspecified</pose><truncated>0</truncated><difficult>0</difficult><robndbox><cx>48.3114</cx><cy>450.6451</cy><w>70.8909</w><h>39.4314</h><angle>0.959802</angle></robndbox></object><object><type>robndbox</type><name>wheat_head</name><pose>Unspecified</pose><truncated>0</truncated><difficult>0</difficult><robndbox><cx>671.1871</cx><cy>533.7421</cy><w>83.8283</w><h>38.7135</h><angle>0.589616</angle></robndbox></object><object><type>robndbox</type><name>wheat_head</name><pose>Unspecified</pose><truncated>0</truncated><difficult>0</difficult><robndbox><cx>527.294</cx><cy>601.5452</cy><w>84.3774</w><h>39.4283</h><angle>0.504123</angle></robndbox></object><object><type>robndbox</type><name>wheat_head</name><pose>Unspecified</pose><truncated>0</truncated><difficult>0</difficult><robndbox><cx>47.0666</cx><cy>853.4007</cy><w>90.7977</w><h>40.7053</h><angle>0.336976</angle></robndbox></object><object><type>robndbox</type><name>wheat_head</name><pose>Unspecified</pose><truncated>0</truncated><difficult>0</difficult><robndbox><cx>510.674</cx><cy>175.6005</cy><w>62.629</w><h>30.4019</h><angle>0.417439</angle></robndbox></object><object><type>robndbox</type><name>wheat_head</name><pose>Unspecified</pose><truncated>0</truncated><difficult>0</difficult><robndbox><cx>176.6477</cx><cy>851.515</cy><w>48.0845</w><h>29.0289</h><angle>0.468512</angle></robndbox></object><object><type>robndbox</type><name>wheat_head</name><pose>Unspecified</pose><truncated>0</truncated><difficult>0</difficult><robndbox><cx>315.7097</cx><cy>923.4285</cy><w>44.7333</w><h>25.7191</h><angle>3.091369</angle></robndbox></object><object><type>robndbox</type><name>wheat_head</name><pose>Unspecified</pose><truncated>0</truncated><difficult>0</difficult><robndbox><cx>253.7753</cx><cy>466.0737</cy><w>39.6123</w><h>17.6113</h><angle>0.336596</angle></robndbox></object><object><type>robndbox</type><name>wheat_head</name><pose>Unspecified</pose><truncated>0</truncated><difficult>0</difficult><robndbox><cx>554.0725</cx><cy>501.5968</cy><w>112.158</w><h>41.6459</h><angle>0.609263</angle></robndbox></object><object><type>robndbox</type><name>wheat_head</name><pose>Unspecified</pose><truncated>0</truncated><difficult>0</difficult><robndbox><cx>930.809</cx><cy>176.5861</cy><w>76.2633</w><h>41.1344</h><angle>0.617254</angle></robndbox></object><object><type>robndbox</type><name>wheat_head</name><pose>Unspecified</pose><truncated>0</truncated><difficult>0</difficult><robndbox><cx>334.3773</cx><cy>306.8282</cy><w>57.034</w><h>28.686</h><angle>0.47516</angle></robndbox></object><object><type>robndbox</type><name>wheat_head</name><pose>Unspecified</pose><truncated>0</truncated><difficult>0</difficult><robndbox><cx>570.3727</cx><cy>758.6481</cy><w>56.9368</w><h>29.4073</h><angle>0.384326</angle></robndbox></object><object><type>robndbox</type><name>wheat_head</name><pose>Unspecified</pose><truncated>0</truncated><difficult>0</difficult><robndbox><cx>767.5672</cx><cy>770.6434</cy><w>92.4875</w><h>40.947</h><angle>0.336116</angle></robndbox></object><object><type>robndbox</type><name>wheat_head</name><pose>Unspecified</pose><truncated>0</truncated><difficult>0</difficult><robndbox><cx>470.6169</cx><cy>774.8563</cy><w>55.0368</w><h>28.3848</h><angle>1.191654</angle></robndbox></object><object><type>robndbox</type><name>wheat_head</name><pose>Unspecified</pose><truncated>0</truncated><difficult>0</difficult><robndbox><cx>374.4004</cx><cy>631.8138</cy><w>66.2601</w><h>41.0762</h><angle>0.538086</angle></robndbox></object><object><type>robndbox</type><name>wheat_head</name><pose>Unspecified</pose><truncated>0</truncated><difficult>0</difficult><robndbox><cx>767.0472</cx><cy>606.9396</cy><w>46.6767</w><h>35.7216</h><angle>1.545418</angle></robndbox></object><object><type>robndbox</type><name>wheat_head</name><pose>Unspecified</pose><truncated>0</truncated><difficult>0</difficult><robndbox><cx>527.5259</cx><cy>781.9705</cy><w>80.9164</w><h>36.2197</h><angle>0.638952</angle></robndbox></object><object><type>robndbox</type><name>wheat_head</name><pose>Unspecified</pose><truncated>0</truncated><difficult>0</difficult><robndbox><cx>327.5402</cx><cy>963.9365</cy><w>35.719</w><h>32.5527</h><angle>0.960044</angle></robndbox></object><object><type>robndbox</type><name>wheat_head</name><pose>Unspecified</pose><truncated>0</truncated><difficult>0</difficult><robndbox><cx>565.4563</cx><cy>971.8604</cy><w>62.2928</w><h>34.4002</h><angle>0.130617</angle></robndbox></object><object><type>robndbox</type><name>wheat_head</name><pose>Unspecified</pose><truncated>0</truncated><difficult>0</difficult><robndbox><cx>568.4641</cx><cy>555.9225</cy><w>68.5664</w><h>25.7239</h><angle>0.056258</angle></robndbox></object><object><type>robndbox</type><name>wheat_head</name><pose>Unspecified</pose><truncated>0</truncated><difficult>0</difficult><robndbox><cx>204.6811</cx><cy>461.331</cy><w>48.3732</w><h>15.587</h><angle>0.720367</angle></robndbox></object><object><type>robndbox</type><name>wheat_head</name><pose>Unspecified</pose><truncated>0</truncated><difficult>0</difficult><robndbox><cx>421.255</cx><cy>119.3924</cy><w>52.3602</w><h>30.7646</h><angle>0.941647</angle></robndbox></object><object><type>robndbox</type><name>wheat_head</name><pose>Unspecified</pose><truncated>0</truncated><difficult>0</difficult><robndbox><cx>754.264</cx><cy>278.2634</cy><w>42.048</w><h>32.2079</h><angle>0.45545</angle></robndbox></object><object><type>robndbox</type><name>wheat_head</name><pose>Unspecified</pose><truncated>0</truncated><difficult>0</difficult><robndbox><cx>251.6576</cx><cy>587.2346</cy><w>59.9996</w><h>24.5458</h><angle>3.117567</angle></robndbox></object><object><type>robndbox</type><name>wheat_head</name><pose>Unspecified</pose><truncated>0</truncated><difficult>0</difficult><robndbox><cx>753.4482</cx><cy>527.355</cy><w>65.0019</w><h>31.8894</h><angle>0.301852</angle></robndbox></object><object><type>robndbox</type><name>wheat_head</name><pose>Unspecified</pose><truncated>0</truncated><difficult>0</difficult><robndbox><cx>875.2631</cx><cy>586.5828</cy><w>57.9723</w><h>29.4911</h><angle>0.00283</angle></robndbox></object><object><type>robndbox</type><name>wheat_head</name><pose>Unspecified</pose><truncated>0</truncated><difficult>0</difficult><robndbox><cx>270.7781</cx><cy>901.4105</cy><w>28.7871</w><h>26.9091</h><angle>1.981801</angle></robndbox></object><object><type>robndbox</type><name>wheat_head</name><pose>Unspecified</pose><truncated>0</truncated><difficult>0</difficult><robndbox><cx>955.3302</cx><cy>668.3787</cy><w>47.5221</w><h>30.2088</h><angle>0.095932</angle></robndbox></object><object><type>robndbox</type><name>wheat_head</name><pose>Unspecified</pose><truncated>0</truncated><difficult>0</difficult><robndbox><cx>192.2267</cx><cy>938.0088</cy><w>55.7902</w><h>25.3767</h><angle>0.076614</angle></robndbox></object><object><type>robndbox</type><name>wheat_head</name><pose>Unspecified</pose><truncated>0</truncated><difficult>0</difficult><robndbox><cx>317.6404</cx><cy>265.6207</cy><w>51.8996</w><h>30.8755</h><angle>0.470972</angle></robndbox></object><object><type>robndbox</type><name>wheat_head</name><pose>Unspecified</pose><truncated>0</truncated><difficult>0</difficult><robndbox><cx>717.7207</cx><cy>837.1253</cy><w>50.8264</w><h>32.905</h><angle>0.317486</angle></robndbox></object><object><type>robndbox</type><name>wheat_head</name><pose>Unspecified</pose><truncated>0</truncated><difficult>0</difficult><robndbox><cx>453.7497</cx><cy>873.6342</cy><w>59.0487</w><h>34.5681</h><angle>0.426024</angle></robndbox></object><object><type>robndbox</type><name>wheat_head</name><pose>Unspecified</pose><truncated>0</truncated><difficult>0</difficult><robndbox><cx>147.4737</cx><cy>614.105</cy><w>71.9347</w><h>32.0761</h><angle>3.106732</angle></robndbox></object><object><type>robndbox</type><name>wheat_head</name><pose>Unspecified</pose><truncated>0</truncated><difficult>0</difficult><robndbox><cx>80.272</cx><cy>571.6987</cy><w>40.6103</w><h>34.3877</h><angle>1.93326</angle></robndbox></object><object><type>robndbox</type><name>wheat_head</name><pose>Unspecified</pose><truncated>0</truncated><difficult>0</difficult><robndbox><cx>389.96</cx><cy>821.8563</cy><w>60.7737</w><h>30.635</h><angle>3.106362</angle></robndbox></object><object><type>robndbox</type><name>wheat_head</name><pose>Unspecified</pose><truncated>0</truncated><difficult>0</difficult><robndbox><cx>269.6859</cx><cy>491.8067</cy><w>80.6667</w><h>39.7984</h><angle>0.436596</angle></robndbox></object><object><type>robndbox</type><name>wheat_head</name><pose>Unspecified</pose><truncated>0</truncated><difficult>0</difficult><robndbox><cx>706.5693</cx><cy>494.8182</cy><w>44.4616</w><h>40.6339</h><angle>3.025714</angle></robndbox></object><object><type>robndbox</type><name>wheat_head</name><pose>Unspecified</pose><truncated>0</truncated><difficult>0</difficult><robndbox><cx>640.6869</cx><cy>332.4026</cy><w>36.6918</w><h>31.0325</h><angle>2.867824</angle></robndbox></object><object><type>robndbox</type><name>wheat_head</name><pose>Unspecified</pose><truncated>0</truncated><difficult>0</difficult><robndbox><cx>718.1049</cx><cy>229.9493</cy><w>44.5727</w><h>28.6888</h><angle>0.015156</angle></robndbox></object><object><type>robndbox</type><name>wheat_head</name><pose>Unspecified</pose><truncated>0</truncated><difficult>0</difficult><robndbox><cx>229.2087</cx><cy>10.2999</cy><w>33.5994</w><h>23.688</h><angle>0.050581</angle></robndbox></object></annotation>