<annotation verified="no"><folder>images</folder><filename>50c47d6b5</filename><path>/home/badhon/Documents/thesis/final_dataset/ethz_1/images/50c47d6b5.jpg</path><source><database>Unknown</database></source><size><width>1024</width><height>1024</height><depth>3</depth></size><segmented>0</segmented><object><type>robndbox</type><name>wheat_head</name><pose>Unspecified</pose><truncated>0</truncated><difficult>0</difficult><robndbox><cx>229.8947</cx><cy>145.1987</cy><w>111.6657</w><h>33.0629</h><angle>0.916264</angle></robndbox></object><object><type>robndbox</type><name>wheat_head</name><pose>Unspecified</pose><truncated>0</truncated><difficult>0</difficult><robndbox><cx>789.6788</cx><cy>508.1874</cy><w>99.976</w><h>37.9244</h><angle>0.527912</angle></robndbox></object><object><type>robndbox</type><name>wheat_head</name><pose>Unspecified</pose><truncated>0</truncated><difficult>0</difficult><robndbox><cx>887.5384</cx><cy>123.7367</cy><w>113.5417</w><h>41.8979</h><angle>0.683281</angle></robndbox></object><object><type>robndbox</type><name>wheat_head</name><pose>Unspecified</pose><truncated>0</truncated><difficult>0</difficult><robndbox><cx>8.5059</cx><cy>599.9069</cy><w>24.9142</w><h>18.9089</h><angle>1.605282</angle></robndbox></object><object><type>robndbox</type><name>wheat_head</name><pose>Unspecified</pose><truncated>0</truncated><difficult>0</difficult><robndbox><cx>322.2414</cx><cy>507.792</cy><w>46.7308</w><h>22.4746</h><angle>0.674058</angle></robndbox></object><object><type>robndbox</type><name>wheat_head</name><pose>Unspecified</pose><truncated>0</truncated><difficult>0</difficult><robndbox><cx>973.6971</cx><cy>713.7592</cy><w>48.375</w><h>36.0404</h><angle>1.117952</angle></robndbox></object><object><type>robndbox</type><name>wheat_head</name><pose>Unspecified</pose><truncated>0</truncated><difficult>0</difficult><robndbox><cx>411.2647</cx><cy>237.2723</cy><w>109.2816</w><h>31.8004</h><angle>0.968469</angle></robndbox></object><object><type>robndbox</type><name>wheat_head</name><pose>Unspecified</pose><truncated>0</truncated><difficult>0</difficult><robndbox><cx>164.1549</cx><cy>198.5148</cy><w>58.9427</w><h>36.2587</h><angle>0.649231</angle></robndbox></object><object><type>robndbox</type><name>wheat_head</name><pose>Unspecified</pose><truncated>0</truncated><difficult>0</difficult><robndbox><cx>382.2101</cx><cy>915.5237</cy><w>79.3135</w><h>37.3087</h><angle>0.872821</angle></robndbox></object><object><type>robndbox</type><name>wheat_head</name><pose>Unspecified</pose><truncated>0</truncated><difficult>0</difficult><robndbox><cx>232.6322</cx><cy>813.8209</cy><w>93.8348</w><h>40.531</h><angle>0.660829</angle></robndbox></object><object><type>robndbox</type><name>wheat_head</name><pose>Unspecified</pose><truncated>0</truncated><difficult>0</difficult><robndbox><cx>325.6559</cx><cy>846.2234</cy><w>76.8694</w><h>37.8644</h><angle>0.471048</angle></robndbox></object><object><type>robndbox</type><name>wheat_head</name><pose>Unspecified</pose><truncated>0</truncated><difficult>0</difficult><robndbox><cx>591.2545</cx><cy>18.5832</cy><w>64.0778</w><h>36.4089</h><angle>0.494412</angle></robndbox></object><object><type>robndbox</type><name>wheat_head</name><pose>Unspecified</pose><truncated>0</truncated><difficult>0</difficult><robndbox><cx>104.0018</cx><cy>310.9776</cy><w>130.5614</w><h>36.9769</h><angle>0.201066</angle></robndbox></object><object><type>robndbox</type><name>wheat_head</name><pose>Unspecified</pose><truncated>0</truncated><difficult>0</difficult><robndbox><cx>930.024</cx><cy>26.9218</cy><w>63.6565</w><h>34.3577</h><angle>0.474442</angle></robndbox></object><object><type>robndbox</type><name>wheat_head</name><pose>Unspecified</pose><truncated>0</truncated><difficult>0</difficult><robndbox><cx>53.7617</cx><cy>508.5046</cy><w>69.0025</w><h>37.4183</h><angle>0.56517</angle></robndbox></object><object><type>robndbox</type><name>wheat_head</name><pose>Unspecified</pose><truncated>0</truncated><difficult>0</difficult><robndbox><cx>19.0634</cx><cy>24.9719</cy><w>45.9048</w><h>26.867</h><angle>1.254067</angle></robndbox></object><object><type>robndbox</type><name>wheat_head</name><pose>Unspecified</pose><truncated>0</truncated><difficult>0</difficult><robndbox><cx>799.1852</cx><cy>225.3955</cy><w>52.1445</w><h>33.4133</h><angle>0.513454</angle></robndbox></object><object><type>robndbox</type><name>wheat_head</name><pose>Unspecified</pose><truncated>0</truncated><difficult>0</difficult><robndbox><cx>190.6955</cx><cy>7.0537</cy><w>54.1599</w><h>18.9493</h><angle>0.111936</angle></robndbox></object><object><type>robndbox</type><name>wheat_head</name><pose>Unspecified</pose><truncated>0</truncated><difficult>0</difficult><robndbox><cx>454.3813</cx><cy>553.4238</cy><w>78.2149</w><h>38.7212</h><angle>0.368182</angle></robndbox></object><object><type>robndbox</type><name>wheat_head</name><pose>Unspecified</pose><truncated>0</truncated><difficult>0</difficult><robndbox><cx>801.41</cx><cy>104.1439</cy><w>50.8119</w><h>30.7052</h><angle>1.195418</angle></robndbox></object><object><type>robndbox</type><name>wheat_head</name><pose>Unspecified</pose><truncated>0</truncated><difficult>0</difficult><robndbox><cx>153.3827</cx><cy>474.0168</cy><w>50.2179</w><h>28.2172</h><angle>1.285062</angle></robndbox></object><object><type>robndbox</type><name>wheat_head</name><pose>Unspecified</pose><truncated>0</truncated><difficult>0</difficult><robndbox><cx>580.6693</cx><cy>781.8825</cy><w>61.0652</w><h>38.3164</h><angle>2.503311</angle></robndbox></object><object><type>robndbox</type><name>wheat_head</name><pose>Unspecified</pose><truncated>0</truncated><difficult>0</difficult><robndbox><cx>87.2083</cx><cy>656.0806</cy><w>58.2021</w><h>28.7432</h><angle>0.695316</angle></robndbox></object><object><type>robndbox</type><name>wheat_head</name><pose>Unspecified</pose><truncated>0</truncated><difficult>0</difficult><robndbox><cx>197.6006</cx><cy>371.8984</cy><w>53.1196</w><h>28.6593</h><angle>0.668685</angle></robndbox></object><object><type>robndbox</type><name>wheat_head</name><pose>Unspecified</pose><truncated>0</truncated><difficult>0</difficult><robndbox><cx>734.5803</cx><cy>848.7672</cy><w>59.3294</w><h>36.2632</h><angle>0.534976</angle></robndbox></object><object><type>robndbox</type><name>wheat_head</name><pose>Unspecified</pose><truncated>0</truncated><difficult>0</difficult><robndbox><cx>892.565</cx><cy>314.622</cy><w>60.9447</w><h>36.0344</h><angle>0.494088</angle></robndbox></object><object><type>robndbox</type><name>wheat_head</name><pose>Unspecified</pose><truncated>0</truncated><difficult>0</difficult><robndbox><cx>88.2896</cx><cy>1002.4009</cy><w>58.6824</w><h>29.0032</h><angle>0.139403</angle></robndbox></object><object><type>robndbox</type><name>wheat_head</name><pose>Unspecified</pose><truncated>0</truncated><difficult>0</difficult><robndbox><cx>829.7274</cx><cy>733.6802</cy><w>56.0516</w><h>35.3604</h><angle>2.551385</angle></robndbox></object><object><type>robndbox</type><name>wheat_head</name><pose>Unspecified</pose><truncated>0</truncated><difficult>0</difficult><robndbox><cx>120.0746</cx><cy>627.8773</cy><w>78.4555</w><h>34.879</h><angle>0.675984</angle></robndbox></object><object><type>robndbox</type><name>wheat_head</name><pose>Unspecified</pose><truncated>0</truncated><difficult>0</difficult><robndbox><cx>201.2118</cx><cy>605.986</cy><w>52.3168</w><h>31.4158</h><angle>0.589103</angle></robndbox></object><object><type>robndbox</type><name>wheat_head</name><pose>Unspecified</pose><truncated>0</truncated><difficult>0</difficult><robndbox><cx>706.9529</cx><cy>532.5631</cy><w>55.0592</w><h>36.5383</h><angle>0.552159</angle></robndbox></object><object><type>robndbox</type><name>wheat_head</name><pose>Unspecified</pose><truncated>0</truncated><difficult>0</difficult><robndbox><cx>641.6827</cx><cy>306.9151</cy><w>56.4093</w><h>34.1301</h><angle>0.498019</angle></robndbox></object><object><type>robndbox</type><name>wheat_head</name><pose>Unspecified</pose><truncated>0</truncated><difficult>0</difficult><robndbox><cx>379.0625</cx><cy>336.6235</cy><w>88.6419</w><h>35.5376</h><angle>0.454318</angle></robndbox></object><object><type>robndbox</type><name>wheat_head</name><pose>Unspecified</pose><truncated>0</truncated><difficult>0</difficult><robndbox><cx>331.4688</cx><cy>930.9619</cy><w>62.76</w><h>30.164</h><angle>0.257399</angle></robndbox></object><object><type>robndbox</type><name>wheat_head</name><pose>Unspecified</pose><truncated>0</truncated><difficult>0</difficult><robndbox><cx>390.4114</cx><cy>79.5079</cy><w>43.2266</w><h>29.1154</h><angle>1.058145</angle></robndbox></object><object><type>robndbox</type><name>wheat_head</name><pose>Unspecified</pose><truncated>0</truncated><difficult>0</difficult><robndbox><cx>607.8742</cx><cy>680.4259</cy><w>43.364</w><h>26.1747</h><angle>0.248988</angle></robndbox></object><object><type>robndbox</type><name>wheat_head</name><pose>Unspecified</pose><truncated>0</truncated><difficult>0</difficult><robndbox><cx>622.0081</cx><cy>195.3955</cy><w>50.3921</w><h>34.8583</h><angle>0.506427</angle></robndbox></object><object><type>robndbox</type><name>wheat_head</name><pose>Unspecified</pose><truncated>0</truncated><difficult>0</difficult><robndbox><cx>294.5925</cx><cy>207.3177</cy><w>62.7383</w><h>30.1895</h><angle>2.763973</angle></robndbox></object><object><type>robndbox</type><name>wheat_head</name><pose>Unspecified</pose><truncated>0</truncated><difficult>0</difficult><robndbox><cx>79.426</cx><cy>227.0959</cy><w>78.9953</w><h>33.3857</h><angle>1.599911</angle></robndbox></object><object><type>robndbox</type><name>wheat_head</name><pose>Unspecified</pose><truncated>0</truncated><difficult>0</difficult><robndbox><cx>205.6479</cx><cy>534.6971</cy><w>45.0867</w><h>29.3828</h><angle>0.695567</angle></robndbox></object><object><type>robndbox</type><name>wheat_head</name><pose>Unspecified</pose><truncated>0</truncated><difficult>0</difficult><robndbox><cx>766.803</cx><cy>1009.2267</cy><w>48.2397</w><h>25.2643</h><angle>2.996729</angle></robndbox></object><object><type>robndbox</type><name>wheat_head</name><pose>Unspecified</pose><truncated>0</truncated><difficult>0</difficult><robndbox><cx>37.3456</cx><cy>418.0763</cy><w>72.4149</w><h>33.3324</h><angle>0.160528</angle></robndbox></object><object><type>robndbox</type><name>wheat_head</name><pose>Unspecified</pose><truncated>0</truncated><difficult>0</difficult><robndbox><cx>928.2829</cx><cy>983.6301</cy><w>78.8164</w><h>33.1497</h><angle>0.200277</angle></robndbox></object><object><type>robndbox</type><name>wheat_head</name><pose>Unspecified</pose><truncated>0</truncated><difficult>0</difficult><robndbox><cx>970.6893</cx><cy>543.1809</cy><w>58.5947</w><h>33.2394</h><angle>0.372221</angle></robndbox></object><object><type>robndbox</type><name>wheat_head</name><pose>Unspecified</pose><truncated>0</truncated><difficult>0</difficult><robndbox><cx>469.5231</cx><cy>337.6514</cy><w>59.9089</w><h>27.6975</h><angle>2.937815</angle></robndbox></object><object><type>robndbox</type><name>wheat_head</name><pose>Unspecified</pose><truncated>0</truncated><difficult>0</difficult><robndbox><cx>159.3827</cx><cy>481.0168</cy><w>50.2179</w><h>28.2172</h><angle>1.285062</angle></robndbox></object><object><type>robndbox</type><name>wheat_head</name><pose>Unspecified</pose><truncated>0</truncated><difficult>0</difficult><robndbox><cx>899.871</cx><cy>74.1359</cy><w>59.7211</w><h>25.2626</h><angle>0.03211</angle></robndbox></object><object><type>robndbox</type><name>wheat_head</name><pose>Unspecified</pose><truncated>0</truncated><difficult>0</difficult><robndbox><cx>51.766</cx><cy>967.8047</cy><w>81.6544</w><h>25.3292</h><angle>0.068664</angle></robndbox></object><object><type>robndbox</type><name>wheat_head</name><pose>Unspecified</pose><truncated>0</truncated><difficult>0</difficult><robndbox><cx>436.1851</cx><cy>278.8085</cy><w>43.0328</w><h>28.6985</h><angle>1.286099</angle></robndbox></object><object><type>robndbox</type><name>wheat_head</name><pose>Unspecified</pose><truncated>0</truncated><difficult>0</difficult><robndbox><cx>199.8044</cx><cy>450.9494</cy><w>58.2243</w><h>27.1909</h><angle>3.064741</angle></robndbox></object><object><type>robndbox</type><name>wheat_head</name><pose>Unspecified</pose><truncated>0</truncated><difficult>0</difficult><robndbox><cx>689.471</cx><cy>9.8402</cy><w>38.6799</w><h>20.6722</h><angle>0.042345</angle></robndbox></object><object><type>robndbox</type><name>wheat_head</name><pose>Unspecified</pose><truncated>0</truncated><difficult>0</difficult><robndbox><cx>397.3544</cx><cy>300.2489</cy><w>48.8664</w><h>33.575</h><angle>0.412822</angle></robndbox></object><object><type>robndbox</type><name>wheat_head</name><pose>Unspecified</pose><truncated>0</truncated><difficult>0</difficult><robndbox><cx>736.5423</cx><cy>938.1298</cy><w>48.0029</w><h>34.8152</h><angle>1.023354</angle></robndbox></object><object><type>robndbox</type><name>wheat_head</name><pose>Unspecified</pose><truncated>0</truncated><difficult>0</difficult><robndbox><cx>811.69</cx><cy>666.2755</cy><w>34.9558</w><h>27.9588</h><angle>0.264624</angle></robndbox></object><object><type>robndbox</type><name>wheat_head</name><pose>Unspecified</pose><truncated>0</truncated><difficult>0</difficult><robndbox><cx>808.4692</cx><cy>858.0848</cy><w>68.3533</w><h>36.9509</h><angle>0.235396</angle></robndbox></object><object><type>robndbox</type><name>wheat_head</name><pose>Unspecified</pose><truncated>0</truncated><difficult>0</difficult><robndbox><cx>1005.4036</cx><cy>586.0607</cy><w>30.3864</w><h>28.597</h><angle>2.0586</angle></robndbox></object><object><type>robndbox</type><name>wheat_head</name><pose>Unspecified</pose><truncated>0</truncated><difficult>0</difficult><robndbox><cx>837.6164</cx><cy>973.776</cy><w>58.3413</w><h>31.8789</h><angle>0.268829</angle></robndbox></object><object><type>robndbox</type><name>wheat_head</name><pose>Unspecified</pose><truncated>0</truncated><difficult>0</difficult><robndbox><cx>11.8107</cx><cy>360.8593</cy><w>28.2025</w><h>25.0046</h><angle>1.383085</angle></robndbox></object><object><type>robndbox</type><name>wheat_head</name><pose>Unspecified</pose><truncated>0</truncated><difficult>0</difficult><robndbox><cx>816.9006</cx><cy>608.1555</cy><w>51.8562</w><h>34.7977</h><angle>0.440628</angle></robndbox></object><object><type>robndbox</type><name>wheat_head</name><pose>Unspecified</pose><truncated>0</truncated><difficult>0</difficult><robndbox><cx>591.5961</cx><cy>581.5024</cy><w>80.2592</w><h>25.6629</h><angle>0.383855</angle></robndbox></object><object><type>robndbox</type><name>wheat_head</name><pose>Unspecified</pose><truncated>0</truncated><difficult>0</difficult><robndbox><cx>24.7378</cx><cy>850.2421</cy><w>35.5031</w><h>26.8384</h><angle>2.957849</angle></robndbox></object><object><type>robndbox</type><name>wheat_head</name><pose>Unspecified</pose><truncated>0</truncated><difficult>0</difficult><robndbox><cx>578.3097</cx><cy>508.4399</cy><w>55.2526</w><h>36.5136</h><angle>0.302473</angle></robndbox></object><object><type>robndbox</type><name>wheat_head</name><pose>Unspecified</pose><truncated>0</truncated><difficult>0</difficult><robndbox><cx>923.5</cx><cy>951.0</cy><w>31.0617</w><h>27.3204</h><angle>1.833001</angle></robndbox></object><object><type>robndbox</type><name>wheat_head</name><pose>Unspecified</pose><truncated>0</truncated><difficult>0</difficult><robndbox><cx>521.1133</cx><cy>75.5768</cy><w>61.7819</w><h>34.1689</h><angle>2.88243</angle></robndbox></object><object><type>robndbox</type><name>wheat_head</name><pose>Unspecified</pose><truncated>0</truncated><difficult>0</difficult><robndbox><cx>219.5561</cx><cy>958.8957</cy><w>89.2732</w><h>35.9024</h><angle>0.128722</angle></robndbox></object><object><type>robndbox</type><name>wheat_head</name><pose>Unspecified</pose><truncated>0</truncated><difficult>0</difficult><robndbox><cx>379.1104</cx><cy>39.5288</cy><w>104.1158</w><h>38.1314</h><angle>0.060188</angle></robndbox></object><object><type>robndbox</type><name>wheat_head</name><pose>Unspecified</pose><truncated>0</truncated><difficult>0</difficult><robndbox><cx>22.0922</cx><cy>117.4339</cy><w>33.1046</w><h>31.8428</h><angle>1.913147</angle></robndbox></object><object><type>robndbox</type><name>wheat_head</name><pose>Unspecified</pose><truncated>0</truncated><difficult>0</difficult><robndbox><cx>496.7923</cx><cy>597.7795</cy><w>33.5824</w><h>33.0199</h><angle>1.29866</angle></robndbox></object><object><type>robndbox</type><name>wheat_head</name><pose>Unspecified</pose><truncated>0</truncated><difficult>0</difficult><robndbox><cx>990.9187</cx><cy>662.6705</cy><w>42.1626</w><h>26.518</h><angle>2.877755</angle></robndbox></object><object><type>robndbox</type><name>wheat_head</name><pose>Unspecified</pose><truncated>0</truncated><difficult>0</difficult><robndbox><cx>964.6882</cx><cy>121.6454</cy><w>38.6412</w><h>31.8469</h><angle>1.923333</angle></robndbox></object><object><type>robndbox</type><name>wheat_head</name><pose>Unspecified</pose><truncated>0</truncated><difficult>0</difficult><robndbox><cx>285.6436</cx><cy>249.3118</cy><w>88.3514</w><h>31.4488</h><angle>0.101434</angle></robndbox></object><object><type>robndbox</type><name>wheat_head</name><pose>Unspecified</pose><truncated>0</truncated><difficult>0</difficult><robndbox><cx>313.9048</cx><cy>326.3156</cy><w>33.5078</w><h>31.8553</h><angle>2.433001</angle></robndbox></object><object><type>robndbox</type><name>wheat_head</name><pose>Unspecified</pose><truncated>0</truncated><difficult>0</difficult><robndbox><cx>218.877</cx><cy>486.0996</cy><w>65.6091</w><h>18.6342</h><angle>2.767108</angle></robndbox></object><object><type>robndbox</type><name>wheat_head</name><pose>Unspecified</pose><truncated>0</truncated><difficult>0</difficult><robndbox><cx>461.1125</cx><cy>405.0253</cy><w>37.7998</w><h>28.0733</h><angle>0.08809</angle></robndbox></object><object><type>robndbox</type><name>wheat_head</name><pose>Unspecified</pose><truncated>0</truncated><difficult>0</difficult><robndbox><cx>1005.6685</cx><cy>383.1861</cy><w>34.2754</w><h>27.8444</h><angle>1.656869</angle></robndbox></object><object><type>robndbox</type><name>wheat_head</name><pose>Unspecified</pose><truncated>0</truncated><difficult>0</difficult><robndbox><cx>666.8303</cx><cy>948.7989</cy><w>56.1306</w><h>34.2749</h><angle>0.470456</angle></robndbox></object><object><type>robndbox</type><name>wheat_head</name><pose>Unspecified</pose><truncated>0</truncated><difficult>0</difficult><robndbox><cx>453.73</cx><cy>681.6492</cy><w>62.1969</w><h>33.8385</h><angle>2.955149</angle></robndbox></object><object><type>robndbox</type><name>wheat_head</name><pose>Unspecified</pose><truncated>0</truncated><difficult>0</difficult><robndbox><cx>360.7849</cx><cy>671.498</cy><w>63.4913</w><h>30.2047</h><angle>0.072628</angle></robndbox></object><object><type>robndbox</type><name>wheat_head</name><pose>Unspecified</pose><truncated>0</truncated><difficult>0</difficult><robndbox><cx>141.6453</cx><cy>577.2335</cy><w>33.3967</w><h>31.5</h><angle>0.029266</angle></robndbox></object><object><type>robndbox</type><name>wheat_head</name><pose>Unspecified</pose><truncated>0</truncated><difficult>0</difficult><robndbox><cx>624.3346</cx><cy>569.1795</cy><w>83.3905</w><h>29.2401</h><angle>0.183855</angle></robndbox></object><object><type>robndbox</type><name>wheat_head</name><pose>Unspecified</pose><truncated>0</truncated><difficult>0</difficult><robndbox><cx>247.9189</cx><cy>758.261</cy><w>74.1544</w><h>40.6939</h><angle>3.031946</angle></robndbox></object><object><type>robndbox</type><name>wheat_head</name><pose>Unspecified</pose><truncated>0</truncated><difficult>0</difficult><robndbox><cx>308.1461</cx><cy>632.6664</cy><w>71.1561</w><h>36.8388</h><angle>0.389887</angle></robndbox></object><object><type>robndbox</type><name>wheat_head</name><pose>Unspecified</pose><truncated>0</truncated><difficult>0</difficult><robndbox><cx>569.1353</cx><cy>914.4178</cy><w>48.8017</w><h>34.25</h><angle>2.58031</angle></robndbox></object><object><type>robndbox</type><name>wheat_head</name><pose>Unspecified</pose><truncated>0</truncated><difficult>0</difficult><robndbox><cx>578.6279</cx><cy>986.6046</cy><w>35.3555</w><h>31.6182</h><angle>0.084996</angle></robndbox></object><object><type>robndbox</type><name>wheat_head</name><pose>Unspecified</pose><truncated>0</truncated><difficult>0</difficult><robndbox><cx>673.6096</cx><cy>1002.757</cy><w>27.7293</w><h>25.6141</h><angle>0.046883</angle></robndbox></object><object><type>robndbox</type><name>wheat_head</name><pose>Unspecified</pose><truncated>0</truncated><difficult>0</difficult><robndbox><cx>881.1624</cx><cy>8.0378</cy><w>32.7748</w><h>13.6898</h><angle>0.006981</angle></robndbox></object><object><type>robndbox</type><name>wheat_head</name><pose>Unspecified</pose><truncated>0</truncated><difficult>0</difficult><robndbox><cx>303.9013</cx><cy>525.6545</cy><w>84.5402</w><h>32.2778</h><angle>0.674058</angle></robndbox></object><object><type>robndbox</type><name>wheat_head</name><pose>Unspecified</pose><truncated>0</truncated><difficult>0</difficult><robndbox><cx>238.5143</cx><cy>500.7206</cy><w>51.1957</w><h>33.1746</h><angle>2.925042</angle></robndbox></object><object><type>robndbox</type><name>wheat_head</name><pose>Unspecified</pose><truncated>0</truncated><difficult>0</difficult><robndbox><cx>240.0096</cx><cy>207.419</cy><w>38.1838</w><h>24.9784</h><angle>0.785398</angle></robndbox></object><object><type>robndbox</type><name>wheat_head</name><pose>Unspecified</pose><truncated>0</truncated><difficult>0</difficult><robndbox><cx>408.5317</cx><cy>8.8212</cy><w>40.7185</w><h>19.4032</h><angle>2.7109</angle></robndbox></object></annotation>