<annotation verified="no"><folder>images</folder><filename>51544e05c</filename><path>/home/badhon/Documents/thesis/final_dataset/ethz_1/images/51544e05c.jpg</path><source><database>Unknown</database></source><size><width>1024</width><height>1024</height><depth>3</depth></size><segmented>0</segmented><object><type>robndbox</type><name>wheat_head</name><pose>Unspecified</pose><truncated>0</truncated><difficult>0</difficult><robndbox><cx>302.582</cx><cy>98.8714</cy><w>95.2923</w><h>33.7684</h><angle>1.000024</angle></robndbox></object><object><type>robndbox</type><name>wheat_head</name><pose>Unspecified</pose><truncated>0</truncated><difficult>0</difficult><robndbox><cx>275.5612</cx><cy>677.5492</cy><w>87.6068</w><h>36.4872</h><angle>1.167589</angle></robndbox></object><object><type>robndbox</type><name>wheat_head</name><pose>Unspecified</pose><truncated>0</truncated><difficult>0</difficult><robndbox><cx>466.8975</cx><cy>975.4593</cy><w>71.4349</w><h>37.2833</h><angle>0.919034</angle></robndbox></object><object><type>robndbox</type><name>wheat_head</name><pose>Unspecified</pose><truncated>0</truncated><difficult>0</difficult><robndbox><cx>360.0977</cx><cy>267.6843</cy><w>115.548</w><h>41.191</h><angle>0.65649</angle></robndbox></object><object><type>robndbox</type><name>wheat_head</name><pose>Unspecified</pose><truncated>0</truncated><difficult>0</difficult><robndbox><cx>46.8527</cx><cy>366.86</cy><w>107.9023</w><h>40.485</h><angle>0.652279</angle></robndbox></object><object><type>robndbox</type><name>wheat_head</name><pose>Unspecified</pose><truncated>0</truncated><difficult>0</difficult><robndbox><cx>815.499</cx><cy>166.652</cy><w>62.5203</w><h>34.7901</h><angle>1.012594</angle></robndbox></object><object><type>robndbox</type><name>wheat_head</name><pose>Unspecified</pose><truncated>0</truncated><difficult>0</difficult><robndbox><cx>248.0805</cx><cy>123.291</cy><w>140.6946</w><h>31.2903</h><angle>0.728148</angle></robndbox></object><object><type>robndbox</type><name>wheat_head</name><pose>Unspecified</pose><truncated>0</truncated><difficult>0</difficult><robndbox><cx>778.7535</cx><cy>33.9281</cy><w>82.373</w><h>33.042</h><angle>1.130744</angle></robndbox></object><object><type>robndbox</type><name>wheat_head</name><pose>Unspecified</pose><truncated>0</truncated><difficult>0</difficult><robndbox><cx>272.8268</cx><cy>415.2732</cy><w>130.6744</w><h>43.0248</h><angle>0.695618</angle></robndbox></object><object><type>robndbox</type><name>wheat_head</name><pose>Unspecified</pose><truncated>0</truncated><difficult>0</difficult><robndbox><cx>769.2111</cx><cy>292.1766</cy><w>56.1269</w><h>30.9947</h><angle>0.711884</angle></robndbox></object><object><type>robndbox</type><name>wheat_head</name><pose>Unspecified</pose><truncated>0</truncated><difficult>0</difficult><robndbox><cx>64.0231</cx><cy>101.417</cy><w>86.4594</w><h>31.4539</h><angle>0.390887</angle></robndbox></object><object><type>robndbox</type><name>wheat_head</name><pose>Unspecified</pose><truncated>0</truncated><difficult>0</difficult><robndbox><cx>499.255</cx><cy>60.6284</cy><w>114.3333</w><h>38.0372</h><angle>0.96331</angle></robndbox></object><object><type>robndbox</type><name>wheat_head</name><pose>Unspecified</pose><truncated>0</truncated><difficult>0</difficult><robndbox><cx>99.1494</cx><cy>599.7646</cy><w>133.3391</w><h>40.8391</h><angle>0.602309</angle></robndbox></object><object><type>robndbox</type><name>wheat_head</name><pose>Unspecified</pose><truncated>0</truncated><difficult>0</difficult><robndbox><cx>538.9437</cx><cy>202.7897</cy><w>54.7929</w><h>35.093</h><angle>0.863276</angle></robndbox></object><object><type>robndbox</type><name>wheat_head</name><pose>Unspecified</pose><truncated>0</truncated><difficult>0</difficult><robndbox><cx>964.2891</cx><cy>269.166</cy><w>57.0721</w><h>35.1376</h><angle>2.109118</angle></robndbox></object><object><type>robndbox</type><name>wheat_head</name><pose>Unspecified</pose><truncated>0</truncated><difficult>0</difficult><robndbox><cx>929.8824</cx><cy>744.7545</cy><w>66.1153</w><h>34.4873</h><angle>0.972271</angle></robndbox></object><object><type>robndbox</type><name>wheat_head</name><pose>Unspecified</pose><truncated>0</truncated><difficult>0</difficult><robndbox><cx>533.8008</cx><cy>449.2243</cy><w>84.6298</w><h>38.0564</h><angle>0.657328</angle></robndbox></object><object><type>robndbox</type><name>wheat_head</name><pose>Unspecified</pose><truncated>0</truncated><difficult>0</difficult><robndbox><cx>757.0731</cx><cy>210.0355</cy><w>81.0026</w><h>38.5646</h><angle>1.154029</angle></robndbox></object><object><type>robndbox</type><name>wheat_head</name><pose>Unspecified</pose><truncated>0</truncated><difficult>0</difficult><robndbox><cx>996.5568</cx><cy>318.8539</cy><w>80.738</w><h>34.855</h><angle>1.859873</angle></robndbox></object><object><type>robndbox</type><name>wheat_head</name><pose>Unspecified</pose><truncated>0</truncated><difficult>0</difficult><robndbox><cx>572.9278</cx><cy>594.257</cy><w>94.7518</w><h>42.4739</h><angle>0.34777</angle></robndbox></object><object><type>robndbox</type><name>wheat_head</name><pose>Unspecified</pose><truncated>0</truncated><difficult>0</difficult><robndbox><cx>69.2232</cx><cy>155.1121</cy><w>128.6611</w><h>24.2234</h><angle>0.566682</angle></robndbox></object><object><type>robndbox</type><name>wheat_head</name><pose>Unspecified</pose><truncated>0</truncated><difficult>0</difficult><robndbox><cx>180.8885</cx><cy>125.5636</cy><w>116.477</w><h>36.2985</h><angle>0.714327</angle></robndbox></object><object><type>robndbox</type><name>wheat_head</name><pose>Unspecified</pose><truncated>0</truncated><difficult>0</difficult><robndbox><cx>65.6719</cx><cy>809.0649</cy><w>68.651</w><h>36.0829</h><angle>0.375137</angle></robndbox></object><object><type>robndbox</type><name>wheat_head</name><pose>Unspecified</pose><truncated>0</truncated><difficult>0</difficult><robndbox><cx>990.8822</cx><cy>756.8574</cy><w>48.2931</w><h>30.5463</h><angle>0.321993</angle></robndbox></object><object><type>robndbox</type><name>wheat_head</name><pose>Unspecified</pose><truncated>0</truncated><difficult>0</difficult><robndbox><cx>77.6563</cx><cy>938.8868</cy><w>66.8733</w><h>39.1972</h><angle>0.957377</angle></robndbox></object><object><type>robndbox</type><name>wheat_head</name><pose>Unspecified</pose><truncated>0</truncated><difficult>0</difficult><robndbox><cx>707.145</cx><cy>620.2887</cy><w>70.7699</w><h>37.2158</h><angle>0.636722</angle></robndbox></object><object><type>robndbox</type><name>wheat_head</name><pose>Unspecified</pose><truncated>0</truncated><difficult>0</difficult><robndbox><cx>895.7554</cx><cy>44.849</cy><w>59.6798</w><h>36.5445</h><angle>0.923844</angle></robndbox></object><object><type>robndbox</type><name>wheat_head</name><pose>Unspecified</pose><truncated>0</truncated><difficult>0</difficult><robndbox><cx>831.0316</cx><cy>618.737</cy><w>54.5808</w><h>39.9212</h><angle>0.640947</angle></robndbox></object><object><type>robndbox</type><name>wheat_head</name><pose>Unspecified</pose><truncated>0</truncated><difficult>0</difficult><robndbox><cx>119.2631</cx><cy>473.9724</cy><w>83.5721</w><h>36.5455</h><angle>0.571045</angle></robndbox></object><object><type>robndbox</type><name>wheat_head</name><pose>Unspecified</pose><truncated>0</truncated><difficult>0</difficult><robndbox><cx>614.3156</cx><cy>386.0161</cy><w>59.0162</w><h>36.2164</h><angle>0.614781</angle></robndbox></object><object><type>robndbox</type><name>wheat_head</name><pose>Unspecified</pose><truncated>0</truncated><difficult>0</difficult><robndbox><cx>830.3661</cx><cy>46.9355</cy><w>103.9371</w><h>31.6185</h><angle>1.387859</angle></robndbox></object><object><type>robndbox</type><name>wheat_head</name><pose>Unspecified</pose><truncated>0</truncated><difficult>0</difficult><robndbox><cx>454.8385</cx><cy>862.3036</cy><w>77.4826</w><h>39.6411</h><angle>0.619168</angle></robndbox></object><object><type>robndbox</type><name>wheat_head</name><pose>Unspecified</pose><truncated>0</truncated><difficult>0</difficult><robndbox><cx>762.8951</cx><cy>83.7409</cy><w>55.4022</w><h>34.4573</h><angle>0.894857</angle></robndbox></object><object><type>robndbox</type><name>wheat_head</name><pose>Unspecified</pose><truncated>0</truncated><difficult>0</difficult><robndbox><cx>549.9844</cx><cy>784.9084</cy><w>83.4825</w><h>36.0285</h><angle>0.908516</angle></robndbox></object><object><type>robndbox</type><name>wheat_head</name><pose>Unspecified</pose><truncated>0</truncated><difficult>0</difficult><robndbox><cx>79.6136</cx><cy>906.77</cy><w>130.2311</w><h>21.8852</h><angle>0.733882</angle></robndbox></object><object><type>robndbox</type><name>wheat_head</name><pose>Unspecified</pose><truncated>0</truncated><difficult>0</difficult><robndbox><cx>995.5209</cx><cy>537.2187</cy><w>47.1834</w><h>29.2166</h><angle>0.515016</angle></robndbox></object><object><type>robndbox</type><name>wheat_head</name><pose>Unspecified</pose><truncated>0</truncated><difficult>0</difficult><robndbox><cx>368.2243</cx><cy>827.03</cy><w>56.3236</w><h>31.9534</h><angle>0.655478</angle></robndbox></object><object><type>robndbox</type><name>wheat_head</name><pose>Unspecified</pose><truncated>0</truncated><difficult>0</difficult><robndbox><cx>116.3161</cx><cy>13.0051</cy><w>38.2816</w><h>27.3139</h><angle>0.092189</angle></robndbox></object><object><type>robndbox</type><name>wheat_head</name><pose>Unspecified</pose><truncated>0</truncated><difficult>0</difficult><robndbox><cx>356.0104</cx><cy>62.0396</cy><w>61.2163</w><h>30.9134</h><angle>0.408498</angle></robndbox></object><object><type>robndbox</type><name>wheat_head</name><pose>Unspecified</pose><truncated>0</truncated><difficult>0</difficult><robndbox><cx>378.0199</cx><cy>559.2001</cy><w>107.3668</w><h>43.0279</h><angle>0.391372</angle></robndbox></object><object><type>robndbox</type><name>wheat_head</name><pose>Unspecified</pose><truncated>0</truncated><difficult>0</difficult><robndbox><cx>781.4506</cx><cy>691.9011</cy><w>78.9029</w><h>33.4749</h><angle>0.173191</angle></robndbox></object><object><type>robndbox</type><name>wheat_head</name><pose>Unspecified</pose><truncated>0</truncated><difficult>0</difficult><robndbox><cx>739.4869</cx><cy>460.6504</cy><w>96.5738</w><h>37.658</h><angle>0.943334</angle></robndbox></object><object><type>robndbox</type><name>wheat_head</name><pose>Unspecified</pose><truncated>0</truncated><difficult>0</difficult><robndbox><cx>305.0274</cx><cy>982.3487</cy><w>81.1276</w><h>32.5663</h><angle>0.211687</angle></robndbox></object><object><type>robndbox</type><name>wheat_head</name><pose>Unspecified</pose><truncated>0</truncated><difficult>0</difficult><robndbox><cx>943.1271</cx><cy>367.7885</cy><w>74.512</w><h>37.5844</h><angle>0.557707</angle></robndbox></object><object><type>robndbox</type><name>wheat_head</name><pose>Unspecified</pose><truncated>0</truncated><difficult>0</difficult><robndbox><cx>437.335</cx><cy>729.4509</cy><w>77.901</w><h>33.9783</h><angle>1.839223</angle></robndbox></object><object><type>robndbox</type><name>wheat_head</name><pose>Unspecified</pose><truncated>0</truncated><difficult>0</difficult><robndbox><cx>22.2275</cx><cy>630.7338</cy><w>65.5978</w><h>31.8875</h><angle>1.31747</angle></robndbox></object><object><type>robndbox</type><name>wheat_head</name><pose>Unspecified</pose><truncated>0</truncated><difficult>0</difficult><robndbox><cx>982.219</cx><cy>453.6295</cy><w>73.038</w><h>39.26</h><angle>0.660781</angle></robndbox></object><object><type>robndbox</type><name>wheat_head</name><pose>Unspecified</pose><truncated>0</truncated><difficult>0</difficult><robndbox><cx>662.3612</cx><cy>479.1089</cy><w>96.6584</w><h>36.4237</h><angle>0.240022</angle></robndbox></object><object><type>robndbox</type><name>wheat_head</name><pose>Unspecified</pose><truncated>0</truncated><difficult>0</difficult><robndbox><cx>30.1403</cx><cy>51.2976</cy><w>49.3551</w><h>23.7187</h><angle>0.130761</angle></robndbox></object><object><type>robndbox</type><name>wheat_head</name><pose>Unspecified</pose><truncated>0</truncated><difficult>0</difficult><robndbox><cx>45.1694</cx><cy>181.8766</cy><w>92.2563</w><h>35.1019</h><angle>0.420335</angle></robndbox></object><object><type>robndbox</type><name>wheat_head</name><pose>Unspecified</pose><truncated>0</truncated><difficult>0</difficult><robndbox><cx>961.3171</cx><cy>576.1837</cy><w>73.0506</w><h>32.1117</h><angle>2.953467</angle></robndbox></object><object><type>robndbox</type><name>wheat_head</name><pose>Unspecified</pose><truncated>0</truncated><difficult>0</difficult><robndbox><cx>262.3492</cx><cy>183.2002</cy><w>76.8192</w><h>36.2286</h><angle>0.916684</angle></robndbox></object><object><type>robndbox</type><name>wheat_head</name><pose>Unspecified</pose><truncated>0</truncated><difficult>0</difficult><robndbox><cx>272.4225</cx><cy>578.6102</cy><w>54.7009</w><h>36.5155</h><angle>0.586521</angle></robndbox></object><object><type>robndbox</type><name>wheat_head</name><pose>Unspecified</pose><truncated>0</truncated><difficult>0</difficult><robndbox><cx>895.3519</cx><cy>635.4722</cy><w>58.9997</w><h>36.4195</h><angle>0.379939</angle></robndbox></object><object><type>robndbox</type><name>wheat_head</name><pose>Unspecified</pose><truncated>0</truncated><difficult>0</difficult><robndbox><cx>351.4943</cx><cy>445.5313</cy><w>41.3358</w><h>40.7718</h><angle>0.161477</angle></robndbox></object><object><type>robndbox</type><name>wheat_head</name><pose>Unspecified</pose><truncated>0</truncated><difficult>0</difficult><robndbox><cx>141.9719</cx><cy>800.6346</cy><w>73.8671</w><h>35.1905</h><angle>0.096934</angle></robndbox></object><object><type>robndbox</type><name>wheat_head</name><pose>Unspecified</pose><truncated>0</truncated><difficult>0</difficult><robndbox><cx>213.6141</cx><cy>977.5244</cy><w>64.4899</w><h>25.6678</h><angle>3.080095</angle></robndbox></object><object><type>robndbox</type><name>wheat_head</name><pose>Unspecified</pose><truncated>0</truncated><difficult>0</difficult><robndbox><cx>958.1327</cx><cy>914.2574</cy><w>48.0671</w><h>34.9065</h><angle>0.429661</angle></robndbox></object><object><type>robndbox</type><name>wheat_head</name><pose>Unspecified</pose><truncated>0</truncated><difficult>0</difficult><robndbox><cx>9.6702</cx><cy>1001.6135</cy><w>25.0396</w><h>20.0706</h><angle>1.729324</angle></robndbox></object><object><type>robndbox</type><name>wheat_head</name><pose>Unspecified</pose><truncated>0</truncated><difficult>0</difficult><robndbox><cx>813.5933</cx><cy>527.6149</cy><w>36.9309</w><h>32.2313</h><angle>1.813768</angle></robndbox></object><object><type>robndbox</type><name>wheat_head</name><pose>Unspecified</pose><truncated>0</truncated><difficult>0</difficult><robndbox><cx>926.9142</cx><cy>545.9477</cy><w>41.3706</w><h>37.6464</h><angle>2.788892</angle></robndbox></object><object><type>robndbox</type><name>wheat_head</name><pose>Unspecified</pose><truncated>0</truncated><difficult>0</difficult><robndbox><cx>964.2891</cx><cy>269.166</cy><w>57.0721</w><h>35.1376</h><angle>2.109118</angle></robndbox></object><object><type>robndbox</type><name>wheat_head</name><pose>Unspecified</pose><truncated>0</truncated><difficult>0</difficult><robndbox><cx>662.9774</cx><cy>6.8596</cy><w>25.786</w><h>9.9181</h><angle>0.000568</angle></robndbox></object><object><type>robndbox</type><name>wheat_head</name><pose>Unspecified</pose><truncated>0</truncated><difficult>0</difficult><robndbox><cx>161.9125</cx><cy>944.919</cy><w>43.1288</w><h>26.5029</h><angle>3.126806</angle></robndbox></object><object><type>robndbox</type><name>wheat_head</name><pose>Unspecified</pose><truncated>0</truncated><difficult>0</difficult><robndbox><cx>14.5539</cx><cy>420.705</cy><w>27.84</w><h>27.0836</h><angle>3.122917</angle></robndbox></object><object><type>robndbox</type><name>wheat_head</name><pose>Unspecified</pose><truncated>0</truncated><difficult>0</difficult><robndbox><cx>63.3874</cx><cy>756.2429</cy><w>51.7665</w><h>30.1574</h><angle>0.534606</angle></robndbox></object><object><type>robndbox</type><name>wheat_head</name><pose>Unspecified</pose><truncated>0</truncated><difficult>0</difficult><robndbox><cx>38.2712</cx><cy>598.0331</cy><w>83.4865</w><h>26.2122</h><angle>0.751513</angle></robndbox></object></annotation>