<annotation verified="no"><folder>images</folder><filename>557d15524</filename><path>/home/badhon/Documents/thesis/final_dataset/ethz_1/images/557d15524.jpg</path><source><database>Unknown</database></source><size><width>1024</width><height>1024</height><depth>3</depth></size><segmented>0</segmented><object><type>robndbox</type><name>wheat_head</name><pose>Unspecified</pose><truncated>0</truncated><difficult>0</difficult><robndbox><cx>218.1801</cx><cy>376.1459</cy><w>80.786</w><h>30.9345</h><angle>2.039649</angle></robndbox></object><object><type>robndbox</type><name>wheat_head</name><pose>Unspecified</pose><truncated>0</truncated><difficult>0</difficult><robndbox><cx>623.0438</cx><cy>968.4475</cy><w>96.8563</w><h>33.6843</h><angle>0.961222</angle></robndbox></object><object><type>robndbox</type><name>wheat_head</name><pose>Unspecified</pose><truncated>0</truncated><difficult>0</difficult><robndbox><cx>656.3442</cx><cy>614.4758</cy><w>83.2385</w><h>31.933</h><angle>1.197324</angle></robndbox></object><object><type>robndbox</type><name>wheat_head</name><pose>Unspecified</pose><truncated>0</truncated><difficult>0</difficult><robndbox><cx>326.7166</cx><cy>579.3759</cy><w>119.5238</w><h>31.7586</h><angle>0.60274</angle></robndbox></object><object><type>robndbox</type><name>wheat_head</name><pose>Unspecified</pose><truncated>0</truncated><difficult>0</difficult><robndbox><cx>981.2141</cx><cy>135.9999</cy><w>95.8625</w><h>29.26</h><angle>1.524394</angle></robndbox></object><object><type>robndbox</type><name>wheat_head</name><pose>Unspecified</pose><truncated>0</truncated><difficult>0</difficult><robndbox><cx>758.3374</cx><cy>708.2495</cy><w>58.996</w><h>27.3062</h><angle>1.022424</angle></robndbox></object><object><type>robndbox</type><name>wheat_head</name><pose>Unspecified</pose><truncated>0</truncated><difficult>0</difficult><robndbox><cx>138.8553</cx><cy>251.4559</cy><w>134.6968</w><h>35.6509</h><angle>1.424026</angle></robndbox></object><object><type>robndbox</type><name>wheat_head</name><pose>Unspecified</pose><truncated>0</truncated><difficult>0</difficult><robndbox><cx>686.5252</cx><cy>794.9433</cy><w>40.313</w><h>26.0203</h><angle>1.472727</angle></robndbox></object><object><type>robndbox</type><name>wheat_head</name><pose>Unspecified</pose><truncated>0</truncated><difficult>0</difficult><robndbox><cx>18.9372</cx><cy>356.1791</cy><w>65.7686</w><h>30.5549</h><angle>1.053744</angle></robndbox></object><object><type>robndbox</type><name>wheat_head</name><pose>Unspecified</pose><truncated>0</truncated><difficult>0</difficult><robndbox><cx>894.15</cx><cy>549.0438</cy><w>59.7252</w><h>34.7849</h><angle>2.566616</angle></robndbox></object><object><type>robndbox</type><name>wheat_head</name><pose>Unspecified</pose><truncated>0</truncated><difficult>0</difficult><robndbox><cx>644.0189</cx><cy>256.9209</cy><w>105.7674</w><h>32.6653</h><angle>1.401597</angle></robndbox></object><object><type>robndbox</type><name>wheat_head</name><pose>Unspecified</pose><truncated>0</truncated><difficult>0</difficult><robndbox><cx>83.1512</cx><cy>54.1266</cy><w>77.7395</w><h>36.591</h><angle>1.100013</angle></robndbox></object><object><type>robndbox</type><name>wheat_head</name><pose>Unspecified</pose><truncated>0</truncated><difficult>0</difficult><robndbox><cx>731.3564</cx><cy>701.9969</cy><w>65.4677</w><h>33.7501</h><angle>1.464346</angle></robndbox></object><object><type>robndbox</type><name>wheat_head</name><pose>Unspecified</pose><truncated>0</truncated><difficult>0</difficult><robndbox><cx>833.8797</cx><cy>673.0244</cy><w>65.0637</w><h>32.9054</h><angle>1.840574</angle></robndbox></object><object><type>robndbox</type><name>wheat_head</name><pose>Unspecified</pose><truncated>0</truncated><difficult>0</difficult><robndbox><cx>684.0725</cx><cy>989.0884</cy><w>51.0637</w><h>30.3014</h><angle>1.097392</angle></robndbox></object><object><type>robndbox</type><name>wheat_head</name><pose>Unspecified</pose><truncated>0</truncated><difficult>0</difficult><robndbox><cx>468.4266</cx><cy>530.1536</cy><w>87.9769</w><h>35.5984</h><angle>2.807293</angle></robndbox></object><object><type>robndbox</type><name>wheat_head</name><pose>Unspecified</pose><truncated>0</truncated><difficult>0</difficult><robndbox><cx>578.9162</cx><cy>276.1728</cy><w>105.3521</w><h>38.6307</h><angle>0.819567</angle></robndbox></object><object><type>robndbox</type><name>wheat_head</name><pose>Unspecified</pose><truncated>0</truncated><difficult>0</difficult><robndbox><cx>330.3877</cx><cy>623.9196</cy><w>106.0533</w><h>32.4897</h><angle>0.816422</angle></robndbox></object><object><type>robndbox</type><name>wheat_head</name><pose>Unspecified</pose><truncated>0</truncated><difficult>0</difficult><robndbox><cx>216.433</cx><cy>336.6277</cy><w>132.5963</w><h>39.0672</h><angle>1.136232</angle></robndbox></object><object><type>robndbox</type><name>wheat_head</name><pose>Unspecified</pose><truncated>0</truncated><difficult>0</difficult><robndbox><cx>794.7955</cx><cy>327.6794</cy><w>99.6824</w><h>31.011</h><angle>1.548673</angle></robndbox></object><object><type>robndbox</type><name>wheat_head</name><pose>Unspecified</pose><truncated>0</truncated><difficult>0</difficult><robndbox><cx>617.6096</cx><cy>348.1374</cy><w>102.3615</w><h>36.1494</h><angle>0.042988</angle></robndbox></object><object><type>robndbox</type><name>wheat_head</name><pose>Unspecified</pose><truncated>0</truncated><difficult>0</difficult><robndbox><cx>7.5244</cx><cy>55.0469</cy><w>25.3326</w><h>15.0737</h><angle>1.642</angle></robndbox></object><object><type>robndbox</type><name>wheat_head</name><pose>Unspecified</pose><truncated>0</truncated><difficult>0</difficult><robndbox><cx>893.5549</cx><cy>1004.2121</cy><w>45.9703</w><h>25.2762</h><angle>0.360048</angle></robndbox></object><object><type>robndbox</type><name>wheat_head</name><pose>Unspecified</pose><truncated>0</truncated><difficult>0</difficult><robndbox><cx>799.9107</cx><cy>696.2161</cy><w>50.2155</w><h>18.6101</h><angle>0.802414</angle></robndbox></object><object><type>robndbox</type><name>wheat_head</name><pose>Unspecified</pose><truncated>0</truncated><difficult>0</difficult><robndbox><cx>560.6774</cx><cy>14.7062</cy><w>33.5759</w><h>26.9028</h><angle>1.571451</angle></robndbox></object><object><type>robndbox</type><name>wheat_head</name><pose>Unspecified</pose><truncated>0</truncated><difficult>0</difficult><robndbox><cx>779.6326</cx><cy>621.7665</cy><w>66.3464</w><h>32.1535</h><angle>1.476482</angle></robndbox></object><object><type>robndbox</type><name>wheat_head</name><pose>Unspecified</pose><truncated>0</truncated><difficult>0</difficult><robndbox><cx>703.0341</cx><cy>44.0749</cy><w>46.1801</w><h>31.7927</h><angle>1.152549</angle></robndbox></object><object><type>robndbox</type><name>wheat_head</name><pose>Unspecified</pose><truncated>0</truncated><difficult>0</difficult><robndbox><cx>1004.395</cx><cy>1002.7485</cy><w>26.3672</w><h>21.9175</h><angle>1.563278</angle></robndbox></object><object><type>robndbox</type><name>wheat_head</name><pose>Unspecified</pose><truncated>0</truncated><difficult>0</difficult><robndbox><cx>602.6916</cx><cy>413.7028</cy><w>52.302</w><h>28.6216</h><angle>1.63868</angle></robndbox></object><object><type>robndbox</type><name>wheat_head</name><pose>Unspecified</pose><truncated>0</truncated><difficult>0</difficult><robndbox><cx>739.9464</cx><cy>315.2232</cy><w>36.4824</w><h>31.5569</h><angle>1.075277</angle></robndbox></object><object><type>robndbox</type><name>wheat_head</name><pose>Unspecified</pose><truncated>0</truncated><difficult>0</difficult><robndbox><cx>784.6326</cx><cy>626.7665</cy><w>66.3464</w><h>32.1535</h><angle>1.476482</angle></robndbox></object><object><type>robndbox</type><name>wheat_head</name><pose>Unspecified</pose><truncated>0</truncated><difficult>0</difficult><robndbox><cx>849.0</cx><cy>16.0</cy><w>34.7657</w><h>13.9692</h><angle>2.611814</angle></robndbox></object><object><type>robndbox</type><name>wheat_head</name><pose>Unspecified</pose><truncated>0</truncated><difficult>0</difficult><robndbox><cx>700.2484</cx><cy>120.0185</cy><w>45.3217</w><h>33.43</h><angle>1.449334</angle></robndbox></object><object><type>robndbox</type><name>wheat_head</name><pose>Unspecified</pose><truncated>0</truncated><difficult>0</difficult><robndbox><cx>638.4412</cx><cy>409.4115</cy><w>44.2878</w><h>24.2679</h><angle>1.112051</angle></robndbox></object><object><type>robndbox</type><name>wheat_head</name><pose>Unspecified</pose><truncated>0</truncated><difficult>0</difficult><robndbox><cx>716.8478</cx><cy>405.099</cy><w>43.2691</w><h>27.9702</h><angle>2.890966</angle></robndbox></object><object><type>robndbox</type><name>wheat_head</name><pose>Unspecified</pose><truncated>0</truncated><difficult>0</difficult><robndbox><cx>291.1306</cx><cy>1005.5383</cy><w>32.0734</w><h>28.4936</h><angle>1.543205</angle></robndbox></object><object><type>robndbox</type><name>wheat_head</name><pose>Unspecified</pose><truncated>0</truncated><difficult>0</difficult><robndbox><cx>688.694</cx><cy>290.2854</cy><w>68.4661</w><h>30.2831</h><angle>0.749961</angle></robndbox></object><object><type>robndbox</type><name>wheat_head</name><pose>Unspecified</pose><truncated>0</truncated><difficult>0</difficult><robndbox><cx>161.3878</cx><cy>1002.3273</cy><w>32.4429</w><h>31.0977</h><angle>0.127029</angle></robndbox></object><object><type>robndbox</type><name>wheat_head</name><pose>Unspecified</pose><truncated>0</truncated><difficult>0</difficult><robndbox><cx>580.8665</cx><cy>504.1445</cy><w>47.5006</w><h>33.1244</h><angle>2.188815</angle></robndbox></object><object><type>robndbox</type><name>wheat_head</name><pose>Unspecified</pose><truncated>0</truncated><difficult>0</difficult><robndbox><cx>1015.1915</cx><cy>479.0069</cy><w>29.9838</w><h>12.8841</h><angle>1.638507</angle></robndbox></object><object><type>robndbox</type><name>wheat_head</name><pose>Unspecified</pose><truncated>0</truncated><difficult>0</difficult><robndbox><cx>473.3258</cx><cy>383.5494</cy><w>148.7387</w><h>37.683</h><angle>0.252982</angle></robndbox></object><object><type>robndbox</type><name>wheat_head</name><pose>Unspecified</pose><truncated>0</truncated><difficult>0</difficult><robndbox><cx>299.1306</cx><cy>1006.5764</cy><w>32.0734</w><h>28.4936</h><angle>1.543205</angle></robndbox></object><object><type>robndbox</type><name>wheat_head</name><pose>Unspecified</pose><truncated>0</truncated><difficult>0</difficult><robndbox><cx>95.8946</cx><cy>371.9845</cy><w>42.5793</w><h>30.4913</h><angle>1.405648</angle></robndbox></object><object><type>robndbox</type><name>wheat_head</name><pose>Unspecified</pose><truncated>0</truncated><difficult>0</difficult><robndbox><cx>566.5635</cx><cy>397.5397</cy><w>35.0</w><h>26.9258</h><angle>0.0</angle></robndbox></object><object><type>robndbox</type><name>wheat_head</name><pose>Unspecified</pose><truncated>0</truncated><difficult>0</difficult><robndbox><cx>539.7918</cx><cy>330.1932</cy><w>44.7655</w><h>30.4834</h><angle>0.436627</angle></robndbox></object><object><type>robndbox</type><name>wheat_head</name><pose>Unspecified</pose><truncated>0</truncated><difficult>0</difficult><robndbox><cx>512.0212</cx><cy>261.2854</cy><w>77.666</w><h>32.7678</h><angle>1.3633</angle></robndbox></object><object><type>robndbox</type><name>wheat_head</name><pose>Unspecified</pose><truncated>0</truncated><difficult>0</difficult><robndbox><cx>233.8819</cx><cy>840.1318</cy><w>52.0096</w><h>22.2245</h><angle>0.66273</angle></robndbox></object></annotation>