<annotation verified="no"><folder>images</folder><filename>586607520</filename><path>/home/badhon/Documents/thesis/final_dataset/ethz_1/images/586607520.jpg</path><source><database>Unknown</database></source><size><width>1024</width><height>1024</height><depth>3</depth></size><segmented>0</segmented><object><type>robndbox</type><name>wheat_head</name><pose>Unspecified</pose><truncated>0</truncated><difficult>0</difficult><robndbox><cx>650.7859</cx><cy>142.1013</cy><w>82.1888</w><h>36.223</h><angle>1.021797</angle></robndbox></object><object><type>robndbox</type><name>wheat_head</name><pose>Unspecified</pose><truncated>0</truncated><difficult>0</difficult><robndbox><cx>165.1521</cx><cy>72.3933</cy><w>106.5212</w><h>24.1588</h><angle>0.77564</angle></robndbox></object><object><type>robndbox</type><name>wheat_head</name><pose>Unspecified</pose><truncated>0</truncated><difficult>0</difficult><robndbox><cx>124.668</cx><cy>350.5611</cy><w>77.763</w><h>34.5992</h><angle>1.007274</angle></robndbox></object><object><type>robndbox</type><name>wheat_head</name><pose>Unspecified</pose><truncated>0</truncated><difficult>0</difficult><robndbox><cx>341.5988</cx><cy>164.6916</cy><w>64.5211</w><h>33.8758</h><angle>0.675574</angle></robndbox></object><object><type>robndbox</type><name>wheat_head</name><pose>Unspecified</pose><truncated>0</truncated><difficult>0</difficult><robndbox><cx>681.6553</cx><cy>288.4689</cy><w>93.8642</w><h>33.3799</h><angle>1.49866</angle></robndbox></object><object><type>robndbox</type><name>wheat_head</name><pose>Unspecified</pose><truncated>0</truncated><difficult>0</difficult><robndbox><cx>562.851</cx><cy>868.7869</cy><w>75.4823</w><h>38.2292</h><angle>0.699764</angle></robndbox></object><object><type>robndbox</type><name>wheat_head</name><pose>Unspecified</pose><truncated>0</truncated><difficult>0</difficult><robndbox><cx>571.6718</cx><cy>715.318</cy><w>116.8726</w><h>38.3007</h><angle>2.899231</angle></robndbox></object><object><type>robndbox</type><name>wheat_head</name><pose>Unspecified</pose><truncated>0</truncated><difficult>0</difficult><robndbox><cx>656.0786</cx><cy>380.7181</cy><w>59.7668</w><h>32.3172</h><angle>0.898556</angle></robndbox></object><object><type>robndbox</type><name>wheat_head</name><pose>Unspecified</pose><truncated>0</truncated><difficult>0</difficult><robndbox><cx>447.1346</cx><cy>78.3509</cy><w>65.7398</w><h>34.887</h><angle>1.591234</angle></robndbox></object><object><type>robndbox</type><name>wheat_head</name><pose>Unspecified</pose><truncated>0</truncated><difficult>0</difficult><robndbox><cx>758.4466</cx><cy>713.1265</cy><w>58.5396</w><h>32.4715</h><angle>0.443273</angle></robndbox></object><object><type>robndbox</type><name>wheat_head</name><pose>Unspecified</pose><truncated>0</truncated><difficult>0</difficult><robndbox><cx>989.1688</cx><cy>784.8931</cy><w>59.9742</w><h>39.7616</h><angle>0.627401</angle></robndbox></object><object><type>robndbox</type><name>wheat_head</name><pose>Unspecified</pose><truncated>0</truncated><difficult>0</difficult><robndbox><cx>422.0722</cx><cy>864.4256</cy><w>63.8385</w><h>33.4766</h><angle>0.650561</angle></robndbox></object><object><type>robndbox</type><name>wheat_head</name><pose>Unspecified</pose><truncated>0</truncated><difficult>0</difficult><robndbox><cx>872.1605</cx><cy>378.9567</cy><w>57.6693</w><h>28.8834</h><angle>0.33796</angle></robndbox></object><object><type>robndbox</type><name>wheat_head</name><pose>Unspecified</pose><truncated>0</truncated><difficult>0</difficult><robndbox><cx>334.4897</cx><cy>12.5889</cy><w>35.2479</w><h>30.9093</h><angle>1.111435</angle></robndbox></object><object><type>robndbox</type><name>wheat_head</name><pose>Unspecified</pose><truncated>0</truncated><difficult>0</difficult><robndbox><cx>984.9437</cx><cy>468.6102</cy><w>62.5919</w><h>28.0897</h><angle>0.26137</angle></robndbox></object><object><type>robndbox</type><name>wheat_head</name><pose>Unspecified</pose><truncated>0</truncated><difficult>0</difficult><robndbox><cx>931.1393</cx><cy>591.345</cy><w>50.2116</w><h>36.2488</h><angle>1.094154</angle></robndbox></object><object><type>robndbox</type><name>wheat_head</name><pose>Unspecified</pose><truncated>0</truncated><difficult>0</difficult><robndbox><cx>622.446</cx><cy>1004.8729</cy><w>39.6544</w><h>25.8643</h><angle>0.275922</angle></robndbox></object><object><type>robndbox</type><name>wheat_head</name><pose>Unspecified</pose><truncated>0</truncated><difficult>0</difficult><robndbox><cx>256.4154</cx><cy>284.8755</cy><w>55.2611</w><h>31.0775</h><angle>1.259042</angle></robndbox></object><object><type>robndbox</type><name>wheat_head</name><pose>Unspecified</pose><truncated>0</truncated><difficult>0</difficult><robndbox><cx>836.721</cx><cy>179.8038</cy><w>40.844</w><h>27.3307</h><angle>0.442816</angle></robndbox></object><object><type>robndbox</type><name>wheat_head</name><pose>Unspecified</pose><truncated>0</truncated><difficult>0</difficult><robndbox><cx>892.3999</cx><cy>838.6771</cy><w>58.7689</w><h>33.0597</h><angle>0.376205</angle></robndbox></object><object><type>robndbox</type><name>wheat_head</name><pose>Unspecified</pose><truncated>0</truncated><difficult>0</difficult><robndbox><cx>401.8906</cx><cy>969.5787</cy><w>62.7338</w><h>26.9806</h><angle>0.230947</angle></robndbox></object><object><type>robndbox</type><name>wheat_head</name><pose>Unspecified</pose><truncated>0</truncated><difficult>0</difficult><robndbox><cx>813.0442</cx><cy>45.1085</cy><w>85.4196</w><h>32.9441</h><angle>1.326965</angle></robndbox></object><object><type>robndbox</type><name>wheat_head</name><pose>Unspecified</pose><truncated>0</truncated><difficult>0</difficult><robndbox><cx>83.0962</cx><cy>608.0073</cy><w>65.6589</w><h>30.2888</h><angle>0.441841</angle></robndbox></object><object><type>robndbox</type><name>wheat_head</name><pose>Unspecified</pose><truncated>0</truncated><difficult>0</difficult><robndbox><cx>374.4309</cx><cy>509.8751</cy><w>63.0556</w><h>33.4346</h><angle>0.240726</angle></robndbox></object><object><type>robndbox</type><name>wheat_head</name><pose>Unspecified</pose><truncated>0</truncated><difficult>0</difficult><robndbox><cx>198.4039</cx><cy>1012.0303</cy><w>67.9607</w><h>16.741</h><angle>3.064289</angle></robndbox></object><object><type>robndbox</type><name>wheat_head</name><pose>Unspecified</pose><truncated>0</truncated><difficult>0</difficult><robndbox><cx>749.4988</cx><cy>560.4564</cy><w>65.089</w><h>32.8239</h><angle>1.415509</angle></robndbox></object><object><type>robndbox</type><name>wheat_head</name><pose>Unspecified</pose><truncated>0</truncated><difficult>0</difficult><robndbox><cx>434.1565</cx><cy>376.1233</cy><w>71.7053</w><h>31.7716</h><angle>0.02795</angle></robndbox></object><object><type>robndbox</type><name>wheat_head</name><pose>Unspecified</pose><truncated>0</truncated><difficult>0</difficult><robndbox><cx>993.0536</cx><cy>239.4096</cy><w>44.5627</w><h>33.1274</h><angle>0.448708</angle></robndbox></object><object><type>robndbox</type><name>wheat_head</name><pose>Unspecified</pose><truncated>0</truncated><difficult>0</difficult><robndbox><cx>41.4106</cx><cy>545.3693</cy><w>73.6705</w><h>29.3328</h><angle>3.004665</angle></robndbox></object><object><type>robndbox</type><name>wheat_head</name><pose>Unspecified</pose><truncated>0</truncated><difficult>0</difficult><robndbox><cx>228.8982</cx><cy>675.2606</cy><w>67.1512</w><h>33.255</h><angle>3.122411</angle></robndbox></object><object><type>robndbox</type><name>wheat_head</name><pose>Unspecified</pose><truncated>0</truncated><difficult>0</difficult><robndbox><cx>207.3996</cx><cy>956.855</cy><w>97.0022</w><h>43.6375</h><angle>0.191171</angle></robndbox></object><object><type>robndbox</type><name>wheat_head</name><pose>Unspecified</pose><truncated>0</truncated><difficult>0</difficult><robndbox><cx>357.6778</cx><cy>762.0128</cy><w>42.3279</w><h>30.3617</h><angle>0.321246</angle></robndbox></object><object><type>robndbox</type><name>wheat_head</name><pose>Unspecified</pose><truncated>0</truncated><difficult>0</difficult><robndbox><cx>512.3405</cx><cy>63.9579</cy><w>105.0326</w><h>38.9191</h><angle>0.612672</angle></robndbox></object><object><type>robndbox</type><name>wheat_head</name><pose>Unspecified</pose><truncated>0</truncated><difficult>0</difficult><robndbox><cx>83.9324</cx><cy>354.3036</cy><w>31.8935</w><h>31.8768</h><angle>0.046629</angle></robndbox></object><object><type>robndbox</type><name>wheat_head</name><pose>Unspecified</pose><truncated>0</truncated><difficult>0</difficult><robndbox><cx>23.0724</cx><cy>842.5212</cy><w>42.0779</w><h>29.1016</h><angle>0.158169</angle></robndbox></object><object><type>robndbox</type><name>wheat_head</name><pose>Unspecified</pose><truncated>0</truncated><difficult>0</difficult><robndbox><cx>966.1811</cx><cy>967.6613</cy><w>47.4228</w><h>33.4837</h><angle>0.508594</angle></robndbox></object><object><type>robndbox</type><name>wheat_head</name><pose>Unspecified</pose><truncated>0</truncated><difficult>0</difficult><robndbox><cx>19.9483</cx><cy>451.7573</cy><w>34.1551</w><h>22.3081</h><angle>3.107404</angle></robndbox></object><object><type>robndbox</type><name>wheat_head</name><pose>Unspecified</pose><truncated>0</truncated><difficult>0</difficult><robndbox><cx>886.7638</cx><cy>690.9141</cy><w>86.8245</w><h>35.8541</h><angle>2.932381</angle></robndbox></object><object><type>robndbox</type><name>wheat_head</name><pose>Unspecified</pose><truncated>0</truncated><difficult>0</difficult><robndbox><cx>799.7913</cx><cy>539.027</cy><w>38.3016</w><h>34.0514</h><angle>1.469881</angle></robndbox></object><object><type>robndbox</type><name>wheat_head</name><pose>Unspecified</pose><truncated>0</truncated><difficult>0</difficult><robndbox><cx>390.1421</cx><cy>9.4567</cy><w>27.5966</w><h>20.9338</h><angle>0.022338</angle></robndbox></object><object><type>robndbox</type><name>wheat_head</name><pose>Unspecified</pose><truncated>0</truncated><difficult>0</difficult><robndbox><cx>464.2151</cx><cy>10.3641</cy><w>29.575</w><h>27.6281</h><angle>2.852785</angle></robndbox></object><object><type>robndbox</type><name>wheat_head</name><pose>Unspecified</pose><truncated>0</truncated><difficult>0</difficult><robndbox><cx>820.0801</cx><cy>697.4772</cy><w>58.1603</w><h>32.1836</h><angle>0.076925</angle></robndbox></object><object><type>robndbox</type><name>wheat_head</name><pose>Unspecified</pose><truncated>0</truncated><difficult>0</difficult><robndbox><cx>818.2219</cx><cy>743.4402</cy><w>51.8173</w><h>31.6184</h><angle>1.995135</angle></robndbox></object><object><type>robndbox</type><name>wheat_head</name><pose>Unspecified</pose><truncated>0</truncated><difficult>0</difficult><robndbox><cx>328.33</cx><cy>560.4022</cy><w>40.8721</w><h>23.0095</h><angle>0.162445</angle></robndbox></object><object><type>robndbox</type><name>wheat_head</name><pose>Unspecified</pose><truncated>0</truncated><difficult>0</difficult><robndbox><cx>1011.0959</cx><cy>562.4097</cy><w>32.7632</w><h>25.1173</h><angle>1.751175</angle></robndbox></object><object><type>robndbox</type><name>wheat_head</name><pose>Unspecified</pose><truncated>0</truncated><difficult>0</difficult><robndbox><cx>1013.9757</cx><cy>191.7847</cy><w>27.9026</w><h>19.5875</h><angle>1.578369</angle></robndbox></object><object><type>robndbox</type><name>wheat_head</name><pose>Unspecified</pose><truncated>0</truncated><difficult>0</difficult><robndbox><cx>818.0</cx><cy>987.0</cy><w>36.0398</w><h>22.657</h><angle>0.846988</angle></robndbox></object><object><type>robndbox</type><name>wheat_head</name><pose>Unspecified</pose><truncated>0</truncated><difficult>0</difficult><robndbox><cx>845.7928</cx><cy>1001.3615</cy><w>31.1347</w><h>26.1601</h><angle>0.002388</angle></robndbox></object><object><type>robndbox</type><name>wheat_head</name><pose>Unspecified</pose><truncated>0</truncated><difficult>0</difficult><robndbox><cx>237.5521</cx><cy>318.6262</cy><w>28.9555</w><h>26.4265</h><angle>0.117177</angle></robndbox></object><object><type>robndbox</type><name>wheat_head</name><pose>Unspecified</pose><truncated>0</truncated><difficult>0</difficult><robndbox><cx>746.1142</cx><cy>679.007</cy><w>75.06</w><h>39.7086</h><angle>3.101614</angle></robndbox></object><object><type>robndbox</type><name>wheat_head</name><pose>Unspecified</pose><truncated>0</truncated><difficult>0</difficult><robndbox><cx>26.4718</cx><cy>415.0467</cy><w>83.006</w><h>32.7916</h><angle>0.939343</angle></robndbox></object><object><type>robndbox</type><name>wheat_head</name><pose>Unspecified</pose><truncated>0</truncated><difficult>0</difficult><robndbox><cx>35.2747</cx><cy>375.6775</cy><w>108.2266</w><h>23.1194</h><angle>0.949473</angle></robndbox></object></annotation>