<annotation verified="no"><folder>images</folder><filename>58c193340</filename><path>/home/badhon/Documents/thesis/final_dataset/ethz_1/images/58c193340.jpg</path><source><database>Unknown</database></source><size><width>1024</width><height>1024</height><depth>3</depth></size><segmented>0</segmented><object><type>robndbox</type><name>wheat_head</name><pose>Unspecified</pose><truncated>0</truncated><difficult>0</difficult><robndbox><cx>41.1202</cx><cy>40.3931</cy><w>87.4534</w><h>33.9624</h><angle>1.054192</angle></robndbox></object><object><type>robndbox</type><name>wheat_head</name><pose>Unspecified</pose><truncated>0</truncated><difficult>0</difficult><robndbox><cx>648.937</cx><cy>114.7362</cy><w>120.2694</w><h>33.0268</h><angle>1.0818</angle></robndbox></object><object><type>robndbox</type><name>wheat_head</name><pose>Unspecified</pose><truncated>0</truncated><difficult>0</difficult><robndbox><cx>72.4901</cx><cy>353.8793</cy><w>111.7612</w><h>30.581</h><angle>0.81604</angle></robndbox></object><object><type>robndbox</type><name>wheat_head</name><pose>Unspecified</pose><truncated>0</truncated><difficult>0</difficult><robndbox><cx>883.7021</cx><cy>874.4423</cy><w>80.4854</w><h>33.6903</h><angle>1.042401</angle></robndbox></object><object><type>robndbox</type><name>wheat_head</name><pose>Unspecified</pose><truncated>0</truncated><difficult>0</difficult><robndbox><cx>82.6179</cx><cy>783.0894</cy><w>80.325</w><h>33.5564</h><angle>1.228668</angle></robndbox></object><object><type>robndbox</type><name>wheat_head</name><pose>Unspecified</pose><truncated>0</truncated><difficult>0</difficult><robndbox><cx>900.4565</cx><cy>62.1785</cy><w>70.3825</w><h>32.2927</h><angle>0.992758</angle></robndbox></object><object><type>robndbox</type><name>wheat_head</name><pose>Unspecified</pose><truncated>0</truncated><difficult>0</difficult><robndbox><cx>935.793</cx><cy>613.0892</cy><w>72.7766</w><h>30.492</h><angle>0.871434</angle></robndbox></object><object><type>robndbox</type><name>wheat_head</name><pose>Unspecified</pose><truncated>0</truncated><difficult>0</difficult><robndbox><cx>1011.4528</cx><cy>228.586</cy><w>51.2945</w><h>23.3025</h><angle>1.471957</angle></robndbox></object><object><type>robndbox</type><name>wheat_head</name><pose>Unspecified</pose><truncated>0</truncated><difficult>0</difficult><robndbox><cx>66.5163</cx><cy>303.3085</cy><w>86.4083</w><h>30.0009</h><angle>0.813504</angle></robndbox></object><object><type>robndbox</type><name>wheat_head</name><pose>Unspecified</pose><truncated>0</truncated><difficult>0</difficult><robndbox><cx>769.6707</cx><cy>310.2962</cy><w>99.9645</w><h>35.9703</h><angle>0.541908</angle></robndbox></object><object><type>robndbox</type><name>wheat_head</name><pose>Unspecified</pose><truncated>0</truncated><difficult>0</difficult><robndbox><cx>529.3233</cx><cy>754.4698</cy><w>98.0758</w><h>30.6491</h><angle>0.617858</angle></robndbox></object><object><type>robndbox</type><name>wheat_head</name><pose>Unspecified</pose><truncated>0</truncated><difficult>0</difficult><robndbox><cx>455.755</cx><cy>113.4952</cy><w>102.9356</w><h>29.4703</h><angle>0.980719</angle></robndbox></object><object><type>robndbox</type><name>wheat_head</name><pose>Unspecified</pose><truncated>0</truncated><difficult>0</difficult><robndbox><cx>228.5239</cx><cy>100.597</cy><w>90.1909</w><h>36.1783</h><angle>1.034734</angle></robndbox></object><object><type>robndbox</type><name>wheat_head</name><pose>Unspecified</pose><truncated>0</truncated><difficult>0</difficult><robndbox><cx>298.0106</cx><cy>177.1656</cy><w>99.6801</w><h>33.9073</h><angle>0.955057</angle></robndbox></object><object><type>robndbox</type><name>wheat_head</name><pose>Unspecified</pose><truncated>0</truncated><difficult>0</difficult><robndbox><cx>362.7466</cx><cy>869.4905</cy><w>71.8082</w><h>34.2696</h><angle>0.679916</angle></robndbox></object><object><type>robndbox</type><name>wheat_head</name><pose>Unspecified</pose><truncated>0</truncated><difficult>0</difficult><robndbox><cx>251.6577</cx><cy>289.5505</cy><w>108.9441</w><h>32.1727</h><angle>0.934303</angle></robndbox></object><object><type>robndbox</type><name>wheat_head</name><pose>Unspecified</pose><truncated>0</truncated><difficult>0</difficult><robndbox><cx>81.235</cx><cy>877.9874</cy><w>128.2457</w><h>36.7938</h><angle>0.386032</angle></robndbox></object><object><type>robndbox</type><name>wheat_head</name><pose>Unspecified</pose><truncated>0</truncated><difficult>0</difficult><robndbox><cx>606.4318</cx><cy>392.8256</cy><w>99.1715</w><h>35.8391</h><angle>0.669459</angle></robndbox></object><object><type>robndbox</type><name>wheat_head</name><pose>Unspecified</pose><truncated>0</truncated><difficult>0</difficult><robndbox><cx>715.0488</cx><cy>325.0472</cy><w>119.366</w><h>39.6329</h><angle>1.419463</angle></robndbox></object><object><type>robndbox</type><name>wheat_head</name><pose>Unspecified</pose><truncated>0</truncated><difficult>0</difficult><robndbox><cx>340.0999</cx><cy>408.8092</cy><w>70.9601</w><h>33.8802</h><angle>0.855487</angle></robndbox></object><object><type>robndbox</type><name>wheat_head</name><pose>Unspecified</pose><truncated>0</truncated><difficult>0</difficult><robndbox><cx>327.7584</cx><cy>289.4406</cy><w>76.8676</w><h>30.1128</h><angle>0.999872</angle></robndbox></object><object><type>robndbox</type><name>wheat_head</name><pose>Unspecified</pose><truncated>0</truncated><difficult>0</difficult><robndbox><cx>393.2447</cx><cy>443.4482</cy><w>62.8351</w><h>26.7055</h><angle>1.16044</angle></robndbox></object><object><type>robndbox</type><name>wheat_head</name><pose>Unspecified</pose><truncated>0</truncated><difficult>0</difficult><robndbox><cx>560.9162</cx><cy>208.6163</cy><w>55.5627</w><h>30.8814</h><angle>1.25117</angle></robndbox></object><object><type>robndbox</type><name>wheat_head</name><pose>Unspecified</pose><truncated>0</truncated><difficult>0</difficult><robndbox><cx>772.4216</cx><cy>138.0045</cy><w>57.4429</w><h>24.1278</h><angle>1.52447</angle></robndbox></object><object><type>robndbox</type><name>wheat_head</name><pose>Unspecified</pose><truncated>0</truncated><difficult>0</difficult><robndbox><cx>258.5173</cx><cy>829.9865</cy><w>63.1175</w><h>29.961</h><angle>0.573939</angle></robndbox></object><object><type>robndbox</type><name>wheat_head</name><pose>Unspecified</pose><truncated>0</truncated><difficult>0</difficult><robndbox><cx>961.8354</cx><cy>258.9583</cy><w>145.3856</w><h>22.8945</h><angle>1.181202</angle></robndbox></object><object><type>robndbox</type><name>wheat_head</name><pose>Unspecified</pose><truncated>0</truncated><difficult>0</difficult><robndbox><cx>663.9219</cx><cy>78.1777</cy><w>69.9866</w><h>32.8581</h><angle>1.172525</angle></robndbox></object><object><type>robndbox</type><name>wheat_head</name><pose>Unspecified</pose><truncated>0</truncated><difficult>0</difficult><robndbox><cx>857.1529</cx><cy>522.64</cy><w>76.6445</w><h>35.1814</h><angle>0.967951</angle></robndbox></object><object><type>robndbox</type><name>wheat_head</name><pose>Unspecified</pose><truncated>0</truncated><difficult>0</difficult><robndbox><cx>570.5035</cx><cy>734.674</cy><w>174.6336</w><h>37.2144</h><angle>0.735259</angle></robndbox></object><object><type>robndbox</type><name>wheat_head</name><pose>Unspecified</pose><truncated>0</truncated><difficult>0</difficult><robndbox><cx>159.3908</cx><cy>343.8033</cy><w>71.9771</w><h>32.1723</h><angle>0.651082</angle></robndbox></object><object><type>robndbox</type><name>wheat_head</name><pose>Unspecified</pose><truncated>0</truncated><difficult>0</difficult><robndbox><cx>20.987</cx><cy>164.4581</cy><w>65.5249</w><h>33.4606</h><angle>1.004539</angle></robndbox></object><object><type>robndbox</type><name>wheat_head</name><pose>Unspecified</pose><truncated>0</truncated><difficult>0</difficult><robndbox><cx>158.7654</cx><cy>846.9344</cy><w>85.6195</w><h>35.2415</h><angle>0.719537</angle></robndbox></object><object><type>robndbox</type><name>wheat_head</name><pose>Unspecified</pose><truncated>0</truncated><difficult>0</difficult><robndbox><cx>756.1884</cx><cy>639.9718</cy><w>113.0286</w><h>39.3183</h><angle>1.193133</angle></robndbox></object><object><type>robndbox</type><name>wheat_head</name><pose>Unspecified</pose><truncated>0</truncated><difficult>0</difficult><robndbox><cx>232.5325</cx><cy>323.3581</cy><w>120.2064</w><h>36.2341</h><angle>0.70369</angle></robndbox></object><object><type>robndbox</type><name>wheat_head</name><pose>Unspecified</pose><truncated>0</truncated><difficult>0</difficult><robndbox><cx>115.0122</cx><cy>932.6608</cy><w>83.3668</w><h>34.9792</h><angle>0.876952</angle></robndbox></object><object><type>robndbox</type><name>wheat_head</name><pose>Unspecified</pose><truncated>0</truncated><difficult>0</difficult><robndbox><cx>661.3018</cx><cy>31.5548</cy><w>52.518</w><h>27.7254</h><angle>0.972525</angle></robndbox></object><object><type>robndbox</type><name>wheat_head</name><pose>Unspecified</pose><truncated>0</truncated><difficult>0</difficult><robndbox><cx>478.6952</cx><cy>78.6327</cy><w>119.1112</w><h>35.0696</h><angle>0.835915</angle></robndbox></object><object><type>robndbox</type><name>wheat_head</name><pose>Unspecified</pose><truncated>0</truncated><difficult>0</difficult><robndbox><cx>871.7689</cx><cy>665.9155</cy><w>100.8085</w><h>34.4251</h><angle>0.858828</angle></robndbox></object><object><type>robndbox</type><name>wheat_head</name><pose>Unspecified</pose><truncated>0</truncated><difficult>0</difficult><robndbox><cx>764.1111</cx><cy>526.0057</cy><w>86.8377</w><h>33.9713</h><angle>0.913232</angle></robndbox></object><object><type>robndbox</type><name>wheat_head</name><pose>Unspecified</pose><truncated>0</truncated><difficult>0</difficult><robndbox><cx>128.4113</cx><cy>675.4992</cy><w>120.0178</w><h>35.1577</h><angle>0.379553</angle></robndbox></object><object><type>robndbox</type><name>wheat_head</name><pose>Unspecified</pose><truncated>0</truncated><difficult>0</difficult><robndbox><cx>802.8658</cx><cy>16.9969</cy><w>35.3591</w><h>25.4379</h><angle>1.231527</angle></robndbox></object><object><type>robndbox</type><name>wheat_head</name><pose>Unspecified</pose><truncated>0</truncated><difficult>0</difficult><robndbox><cx>944.5154</cx><cy>15.6356</cy><w>65.0403</w><h>30.8402</h><angle>0.575712</angle></robndbox></object><object><type>robndbox</type><name>wheat_head</name><pose>Unspecified</pose><truncated>0</truncated><difficult>0</difficult><robndbox><cx>326.5</cx><cy>21.0</cy><w>39.3867</w><h>18.6233</h><angle>2.665134</angle></robndbox></object><object><type>robndbox</type><name>wheat_head</name><pose>Unspecified</pose><truncated>0</truncated><difficult>0</difficult><robndbox><cx>825.4304</cx><cy>642.6726</cy><w>175.5492</w><h>35.3801</h><angle>1.413747</angle></robndbox></object><object><type>robndbox</type><name>wheat_head</name><pose>Unspecified</pose><truncated>0</truncated><difficult>0</difficult><robndbox><cx>180.8939</cx><cy>432.164</cy><w>119.6941</w><h>24.4381</h><angle>0.679471</angle></robndbox></object><object><type>robndbox</type><name>wheat_head</name><pose>Unspecified</pose><truncated>0</truncated><difficult>0</difficult><robndbox><cx>389.3169</cx><cy>702.1902</cy><w>83.9828</w><h>35.7073</h><angle>0.35215</angle></robndbox></object><object><type>robndbox</type><name>wheat_head</name><pose>Unspecified</pose><truncated>0</truncated><difficult>0</difficult><robndbox><cx>708.7473</cx><cy>526.2094</cy><w>70.0418</w><h>31.0432</h><angle>0.323704</angle></robndbox></object><object><type>robndbox</type><name>wheat_head</name><pose>Unspecified</pose><truncated>0</truncated><difficult>0</difficult><robndbox><cx>33.923</cx><cy>676.7074</cy><w>56.0622</w><h>21.2998</h><angle>0.295574</angle></robndbox></object><object><type>robndbox</type><name>wheat_head</name><pose>Unspecified</pose><truncated>0</truncated><difficult>0</difficult><robndbox><cx>290.8905</cx><cy>791.1531</cy><w>58.4018</w><h>28.8896</h><angle>0.425338</angle></robndbox></object><object><type>robndbox</type><name>wheat_head</name><pose>Unspecified</pose><truncated>0</truncated><difficult>0</difficult><robndbox><cx>91.5096</cx><cy>457.2155</cy><w>141.1093</w><h>37.8932</h><angle>0.247411</angle></robndbox></object><object><type>robndbox</type><name>wheat_head</name><pose>Unspecified</pose><truncated>0</truncated><difficult>0</difficult><robndbox><cx>19.5211</cx><cy>493.1889</cy><w>54.3328</w><h>29.6219</h><angle>0.956777</angle></robndbox></object><object><type>robndbox</type><name>wheat_head</name><pose>Unspecified</pose><truncated>0</truncated><difficult>0</difficult><robndbox><cx>232.2959</cx><cy>972.1968</cy><w>66.9939</w><h>28.8597</h><angle>1.653136</angle></robndbox></object><object><type>robndbox</type><name>wheat_head</name><pose>Unspecified</pose><truncated>0</truncated><difficult>0</difficult><robndbox><cx>815.7115</cx><cy>940.7964</cy><w>53.4229</w><h>31.5555</h><angle>0.198518</angle></robndbox></object><object><type>robndbox</type><name>wheat_head</name><pose>Unspecified</pose><truncated>0</truncated><difficult>0</difficult><robndbox><cx>553.4686</cx><cy>815.3687</cy><w>73.238</w><h>28.1984</h><angle>0.435971</angle></robndbox></object><object><type>robndbox</type><name>wheat_head</name><pose>Unspecified</pose><truncated>0</truncated><difficult>0</difficult><robndbox><cx>16.946</cx><cy>997.2688</cy><w>34.1735</w><h>30.3432</h><angle>0.331837</angle></robndbox></object><object><type>robndbox</type><name>wheat_head</name><pose>Unspecified</pose><truncated>0</truncated><difficult>0</difficult><robndbox><cx>943.4857</cx><cy>945.9866</cy><w>43.3773</w><h>21.5929</h><angle>0.474703</angle></robndbox></object><object><type>robndbox</type><name>wheat_head</name><pose>Unspecified</pose><truncated>0</truncated><difficult>0</difficult><robndbox><cx>748.3802</cx><cy>891.9029</cy><w>32.3102</w><h>31.7385</h><angle>1.237681</angle></robndbox></object><object><type>robndbox</type><name>wheat_head</name><pose>Unspecified</pose><truncated>0</truncated><difficult>0</difficult><robndbox><cx>176.2612</cx><cy>463.5464</cy><w>112.0566</w><h>33.498</h><angle>0.879471</angle></robndbox></object><object><type>robndbox</type><name>wheat_head</name><pose>Unspecified</pose><truncated>0</truncated><difficult>0</difficult><robndbox><cx>128.0203</cx><cy>151.6638</cy><w>62.3215</w><h>28.9815</h><angle>0.190838</angle></robndbox></object><object><type>robndbox</type><name>wheat_head</name><pose>Unspecified</pose><truncated>0</truncated><difficult>0</difficult><robndbox><cx>298.9377</cx><cy>332.4498</cy><w>68.7901</w><h>18.2123</h><angle>1.062341</angle></robndbox></object><object><type>robndbox</type><name>wheat_head</name><pose>Unspecified</pose><truncated>0</truncated><difficult>0</difficult><robndbox><cx>760.5042</cx><cy>11.1202</cy><w>23.0679</w><h>22.8433</h><angle>3.037178</angle></robndbox></object><object><type>robndbox</type><name>wheat_head</name><pose>Unspecified</pose><truncated>0</truncated><difficult>0</difficult><robndbox><cx>616.4153</cx><cy>1004.2476</cy><w>62.3728</w><h>28.2517</h><angle>0.154347</angle></robndbox></object><object><type>robndbox</type><name>wheat_head</name><pose>Unspecified</pose><truncated>0</truncated><difficult>0</difficult><robndbox><cx>32.3182</cx><cy>653.1778</cy><w>56.4378</w><h>25.7377</h><angle>0.095574</angle></robndbox></object><object><type>robndbox</type><name>wheat_head</name><pose>Unspecified</pose><truncated>0</truncated><difficult>0</difficult><robndbox><cx>943.2652</cx><cy>331.7835</cy><w>65.352</w><h>19.0982</h><angle>0.750972</angle></robndbox></object><object><type>robndbox</type><name>wheat_head</name><pose>Unspecified</pose><truncated>0</truncated><difficult>0</difficult><robndbox><cx>413.0668</cx><cy>31.3797</cy><w>41.163</w><h>13.7494</h><angle>0.940842</angle></robndbox></object><object><type>robndbox</type><name>wheat_head</name><pose>Unspecified</pose><truncated>0</truncated><difficult>0</difficult><robndbox><cx>944.4817</cx><cy>283.2072</cy><w>131.7319</w><h>36.456</h><angle>1.181202</angle></robndbox></object><object><type>robndbox</type><name>wheat_head</name><pose>Unspecified</pose><truncated>0</truncated><difficult>0</difficult><robndbox><cx>240.0392</cx><cy>516.3186</cy><w>65.2394</w><h>34.1693</h><angle>0.319645</angle></robndbox></object><object><type>robndbox</type><name>wheat_head</name><pose>Unspecified</pose><truncated>0</truncated><difficult>0</difficult><robndbox><cx>830.4676</cx><cy>982.9037</cy><w>27.8423</w><h>26.2256</h><angle>1.366761</angle></robndbox></object><object><type>robndbox</type><name>wheat_head</name><pose>Unspecified</pose><truncated>0</truncated><difficult>0</difficult><robndbox><cx>936.6891</cx><cy>975.9022</cy><w>186.5744</w><h>38.1838</h><angle>0.321751</angle></robndbox></object></annotation>