<annotation verified="no"><folder>images</folder><filename>59bb76698</filename><path>/home/badhon/Documents/thesis/final_dataset/ethz_1/images/59bb76698.jpg</path><source><database>Unknown</database></source><size><width>1024</width><height>1024</height><depth>3</depth></size><segmented>0</segmented><object><type>robndbox</type><name>wheat_head</name><pose>Unspecified</pose><truncated>0</truncated><difficult>0</difficult><robndbox><cx>136.4427</cx><cy>969.7173</cy><w>93.0565</w><h>39.8879</h><angle>0.912663</angle></robndbox></object><object><type>robndbox</type><name>wheat_head</name><pose>Unspecified</pose><truncated>0</truncated><difficult>0</difficult><robndbox><cx>591.625</cx><cy>117.576</cy><w>74.8184</w><h>33.2942</h><angle>1.154623</angle></robndbox></object><object><type>robndbox</type><name>wheat_head</name><pose>Unspecified</pose><truncated>0</truncated><difficult>0</difficult><robndbox><cx>384.5374</cx><cy>334.38</cy><w>115.492</w><h>36.6523</h><angle>0.561208</angle></robndbox></object><object><type>robndbox</type><name>wheat_head</name><pose>Unspecified</pose><truncated>0</truncated><difficult>0</difficult><robndbox><cx>831.5752</cx><cy>683.6152</cy><w>112.7519</w><h>36.738</h><angle>0.96483</angle></robndbox></object><object><type>robndbox</type><name>wheat_head</name><pose>Unspecified</pose><truncated>0</truncated><difficult>0</difficult><robndbox><cx>750.5754</cx><cy>650.8263</cy><w>84.0241</w><h>37.2571</h><angle>1.032721</angle></robndbox></object><object><type>robndbox</type><name>wheat_head</name><pose>Unspecified</pose><truncated>0</truncated><difficult>0</difficult><robndbox><cx>778.9793</cx><cy>499.2354</cy><w>89.5119</w><h>19.8446</h><angle>0.400322</angle></robndbox></object><object><type>robndbox</type><name>wheat_head</name><pose>Unspecified</pose><truncated>0</truncated><difficult>0</difficult><robndbox><cx>51.602</cx><cy>905.7601</cy><w>72.0423</w><h>37.1502</h><angle>0.679932</angle></robndbox></object><object><type>robndbox</type><name>wheat_head</name><pose>Unspecified</pose><truncated>0</truncated><difficult>0</difficult><robndbox><cx>468.1489</cx><cy>266.8316</cy><w>73.2056</w><h>33.9334</h><angle>0.978211</angle></robndbox></object><object><type>robndbox</type><name>wheat_head</name><pose>Unspecified</pose><truncated>0</truncated><difficult>0</difficult><robndbox><cx>257.4594</cx><cy>858.9433</cy><w>100.6603</w><h>34.1764</h><angle>0.328205</angle></robndbox></object><object><type>robndbox</type><name>wheat_head</name><pose>Unspecified</pose><truncated>0</truncated><difficult>0</difficult><robndbox><cx>314.7442</cx><cy>209.0186</cy><w>114.8966</w><h>39.0168</h><angle>1.159257</angle></robndbox></object><object><type>robndbox</type><name>wheat_head</name><pose>Unspecified</pose><truncated>0</truncated><difficult>0</difficult><robndbox><cx>798.1478</cx><cy>735.1928</cy><w>74.4499</w><h>34.1345</h><angle>0.632745</angle></robndbox></object><object><type>robndbox</type><name>wheat_head</name><pose>Unspecified</pose><truncated>0</truncated><difficult>0</difficult><robndbox><cx>226.5458</cx><cy>978.1956</cy><w>59.3956</w><h>41.0034</h><angle>1.178598</angle></robndbox></object><object><type>robndbox</type><name>wheat_head</name><pose>Unspecified</pose><truncated>0</truncated><difficult>0</difficult><robndbox><cx>518.098</cx><cy>640.0454</cy><w>100.6001</w><h>36.142</h><angle>0.287011</angle></robndbox></object><object><type>robndbox</type><name>wheat_head</name><pose>Unspecified</pose><truncated>0</truncated><difficult>0</difficult><robndbox><cx>204.5153</cx><cy>762.4188</cy><w>57.1449</w><h>26.9153</h><angle>1.333488</angle></robndbox></object><object><type>robndbox</type><name>wheat_head</name><pose>Unspecified</pose><truncated>0</truncated><difficult>0</difficult><robndbox><cx>243.4558</cx><cy>761.6886</cy><w>54.6089</w><h>43.7939</h><angle>0.482654</angle></robndbox></object><object><type>robndbox</type><name>wheat_head</name><pose>Unspecified</pose><truncated>0</truncated><difficult>0</difficult><robndbox><cx>634.4879</cx><cy>8.6509</cy><w>29.4304</w><h>25.8387</h><angle>3.008326</angle></robndbox></object><object><type>robndbox</type><name>wheat_head</name><pose>Unspecified</pose><truncated>0</truncated><difficult>0</difficult><robndbox><cx>563.5246</cx><cy>841.1276</cy><w>92.8717</w><h>38.5799</h><angle>1.888816</angle></robndbox></object><object><type>robndbox</type><name>wheat_head</name><pose>Unspecified</pose><truncated>0</truncated><difficult>0</difficult><robndbox><cx>387.0883</cx><cy>105.5483</cy><w>67.055</w><h>35.9902</h><angle>2.545308</angle></robndbox></object><object><type>robndbox</type><name>wheat_head</name><pose>Unspecified</pose><truncated>0</truncated><difficult>0</difficult><robndbox><cx>647.4102</cx><cy>322.0139</cy><w>77.4545</w><h>36.6839</h><angle>0.596523</angle></robndbox></object><object><type>robndbox</type><name>wheat_head</name><pose>Unspecified</pose><truncated>0</truncated><difficult>0</difficult><robndbox><cx>819.1925</cx><cy>229.9104</cy><w>34.0104</w><h>29.4525</h><angle>1.189854</angle></robndbox></object><object><type>robndbox</type><name>wheat_head</name><pose>Unspecified</pose><truncated>0</truncated><difficult>0</difficult><robndbox><cx>272.5844</cx><cy>281.2171</cy><w>80.0865</w><h>38.0604</h><angle>0.447306</angle></robndbox></object><object><type>robndbox</type><name>wheat_head</name><pose>Unspecified</pose><truncated>0</truncated><difficult>0</difficult><robndbox><cx>138.8325</cx><cy>182.8737</cy><w>54.7256</w><h>42.0354</h><angle>1.094022</angle></robndbox></object><object><type>robndbox</type><name>wheat_head</name><pose>Unspecified</pose><truncated>0</truncated><difficult>0</difficult><robndbox><cx>727.7848</cx><cy>874.5637</cy><w>58.8252</w><h>31.822</h><angle>0.504099</angle></robndbox></object><object><type>robndbox</type><name>wheat_head</name><pose>Unspecified</pose><truncated>0</truncated><difficult>0</difficult><robndbox><cx>85.3461</cx><cy>715.6553</cy><w>113.7631</w><h>37.7636</h><angle>2.606003</angle></robndbox></object><object><type>robndbox</type><name>wheat_head</name><pose>Unspecified</pose><truncated>0</truncated><difficult>0</difficult><robndbox><cx>967.3558</cx><cy>998.9471</cy><w>38.1515</w><h>34.2705</h><angle>2.013861</angle></robndbox></object><object><type>robndbox</type><name>wheat_head</name><pose>Unspecified</pose><truncated>0</truncated><difficult>0</difficult><robndbox><cx>288.7957</cx><cy>441.8787</cy><w>89.2283</w><h>39.2691</h><angle>0.256749</angle></robndbox></object><object><type>robndbox</type><name>wheat_head</name><pose>Unspecified</pose><truncated>0</truncated><difficult>0</difficult><robndbox><cx>836.8863</cx><cy>384.751</cy><w>57.9612</w><h>28.8999</h><angle>1.841402</angle></robndbox></object><object><type>robndbox</type><name>wheat_head</name><pose>Unspecified</pose><truncated>0</truncated><difficult>0</difficult><robndbox><cx>775.006</cx><cy>91.6975</cy><w>58.7437</w><h>38.773</h><angle>0.528236</angle></robndbox></object><object><type>robndbox</type><name>wheat_head</name><pose>Unspecified</pose><truncated>0</truncated><difficult>0</difficult><robndbox><cx>565.4782</cx><cy>33.1053</cy><w>42.9865</w><h>30.7072</h><angle>0.262971</angle></robndbox></object><object><type>robndbox</type><name>wheat_head</name><pose>Unspecified</pose><truncated>0</truncated><difficult>0</difficult><robndbox><cx>776.9404</cx><cy>562.6376</cy><w>89.3929</w><h>38.5501</h><angle>1.773457</angle></robndbox></object><object><type>robndbox</type><name>wheat_head</name><pose>Unspecified</pose><truncated>0</truncated><difficult>0</difficult><robndbox><cx>915.5735</cx><cy>6.1394</cy><w>34.0147</w><h>10.2877</h><angle>0.061174</angle></robndbox></object><object><type>robndbox</type><name>wheat_head</name><pose>Unspecified</pose><truncated>0</truncated><difficult>0</difficult><robndbox><cx>90.0695</cx><cy>36.2627</cy><w>62.1308</w><h>38.9211</h><angle>1.53685</angle></robndbox></object><object><type>robndbox</type><name>wheat_head</name><pose>Unspecified</pose><truncated>0</truncated><difficult>0</difficult><robndbox><cx>10.5301</cx><cy>204.5355</cy><w>29.6687</w><h>21.6519</h><angle>1.59413</angle></robndbox></object><object><type>robndbox</type><name>wheat_head</name><pose>Unspecified</pose><truncated>0</truncated><difficult>0</difficult><robndbox><cx>1009.0717</cx><cy>817.808</cy><w>35.8761</w><h>23.7496</h><angle>1.608519</angle></robndbox></object><object><type>robndbox</type><name>wheat_head</name><pose>Unspecified</pose><truncated>0</truncated><difficult>0</difficult><robndbox><cx>783.6542</cx><cy>276.2982</cy><w>101.1441</w><h>39.5677</h><angle>2.870654</angle></robndbox></object><object><type>robndbox</type><name>wheat_head</name><pose>Unspecified</pose><truncated>0</truncated><difficult>0</difficult><robndbox><cx>881.0143</cx><cy>454.4718</cy><w>63.2486</w><h>44.1998</h><angle>2.554912</angle></robndbox></object><object><type>robndbox</type><name>wheat_head</name><pose>Unspecified</pose><truncated>0</truncated><difficult>0</difficult><robndbox><cx>410.0115</cx><cy>464.9957</cy><w>104.0079</w><h>35.502</h><angle>0.087754</angle></robndbox></object><object><type>robndbox</type><name>wheat_head</name><pose>Unspecified</pose><truncated>0</truncated><difficult>0</difficult><robndbox><cx>897.5343</cx><cy>964.638</cy><w>42.0799</w><h>20.2332</h><angle>1.450984</angle></robndbox></object><object><type>robndbox</type><name>wheat_head</name><pose>Unspecified</pose><truncated>0</truncated><difficult>0</difficult><robndbox><cx>406.016</cx><cy>1002.0052</cy><w>31.679</w><h>30.6401</h><angle>3.087828</angle></robndbox></object><object><type>robndbox</type><name>wheat_head</name><pose>Unspecified</pose><truncated>0</truncated><difficult>0</difficult><robndbox><cx>328.1237</cx><cy>945.6425</cy><w>62.8145</w><h>32.7458</h><angle>3.057576</angle></robndbox></object><object><type>robndbox</type><name>wheat_head</name><pose>Unspecified</pose><truncated>0</truncated><difficult>0</difficult><robndbox><cx>11.816</cx><cy>615.4521</cy><w>25.608</w><h>25.0535</h><angle>1.545252</angle></robndbox></object><object><type>robndbox</type><name>wheat_head</name><pose>Unspecified</pose><truncated>0</truncated><difficult>0</difficult><robndbox><cx>118.7092</cx><cy>334.9067</cy><w>115.1419</w><h>40.9198</h><angle>1.448061</angle></robndbox></object><object><type>robndbox</type><name>wheat_head</name><pose>Unspecified</pose><truncated>0</truncated><difficult>0</difficult><robndbox><cx>966.2776</cx><cy>495.6019</cy><w>37.4668</w><h>36.7382</h><angle>0.054151</angle></robndbox></object><object><type>robndbox</type><name>wheat_head</name><pose>Unspecified</pose><truncated>0</truncated><difficult>0</difficult><robndbox><cx>98.4526</cx><cy>877.4691</cy><w>61.8656</w><h>27.414</h><angle>0.167734</angle></robndbox></object><object><type>robndbox</type><name>wheat_head</name><pose>Unspecified</pose><truncated>0</truncated><difficult>0</difficult><robndbox><cx>265.3712</cx><cy>901.7393</cy><w>56.9364</w><h>24.1386</h><angle>0.103753</angle></robndbox></object><object><type>robndbox</type><name>wheat_head</name><pose>Unspecified</pose><truncated>0</truncated><difficult>0</difficult><robndbox><cx>626.2922</cx><cy>941.4162</cy><w>35.8031</w><h>33.31</h><angle>1.512492</angle></robndbox></object><object><type>robndbox</type><name>wheat_head</name><pose>Unspecified</pose><truncated>0</truncated><difficult>0</difficult><robndbox><cx>242.6158</cx><cy>933.5494</cy><w>34.057</w><h>19.9335</h><angle>0.090311</angle></robndbox></object><object><type>robndbox</type><name>wheat_head</name><pose>Unspecified</pose><truncated>0</truncated><difficult>0</difficult><robndbox><cx>849.3157</cx><cy>588.683</cy><w>60.4766</w><h>39.6136</h><angle>0.516111</angle></robndbox></object><object><type>robndbox</type><name>wheat_head</name><pose>Unspecified</pose><truncated>0</truncated><difficult>0</difficult><robndbox><cx>706.4235</cx><cy>437.9602</cy><w>48.7372</w><h>35.7447</h><angle>1.455714</angle></robndbox></object><object><type>robndbox</type><name>wheat_head</name><pose>Unspecified</pose><truncated>0</truncated><difficult>0</difficult><robndbox><cx>526.3504</cx><cy>283.9978</cy><w>53.8518</w><h>26.5377</h><angle>1.097798</angle></robndbox></object><object><type>robndbox</type><name>wheat_head</name><pose>Unspecified</pose><truncated>0</truncated><difficult>0</difficult><robndbox><cx>475.0357</cx><cy>1003.2475</cy><w>36.5988</w><h>30.5189</h><angle>3.059949</angle></robndbox></object><object><type>robndbox</type><name>wheat_head</name><pose>Unspecified</pose><truncated>0</truncated><difficult>0</difficult><robndbox><cx>456.0</cx><cy>1006.0</cy><w>30.0275</w><h>19.1722</h><angle>3.098811</angle></robndbox></object><object><type>robndbox</type><name>wheat_head</name><pose>Unspecified</pose><truncated>0</truncated><difficult>0</difficult><robndbox><cx>560.4067</cx><cy>771.4224</cy><w>71.6664</w><h>28.4092</h><angle>0.40829</angle></robndbox></object><object><type>robndbox</type><name>wheat_head</name><pose>Unspecified</pose><truncated>0</truncated><difficult>0</difficult><robndbox><cx>133.0271</cx><cy>38.8808</cy><w>28.3569</w><h>23.3415</h><angle>1.516373</angle></robndbox></object><object><type>robndbox</type><name>wheat_head</name><pose>Unspecified</pose><truncated>0</truncated><difficult>0</difficult><robndbox><cx>587.2589</cx><cy>299.5372</cy><w>85.9856</w><h>30.7612</h><angle>1.497601</angle></robndbox></object><object><type>robndbox</type><name>wheat_head</name><pose>Unspecified</pose><truncated>0</truncated><difficult>0</difficult><robndbox><cx>298.9827</cx><cy>836.0243</cy><w>57.2331</w><h>39.9536</h><angle>2.749196</angle></robndbox></object><object><type>robndbox</type><name>wheat_head</name><pose>Unspecified</pose><truncated>0</truncated><difficult>0</difficult><robndbox><cx>575.4001</cx><cy>237.4555</cy><w>32.9848</w><h>27.3773</h><angle>1.325818</angle></robndbox></object><object><type>robndbox</type><name>wheat_head</name><pose>Unspecified</pose><truncated>0</truncated><difficult>0</difficult><robndbox><cx>223.5849</cx><cy>886.0725</cy><w>26.6811</w><h>25.5574</h><angle>2.308778</angle></robndbox></object></annotation>