<annotation verified="no"><folder>images</folder><filename>5adddbf87</filename><path>/home/badhon/Documents/thesis/final_dataset/ethz_1/images/5adddbf87.jpg</path><source><database>Unknown</database></source><size><width>1024</width><height>1024</height><depth>3</depth></size><segmented>0</segmented><object><type>robndbox</type><name>wheat_head</name><pose>Unspecified</pose><truncated>0</truncated><difficult>0</difficult><robndbox><cx>829.1788</cx><cy>185.1077</cy><w>62.4257</w><h>30.3817</h><angle>1.006384</angle></robndbox></object><object><type>robndbox</type><name>wheat_head</name><pose>Unspecified</pose><truncated>0</truncated><difficult>0</difficult><robndbox><cx>140.4529</cx><cy>447.7095</cy><w>86.1457</w><h>36.8731</h><angle>1.168045</angle></robndbox></object><object><type>robndbox</type><name>wheat_head</name><pose>Unspecified</pose><truncated>0</truncated><difficult>0</difficult><robndbox><cx>570.2613</cx><cy>167.8481</cy><w>77.8333</w><h>36.5336</h><angle>0.972222</angle></robndbox></object><object><type>robndbox</type><name>wheat_head</name><pose>Unspecified</pose><truncated>0</truncated><difficult>0</difficult><robndbox><cx>100.9882</cx><cy>144.7008</cy><w>102.0071</w><h>35.4459</h><angle>1.155243</angle></robndbox></object><object><type>robndbox</type><name>wheat_head</name><pose>Unspecified</pose><truncated>0</truncated><difficult>0</difficult><robndbox><cx>628.5609</cx><cy>604.2787</cy><w>60.7855</w><h>29.6726</h><angle>1.097484</angle></robndbox></object><object><type>robndbox</type><name>wheat_head</name><pose>Unspecified</pose><truncated>0</truncated><difficult>0</difficult><robndbox><cx>961.3409</cx><cy>119.84</cy><w>67.4606</w><h>35.2016</h><angle>0.784566</angle></robndbox></object><object><type>robndbox</type><name>wheat_head</name><pose>Unspecified</pose><truncated>0</truncated><difficult>0</difficult><robndbox><cx>369.2315</cx><cy>433.8325</cy><w>95.2178</w><h>32.1816</h><angle>0.794757</angle></robndbox></object><object><type>robndbox</type><name>wheat_head</name><pose>Unspecified</pose><truncated>0</truncated><difficult>0</difficult><robndbox><cx>432.4464</cx><cy>841.7181</cy><w>87.6964</w><h>37.862</h><angle>0.646425</angle></robndbox></object><object><type>robndbox</type><name>wheat_head</name><pose>Unspecified</pose><truncated>0</truncated><difficult>0</difficult><robndbox><cx>583.0985</cx><cy>517.6235</cy><w>65.88</w><h>24.6521</h><angle>1.747194</angle></robndbox></object><object><type>robndbox</type><name>wheat_head</name><pose>Unspecified</pose><truncated>0</truncated><difficult>0</difficult><robndbox><cx>178.0003</cx><cy>599.8593</cy><w>84.2643</w><h>36.7134</h><angle>0.652567</angle></robndbox></object><object><type>robndbox</type><name>wheat_head</name><pose>Unspecified</pose><truncated>0</truncated><difficult>0</difficult><robndbox><cx>387.7962</cx><cy>708.1783</cy><w>63.5384</w><h>28.5996</h><angle>1.040501</angle></robndbox></object><object><type>robndbox</type><name>wheat_head</name><pose>Unspecified</pose><truncated>0</truncated><difficult>0</difficult><robndbox><cx>415.823</cx><cy>196.1279</cy><w>92.7154</w><h>20.0878</h><angle>0.893133</angle></robndbox></object><object><type>robndbox</type><name>wheat_head</name><pose>Unspecified</pose><truncated>0</truncated><difficult>0</difficult><robndbox><cx>413.6013</cx><cy>151.9882</cy><w>115.9733</w><h>34.5302</h><angle>1.250265</angle></robndbox></object><object><type>robndbox</type><name>wheat_head</name><pose>Unspecified</pose><truncated>0</truncated><difficult>0</difficult><robndbox><cx>603.1792</cx><cy>357.2239</cy><w>124.377</w><h>38.6605</h><angle>1.026274</angle></robndbox></object><object><type>robndbox</type><name>wheat_head</name><pose>Unspecified</pose><truncated>0</truncated><difficult>0</difficult><robndbox><cx>965.2433</cx><cy>300.9289</cy><w>64.1137</w><h>35.2844</h><angle>0.955253</angle></robndbox></object><object><type>robndbox</type><name>wheat_head</name><pose>Unspecified</pose><truncated>0</truncated><difficult>0</difficult><robndbox><cx>912.0023</cx><cy>470.2515</cy><w>80.7011</w><h>37.3203</h><angle>0.644369</angle></robndbox></object><object><type>robndbox</type><name>wheat_head</name><pose>Unspecified</pose><truncated>0</truncated><difficult>0</difficult><robndbox><cx>909.7307</cx><cy>598.8636</cy><w>75.0258</w><h>33.3273</h><angle>0.637248</angle></robndbox></object><object><type>robndbox</type><name>wheat_head</name><pose>Unspecified</pose><truncated>0</truncated><difficult>0</difficult><robndbox><cx>774.0781</cx><cy>352.4456</cy><w>95.3301</w><h>33.1147</h><angle>1.392812</angle></robndbox></object><object><type>robndbox</type><name>wheat_head</name><pose>Unspecified</pose><truncated>0</truncated><difficult>0</difficult><robndbox><cx>485.3345</cx><cy>645.111</cy><w>55.1397</w><h>23.6146</h><angle>0.795579</angle></robndbox></object><object><type>robndbox</type><name>wheat_head</name><pose>Unspecified</pose><truncated>0</truncated><difficult>0</difficult><robndbox><cx>280.2152</cx><cy>925.1494</cy><w>64.9792</w><h>30.9245</h><angle>0.531221</angle></robndbox></object><object><type>robndbox</type><name>wheat_head</name><pose>Unspecified</pose><truncated>0</truncated><difficult>0</difficult><robndbox><cx>623.4985</cx><cy>836.2935</cy><w>94.6186</w><h>35.9841</h><angle>0.61745</angle></robndbox></object><object><type>robndbox</type><name>wheat_head</name><pose>Unspecified</pose><truncated>0</truncated><difficult>0</difficult><robndbox><cx>9.7628</cx><cy>879.9302</cy><w>35.5773</w><h>21.7196</h><angle>1.523854</angle></robndbox></object><object><type>robndbox</type><name>wheat_head</name><pose>Unspecified</pose><truncated>0</truncated><difficult>0</difficult><robndbox><cx>241.4219</cx><cy>531.8643</cy><w>42.6134</w><h>28.016</h><angle>0.783867</angle></robndbox></object><object><type>robndbox</type><name>wheat_head</name><pose>Unspecified</pose><truncated>0</truncated><difficult>0</difficult><robndbox><cx>78.6024</cx><cy>923.4713</cy><w>78.0462</w><h>34.4458</h><angle>1.263401</angle></robndbox></object><object><type>robndbox</type><name>wheat_head</name><pose>Unspecified</pose><truncated>0</truncated><difficult>0</difficult><robndbox><cx>110.3176</cx><cy>1007.0408</cy><w>36.5542</w><h>26.0396</h><angle>0.254116</angle></robndbox></object><object><type>robndbox</type><name>wheat_head</name><pose>Unspecified</pose><truncated>0</truncated><difficult>0</difficult><robndbox><cx>215.3804</cx><cy>972.3623</cy><w>114.2783</w><h>36.5286</h><angle>2.739133</angle></robndbox></object><object><type>robndbox</type><name>wheat_head</name><pose>Unspecified</pose><truncated>0</truncated><difficult>0</difficult><robndbox><cx>626.5553</cx><cy>931.3132</cy><w>70.2245</w><h>28.0453</h><angle>0.220942</angle></robndbox></object><object><type>robndbox</type><name>wheat_head</name><pose>Unspecified</pose><truncated>0</truncated><difficult>0</difficult><robndbox><cx>945.4256</cx><cy>11.4916</cy><w>21.4246</w><h>20.464</h><angle>1.420335</angle></robndbox></object><object><type>robndbox</type><name>wheat_head</name><pose>Unspecified</pose><truncated>0</truncated><difficult>0</difficult><robndbox><cx>243.7872</cx><cy>479.5401</cy><w>39.0659</w><h>26.2829</h><angle>0.644508</angle></robndbox></object><object><type>robndbox</type><name>wheat_head</name><pose>Unspecified</pose><truncated>0</truncated><difficult>0</difficult><robndbox><cx>786.7833</cx><cy>492.9269</cy><w>63.5079</w><h>33.1966</h><angle>1.327939</angle></robndbox></object><object><type>robndbox</type><name>wheat_head</name><pose>Unspecified</pose><truncated>0</truncated><difficult>0</difficult><robndbox><cx>431.6304</cx><cy>448.5488</cy><w>57.8756</w><h>27.9302</h><angle>1.446939</angle></robndbox></object><object><type>robndbox</type><name>wheat_head</name><pose>Unspecified</pose><truncated>0</truncated><difficult>0</difficult><robndbox><cx>372.2657</cx><cy>506.0473</cy><w>74.0038</w><h>37.2622</h><angle>1.230851</angle></robndbox></object><object><type>robndbox</type><name>wheat_head</name><pose>Unspecified</pose><truncated>0</truncated><difficult>0</difficult><robndbox><cx>573.4577</cx><cy>840.8862</cy><w>53.5167</w><h>25.5235</h><angle>0.866321</angle></robndbox></object><object><type>robndbox</type><name>wheat_head</name><pose>Unspecified</pose><truncated>0</truncated><difficult>0</difficult><robndbox><cx>361.2594</cx><cy>850.4894</cy><w>52.5816</w><h>32.0878</h><angle>0.547774</angle></robndbox></object><object><type>robndbox</type><name>wheat_head</name><pose>Unspecified</pose><truncated>0</truncated><difficult>0</difficult><robndbox><cx>923.6282</cx><cy>860.3936</cy><w>81.4978</w><h>35.8086</h><angle>1.523518</angle></robndbox></object><object><type>robndbox</type><name>wheat_head</name><pose>Unspecified</pose><truncated>0</truncated><difficult>0</difficult><robndbox><cx>614.6855</cx><cy>514.1231</cy><w>36.5549</w><h>21.1841</h><angle>1.040865</angle></robndbox></object><object><type>robndbox</type><name>wheat_head</name><pose>Unspecified</pose><truncated>0</truncated><difficult>0</difficult><robndbox><cx>905.0</cx><cy>17.5</cy><w>41.4615</w><h>24.254</h><angle>2.532274</angle></robndbox></object><object><type>robndbox</type><name>wheat_head</name><pose>Unspecified</pose><truncated>0</truncated><difficult>0</difficult><robndbox><cx>397.2434</cx><cy>575.3885</cy><w>46.9216</w><h>33.1099</h><angle>0.997765</angle></robndbox></object><object><type>robndbox</type><name>wheat_head</name><pose>Unspecified</pose><truncated>0</truncated><difficult>0</difficult><robndbox><cx>998.5388</cx><cy>286.8675</cy><w>29.6052</w><h>29.0653</h><angle>1.426068</angle></robndbox></object><object><type>robndbox</type><name>wheat_head</name><pose>Unspecified</pose><truncated>0</truncated><difficult>0</difficult><robndbox><cx>727.9623</cx><cy>560.3055</cy><w>45.2281</w><h>27.3396</h><angle>1.314964</angle></robndbox></object><object><type>robndbox</type><name>wheat_head</name><pose>Unspecified</pose><truncated>0</truncated><difficult>0</difficult><robndbox><cx>639.8784</cx><cy>721.8492</cy><w>36.2533</w><h>30.7119</h><angle>0.466733</angle></robndbox></object><object><type>robndbox</type><name>wheat_head</name><pose>Unspecified</pose><truncated>0</truncated><difficult>0</difficult><robndbox><cx>678.2084</cx><cy>541.2194</cy><w>38.2972</w><h>26.9801</h><angle>2.025848</angle></robndbox></object><object><type>robndbox</type><name>wheat_head</name><pose>Unspecified</pose><truncated>0</truncated><difficult>0</difficult><robndbox><cx>1005.3399</cx><cy>517.0467</cy><w>34.683</w><h>27.441</h><angle>1.442213</angle></robndbox></object><object><type>robndbox</type><name>wheat_head</name><pose>Unspecified</pose><truncated>0</truncated><difficult>0</difficult><robndbox><cx>214.6973</cx><cy>738.3101</cy><w>61.3285</w><h>33.1569</h><angle>1.159379</angle></robndbox></object><object><type>robndbox</type><name>wheat_head</name><pose>Unspecified</pose><truncated>0</truncated><difficult>0</difficult><robndbox><cx>879.1884</cx><cy>551.0786</cy><w>40.9375</w><h>22.4707</h><angle>0.966553</angle></robndbox></object><object><type>robndbox</type><name>wheat_head</name><pose>Unspecified</pose><truncated>0</truncated><difficult>0</difficult><robndbox><cx>1013.819</cx><cy>612.2354</cy><w>38.4</w><h>14.1834</h><angle>1.637861</angle></robndbox></object><object><type>robndbox</type><name>wheat_head</name><pose>Unspecified</pose><truncated>0</truncated><difficult>0</difficult><robndbox><cx>730.807</cx><cy>506.0256</cy><w>36.5039</w><h>21.0005</h><angle>0.177168</angle></robndbox></object><object><type>robndbox</type><name>wheat_head</name><pose>Unspecified</pose><truncated>0</truncated><difficult>0</difficult><robndbox><cx>773.0812</cx><cy>246.5004</cy><w>120.2292</w><h>31.6079</h><angle>1.010359</angle></robndbox></object><object><type>robndbox</type><name>wheat_head</name><pose>Unspecified</pose><truncated>0</truncated><difficult>0</difficult><robndbox><cx>847.9694</cx><cy>570.5862</cy><w>67.0236</w><h>29.9849</h><angle>1.460636</angle></robndbox></object><object><type>robndbox</type><name>wheat_head</name><pose>Unspecified</pose><truncated>0</truncated><difficult>0</difficult><robndbox><cx>847.9694</cx><cy>570.5862</cy><w>67.0236</w><h>29.9849</h><angle>1.460636</angle></robndbox></object><object><type>robndbox</type><name>wheat_head</name><pose>Unspecified</pose><truncated>0</truncated><difficult>0</difficult><robndbox><cx>77.7908</cx><cy>610.4413</cy><w>33.5208</w><h>22.8231</h><angle>0.203438</angle></robndbox></object></annotation>