<annotation verified="no"><folder>images</folder><filename>60870e668</filename><path>/home/badhon/Documents/thesis/final_dataset/ethz_1/images/60870e668.jpg</path><source><database>Unknown</database></source><size><width>1024</width><height>1024</height><depth>3</depth></size><segmented>0</segmented><object><type>robndbox</type><name>wheat_head</name><pose>Unspecified</pose><truncated>0</truncated><difficult>0</difficult><robndbox><cx>949.8339</cx><cy>97.2977</cy><w>89.8974</w><h>27.9123</h><angle>1.199287</angle></robndbox></object><object><type>robndbox</type><name>wheat_head</name><pose>Unspecified</pose><truncated>0</truncated><difficult>0</difficult><robndbox><cx>456.9142</cx><cy>297.9929</cy><w>90.217</w><h>33.6823</h><angle>0.34358</angle></robndbox></object><object><type>robndbox</type><name>wheat_head</name><pose>Unspecified</pose><truncated>0</truncated><difficult>0</difficult><robndbox><cx>523.859</cx><cy>729.4164</cy><w>132.6997</w><h>40.9916</h><angle>0.474432</angle></robndbox></object><object><type>robndbox</type><name>wheat_head</name><pose>Unspecified</pose><truncated>0</truncated><difficult>0</difficult><robndbox><cx>125.2228</cx><cy>179.9246</cy><w>106.161</w><h>33.1784</h><angle>0.565973</angle></robndbox></object><object><type>robndbox</type><name>wheat_head</name><pose>Unspecified</pose><truncated>0</truncated><difficult>0</difficult><robndbox><cx>177.8903</cx><cy>785.7268</cy><w>108.5971</w><h>34.6699</h><angle>0.298407</angle></robndbox></object><object><type>robndbox</type><name>wheat_head</name><pose>Unspecified</pose><truncated>0</truncated><difficult>0</difficult><robndbox><cx>824.6758</cx><cy>985.4005</cy><w>89.355</w><h>36.2647</h><angle>2.641478</angle></robndbox></object><object><type>robndbox</type><name>wheat_head</name><pose>Unspecified</pose><truncated>0</truncated><difficult>0</difficult><robndbox><cx>934.9672</cx><cy>293.3195</cy><w>84.6156</w><h>32.8692</h><angle>0.413297</angle></robndbox></object><object><type>robndbox</type><name>wheat_head</name><pose>Unspecified</pose><truncated>0</truncated><difficult>0</difficult><robndbox><cx>317.8625</cx><cy>148.7146</cy><w>112.2488</w><h>40.3866</h><angle>0.615695</angle></robndbox></object><object><type>robndbox</type><name>wheat_head</name><pose>Unspecified</pose><truncated>0</truncated><difficult>0</difficult><robndbox><cx>225.0309</cx><cy>462.2326</cy><w>136.7338</w><h>37.1309</h><angle>0.230564</angle></robndbox></object><object><type>robndbox</type><name>wheat_head</name><pose>Unspecified</pose><truncated>0</truncated><difficult>0</difficult><robndbox><cx>555.0668</cx><cy>574.5093</cy><w>98.3329</w><h>35.8523</h><angle>0.380503</angle></robndbox></object><object><type>robndbox</type><name>wheat_head</name><pose>Unspecified</pose><truncated>0</truncated><difficult>0</difficult><robndbox><cx>51.3125</cx><cy>772.7744</cy><w>120.4742</w><h>37.6503</h><angle>0.60241</angle></robndbox></object><object><type>robndbox</type><name>wheat_head</name><pose>Unspecified</pose><truncated>0</truncated><difficult>0</difficult><robndbox><cx>932.2148</cx><cy>585.3372</cy><w>111.2144</w><h>37.0114</h><angle>0.457038</angle></robndbox></object><object><type>robndbox</type><name>wheat_head</name><pose>Unspecified</pose><truncated>0</truncated><difficult>0</difficult><robndbox><cx>1015.4428</cx><cy>560.8127</cy><w>21.338</w><h>13.0924</h><angle>1.636151</angle></robndbox></object><object><type>robndbox</type><name>wheat_head</name><pose>Unspecified</pose><truncated>0</truncated><difficult>0</difficult><robndbox><cx>256.8686</cx><cy>865.5796</cy><w>109.9489</w><h>37.1381</h><angle>0.910197</angle></robndbox></object><object><type>robndbox</type><name>wheat_head</name><pose>Unspecified</pose><truncated>0</truncated><difficult>0</difficult><robndbox><cx>625.6252</cx><cy>517.8427</cy><w>155.8189</w><h>42.5588</h><angle>0.553414</angle></robndbox></object><object><type>robndbox</type><name>wheat_head</name><pose>Unspecified</pose><truncated>0</truncated><difficult>0</difficult><robndbox><cx>795.6782</cx><cy>605.1361</cy><w>112.0588</w><h>35.7471</h><angle>0.609192</angle></robndbox></object><object><type>robndbox</type><name>wheat_head</name><pose>Unspecified</pose><truncated>0</truncated><difficult>0</difficult><robndbox><cx>499.0329</cx><cy>861.3535</cy><w>75.3378</w><h>33.2153</h><angle>0.459217</angle></robndbox></object><object><type>robndbox</type><name>wheat_head</name><pose>Unspecified</pose><truncated>0</truncated><difficult>0</difficult><robndbox><cx>891.7531</cx><cy>76.3182</cy><w>92.0043</w><h>34.1669</h><angle>1.133584</angle></robndbox></object><object><type>robndbox</type><name>wheat_head</name><pose>Unspecified</pose><truncated>0</truncated><difficult>0</difficult><robndbox><cx>196.7224</cx><cy>285.0358</cy><w>93.3403</w><h>36.0189</h><angle>0.417749</angle></robndbox></object><object><type>robndbox</type><name>wheat_head</name><pose>Unspecified</pose><truncated>0</truncated><difficult>0</difficult><robndbox><cx>527.5201</cx><cy>82.2097</cy><w>86.5713</w><h>35.4351</h><angle>0.473389</angle></robndbox></object><object><type>robndbox</type><name>wheat_head</name><pose>Unspecified</pose><truncated>0</truncated><difficult>0</difficult><robndbox><cx>590.2464</cx><cy>170.5164</cy><w>81.7862</w><h>38.2404</h><angle>0.849714</angle></robndbox></object><object><type>robndbox</type><name>wheat_head</name><pose>Unspecified</pose><truncated>0</truncated><difficult>0</difficult><robndbox><cx>318.9821</cx><cy>267.4155</cy><w>69.6394</w><h>26.1813</h><angle>0.407317</angle></robndbox></object><object><type>robndbox</type><name>wheat_head</name><pose>Unspecified</pose><truncated>0</truncated><difficult>0</difficult><robndbox><cx>420.8255</cx><cy>39.8901</cy><w>133.7284</w><h>42.1037</h><angle>0.60706</angle></robndbox></object><object><type>robndbox</type><name>wheat_head</name><pose>Unspecified</pose><truncated>0</truncated><difficult>0</difficult><robndbox><cx>31.7139</cx><cy>819.4057</cy><w>61.6725</w><h>25.4524</h><angle>0.504415</angle></robndbox></object><object><type>robndbox</type><name>wheat_head</name><pose>Unspecified</pose><truncated>0</truncated><difficult>0</difficult><robndbox><cx>388.0835</cx><cy>399.6049</cy><w>77.1783</w><h>32.9659</h><angle>0.634795</angle></robndbox></object><object><type>robndbox</type><name>wheat_head</name><pose>Unspecified</pose><truncated>0</truncated><difficult>0</difficult><robndbox><cx>343.4945</cx><cy>696.6405</cy><w>104.048</w><h>35.5082</h><angle>0.176677</angle></robndbox></object><object><type>robndbox</type><name>wheat_head</name><pose>Unspecified</pose><truncated>0</truncated><difficult>0</difficult><robndbox><cx>271.8771</cx><cy>951.8661</cy><w>81.6121</w><h>34.0236</h><angle>0.191298</angle></robndbox></object><object><type>robndbox</type><name>wheat_head</name><pose>Unspecified</pose><truncated>0</truncated><difficult>0</difficult><robndbox><cx>717.0101</cx><cy>875.2402</cy><w>122.8952</w><h>39.019</h><angle>0.10576</angle></robndbox></object><object><type>robndbox</type><name>wheat_head</name><pose>Unspecified</pose><truncated>0</truncated><difficult>0</difficult><robndbox><cx>87.2647</cx><cy>998.1656</cy><w>86.2563</w><h>23.7423</h><angle>0.059649</angle></robndbox></object><object><type>robndbox</type><name>wheat_head</name><pose>Unspecified</pose><truncated>0</truncated><difficult>0</difficult><robndbox><cx>508.3147</cx><cy>202.5609</cy><w>98.0013</w><h>38.7757</h><angle>0.251416</angle></robndbox></object><object><type>robndbox</type><name>wheat_head</name><pose>Unspecified</pose><truncated>0</truncated><difficult>0</difficult><robndbox><cx>565.2234</cx><cy>530.7953</cy><w>55.3624</w><h>26.5239</h><angle>0.411193</angle></robndbox></object><object><type>robndbox</type><name>wheat_head</name><pose>Unspecified</pose><truncated>0</truncated><difficult>0</difficult><robndbox><cx>881.1282</cx><cy>232.1525</cy><w>175.2268</w><h>37.7772</h><angle>0.385075</angle></robndbox></object><object><type>robndbox</type><name>wheat_head</name><pose>Unspecified</pose><truncated>0</truncated><difficult>0</difficult><robndbox><cx>130.6757</cx><cy>901.1164</cy><w>57.592</w><h>30.5296</h><angle>2.786662</angle></robndbox></object><object><type>robndbox</type><name>wheat_head</name><pose>Unspecified</pose><truncated>0</truncated><difficult>0</difficult><robndbox><cx>221.5751</cx><cy>376.0036</cy><w>168.773</w><h>35.1833</h><angle>0.297395</angle></robndbox></object><object><type>robndbox</type><name>wheat_head</name><pose>Unspecified</pose><truncated>0</truncated><difficult>0</difficult><robndbox><cx>815.4396</cx><cy>278.8345</cy><w>66.5637</w><h>31.9471</h><angle>0.219521</angle></robndbox></object><object><type>robndbox</type><name>wheat_head</name><pose>Unspecified</pose><truncated>0</truncated><difficult>0</difficult><robndbox><cx>58.2978</cx><cy>514.5822</cy><w>69.2161</w><h>31.9983</h><angle>1.101332</angle></robndbox></object><object><type>robndbox</type><name>wheat_head</name><pose>Unspecified</pose><truncated>0</truncated><difficult>0</difficult><robndbox><cx>930.5287</cx><cy>1010.2796</cy><w>39.8529</w><h>24.9731</h><angle>0.308421</angle></robndbox></object><object><type>robndbox</type><name>wheat_head</name><pose>Unspecified</pose><truncated>0</truncated><difficult>0</difficult><robndbox><cx>76.2055</cx><cy>850.2156</cy><w>83.7983</w><h>24.5832</h><angle>0.063801</angle></robndbox></object><object><type>robndbox</type><name>wheat_head</name><pose>Unspecified</pose><truncated>0</truncated><difficult>0</difficult><robndbox><cx>12.7623</cx><cy>74.1541</cy><w>30.5804</w><h>28.3353</h><angle>0.376567</angle></robndbox></object><object><type>robndbox</type><name>wheat_head</name><pose>Unspecified</pose><truncated>0</truncated><difficult>0</difficult><robndbox><cx>860.4639</cx><cy>149.6093</cy><w>122.9122</w><h>37.6873</h><angle>0.411194</angle></robndbox></object><object><type>robndbox</type><name>wheat_head</name><pose>Unspecified</pose><truncated>0</truncated><difficult>0</difficult><robndbox><cx>350.059</cx><cy>86.74</cy><w>154.6726</w><h>37.9098</h><angle>0.930492</angle></robndbox></object><object><type>robndbox</type><name>wheat_head</name><pose>Unspecified</pose><truncated>0</truncated><difficult>0</difficult><robndbox><cx>189.9973</cx><cy>624.3707</cy><w>185.0526</w><h>39.939</h><angle>0.011491</angle></robndbox></object><object><type>robndbox</type><name>wheat_head</name><pose>Unspecified</pose><truncated>0</truncated><difficult>0</difficult><robndbox><cx>638.321</cx><cy>812.5004</cy><w>55.5713</w><h>31.8723</h><angle>0.104705</angle></robndbox></object><object><type>robndbox</type><name>wheat_head</name><pose>Unspecified</pose><truncated>0</truncated><difficult>0</difficult><robndbox><cx>741.4507</cx><cy>82.9261</cy><w>36.4529</w><h>27.2354</h><angle>0.413703</angle></robndbox></object><object><type>robndbox</type><name>wheat_head</name><pose>Unspecified</pose><truncated>0</truncated><difficult>0</difficult><robndbox><cx>332.9713</cx><cy>234.0492</cy><w>41.8872</w><h>25.4531</h><angle>0.730303</angle></robndbox></object><object><type>robndbox</type><name>wheat_head</name><pose>Unspecified</pose><truncated>0</truncated><difficult>0</difficult><robndbox><cx>866.7011</cx><cy>524.0704</cy><w>78.4584</w><h>36.7781</h><angle>2.071064</angle></robndbox></object><object><type>robndbox</type><name>wheat_head</name><pose>Unspecified</pose><truncated>0</truncated><difficult>0</difficult><robndbox><cx>443.0918</cx><cy>419.1129</cy><w>111.2202</w><h>30.3778</h><angle>0.99625</angle></robndbox></object><object><type>robndbox</type><name>wheat_head</name><pose>Unspecified</pose><truncated>0</truncated><difficult>0</difficult><robndbox><cx>271.0607</cx><cy>423.6373</cy><w>123.7328</w><h>35.3695</h><angle>0.483417</angle></robndbox></object><object><type>robndbox</type><name>wheat_head</name><pose>Unspecified</pose><truncated>0</truncated><difficult>0</difficult><robndbox><cx>212.3799</cx><cy>513.3455</cy><w>44.5563</w><h>29.1409</h><angle>0.058646</angle></robndbox></object><object><type>robndbox</type><name>wheat_head</name><pose>Unspecified</pose><truncated>0</truncated><difficult>0</difficult><robndbox><cx>219.4434</cx><cy>221.4109</cy><w>69.3965</w><h>28.7214</h><angle>2.982023</angle></robndbox></object><object><type>robndbox</type><name>wheat_head</name><pose>Unspecified</pose><truncated>0</truncated><difficult>0</difficult><robndbox><cx>915.8411</cx><cy>543.2034</cy><w>48.0777</w><h>29.4783</h><angle>3.102951</angle></robndbox></object><object><type>robndbox</type><name>wheat_head</name><pose>Unspecified</pose><truncated>0</truncated><difficult>0</difficult><robndbox><cx>798.4118</cx><cy>139.3076</cy><w>110.3654</w><h>39.4874</h><angle>0.43674</angle></robndbox></object><object><type>robndbox</type><name>wheat_head</name><pose>Unspecified</pose><truncated>0</truncated><difficult>0</difficult><robndbox><cx>51.8183</cx><cy>561.8206</cy><w>100.2932</w><h>31.1273</h><angle>0.052446</angle></robndbox></object><object><type>robndbox</type><name>wheat_head</name><pose>Unspecified</pose><truncated>0</truncated><difficult>0</difficult><robndbox><cx>381.1012</cx><cy>898.0919</cy><w>51.5065</w><h>36.3433</h><angle>1.710443</angle></robndbox></object><object><type>robndbox</type><name>wheat_head</name><pose>Unspecified</pose><truncated>0</truncated><difficult>0</difficult><robndbox><cx>545.7004</cx><cy>972.7896</cy><w>56.2668</w><h>29.4766</h><angle>3.042715</angle></robndbox></object><object><type>robndbox</type><name>wheat_head</name><pose>Unspecified</pose><truncated>0</truncated><difficult>0</difficult><robndbox><cx>611.3882</cx><cy>955.8318</cy><w>49.1643</w><h>36.5564</h><angle>2.979123</angle></robndbox></object><object><type>robndbox</type><name>wheat_head</name><pose>Unspecified</pose><truncated>0</truncated><difficult>0</difficult><robndbox><cx>596.854</cx><cy>988.4194</cy><w>74.4603</w><h>30.4314</h><angle>0.512665</angle></robndbox></object><object><type>robndbox</type><name>wheat_head</name><pose>Unspecified</pose><truncated>0</truncated><difficult>0</difficult><robndbox><cx>324.6188</cx><cy>27.2698</cy><w>59.3725</w><h>28.466</h><angle>0.52903</angle></robndbox></object><object><type>robndbox</type><name>wheat_head</name><pose>Unspecified</pose><truncated>0</truncated><difficult>0</difficult><robndbox><cx>994.6871</cx><cy>1003.6344</cy><w>48.2597</w><h>34.8039</h><angle>0.59375</angle></robndbox></object></annotation>