<annotation verified="no"><folder>images</folder><filename>63c207ea9</filename><path>/home/badhon/Documents/thesis/final_dataset/ethz_1/images/63c207ea9.jpg</path><source><database>Unknown</database></source><size><width>1024</width><height>1024</height><depth>3</depth></size><segmented>0</segmented><object><type>robndbox</type><name>wheat_head</name><pose>Unspecified</pose><truncated>0</truncated><difficult>0</difficult><robndbox><cx>120.7808</cx><cy>40.0019</cy><w>77.1654</w><h>33.9081</h><angle>1.140259</angle></robndbox></object><object><type>robndbox</type><name>wheat_head</name><pose>Unspecified</pose><truncated>0</truncated><difficult>0</difficult><robndbox><cx>106.8513</cx><cy>559.3155</cy><w>69.8274</w><h>35.1482</h><angle>0.977017</angle></robndbox></object><object><type>robndbox</type><name>wheat_head</name><pose>Unspecified</pose><truncated>0</truncated><difficult>0</difficult><robndbox><cx>873.3221</cx><cy>663.0648</cy><w>75.6578</w><h>39.2105</h><angle>1.078965</angle></robndbox></object><object><type>robndbox</type><name>wheat_head</name><pose>Unspecified</pose><truncated>0</truncated><difficult>0</difficult><robndbox><cx>790.054</cx><cy>159.8535</cy><w>64.4458</w><h>31.0455</h><angle>1.922508</angle></robndbox></object><object><type>robndbox</type><name>wheat_head</name><pose>Unspecified</pose><truncated>0</truncated><difficult>0</difficult><robndbox><cx>464.4637</cx><cy>356.9461</cy><w>75.1981</w><h>32.1894</h><angle>1.242437</angle></robndbox></object><object><type>robndbox</type><name>wheat_head</name><pose>Unspecified</pose><truncated>0</truncated><difficult>0</difficult><robndbox><cx>784.4312</cx><cy>487.0168</cy><w>118.2264</w><h>35.3359</h><angle>1.205212</angle></robndbox></object><object><type>robndbox</type><name>wheat_head</name><pose>Unspecified</pose><truncated>0</truncated><difficult>0</difficult><robndbox><cx>886.7704</cx><cy>311.0652</cy><w>95.662</w><h>24.0658</h><angle>1.325388</angle></robndbox></object><object><type>robndbox</type><name>wheat_head</name><pose>Unspecified</pose><truncated>0</truncated><difficult>0</difficult><robndbox><cx>733.073</cx><cy>22.5501</cy><w>73.4352</w><h>34.9215</h><angle>0.558623</angle></robndbox></object><object><type>robndbox</type><name>wheat_head</name><pose>Unspecified</pose><truncated>0</truncated><difficult>0</difficult><robndbox><cx>70.1546</cx><cy>632.5369</cy><w>64.9403</w><h>34.8436</h><angle>0.575719</angle></robndbox></object><object><type>robndbox</type><name>wheat_head</name><pose>Unspecified</pose><truncated>0</truncated><difficult>0</difficult><robndbox><cx>933.2449</cx><cy>151.1595</cy><w>50.2031</w><h>35.3739</h><angle>1.296831</angle></robndbox></object><object><type>robndbox</type><name>wheat_head</name><pose>Unspecified</pose><truncated>0</truncated><difficult>0</difficult><robndbox><cx>760.7525</cx><cy>253.3707</cy><w>64.2908</w><h>32.829</h><angle>1.460397</angle></robndbox></object><object><type>robndbox</type><name>wheat_head</name><pose>Unspecified</pose><truncated>0</truncated><difficult>0</difficult><robndbox><cx>643.9748</cx><cy>334.7524</cy><w>65.2801</w><h>26.1286</h><angle>1.04482</angle></robndbox></object><object><type>robndbox</type><name>wheat_head</name><pose>Unspecified</pose><truncated>0</truncated><difficult>0</difficult><robndbox><cx>918.2054</cx><cy>618.0283</cy><w>65.5629</w><h>34.0438</h><angle>1.131481</angle></robndbox></object><object><type>robndbox</type><name>wheat_head</name><pose>Unspecified</pose><truncated>0</truncated><difficult>0</difficult><robndbox><cx>455.053</cx><cy>939.7435</cy><w>78.6382</w><h>34.6001</h><angle>0.358164</angle></robndbox></object><object><type>robndbox</type><name>wheat_head</name><pose>Unspecified</pose><truncated>0</truncated><difficult>0</difficult><robndbox><cx>371.9045</cx><cy>642.8326</cy><w>100.6354</w><h>36.7854</h><angle>1.271748</angle></robndbox></object><object><type>robndbox</type><name>wheat_head</name><pose>Unspecified</pose><truncated>0</truncated><difficult>0</difficult><robndbox><cx>836.8117</cx><cy>318.9528</cy><w>60.6598</w><h>35.1488</h><angle>1.2827</angle></robndbox></object><object><type>robndbox</type><name>wheat_head</name><pose>Unspecified</pose><truncated>0</truncated><difficult>0</difficult><robndbox><cx>349.4949</cx><cy>389.5238</cy><w>41.9944</w><h>30.2388</h><angle>1.30088</angle></robndbox></object><object><type>robndbox</type><name>wheat_head</name><pose>Unspecified</pose><truncated>0</truncated><difficult>0</difficult><robndbox><cx>357.0127</cx><cy>919.4214</cy><w>91.7249</w><h>34.3662</h><angle>1.489313</angle></robndbox></object><object><type>robndbox</type><name>wheat_head</name><pose>Unspecified</pose><truncated>0</truncated><difficult>0</difficult><robndbox><cx>713.662</cx><cy>580.4974</cy><w>64.5579</w><h>34.2767</h><angle>1.280175</angle></robndbox></object><object><type>robndbox</type><name>wheat_head</name><pose>Unspecified</pose><truncated>0</truncated><difficult>0</difficult><robndbox><cx>283.3631</cx><cy>217.876</cy><w>72.5118</w><h>34.0385</h><angle>0.559324</angle></robndbox></object><object><type>robndbox</type><name>wheat_head</name><pose>Unspecified</pose><truncated>0</truncated><difficult>0</difficult><robndbox><cx>922.8481</cx><cy>314.3916</cy><w>53.0239</w><h>31.6652</h><angle>1.360719</angle></robndbox></object><object><type>robndbox</type><name>wheat_head</name><pose>Unspecified</pose><truncated>0</truncated><difficult>0</difficult><robndbox><cx>581.1035</cx><cy>653.2589</cy><w>65.8437</w><h>34.0546</h><angle>0.919801</angle></robndbox></object><object><type>robndbox</type><name>wheat_head</name><pose>Unspecified</pose><truncated>0</truncated><difficult>0</difficult><robndbox><cx>224.8011</cx><cy>549.5914</cy><w>55.8207</w><h>37.1004</h><angle>1.090402</angle></robndbox></object><object><type>robndbox</type><name>wheat_head</name><pose>Unspecified</pose><truncated>0</truncated><difficult>0</difficult><robndbox><cx>404.4238</cx><cy>321.3876</cy><w>56.4144</w><h>26.027</h><angle>1.587897</angle></robndbox></object><object><type>robndbox</type><name>wheat_head</name><pose>Unspecified</pose><truncated>0</truncated><difficult>0</difficult><robndbox><cx>547.512</cx><cy>396.3065</cy><w>50.699</w><h>32.189</h><angle>0.836446</angle></robndbox></object><object><type>robndbox</type><name>wheat_head</name><pose>Unspecified</pose><truncated>0</truncated><difficult>0</difficult><robndbox><cx>337.0032</cx><cy>198.8981</cy><w>110.864</w><h>31.6284</h><angle>1.584371</angle></robndbox></object><object><type>robndbox</type><name>wheat_head</name><pose>Unspecified</pose><truncated>0</truncated><difficult>0</difficult><robndbox><cx>587.501</cx><cy>827.0529</cy><w>68.3543</w><h>31.3643</h><angle>0.61628</angle></robndbox></object><object><type>robndbox</type><name>wheat_head</name><pose>Unspecified</pose><truncated>0</truncated><difficult>0</difficult><robndbox><cx>111.9968</cx><cy>738.6211</cy><w>44.7211</w><h>31.7704</h><angle>0.669932</angle></robndbox></object><object><type>robndbox</type><name>wheat_head</name><pose>Unspecified</pose><truncated>0</truncated><difficult>0</difficult><robndbox><cx>291.794</cx><cy>24.5615</cy><w>47.6112</w><h>30.8306</h><angle>1.827174</angle></robndbox></object><object><type>robndbox</type><name>wheat_head</name><pose>Unspecified</pose><truncated>0</truncated><difficult>0</difficult><robndbox><cx>948.5</cx><cy>22.5</cy><w>28.9132</w><h>27.1578</h><angle>1.462953</angle></robndbox></object><object><type>robndbox</type><name>wheat_head</name><pose>Unspecified</pose><truncated>0</truncated><difficult>0</difficult><robndbox><cx>935.9287</cx><cy>710.1683</cy><w>39.3819</w><h>27.8911</h><angle>1.380815</angle></robndbox></object><object><type>robndbox</type><name>wheat_head</name><pose>Unspecified</pose><truncated>0</truncated><difficult>0</difficult><robndbox><cx>904.3428</cx><cy>81.7385</cy><w>33.8069</w><h>26.3594</h><angle>1.504377</angle></robndbox></object><object><type>robndbox</type><name>wheat_head</name><pose>Unspecified</pose><truncated>0</truncated><difficult>0</difficult><robndbox><cx>526.7753</cx><cy>604.1709</cy><w>51.0147</w><h>30.9102</h><angle>2.853765</angle></robndbox></object><object><type>robndbox</type><name>wheat_head</name><pose>Unspecified</pose><truncated>0</truncated><difficult>0</difficult><robndbox><cx>955.274</cx><cy>217.1325</cy><w>76.4243</w><h>38.0073</h><angle>0.996831</angle></robndbox></object><object><type>robndbox</type><name>wheat_head</name><pose>Unspecified</pose><truncated>0</truncated><difficult>0</difficult><robndbox><cx>619.5817</cx><cy>876.2926</cy><w>40.6562</w><h>32.7491</h><angle>1.806146</angle></robndbox></object><object><type>robndbox</type><name>wheat_head</name><pose>Unspecified</pose><truncated>0</truncated><difficult>0</difficult><robndbox><cx>291.794</cx><cy>24.5615</cy><w>47.6112</w><h>30.8306</h><angle>1.827174</angle></robndbox></object><object><type>robndbox</type><name>wheat_head</name><pose>Unspecified</pose><truncated>0</truncated><difficult>0</difficult><robndbox><cx>196.4301</cx><cy>631.495</cy><w>59.5909</w><h>33.7956</h><angle>0.22327</angle></robndbox></object><object><type>robndbox</type><name>wheat_head</name><pose>Unspecified</pose><truncated>0</truncated><difficult>0</difficult><robndbox><cx>541.9091</cx><cy>271.5788</cy><w>65.0298</w><h>31.8054</h><angle>1.056855</angle></robndbox></object><object><type>robndbox</type><name>wheat_head</name><pose>Unspecified</pose><truncated>0</truncated><difficult>0</difficult><robndbox><cx>369.8211</cx><cy>284.4165</cy><w>62.6416</w><h>29.9269</h><angle>1.283516</angle></robndbox></object><object><type>robndbox</type><name>wheat_head</name><pose>Unspecified</pose><truncated>0</truncated><difficult>0</difficult><robndbox><cx>157.5908</cx><cy>368.1624</cy><w>52.7582</w><h>35.4574</h><angle>1.094037</angle></robndbox></object><object><type>robndbox</type><name>wheat_head</name><pose>Unspecified</pose><truncated>0</truncated><difficult>0</difficult><robndbox><cx>14.6722</cx><cy>617.8814</cy><w>28.5246</w><h>26.1292</h><angle>0.277548</angle></robndbox></object><object><type>robndbox</type><name>wheat_head</name><pose>Unspecified</pose><truncated>0</truncated><difficult>0</difficult><robndbox><cx>337.2989</cx><cy>620.5779</cy><w>34.7659</w><h>19.9265</h><angle>1.300877</angle></robndbox></object><object><type>robndbox</type><name>wheat_head</name><pose>Unspecified</pose><truncated>0</truncated><difficult>0</difficult><robndbox><cx>725.658</cx><cy>992.6519</cy><w>33.5347</w><h>31.0015</h><angle>1.59399</angle></robndbox></object><object><type>robndbox</type><name>wheat_head</name><pose>Unspecified</pose><truncated>0</truncated><difficult>0</difficult><robndbox><cx>629.3699</cx><cy>957.0392</cy><w>61.4302</w><h>35.6772</h><angle>2.86675</angle></robndbox></object><object><type>robndbox</type><name>wheat_head</name><pose>Unspecified</pose><truncated>0</truncated><difficult>0</difficult><robndbox><cx>756.1237</cx><cy>691.7611</cy><w>54.6621</w><h>33.7503</h><angle>2.87703</angle></robndbox></object><object><type>robndbox</type><name>wheat_head</name><pose>Unspecified</pose><truncated>0</truncated><difficult>0</difficult><robndbox><cx>523.0322</cx><cy>1010.7332</cy><w>25.4191</w><h>19.594</h><angle>0.070561</angle></robndbox></object><object><type>robndbox</type><name>wheat_head</name><pose>Unspecified</pose><truncated>0</truncated><difficult>0</difficult><robndbox><cx>559.8156</cx><cy>159.3362</cy><w>37.6475</w><h>24.31</h><angle>1.87411</angle></robndbox></object><object><type>robndbox</type><name>wheat_head</name><pose>Unspecified</pose><truncated>0</truncated><difficult>0</difficult><robndbox><cx>589.8102</cx><cy>333.9969</cy><w>32.4012</w><h>29.976</h><angle>3.125226</angle></robndbox></object><object><type>robndbox</type><name>wheat_head</name><pose>Unspecified</pose><truncated>0</truncated><difficult>0</difficult><robndbox><cx>619.5817</cx><cy>879.2926</cy><w>40.6562</w><h>32.7491</h><angle>2.106146</angle></robndbox></object><object><type>robndbox</type><name>wheat_head</name><pose>Unspecified</pose><truncated>0</truncated><difficult>0</difficult><robndbox><cx>607.6423</cx><cy>6.8221</cy><w>46.4855</w><h>14.532</h><angle>3.116848</angle></robndbox></object><object><type>robndbox</type><name>wheat_head</name><pose>Unspecified</pose><truncated>0</truncated><difficult>0</difficult><robndbox><cx>991.1781</cx><cy>1010.6424</cy><w>31.1124</w><h>23.1718</h><angle>0.179696</angle></robndbox></object><object><type>robndbox</type><name>wheat_head</name><pose>Unspecified</pose><truncated>0</truncated><difficult>0</difficult><robndbox><cx>514.8421</cx><cy>807.4553</cy><w>38.1795</w><h>21.4778</h><angle>1.6229</angle></robndbox></object><object><type>robndbox</type><name>wheat_head</name><pose>Unspecified</pose><truncated>0</truncated><difficult>0</difficult><robndbox><cx>803.6505</cx><cy>984.5264</cy><w>34.8861</w><h>31.8881</h><angle>0.266108</angle></robndbox></object><object><type>robndbox</type><name>wheat_head</name><pose>Unspecified</pose><truncated>0</truncated><difficult>0</difficult><robndbox><cx>688.5427</cx><cy>536.7286</cy><w>39.9878</w><h>26.0048</h><angle>0.753151</angle></robndbox></object></annotation>