<annotation verified="no"><folder>images</folder><filename>63fe1ddab</filename><path>/home/badhon/Documents/thesis/final_dataset/ethz_1/images/63fe1ddab.jpg</path><source><database>Unknown</database></source><size><width>1024</width><height>1024</height><depth>3</depth></size><segmented>0</segmented><object><type>robndbox</type><name>wheat_head</name><pose>Unspecified</pose><truncated>0</truncated><difficult>0</difficult><robndbox><cx>606.7048</cx><cy>452.3093</cy><w>73.0517</w><h>34.9508</h><angle>1.270828</angle></robndbox></object><object><type>robndbox</type><name>wheat_head</name><pose>Unspecified</pose><truncated>0</truncated><difficult>0</difficult><robndbox><cx>715.3014</cx><cy>423.6286</cy><w>69.3164</w><h>29.266</h><angle>1.399841</angle></robndbox></object><object><type>robndbox</type><name>wheat_head</name><pose>Unspecified</pose><truncated>0</truncated><difficult>0</difficult><robndbox><cx>715.9017</cx><cy>668.262</cy><w>72.435</w><h>40.7475</h><angle>0.936139</angle></robndbox></object><object><type>robndbox</type><name>wheat_head</name><pose>Unspecified</pose><truncated>0</truncated><difficult>0</difficult><robndbox><cx>723.8703</cx><cy>525.1611</cy><w>72.1729</w><h>37.8305</h><angle>0.588496</angle></robndbox></object><object><type>robndbox</type><name>wheat_head</name><pose>Unspecified</pose><truncated>0</truncated><difficult>0</difficult><robndbox><cx>798.9939</cx><cy>176.2334</cy><w>65.9878</w><h>35.7772</h><angle>2.182551</angle></robndbox></object><object><type>robndbox</type><name>wheat_head</name><pose>Unspecified</pose><truncated>0</truncated><difficult>0</difficult><robndbox><cx>205.7433</cx><cy>111.7098</cy><w>49.4212</w><h>28.8979</h><angle>1.505985</angle></robndbox></object><object><type>robndbox</type><name>wheat_head</name><pose>Unspecified</pose><truncated>0</truncated><difficult>0</difficult><robndbox><cx>631.4942</cx><cy>645.5357</cy><w>82.0523</w><h>32.327</h><angle>1.460805</angle></robndbox></object><object><type>robndbox</type><name>wheat_head</name><pose>Unspecified</pose><truncated>0</truncated><difficult>0</difficult><robndbox><cx>129.8777</cx><cy>11.1312</cy><w>42.6028</w><h>22.1897</h><angle>0.387148</angle></robndbox></object><object><type>robndbox</type><name>wheat_head</name><pose>Unspecified</pose><truncated>0</truncated><difficult>0</difficult><robndbox><cx>327.2891</cx><cy>184.9105</cy><w>86.8256</w><h>37.2686</h><angle>0.832165</angle></robndbox></object><object><type>robndbox</type><name>wheat_head</name><pose>Unspecified</pose><truncated>0</truncated><difficult>0</difficult><robndbox><cx>457.0932</cx><cy>666.3233</cy><w>100.5669</w><h>40.0182</h><angle>0.437708</angle></robndbox></object><object><type>robndbox</type><name>wheat_head</name><pose>Unspecified</pose><truncated>0</truncated><difficult>0</difficult><robndbox><cx>435.3994</cx><cy>56.7038</cy><w>60.076</w><h>32.9161</h><angle>0.571879</angle></robndbox></object><object><type>robndbox</type><name>wheat_head</name><pose>Unspecified</pose><truncated>0</truncated><difficult>0</difficult><robndbox><cx>904.2777</cx><cy>266.0279</cy><w>46.497</w><h>28.7589</h><angle>1.425143</angle></robndbox></object><object><type>robndbox</type><name>wheat_head</name><pose>Unspecified</pose><truncated>0</truncated><difficult>0</difficult><robndbox><cx>508.2805</cx><cy>210.0843</cy><w>95.2599</w><h>36.0091</h><angle>0.86983</angle></robndbox></object><object><type>robndbox</type><name>wheat_head</name><pose>Unspecified</pose><truncated>0</truncated><difficult>0</difficult><robndbox><cx>250.4375</cx><cy>407.2272</cy><w>191.9813</w><h>45.8405</h><angle>0.666304</angle></robndbox></object><object><type>robndbox</type><name>wheat_head</name><pose>Unspecified</pose><truncated>0</truncated><difficult>0</difficult><robndbox><cx>607.3234</cx><cy>49.1154</cy><w>48.4151</w><h>34.5616</h><angle>1.023702</angle></robndbox></object><object><type>robndbox</type><name>wheat_head</name><pose>Unspecified</pose><truncated>0</truncated><difficult>0</difficult><robndbox><cx>1006.3221</cx><cy>990.6585</cy><w>42.759</w><h>16.0987</h><angle>1.209413</angle></robndbox></object><object><type>robndbox</type><name>wheat_head</name><pose>Unspecified</pose><truncated>0</truncated><difficult>0</difficult><robndbox><cx>145.173</cx><cy>601.8113</cy><w>46.4714</w><h>35.0361</h><angle>1.906478</angle></robndbox></object><object><type>robndbox</type><name>wheat_head</name><pose>Unspecified</pose><truncated>0</truncated><difficult>0</difficult><robndbox><cx>546.6406</cx><cy>443.7972</cy><w>61.5016</w><h>39.5468</h><angle>1.51717</angle></robndbox></object><object><type>robndbox</type><name>wheat_head</name><pose>Unspecified</pose><truncated>0</truncated><difficult>0</difficult><robndbox><cx>56.4858</cx><cy>14.6824</cy><w>59.7953</w><h>28.8769</h><angle>0.457086</angle></robndbox></object><object><type>robndbox</type><name>wheat_head</name><pose>Unspecified</pose><truncated>0</truncated><difficult>0</difficult><robndbox><cx>315.3075</cx><cy>132.2857</cy><w>51.7621</w><h>19.0985</h><angle>1.126002</angle></robndbox></object><object><type>robndbox</type><name>wheat_head</name><pose>Unspecified</pose><truncated>0</truncated><difficult>0</difficult><robndbox><cx>694.6964</cx><cy>300.7715</cy><w>77.9663</w><h>35.746</h><angle>1.075863</angle></robndbox></object><object><type>robndbox</type><name>wheat_head</name><pose>Unspecified</pose><truncated>0</truncated><difficult>0</difficult><robndbox><cx>872.8078</cx><cy>995.5823</cy><w>35.1125</w><h>26.7722</h><angle>1.576974</angle></robndbox></object><object><type>robndbox</type><name>wheat_head</name><pose>Unspecified</pose><truncated>0</truncated><difficult>0</difficult><robndbox><cx>718.8149</cx><cy>109.8071</cy><w>40.8808</w><h>32.2154</h><angle>1.207611</angle></robndbox></object><object><type>robndbox</type><name>wheat_head</name><pose>Unspecified</pose><truncated>0</truncated><difficult>0</difficult><robndbox><cx>388.2457</cx><cy>809.0339</cy><w>105.2957</w><h>37.5815</h><angle>0.19119</angle></robndbox></object><object><type>robndbox</type><name>wheat_head</name><pose>Unspecified</pose><truncated>0</truncated><difficult>0</difficult><robndbox><cx>278.584</cx><cy>626.1251</cy><w>72.0579</w><h>38.9477</h><angle>0.612727</angle></robndbox></object><object><type>robndbox</type><name>wheat_head</name><pose>Unspecified</pose><truncated>0</truncated><difficult>0</difficult><robndbox><cx>1000.4867</cx><cy>873.7327</cy><w>75.0393</w><h>32.4534</h><angle>1.395739</angle></robndbox></object><object><type>robndbox</type><name>wheat_head</name><pose>Unspecified</pose><truncated>0</truncated><difficult>0</difficult><robndbox><cx>916.4413</cx><cy>682.0836</cy><w>59.8364</w><h>36.0652</h><angle>0.578259</angle></robndbox></object><object><type>robndbox</type><name>wheat_head</name><pose>Unspecified</pose><truncated>0</truncated><difficult>0</difficult><robndbox><cx>501.6429</cx><cy>6.1932</cy><w>24.2326</w><h>14.367</h><angle>0.040184</angle></robndbox></object><object><type>robndbox</type><name>wheat_head</name><pose>Unspecified</pose><truncated>0</truncated><difficult>0</difficult><robndbox><cx>89.9454</cx><cy>683.3823</cy><w>51.9925</w><h>31.9734</h><angle>0.605281</angle></robndbox></object><object><type>robndbox</type><name>wheat_head</name><pose>Unspecified</pose><truncated>0</truncated><difficult>0</difficult><robndbox><cx>595.6016</cx><cy>746.3694</cy><w>61.292</w><h>37.5949</h><angle>0.462822</angle></robndbox></object><object><type>robndbox</type><name>wheat_head</name><pose>Unspecified</pose><truncated>0</truncated><difficult>0</difficult><robndbox><cx>207.3212</cx><cy>628.8242</cy><w>39.8651</w><h>26.3246</h><angle>0.515413</angle></robndbox></object><object><type>robndbox</type><name>wheat_head</name><pose>Unspecified</pose><truncated>0</truncated><difficult>0</difficult><robndbox><cx>254.2609</cx><cy>890.0798</cy><w>63.5346</w><h>42.714</h><angle>0.08323</angle></robndbox></object><object><type>robndbox</type><name>wheat_head</name><pose>Unspecified</pose><truncated>0</truncated><difficult>0</difficult><robndbox><cx>392.0691</cx><cy>292.2306</cy><w>44.3048</w><h>31.5446</h><angle>1.225899</angle></robndbox></object><object><type>robndbox</type><name>wheat_head</name><pose>Unspecified</pose><truncated>0</truncated><difficult>0</difficult><robndbox><cx>755.6392</cx><cy>310.0145</cy><w>56.739</w><h>31.3963</h><angle>0.52212</angle></robndbox></object><object><type>robndbox</type><name>wheat_head</name><pose>Unspecified</pose><truncated>0</truncated><difficult>0</difficult><robndbox><cx>142.6458</cx><cy>448.8861</cy><w>62.6466</w><h>42.064</h><angle>0.557112</angle></robndbox></object><object><type>robndbox</type><name>wheat_head</name><pose>Unspecified</pose><truncated>0</truncated><difficult>0</difficult><robndbox><cx>488.0388</cx><cy>110.7961</cy><w>40.807</w><h>31.838</h><angle>0.331782</angle></robndbox></object><object><type>robndbox</type><name>wheat_head</name><pose>Unspecified</pose><truncated>0</truncated><difficult>0</difficult><robndbox><cx>261.3942</cx><cy>106.9954</cy><w>62.8671</w><h>36.5849</h><angle>0.643464</angle></robndbox></object><object><type>robndbox</type><name>wheat_head</name><pose>Unspecified</pose><truncated>0</truncated><difficult>0</difficult><robndbox><cx>503.1763</cx><cy>158.1977</cy><w>48.5591</w><h>31.8482</h><angle>0.947861</angle></robndbox></object><object><type>robndbox</type><name>wheat_head</name><pose>Unspecified</pose><truncated>0</truncated><difficult>0</difficult><robndbox><cx>1001.917</cx><cy>505.8181</cy><w>64.0043</w><h>30.3755</h><angle>1.681557</angle></robndbox></object><object><type>robndbox</type><name>wheat_head</name><pose>Unspecified</pose><truncated>0</truncated><difficult>0</difficult><robndbox><cx>295.4736</cx><cy>41.1175</cy><w>44.3347</w><h>32.7888</h><angle>0.946442</angle></robndbox></object><object><type>robndbox</type><name>wheat_head</name><pose>Unspecified</pose><truncated>0</truncated><difficult>0</difficult><robndbox><cx>672.687</cx><cy>841.2505</cy><w>56.7659</w><h>36.5359</h><angle>1.548148</angle></robndbox></object><object><type>robndbox</type><name>wheat_head</name><pose>Unspecified</pose><truncated>0</truncated><difficult>0</difficult><robndbox><cx>674.687</cx><cy>849.2505</cy><w>56.7659</w><h>36.5359</h><angle>1.648148</angle></robndbox></object><object><type>robndbox</type><name>wheat_head</name><pose>Unspecified</pose><truncated>0</truncated><difficult>0</difficult><robndbox><cx>944.9833</cx><cy>436.3712</cy><w>81.2128</w><h>47.3288</h><angle>1.884212</angle></robndbox></object><object><type>robndbox</type><name>wheat_head</name><pose>Unspecified</pose><truncated>0</truncated><difficult>0</difficult><robndbox><cx>278.584</cx><cy>626.1251</cy><w>72.0579</w><h>38.9477</h><angle>0.612727</angle></robndbox></object><object><type>robndbox</type><name>wheat_head</name><pose>Unspecified</pose><truncated>0</truncated><difficult>0</difficult><robndbox><cx>912.7513</cx><cy>37.6305</cy><w>58.217</w><h>35.0808</h><angle>0.629967</angle></robndbox></object><object><type>robndbox</type><name>wheat_head</name><pose>Unspecified</pose><truncated>0</truncated><difficult>0</difficult><robndbox><cx>1009.4519</cx><cy>589.1395</cy><w>34.3929</w><h>24.3418</h><angle>1.65339</angle></robndbox></object><object><type>robndbox</type><name>wheat_head</name><pose>Unspecified</pose><truncated>0</truncated><difficult>0</difficult><robndbox><cx>578.8507</cx><cy>299.8715</cy><w>35.8749</w><h>27.6726</h><angle>0.566436</angle></robndbox></object><object><type>robndbox</type><name>wheat_head</name><pose>Unspecified</pose><truncated>0</truncated><difficult>0</difficult><robndbox><cx>983.3001</cx><cy>353.0688</cy><w>57.7545</w><h>28.6062</h><angle>0.465447</angle></robndbox></object><object><type>robndbox</type><name>wheat_head</name><pose>Unspecified</pose><truncated>0</truncated><difficult>0</difficult><robndbox><cx>668.3693</cx><cy>118.5306</cy><w>49.0994</w><h>33.8835</h><angle>1.170656</angle></robndbox></object><object><type>robndbox</type><name>wheat_head</name><pose>Unspecified</pose><truncated>0</truncated><difficult>0</difficult><robndbox><cx>273.0873</cx><cy>474.4637</cy><w>114.5788</w><h>41.1577</h><angle>1.863758</angle></robndbox></object><object><type>robndbox</type><name>wheat_head</name><pose>Unspecified</pose><truncated>0</truncated><difficult>0</difficult><robndbox><cx>788.8374</cx><cy>470.7991</cy><w>75.4563</w><h>37.1252</h><angle>1.248054</angle></robndbox></object><object><type>robndbox</type><name>wheat_head</name><pose>Unspecified</pose><truncated>0</truncated><difficult>0</difficult><robndbox><cx>311.2106</cx><cy>556.5508</cy><w>62.1863</w><h>44.0794</h><angle>2.948362</angle></robndbox></object><object><type>robndbox</type><name>wheat_head</name><pose>Unspecified</pose><truncated>0</truncated><difficult>0</difficult><robndbox><cx>561.1855</cx><cy>553.7867</cy><w>143.6873</w><h>44.8625</h><angle>2.815143</angle></robndbox></object><object><type>robndbox</type><name>wheat_head</name><pose>Unspecified</pose><truncated>0</truncated><difficult>0</difficult><robndbox><cx>360.0</cx><cy>14.0</cy><w>28.7271</w><h>28.112</h><angle>3.05231</angle></robndbox></object><object><type>robndbox</type><name>wheat_head</name><pose>Unspecified</pose><truncated>0</truncated><difficult>0</difficult><robndbox><cx>16.9542</cx><cy>142.1243</cy><w>39.2046</w><h>28.9296</h><angle>0.91199</angle></robndbox></object><object><type>robndbox</type><name>wheat_head</name><pose>Unspecified</pose><truncated>0</truncated><difficult>0</difficult><robndbox><cx>23.7997</cx><cy>534.1547</cy><w>51.6624</w><h>40.9723</h><angle>0.744325</angle></robndbox></object><object><type>robndbox</type><name>wheat_head</name><pose>Unspecified</pose><truncated>0</truncated><difficult>0</difficult><robndbox><cx>516.1129</cx><cy>625.6655</cy><w>44.7175</w><h>33.1418</h><angle>2.954613</angle></robndbox></object><object><type>robndbox</type><name>wheat_head</name><pose>Unspecified</pose><truncated>0</truncated><difficult>0</difficult><robndbox><cx>492.5459</cx><cy>537.9093</cy><w>38.3275</w><h>31.0161</h><angle>1.006833</angle></robndbox></object><object><type>robndbox</type><name>wheat_head</name><pose>Unspecified</pose><truncated>0</truncated><difficult>0</difficult><robndbox><cx>687.1074</cx><cy>75.894</cy><w>43.4166</w><h>32.2577</h><angle>1.432157</angle></robndbox></object></annotation>