<annotation verified="no"><folder>images</folder><filename>67e5c5d41</filename><path>/home/badhon/Documents/thesis/final_dataset/ethz_1/images/67e5c5d41.jpg</path><source><database>Unknown</database></source><size><width>1024</width><height>1024</height><depth>3</depth></size><segmented>0</segmented><object><type>robndbox</type><name>wheat_head</name><pose>Unspecified</pose><truncated>0</truncated><difficult>0</difficult><robndbox><cx>493.3292</cx><cy>550.1871</cy><w>135.2184</w><h>37.3733</h><angle>1.397815</angle></robndbox></object><object><type>robndbox</type><name>wheat_head</name><pose>Unspecified</pose><truncated>0</truncated><difficult>0</difficult><robndbox><cx>179.3925</cx><cy>950.8361</cy><w>87.199</w><h>36.9412</h><angle>0.834663</angle></robndbox></object><object><type>robndbox</type><name>wheat_head</name><pose>Unspecified</pose><truncated>0</truncated><difficult>0</difficult><robndbox><cx>887.0768</cx><cy>297.4639</cy><w>115.5725</w><h>33.7255</h><angle>1.209728</angle></robndbox></object><object><type>robndbox</type><name>wheat_head</name><pose>Unspecified</pose><truncated>0</truncated><difficult>0</difficult><robndbox><cx>352.545</cx><cy>527.9502</cy><w>62.5636</w><h>33.2202</h><angle>1.16902</angle></robndbox></object><object><type>robndbox</type><name>wheat_head</name><pose>Unspecified</pose><truncated>0</truncated><difficult>0</difficult><robndbox><cx>788.1174</cx><cy>230.9093</cy><w>108.7185</w><h>34.4353</h><angle>0.572258</angle></robndbox></object><object><type>robndbox</type><name>wheat_head</name><pose>Unspecified</pose><truncated>0</truncated><difficult>0</difficult><robndbox><cx>573.9789</cx><cy>730.712</cy><w>73.541</w><h>36.8892</h><angle>0.999972</angle></robndbox></object><object><type>robndbox</type><name>wheat_head</name><pose>Unspecified</pose><truncated>0</truncated><difficult>0</difficult><robndbox><cx>719.9968</cx><cy>538.7075</cy><w>92.4871</w><h>37.4756</h><angle>0.952765</angle></robndbox></object><object><type>robndbox</type><name>wheat_head</name><pose>Unspecified</pose><truncated>0</truncated><difficult>0</difficult><robndbox><cx>220.1095</cx><cy>620.873</cy><w>67.9382</w><h>32.4464</h><angle>0.880661</angle></robndbox></object><object><type>robndbox</type><name>wheat_head</name><pose>Unspecified</pose><truncated>0</truncated><difficult>0</difficult><robndbox><cx>549.507</cx><cy>150.6465</cy><w>111.4287</w><h>31.1093</h><angle>0.840927</angle></robndbox></object><object><type>robndbox</type><name>wheat_head</name><pose>Unspecified</pose><truncated>0</truncated><difficult>0</difficult><robndbox><cx>497.8109</cx><cy>899.3317</cy><w>80.2993</w><h>37.2168</h><angle>0.694298</angle></robndbox></object><object><type>robndbox</type><name>wheat_head</name><pose>Unspecified</pose><truncated>0</truncated><difficult>0</difficult><robndbox><cx>496.8995</cx><cy>225.4071</cy><w>70.643</w><h>33.066</h><angle>1.351014</angle></robndbox></object><object><type>robndbox</type><name>wheat_head</name><pose>Unspecified</pose><truncated>0</truncated><difficult>0</difficult><robndbox><cx>230.1763</cx><cy>356.0124</cy><w>100.5452</w><h>28.3195</h><angle>0.425378</angle></robndbox></object><object><type>robndbox</type><name>wheat_head</name><pose>Unspecified</pose><truncated>0</truncated><difficult>0</difficult><robndbox><cx>412.5769</cx><cy>258.7233</cy><w>46.6701</w><h>28.1309</h><angle>1.248495</angle></robndbox></object><object><type>robndbox</type><name>wheat_head</name><pose>Unspecified</pose><truncated>0</truncated><difficult>0</difficult><robndbox><cx>947.0425</cx><cy>798.8701</cy><w>83.2373</w><h>34.3591</h><angle>0.483278</angle></robndbox></object><object><type>robndbox</type><name>wheat_head</name><pose>Unspecified</pose><truncated>0</truncated><difficult>0</difficult><robndbox><cx>132.8414</cx><cy>783.3994</cy><w>115.6097</w><h>39.9629</h><angle>0.871437</angle></robndbox></object><object><type>robndbox</type><name>wheat_head</name><pose>Unspecified</pose><truncated>0</truncated><difficult>0</difficult><robndbox><cx>611.6077</cx><cy>341.0503</cy><w>69.9559</w><h>23.3064</h><angle>1.163917</angle></robndbox></object><object><type>robndbox</type><name>wheat_head</name><pose>Unspecified</pose><truncated>0</truncated><difficult>0</difficult><robndbox><cx>312.6238</cx><cy>115.4314</cy><w>118.8567</w><h>35.7818</h><angle>0.931652</angle></robndbox></object><object><type>robndbox</type><name>wheat_head</name><pose>Unspecified</pose><truncated>0</truncated><difficult>0</difficult><robndbox><cx>672.1324</cx><cy>615.3795</cy><w>87.2329</w><h>34.743</h><angle>1.004929</angle></robndbox></object><object><type>robndbox</type><name>wheat_head</name><pose>Unspecified</pose><truncated>0</truncated><difficult>0</difficult><robndbox><cx>265.9013</cx><cy>572.1306</cy><w>75.4309</w><h>34.1791</h><angle>1.222144</angle></robndbox></object><object><type>robndbox</type><name>wheat_head</name><pose>Unspecified</pose><truncated>0</truncated><difficult>0</difficult><robndbox><cx>44.6892</cx><cy>857.0388</cy><w>122.7391</w><h>36.5313</h><angle>1.084601</angle></robndbox></object><object><type>robndbox</type><name>wheat_head</name><pose>Unspecified</pose><truncated>0</truncated><difficult>0</difficult><robndbox><cx>237.833</cx><cy>279.1297</cy><w>105.8294</w><h>31.6821</h><angle>0.580554</angle></robndbox></object><object><type>robndbox</type><name>wheat_head</name><pose>Unspecified</pose><truncated>0</truncated><difficult>0</difficult><robndbox><cx>664.9396</cx><cy>312.9199</cy><w>45.206</w><h>27.444</h><angle>1.245748</angle></robndbox></object><object><type>robndbox</type><name>wheat_head</name><pose>Unspecified</pose><truncated>0</truncated><difficult>0</difficult><robndbox><cx>439.6905</cx><cy>348.7154</cy><w>50.5955</w><h>31.291</h><angle>1.047903</angle></robndbox></object><object><type>robndbox</type><name>wheat_head</name><pose>Unspecified</pose><truncated>0</truncated><difficult>0</difficult><robndbox><cx>656.471</cx><cy>487.3826</cy><w>167.6865</w><h>31.0759</h><angle>1.15627</angle></robndbox></object><object><type>robndbox</type><name>wheat_head</name><pose>Unspecified</pose><truncated>0</truncated><difficult>0</difficult><robndbox><cx>842.1491</cx><cy>753.8091</cy><w>81.3622</w><h>33.9562</h><angle>0.654341</angle></robndbox></object><object><type>robndbox</type><name>wheat_head</name><pose>Unspecified</pose><truncated>0</truncated><difficult>0</difficult><robndbox><cx>517.4033</cx><cy>550.6891</cy><w>31.5374</w><h>24.1659</h><angle>0.797815</angle></robndbox></object><object><type>robndbox</type><name>wheat_head</name><pose>Unspecified</pose><truncated>0</truncated><difficult>0</difficult><robndbox><cx>294.8654</cx><cy>347.4796</cy><w>136.1126</w><h>30.5123</h><angle>0.452004</angle></robndbox></object><object><type>robndbox</type><name>wheat_head</name><pose>Unspecified</pose><truncated>0</truncated><difficult>0</difficult><robndbox><cx>279.2756</cx><cy>156.7068</cy><w>102.2476</w><h>33.1507</h><angle>0.572563</angle></robndbox></object><object><type>robndbox</type><name>wheat_head</name><pose>Unspecified</pose><truncated>0</truncated><difficult>0</difficult><robndbox><cx>897.7162</cx><cy>665.7239</cy><w>57.6179</w><h>31.887</h><angle>0.515409</angle></robndbox></object><object><type>robndbox</type><name>wheat_head</name><pose>Unspecified</pose><truncated>0</truncated><difficult>0</difficult><robndbox><cx>733.9512</cx><cy>415.0107</cy><w>82.2514</w><h>31.3488</h><angle>0.623207</angle></robndbox></object><object><type>robndbox</type><name>wheat_head</name><pose>Unspecified</pose><truncated>0</truncated><difficult>0</difficult><robndbox><cx>833.6078</cx><cy>698.0082</cy><w>61.9594</w><h>29.2426</h><angle>0.494044</angle></robndbox></object><object><type>robndbox</type><name>wheat_head</name><pose>Unspecified</pose><truncated>0</truncated><difficult>0</difficult><robndbox><cx>463.0841</cx><cy>754.4812</cy><w>40.7165</w><h>31.1241</h><angle>1.143144</angle></robndbox></object><object><type>robndbox</type><name>wheat_head</name><pose>Unspecified</pose><truncated>0</truncated><difficult>0</difficult><robndbox><cx>714.3149</cx><cy>702.8523</cy><w>48.2197</w><h>33.6143</h><angle>0.409429</angle></robndbox></object><object><type>robndbox</type><name>wheat_head</name><pose>Unspecified</pose><truncated>0</truncated><difficult>0</difficult><robndbox><cx>438.9283</cx><cy>972.9375</cy><w>40.3545</w><h>29.5997</h><angle>1.0552</angle></robndbox></object><object><type>robndbox</type><name>wheat_head</name><pose>Unspecified</pose><truncated>0</truncated><difficult>0</difficult><robndbox><cx>22.0799</cx><cy>10.9661</cy><w>25.8125</w><h>23.2058</h><angle>0.250925</angle></robndbox></object><object><type>robndbox</type><name>wheat_head</name><pose>Unspecified</pose><truncated>0</truncated><difficult>0</difficult><robndbox><cx>473.161</cx><cy>679.464</cy><w>33.4004</w><h>29.1783</h><angle>0.996191</angle></robndbox></object><object><type>robndbox</type><name>wheat_head</name><pose>Unspecified</pose><truncated>0</truncated><difficult>0</difficult><robndbox><cx>608.6455</cx><cy>282.3687</cy><w>127.1671</w><h>31.307</h><angle>1.045717</angle></robndbox></object><object><type>robndbox</type><name>wheat_head</name><pose>Unspecified</pose><truncated>0</truncated><difficult>0</difficult><robndbox><cx>240.8516</cx><cy>698.5256</cy><w>66.0013</w><h>34.6977</h><angle>0.138725</angle></robndbox></object><object><type>robndbox</type><name>wheat_head</name><pose>Unspecified</pose><truncated>0</truncated><difficult>0</difficult><robndbox><cx>42.7621</cx><cy>71.2018</cy><w>70.6598</w><h>27.8288</h><angle>3.127069</angle></robndbox></object><object><type>robndbox</type><name>wheat_head</name><pose>Unspecified</pose><truncated>0</truncated><difficult>0</difficult><robndbox><cx>803.0</cx><cy>19.0</cy><w>28.675</w><h>28.1143</h><angle>2.92418</angle></robndbox></object><object><type>robndbox</type><name>wheat_head</name><pose>Unspecified</pose><truncated>0</truncated><difficult>0</difficult><robndbox><cx>318.566</cx><cy>635.5685</cy><w>82.9591</w><h>36.0748</h><angle>0.103347</angle></robndbox></object><object><type>robndbox</type><name>wheat_head</name><pose>Unspecified</pose><truncated>0</truncated><difficult>0</difficult><robndbox><cx>933.5371</cx><cy>755.8845</cy><w>54.0958</w><h>25.9033</h><angle>0.243462</angle></robndbox></object><object><type>robndbox</type><name>wheat_head</name><pose>Unspecified</pose><truncated>0</truncated><difficult>0</difficult><robndbox><cx>648.5475</cx><cy>786.4303</cy><w>39.7044</w><h>23.5196</h><angle>0.989986</angle></robndbox></object><object><type>robndbox</type><name>wheat_head</name><pose>Unspecified</pose><truncated>0</truncated><difficult>0</difficult><robndbox><cx>425.7995</cx><cy>711.5256</cy><w>42.1405</w><h>34.093</h><angle>0.272803</angle></robndbox></object><object><type>robndbox</type><name>wheat_head</name><pose>Unspecified</pose><truncated>0</truncated><difficult>0</difficult><robndbox><cx>346.9675</cx><cy>680.2729</cy><w>74.435</w><h>27.1478</h><angle>0.086218</angle></robndbox></object><object><type>robndbox</type><name>wheat_head</name><pose>Unspecified</pose><truncated>0</truncated><difficult>0</difficult><robndbox><cx>11.1462</cx><cy>552.9033</cy><w>31.7082</w><h>21.8931</h><angle>1.478303</angle></robndbox></object><object><type>robndbox</type><name>wheat_head</name><pose>Unspecified</pose><truncated>0</truncated><difficult>0</difficult><robndbox><cx>802.9208</cx><cy>62.0359</cy><w>50.7021</w><h>24.544</h><angle>0.983812</angle></robndbox></object><object><type>robndbox</type><name>wheat_head</name><pose>Unspecified</pose><truncated>0</truncated><difficult>0</difficult><robndbox><cx>997.994</cx><cy>672.1139</cy><w>44.9689</w><h>33.1151</h><angle>2.04568</angle></robndbox></object><object><type>robndbox</type><name>wheat_head</name><pose>Unspecified</pose><truncated>0</truncated><difficult>0</difficult><robndbox><cx>82.0406</cx><cy>998.8641</cy><w>46.4683</w><h>24.9785</h><angle>2.961331</angle></robndbox></object><object><type>robndbox</type><name>wheat_head</name><pose>Unspecified</pose><truncated>0</truncated><difficult>0</difficult><robndbox><cx>220.0854</cx><cy>69.6039</cy><w>40.4831</w><h>21.9988</h><angle>1.116953</angle></robndbox></object><object><type>robndbox</type><name>wheat_head</name><pose>Unspecified</pose><truncated>0</truncated><difficult>0</difficult><robndbox><cx>982.7783</cx><cy>627.6742</cy><w>51.3128</w><h>23.1339</h><angle>0.577192</angle></robndbox></object><object><type>robndbox</type><name>wheat_head</name><pose>Unspecified</pose><truncated>0</truncated><difficult>0</difficult><robndbox><cx>77.2261</cx><cy>617.4013</cy><w>35.3553</w><h>22.4095</h><angle>0.141897</angle></robndbox></object><object><type>robndbox</type><name>wheat_head</name><pose>Unspecified</pose><truncated>0</truncated><difficult>0</difficult><robndbox><cx>688.3038</cx><cy>472.0095</cy><w>35.1283</w><h>25.318</h><angle>2.756087</angle></robndbox></object><object><type>robndbox</type><name>wheat_head</name><pose>Unspecified</pose><truncated>0</truncated><difficult>0</difficult><robndbox><cx>213.434</cx><cy>20.6741</cy><w>44.9444</w><h>25.6025</h><angle>1.00748</angle></robndbox></object><object><type>robndbox</type><name>wheat_head</name><pose>Unspecified</pose><truncated>0</truncated><difficult>0</difficult><robndbox><cx>340.3338</cx><cy>13.9891</cy><w>41.7732</w><h>22.8815</h><angle>0.836202</angle></robndbox></object></annotation>