<annotation verified="no"><folder>images</folder><filename>6a1ad8811</filename><path>/home/badhon/Documents/thesis/final_dataset/ethz_1/images/6a1ad8811.jpg</path><source><database>Unknown</database></source><size><width>1024</width><height>1024</height><depth>3</depth></size><segmented>0</segmented><object><type>robndbox</type><name>wheat_head</name><pose>Unspecified</pose><truncated>0</truncated><difficult>0</difficult><robndbox><cx>492.2566</cx><cy>160.5014</cy><w>96.4662</w><h>33.9351</h><angle>0.949736</angle></robndbox></object><object><type>robndbox</type><name>wheat_head</name><pose>Unspecified</pose><truncated>0</truncated><difficult>0</difficult><robndbox><cx>638.7624</cx><cy>61.4188</cy><w>121.0963</w><h>34.4577</h><angle>0.684915</angle></robndbox></object><object><type>robndbox</type><name>wheat_head</name><pose>Unspecified</pose><truncated>0</truncated><difficult>0</difficult><robndbox><cx>359.1964</cx><cy>36.0532</cy><w>89.9704</w><h>27.9011</h><angle>0.614464</angle></robndbox></object><object><type>robndbox</type><name>wheat_head</name><pose>Unspecified</pose><truncated>0</truncated><difficult>0</difficult><robndbox><cx>172.3494</cx><cy>776.075</cy><w>79.7935</w><h>33.5703</h><angle>0.504734</angle></robndbox></object><object><type>robndbox</type><name>wheat_head</name><pose>Unspecified</pose><truncated>0</truncated><difficult>0</difficult><robndbox><cx>841.2169</cx><cy>850.5318</cy><w>67.3035</w><h>30.9412</h><angle>0.97035</angle></robndbox></object><object><type>robndbox</type><name>wheat_head</name><pose>Unspecified</pose><truncated>0</truncated><difficult>0</difficult><robndbox><cx>883.108</cx><cy>622.1497</cy><w>120.2255</w><h>39.2578</h><angle>0.415604</angle></robndbox></object><object><type>robndbox</type><name>wheat_head</name><pose>Unspecified</pose><truncated>0</truncated><difficult>0</difficult><robndbox><cx>379.4396</cx><cy>122.5546</cy><w>109.5582</w><h>37.2373</h><angle>0.674225</angle></robndbox></object><object><type>robndbox</type><name>wheat_head</name><pose>Unspecified</pose><truncated>0</truncated><difficult>0</difficult><robndbox><cx>212.4</cx><cy>206.7096</cy><w>66.4169</w><h>30.0262</h><angle>0.962334</angle></robndbox></object><object><type>robndbox</type><name>wheat_head</name><pose>Unspecified</pose><truncated>0</truncated><difficult>0</difficult><robndbox><cx>917.4036</cx><cy>386.7812</cy><w>65.753</w><h>33.3292</h><angle>1.087509</angle></robndbox></object><object><type>robndbox</type><name>wheat_head</name><pose>Unspecified</pose><truncated>0</truncated><difficult>0</difficult><robndbox><cx>668.9832</cx><cy>797.3947</cy><w>109.0933</w><h>35.9288</h><angle>0.480976</angle></robndbox></object><object><type>robndbox</type><name>wheat_head</name><pose>Unspecified</pose><truncated>0</truncated><difficult>0</difficult><robndbox><cx>455.3842</cx><cy>859.5298</cy><w>101.6202</w><h>32.0096</h><angle>0.385153</angle></robndbox></object><object><type>robndbox</type><name>wheat_head</name><pose>Unspecified</pose><truncated>0</truncated><difficult>0</difficult><robndbox><cx>384.5009</cx><cy>602.4622</cy><w>78.5595</w><h>40.1405</h><angle>1.022316</angle></robndbox></object><object><type>robndbox</type><name>wheat_head</name><pose>Unspecified</pose><truncated>0</truncated><difficult>0</difficult><robndbox><cx>222.3887</cx><cy>705.553</cy><w>117.3846</w><h>36.0999</h><angle>0.992245</angle></robndbox></object><object><type>robndbox</type><name>wheat_head</name><pose>Unspecified</pose><truncated>0</truncated><difficult>0</difficult><robndbox><cx>590.5554</cx><cy>572.1214</cy><w>116.1489</w><h>33.6884</h><angle>0.477638</angle></robndbox></object><object><type>robndbox</type><name>wheat_head</name><pose>Unspecified</pose><truncated>0</truncated><difficult>0</difficult><robndbox><cx>780.5874</cx><cy>446.6978</cy><w>125.6616</w><h>34.3886</h><angle>1.0047</angle></robndbox></object><object><type>robndbox</type><name>wheat_head</name><pose>Unspecified</pose><truncated>0</truncated><difficult>0</difficult><robndbox><cx>96.6691</cx><cy>498.9142</cy><w>129.9475</w><h>37.2386</h><angle>0.710134</angle></robndbox></object><object><type>robndbox</type><name>wheat_head</name><pose>Unspecified</pose><truncated>0</truncated><difficult>0</difficult><robndbox><cx>856.4077</cx><cy>204.2031</cy><w>112.8162</w><h>35.753</h><angle>0.297927</angle></robndbox></object><object><type>robndbox</type><name>wheat_head</name><pose>Unspecified</pose><truncated>0</truncated><difficult>0</difficult><robndbox><cx>703.3307</cx><cy>683.035</cy><w>71.8056</w><h>28.5407</h><angle>0.328262</angle></robndbox></object><object><type>robndbox</type><name>wheat_head</name><pose>Unspecified</pose><truncated>0</truncated><difficult>0</difficult><robndbox><cx>263.9816</cx><cy>890.2345</cy><w>87.2097</w><h>33.5753</h><angle>0.897825</angle></robndbox></object><object><type>robndbox</type><name>wheat_head</name><pose>Unspecified</pose><truncated>0</truncated><difficult>0</difficult><robndbox><cx>417.9206</cx><cy>350.5123</cy><w>110.5031</w><h>31.9343</h><angle>0.37029</angle></robndbox></object><object><type>robndbox</type><name>wheat_head</name><pose>Unspecified</pose><truncated>0</truncated><difficult>0</difficult><robndbox><cx>389.2755</cx><cy>476.4534</cy><w>89.5879</w><h>41.2518</h><angle>0.638668</angle></robndbox></object><object><type>robndbox</type><name>wheat_head</name><pose>Unspecified</pose><truncated>0</truncated><difficult>0</difficult><robndbox><cx>935.9891</cx><cy>547.8375</cy><w>63.4208</w><h>34.0775</h><angle>0.387323</angle></robndbox></object><object><type>robndbox</type><name>wheat_head</name><pose>Unspecified</pose><truncated>0</truncated><difficult>0</difficult><robndbox><cx>120.805</cx><cy>392.9562</cy><w>114.0966</w><h>38.2151</h><angle>0.702124</angle></robndbox></object><object><type>robndbox</type><name>wheat_head</name><pose>Unspecified</pose><truncated>0</truncated><difficult>0</difficult><robndbox><cx>771.0344</cx><cy>363.063</cy><w>114.194</w><h>31.115</h><angle>0.900681</angle></robndbox></object><object><type>robndbox</type><name>wheat_head</name><pose>Unspecified</pose><truncated>0</truncated><difficult>0</difficult><robndbox><cx>988.057</cx><cy>856.5969</cy><w>57.9562</w><h>44.9037</h><angle>0.452075</angle></robndbox></object><object><type>robndbox</type><name>wheat_head</name><pose>Unspecified</pose><truncated>0</truncated><difficult>0</difficult><robndbox><cx>119.4846</cx><cy>613.6332</cy><w>77.4893</w><h>26.9465</h><angle>0.166147</angle></robndbox></object><object><type>robndbox</type><name>wheat_head</name><pose>Unspecified</pose><truncated>0</truncated><difficult>0</difficult><robndbox><cx>547.4971</cx><cy>999.4273</cy><w>87.6634</w><h>32.8003</h><angle>0.365147</angle></robndbox></object><object><type>robndbox</type><name>wheat_head</name><pose>Unspecified</pose><truncated>0</truncated><difficult>0</difficult><robndbox><cx>890.8999</cx><cy>833.704</cy><w>119.028</w><h>34.5214</h><angle>0.682676</angle></robndbox></object><object><type>robndbox</type><name>wheat_head</name><pose>Unspecified</pose><truncated>0</truncated><difficult>0</difficult><robndbox><cx>354.3074</cx><cy>856.7715</cy><w>116.3659</w><h>35.3451</h><angle>0.549947</angle></robndbox></object><object><type>robndbox</type><name>wheat_head</name><pose>Unspecified</pose><truncated>0</truncated><difficult>0</difficult><robndbox><cx>827.9508</cx><cy>341.3629</cy><w>56.0379</w><h>32.316</h><angle>0.580884</angle></robndbox></object><object><type>robndbox</type><name>wheat_head</name><pose>Unspecified</pose><truncated>0</truncated><difficult>0</difficult><robndbox><cx>209.9593</cx><cy>519.623</cy><w>116.1762</w><h>30.6104</h><angle>0.667118</angle></robndbox></object><object><type>robndbox</type><name>wheat_head</name><pose>Unspecified</pose><truncated>0</truncated><difficult>0</difficult><robndbox><cx>783.1649</cx><cy>948.0385</cy><w>66.8106</w><h>28.5196</h><angle>0.172285</angle></robndbox></object><object><type>robndbox</type><name>wheat_head</name><pose>Unspecified</pose><truncated>0</truncated><difficult>0</difficult><robndbox><cx>129.0433</cx><cy>926.2322</cy><w>60.2101</w><h>33.6858</h><angle>0.550988</angle></robndbox></object><object><type>robndbox</type><name>wheat_head</name><pose>Unspecified</pose><truncated>0</truncated><difficult>0</difficult><robndbox><cx>49.162</cx><cy>787.0187</cy><w>109.8237</w><h>36.7075</h><angle>0.919</angle></robndbox></object><object><type>robndbox</type><name>wheat_head</name><pose>Unspecified</pose><truncated>0</truncated><difficult>0</difficult><robndbox><cx>582.3416</cx><cy>257.0652</cy><w>57.6264</w><h>32.6861</h><angle>1.18413</angle></robndbox></object><object><type>robndbox</type><name>wheat_head</name><pose>Unspecified</pose><truncated>0</truncated><difficult>0</difficult><robndbox><cx>595.5526</cx><cy>610.9611</cy><w>38.6147</w><h>17.805</h><angle>1.115233</angle></robndbox></object><object><type>robndbox</type><name>wheat_head</name><pose>Unspecified</pose><truncated>0</truncated><difficult>0</difficult><robndbox><cx>198.3229</cx><cy>840.7845</cy><w>107.397</w><h>33.7587</h><angle>0.46954</angle></robndbox></object><object><type>robndbox</type><name>wheat_head</name><pose>Unspecified</pose><truncated>0</truncated><difficult>0</difficult><robndbox><cx>510.7863</cx><cy>558.5789</cy><w>52.1945</w><h>30.0874</h><angle>0.682085</angle></robndbox></object><object><type>robndbox</type><name>wheat_head</name><pose>Unspecified</pose><truncated>0</truncated><difficult>0</difficult><robndbox><cx>613.3094</cx><cy>854.4284</cy><w>55.5554</w><h>25.6235</h><angle>0.194077</angle></robndbox></object><object><type>robndbox</type><name>wheat_head</name><pose>Unspecified</pose><truncated>0</truncated><difficult>0</difficult><robndbox><cx>827.111</cx><cy>149.2528</cy><w>57.0044</w><h>25.0845</h><angle>0.07185</angle></robndbox></object><object><type>robndbox</type><name>wheat_head</name><pose>Unspecified</pose><truncated>0</truncated><difficult>0</difficult><robndbox><cx>859.869</cx><cy>721.3098</cy><w>49.6462</w><h>28.579</h><angle>0.153826</angle></robndbox></object><object><type>robndbox</type><name>wheat_head</name><pose>Unspecified</pose><truncated>0</truncated><difficult>0</difficult><robndbox><cx>736.8674</cx><cy>10.2921</cy><w>51.5349</w><h>26.7309</h><angle>0.516364</angle></robndbox></object><object><type>robndbox</type><name>wheat_head</name><pose>Unspecified</pose><truncated>0</truncated><difficult>0</difficult><robndbox><cx>73.3587</cx><cy>258.3985</cy><w>150.2237</w><h>33.8211</h><angle>0.493722</angle></robndbox></object><object><type>robndbox</type><name>wheat_head</name><pose>Unspecified</pose><truncated>0</truncated><difficult>0</difficult><robndbox><cx>37.7381</cx><cy>961.8873</cy><w>52.6545</w><h>29.4747</h><angle>0.282293</angle></robndbox></object><object><type>robndbox</type><name>wheat_head</name><pose>Unspecified</pose><truncated>0</truncated><difficult>0</difficult><robndbox><cx>483.6686</cx><cy>946.7902</cy><w>60.3471</w><h>34.0628</h><angle>0.629573</angle></robndbox></object><object><type>robndbox</type><name>wheat_head</name><pose>Unspecified</pose><truncated>0</truncated><difficult>0</difficult><robndbox><cx>73.3587</cx><cy>258.3985</cy><w>150.2237</w><h>33.8211</h><angle>0.493722</angle></robndbox></object><object><type>robndbox</type><name>wheat_head</name><pose>Unspecified</pose><truncated>0</truncated><difficult>0</difficult><robndbox><cx>809.461</cx><cy>741.9853</cy><w>73.0881</w><h>31.9373</h><angle>0.627637</angle></robndbox></object><object><type>robndbox</type><name>wheat_head</name><pose>Unspecified</pose><truncated>0</truncated><difficult>0</difficult><robndbox><cx>469.477</cx><cy>467.8106</cy><w>95.3971</w><h>30.3644</h><angle>1.311168</angle></robndbox></object><object><type>robndbox</type><name>wheat_head</name><pose>Unspecified</pose><truncated>0</truncated><difficult>0</difficult><robndbox><cx>154.9976</cx><cy>520.7258</cy><w>38.9829</w><h>29.5364</h><angle>0.687172</angle></robndbox></object></annotation>