<annotation verified="no"><folder>images</folder><filename>6dfeb6f7a</filename><path>/home/badhon/Documents/thesis/final_dataset/ethz_1/images/6dfeb6f7a.jpg</path><source><database>Unknown</database></source><size><width>1024</width><height>1024</height><depth>3</depth></size><segmented>0</segmented><object><type>robndbox</type><name>wheat_head</name><pose>Unspecified</pose><truncated>0</truncated><difficult>0</difficult><robndbox><cx>232.8107</cx><cy>19.6856</cy><w>122.8831</w><h>36.3674</h><angle>0.388267</angle></robndbox></object><object><type>robndbox</type><name>wheat_head</name><pose>Unspecified</pose><truncated>0</truncated><difficult>0</difficult><robndbox><cx>212.8925</cx><cy>856.6116</cy><w>97.6777</w><h>39.7895</h><angle>0.536631</angle></robndbox></object><object><type>robndbox</type><name>wheat_head</name><pose>Unspecified</pose><truncated>0</truncated><difficult>0</difficult><robndbox><cx>490.9545</cx><cy>655.0532</cy><w>87.8736</w><h>26.9417</h><angle>0.406677</angle></robndbox></object><object><type>robndbox</type><name>wheat_head</name><pose>Unspecified</pose><truncated>0</truncated><difficult>0</difficult><robndbox><cx>858.6459</cx><cy>818.5457</cy><w>92.8225</w><h>28.4139</h><angle>1.212886</angle></robndbox></object><object><type>robndbox</type><name>wheat_head</name><pose>Unspecified</pose><truncated>0</truncated><difficult>0</difficult><robndbox><cx>49.4215</cx><cy>862.3455</cy><w>108.3577</w><h>39.1823</h><angle>0.582968</angle></robndbox></object><object><type>robndbox</type><name>wheat_head</name><pose>Unspecified</pose><truncated>0</truncated><difficult>0</difficult><robndbox><cx>228.8488</cx><cy>538.4862</cy><w>85.5967</w><h>37.217</h><angle>0.675388</angle></robndbox></object><object><type>robndbox</type><name>wheat_head</name><pose>Unspecified</pose><truncated>0</truncated><difficult>0</difficult><robndbox><cx>720.4427</cx><cy>969.9493</cy><w>66.667</w><h>30.9277</h><angle>1.075601</angle></robndbox></object><object><type>robndbox</type><name>wheat_head</name><pose>Unspecified</pose><truncated>0</truncated><difficult>0</difficult><robndbox><cx>715.0979</cx><cy>224.1662</cy><w>125.3443</w><h>30.4361</h><angle>0.914176</angle></robndbox></object><object><type>robndbox</type><name>wheat_head</name><pose>Unspecified</pose><truncated>0</truncated><difficult>0</difficult><robndbox><cx>737.7806</cx><cy>872.3987</cy><w>91.2118</w><h>28.8847</h><angle>0.407612</angle></robndbox></object><object><type>robndbox</type><name>wheat_head</name><pose>Unspecified</pose><truncated>0</truncated><difficult>0</difficult><robndbox><cx>743.8635</cx><cy>193.6439</cy><w>76.2897</w><h>31.9601</h><angle>0.636966</angle></robndbox></object><object><type>robndbox</type><name>wheat_head</name><pose>Unspecified</pose><truncated>0</truncated><difficult>0</difficult><robndbox><cx>692.5959</cx><cy>544.5498</cy><w>86.7143</w><h>27.6542</h><angle>0.452275</angle></robndbox></object><object><type>robndbox</type><name>wheat_head</name><pose>Unspecified</pose><truncated>0</truncated><difficult>0</difficult><robndbox><cx>888.3993</cx><cy>299.8541</cy><w>59.3457</w><h>30.0515</h><angle>1.028027</angle></robndbox></object><object><type>robndbox</type><name>wheat_head</name><pose>Unspecified</pose><truncated>0</truncated><difficult>0</difficult><robndbox><cx>951.9126</cx><cy>316.4759</cy><w>55.7666</w><h>31.5761</h><angle>0.687738</angle></robndbox></object><object><type>robndbox</type><name>wheat_head</name><pose>Unspecified</pose><truncated>0</truncated><difficult>0</difficult><robndbox><cx>364.9735</cx><cy>682.4454</cy><w>100.7609</w><h>37.5777</h><angle>0.601093</angle></robndbox></object><object><type>robndbox</type><name>wheat_head</name><pose>Unspecified</pose><truncated>0</truncated><difficult>0</difficult><robndbox><cx>783.1633</cx><cy>749.2341</cy><w>81.5822</w><h>23.528</h><angle>2.731813</angle></robndbox></object><object><type>robndbox</type><name>wheat_head</name><pose>Unspecified</pose><truncated>0</truncated><difficult>0</difficult><robndbox><cx>563.5507</cx><cy>270.4309</cy><w>66.532</w><h>31.5593</h><angle>1.326416</angle></robndbox></object><object><type>robndbox</type><name>wheat_head</name><pose>Unspecified</pose><truncated>0</truncated><difficult>0</difficult><robndbox><cx>148.6317</cx><cy>211.9235</cy><w>103.6823</w><h>33.2894</h><angle>0.304356</angle></robndbox></object><object><type>robndbox</type><name>wheat_head</name><pose>Unspecified</pose><truncated>0</truncated><difficult>0</difficult><robndbox><cx>182.8164</cx><cy>169.5625</cy><w>123.937</w><h>35.4704</h><angle>0.810231</angle></robndbox></object><object><type>robndbox</type><name>wheat_head</name><pose>Unspecified</pose><truncated>0</truncated><difficult>0</difficult><robndbox><cx>609.601</cx><cy>690.4836</cy><w>82.7729</w><h>23.6252</h><angle>0.291437</angle></robndbox></object><object><type>robndbox</type><name>wheat_head</name><pose>Unspecified</pose><truncated>0</truncated><difficult>0</difficult><robndbox><cx>63.8371</cx><cy>333.7855</cy><w>113.1195</w><h>40.496</h><angle>0.533329</angle></robndbox></object><object><type>robndbox</type><name>wheat_head</name><pose>Unspecified</pose><truncated>0</truncated><difficult>0</difficult><robndbox><cx>493.4946</cx><cy>953.243</cy><w>104.0074</w><h>38.519</h><angle>0.706446</angle></robndbox></object><object><type>robndbox</type><name>wheat_head</name><pose>Unspecified</pose><truncated>0</truncated><difficult>0</difficult><robndbox><cx>676.0645</cx><cy>661.1821</cy><w>77.498</w><h>33.9947</h><angle>0.301588</angle></robndbox></object><object><type>robndbox</type><name>wheat_head</name><pose>Unspecified</pose><truncated>0</truncated><difficult>0</difficult><robndbox><cx>799.3661</cx><cy>701.3441</cy><w>89.7059</w><h>33.803</h><angle>2.540196</angle></robndbox></object><object><type>robndbox</type><name>wheat_head</name><pose>Unspecified</pose><truncated>0</truncated><difficult>0</difficult><robndbox><cx>335.0944</cx><cy>311.9813</cy><w>115.6718</w><h>34.11</h><angle>0.193039</angle></robndbox></object><object><type>robndbox</type><name>wheat_head</name><pose>Unspecified</pose><truncated>0</truncated><difficult>0</difficult><robndbox><cx>354.1849</cx><cy>908.6643</cy><w>71.2668</w><h>36.1107</h><angle>0.632996</angle></robndbox></object><object><type>robndbox</type><name>wheat_head</name><pose>Unspecified</pose><truncated>0</truncated><difficult>0</difficult><robndbox><cx>102.4209</cx><cy>805.2029</cy><w>89.5839</w><h>33.2341</h><angle>0.253784</angle></robndbox></object><object><type>robndbox</type><name>wheat_head</name><pose>Unspecified</pose><truncated>0</truncated><difficult>0</difficult><robndbox><cx>934.3189</cx><cy>702.4617</cy><w>52.8214</w><h>31.867</h><angle>0.197273</angle></robndbox></object><object><type>robndbox</type><name>wheat_head</name><pose>Unspecified</pose><truncated>0</truncated><difficult>0</difficult><robndbox><cx>857.9818</cx><cy>11.5688</cy><w>57.4789</w><h>24.8744</h><angle>0.196115</angle></robndbox></object><object><type>robndbox</type><name>wheat_head</name><pose>Unspecified</pose><truncated>0</truncated><difficult>0</difficult><robndbox><cx>853.5426</cx><cy>333.5387</cy><w>41.081</w><h>28.3059</h><angle>0.632591</angle></robndbox></object><object><type>robndbox</type><name>wheat_head</name><pose>Unspecified</pose><truncated>0</truncated><difficult>0</difficult><robndbox><cx>59.4999</cx><cy>1005.0212</cy><w>47.7678</w><h>26.0287</h><angle>0.244919</angle></robndbox></object><object><type>robndbox</type><name>wheat_head</name><pose>Unspecified</pose><truncated>0</truncated><difficult>0</difficult><robndbox><cx>674.9532</cx><cy>732.7482</cy><w>38.7866</w><h>28.317</h><angle>1.785493</angle></robndbox></object><object><type>robndbox</type><name>wheat_head</name><pose>Unspecified</pose><truncated>0</truncated><difficult>0</difficult><robndbox><cx>809.5176</cx><cy>587.8726</cy><w>47.4957</w><h>28.9806</h><angle>0.179946</angle></robndbox></object><object><type>robndbox</type><name>wheat_head</name><pose>Unspecified</pose><truncated>0</truncated><difficult>0</difficult><robndbox><cx>87.9828</cx><cy>56.8032</cy><w>122.1171</w><h>34.2712</h><angle>0.888478</angle></robndbox></object><object><type>robndbox</type><name>wheat_head</name><pose>Unspecified</pose><truncated>0</truncated><difficult>0</difficult><robndbox><cx>212.0649</cx><cy>663.5895</cy><w>91.1674</w><h>15.4862</h><angle>0.509448</angle></robndbox></object><object><type>robndbox</type><name>wheat_head</name><pose>Unspecified</pose><truncated>0</truncated><difficult>0</difficult><robndbox><cx>722.9082</cx><cy>8.7187</cy><w>36.2792</w><h>18.2094</h><angle>0.021403</angle></robndbox></object><object><type>robndbox</type><name>wheat_head</name><pose>Unspecified</pose><truncated>0</truncated><difficult>0</difficult><robndbox><cx>976.5867</cx><cy>214.7744</cy><w>43.2644</w><h>30.6632</h><angle>0.515899</angle></robndbox></object><object><type>robndbox</type><name>wheat_head</name><pose>Unspecified</pose><truncated>0</truncated><difficult>0</difficult><robndbox><cx>376.171</cx><cy>842.0618</cy><w>67.9043</w><h>31.3868</h><angle>2.941206</angle></robndbox></object><object><type>robndbox</type><name>wheat_head</name><pose>Unspecified</pose><truncated>0</truncated><difficult>0</difficult><robndbox><cx>638.5897</cx><cy>7.8981</cy><w>28.8837</w><h>22.1415</h><angle>2.987032</angle></robndbox></object><object><type>robndbox</type><name>wheat_head</name><pose>Unspecified</pose><truncated>0</truncated><difficult>0</difficult><robndbox><cx>28.2113</cx><cy>240.0274</cy><w>49.1314</w><h>30.865</h><angle>0.325567</angle></robndbox></object><object><type>robndbox</type><name>wheat_head</name><pose>Unspecified</pose><truncated>0</truncated><difficult>0</difficult><robndbox><cx>914.5361</cx><cy>842.4806</cy><w>73.3659</w><h>32.3466</h><angle>0.485401</angle></robndbox></object><object><type>robndbox</type><name>wheat_head</name><pose>Unspecified</pose><truncated>0</truncated><difficult>0</difficult><robndbox><cx>967.1622</cx><cy>1009.4424</cy><w>66.8866</w><h>22.0631</h><angle>3.126884</angle></robndbox></object><object><type>robndbox</type><name>wheat_head</name><pose>Unspecified</pose><truncated>0</truncated><difficult>0</difficult><robndbox><cx>158.3673</cx><cy>727.2885</cy><w>50.2313</w><h>24.613</h><angle>0.160545</angle></robndbox></object><object><type>robndbox</type><name>wheat_head</name><pose>Unspecified</pose><truncated>0</truncated><difficult>0</difficult><robndbox><cx>111.155</cx><cy>682.1505</cy><w>59.9682</w><h>28.6241</h><angle>2.985832</angle></robndbox></object><object><type>robndbox</type><name>wheat_head</name><pose>Unspecified</pose><truncated>0</truncated><difficult>0</difficult><robndbox><cx>409.0782</cx><cy>25.9767</cy><w>51.9779</w><h>33.4963</h><angle>2.729445</angle></robndbox></object><object><type>robndbox</type><name>wheat_head</name><pose>Unspecified</pose><truncated>0</truncated><difficult>0</difficult><robndbox><cx>24.0395</cx><cy>692.65</cy><w>42.8552</w><h>28.1992</h><angle>0.307028</angle></robndbox></object><object><type>robndbox</type><name>wheat_head</name><pose>Unspecified</pose><truncated>0</truncated><difficult>0</difficult><robndbox><cx>752.4719</cx><cy>946.0317</cy><w>50.7933</w><h>28.3843</h><angle>0.249294</angle></robndbox></object><object><type>robndbox</type><name>wheat_head</name><pose>Unspecified</pose><truncated>0</truncated><difficult>0</difficult><robndbox><cx>880.6552</cx><cy>656.4929</cy><w>60.1699</w><h>28.5331</h><angle>0.036463</angle></robndbox></object><object><type>robndbox</type><name>wheat_head</name><pose>Unspecified</pose><truncated>0</truncated><difficult>0</difficult><robndbox><cx>702.5273</cx><cy>592.44</cy><w>69.4575</w><h>24.2083</h><angle>0.000227</angle></robndbox></object><object><type>robndbox</type><name>wheat_head</name><pose>Unspecified</pose><truncated>0</truncated><difficult>0</difficult><robndbox><cx>52.0</cx><cy>20.0</cy><w>38.9252</w><h>32.0444</h><angle>1.789264</angle></robndbox></object><object><type>robndbox</type><name>wheat_head</name><pose>Unspecified</pose><truncated>0</truncated><difficult>0</difficult><robndbox><cx>835.7556</cx><cy>634.2204</cy><w>42.7403</w><h>25.88</h><angle>2.902047</angle></robndbox></object><object><type>robndbox</type><name>wheat_head</name><pose>Unspecified</pose><truncated>0</truncated><difficult>0</difficult><robndbox><cx>871.1671</cx><cy>239.9849</cy><w>51.837</w><h>27.1529</h><angle>0.048718</angle></robndbox></object><object><type>robndbox</type><name>wheat_head</name><pose>Unspecified</pose><truncated>0</truncated><difficult>0</difficult><robndbox><cx>847.7678</cx><cy>950.7452</cy><w>60.6283</w><h>37.1603</h><angle>0.243785</angle></robndbox></object><object><type>robndbox</type><name>wheat_head</name><pose>Unspecified</pose><truncated>0</truncated><difficult>0</difficult><robndbox><cx>233.5528</cx><cy>656.5494</cy><w>105.1294</w><h>41.7051</h><angle>0.609448</angle></robndbox></object><object><type>robndbox</type><name>wheat_head</name><pose>Unspecified</pose><truncated>0</truncated><difficult>0</difficult><robndbox><cx>944.6195</cx><cy>941.7609</cy><w>72.8405</w><h>29.8998</h><angle>3.023791</angle></robndbox></object><object><type>robndbox</type><name>wheat_head</name><pose>Unspecified</pose><truncated>0</truncated><difficult>0</difficult><robndbox><cx>705.351</cx><cy>996.5957</cy><w>26.9312</w><h>20.5041</h><angle>0.512095</angle></robndbox></object><object><type>robndbox</type><name>wheat_head</name><pose>Unspecified</pose><truncated>0</truncated><difficult>0</difficult><robndbox><cx>267.8313</cx><cy>1002.9545</cy><w>86.6061</w><h>27.7204</h><angle>3.066429</angle></robndbox></object><object><type>robndbox</type><name>wheat_head</name><pose>Unspecified</pose><truncated>0</truncated><difficult>0</difficult><robndbox><cx>607.6599</cx><cy>935.408</cy><w>66.7505</w><h>30.7799</h><angle>3.050115</angle></robndbox></object><object><type>robndbox</type><name>wheat_head</name><pose>Unspecified</pose><truncated>0</truncated><difficult>0</difficult><robndbox><cx>658.1646</cx><cy>280.351</cy><w>40.7684</w><h>32.4894</h><angle>0.348965</angle></robndbox></object><object><type>robndbox</type><name>wheat_head</name><pose>Unspecified</pose><truncated>0</truncated><difficult>0</difficult><robndbox><cx>521.6173</cx><cy>897.5401</cy><w>52.2388</w><h>23.8687</h><angle>0.270484</angle></robndbox></object><object><type>robndbox</type><name>wheat_head</name><pose>Unspecified</pose><truncated>0</truncated><difficult>0</difficult><robndbox><cx>310.8492</cx><cy>354.0237</cy><w>30.2274</w><h>23.9506</h><angle>0.098273</angle></robndbox></object><object><type>robndbox</type><name>wheat_head</name><pose>Unspecified</pose><truncated>0</truncated><difficult>0</difficult><robndbox><cx>777.662</cx><cy>8.4584</cy><w>41.1543</w><h>17.4779</h><angle>0.021211</angle></robndbox></object><object><type>robndbox</type><name>wheat_head</name><pose>Unspecified</pose><truncated>0</truncated><difficult>0</difficult><robndbox><cx>575.6628</cx><cy>898.261</cy><w>46.1555</w><h>31.4394</h><angle>0.327557</angle></robndbox></object><object><type>robndbox</type><name>wheat_head</name><pose>Unspecified</pose><truncated>0</truncated><difficult>0</difficult><robndbox><cx>388.3321</cx><cy>8.4589</cy><w>69.8742</w><h>11.3593</h><angle>3.136254</angle></robndbox></object></annotation>