<annotation verified="no"><folder>images</folder><filename>6f1e9046d</filename><path>/home/badhon/Documents/thesis/final_dataset/ethz_1/images/6f1e9046d.jpg</path><source><database>Unknown</database></source><size><width>1024</width><height>1024</height><depth>3</depth></size><segmented>0</segmented><object><type>robndbox</type><name>wheat_head</name><pose>Unspecified</pose><truncated>0</truncated><difficult>0</difficult><robndbox><cx>853.7878</cx><cy>134.5772</cy><w>134.9705</w><h>33.6413</h><angle>0.939693</angle></robndbox></object><object><type>robndbox</type><name>wheat_head</name><pose>Unspecified</pose><truncated>0</truncated><difficult>0</difficult><robndbox><cx>613.2958</cx><cy>741.215</cy><w>70.2527</w><h>35.534</h><angle>0.56318</angle></robndbox></object><object><type>robndbox</type><name>wheat_head</name><pose>Unspecified</pose><truncated>0</truncated><difficult>0</difficult><robndbox><cx>458.6058</cx><cy>472.9705</cy><w>118.4065</w><h>40.946</h><angle>0.31839</angle></robndbox></object><object><type>robndbox</type><name>wheat_head</name><pose>Unspecified</pose><truncated>0</truncated><difficult>0</difficult><robndbox><cx>178.9586</cx><cy>148.5291</cy><w>122.5377</w><h>38.1595</h><angle>0.388443</angle></robndbox></object><object><type>robndbox</type><name>wheat_head</name><pose>Unspecified</pose><truncated>0</truncated><difficult>0</difficult><robndbox><cx>695.2014</cx><cy>553.7889</cy><w>117.3353</w><h>33.4127</h><angle>2.744681</angle></robndbox></object><object><type>robndbox</type><name>wheat_head</name><pose>Unspecified</pose><truncated>0</truncated><difficult>0</difficult><robndbox><cx>472.785</cx><cy>201.3603</cy><w>111.256</w><h>37.1799</h><angle>0.579316</angle></robndbox></object><object><type>robndbox</type><name>wheat_head</name><pose>Unspecified</pose><truncated>0</truncated><difficult>0</difficult><robndbox><cx>907.7802</cx><cy>403.5774</cy><w>80.6034</w><h>27.1078</h><angle>0.501343</angle></robndbox></object><object><type>robndbox</type><name>wheat_head</name><pose>Unspecified</pose><truncated>0</truncated><difficult>0</difficult><robndbox><cx>357.7711</cx><cy>827.5334</cy><w>92.8521</w><h>29.8818</h><angle>2.570469</angle></robndbox></object><object><type>robndbox</type><name>wheat_head</name><pose>Unspecified</pose><truncated>0</truncated><difficult>0</difficult><robndbox><cx>341.0828</cx><cy>38.5988</cy><w>161.2579</w><h>40.9146</h><angle>0.520285</angle></robndbox></object><object><type>robndbox</type><name>wheat_head</name><pose>Unspecified</pose><truncated>0</truncated><difficult>0</difficult><robndbox><cx>152.7938</cx><cy>964.2888</cy><w>114.6851</w><h>36.0208</h><angle>2.193734</angle></robndbox></object><object><type>robndbox</type><name>wheat_head</name><pose>Unspecified</pose><truncated>0</truncated><difficult>0</difficult><robndbox><cx>475.1463</cx><cy>114.8119</cy><w>102.7562</w><h>38.2659</h><angle>0.432309</angle></robndbox></object><object><type>robndbox</type><name>wheat_head</name><pose>Unspecified</pose><truncated>0</truncated><difficult>0</difficult><robndbox><cx>764.8402</cx><cy>433.8738</cy><w>106.3289</w><h>38.2983</h><angle>0.621737</angle></robndbox></object><object><type>robndbox</type><name>wheat_head</name><pose>Unspecified</pose><truncated>0</truncated><difficult>0</difficult><robndbox><cx>796.4858</cx><cy>930.6386</cy><w>135.0102</w><h>34.6997</h><angle>0.882893</angle></robndbox></object><object><type>robndbox</type><name>wheat_head</name><pose>Unspecified</pose><truncated>0</truncated><difficult>0</difficult><robndbox><cx>1010.9258</cx><cy>556.1818</cy><w>36.2796</w><h>24.9108</h><angle>1.979525</angle></robndbox></object><object><type>robndbox</type><name>wheat_head</name><pose>Unspecified</pose><truncated>0</truncated><difficult>0</difficult><robndbox><cx>765.143</cx><cy>624.8284</cy><w>105.8665</w><h>31.3813</h><angle>2.161326</angle></robndbox></object><object><type>robndbox</type><name>wheat_head</name><pose>Unspecified</pose><truncated>0</truncated><difficult>0</difficult><robndbox><cx>128.3834</cx><cy>453.1112</cy><w>145.8317</w><h>35.1045</h><angle>0.367133</angle></robndbox></object><object><type>robndbox</type><name>wheat_head</name><pose>Unspecified</pose><truncated>0</truncated><difficult>0</difficult><robndbox><cx>298.2189</cx><cy>674.3683</cy><w>86.5606</w><h>30.8795</h><angle>0.271904</angle></robndbox></object><object><type>robndbox</type><name>wheat_head</name><pose>Unspecified</pose><truncated>0</truncated><difficult>0</difficult><robndbox><cx>711.5418</cx><cy>152.2952</cy><w>91.4735</w><h>33.8994</h><angle>0.318113</angle></robndbox></object><object><type>robndbox</type><name>wheat_head</name><pose>Unspecified</pose><truncated>0</truncated><difficult>0</difficult><robndbox><cx>367.9902</cx><cy>989.086</cy><w>58.5549</w><h>33.6307</h><angle>0.913324</angle></robndbox></object><object><type>robndbox</type><name>wheat_head</name><pose>Unspecified</pose><truncated>0</truncated><difficult>0</difficult><robndbox><cx>892.0847</cx><cy>477.2652</cy><w>73.4426</w><h>30.9158</h><angle>0.338394</angle></robndbox></object><object><type>robndbox</type><name>wheat_head</name><pose>Unspecified</pose><truncated>0</truncated><difficult>0</difficult><robndbox><cx>873.5333</cx><cy>251.8533</cy><w>86.7629</w><h>37.0725</h><angle>0.22613</angle></robndbox></object><object><type>robndbox</type><name>wheat_head</name><pose>Unspecified</pose><truncated>0</truncated><difficult>0</difficult><robndbox><cx>737.1825</cx><cy>505.6748</cy><w>73.0211</w><h>31.6127</h><angle>0.612953</angle></robndbox></object><object><type>robndbox</type><name>wheat_head</name><pose>Unspecified</pose><truncated>0</truncated><difficult>0</difficult><robndbox><cx>747.6727</cx><cy>217.1227</cy><w>98.1823</w><h>29.5442</h><angle>0.0858</angle></robndbox></object><object><type>robndbox</type><name>wheat_head</name><pose>Unspecified</pose><truncated>0</truncated><difficult>0</difficult><robndbox><cx>184.6649</cx><cy>270.7148</cy><w>108.1914</w><h>31.924</h><angle>0.112021</angle></robndbox></object><object><type>robndbox</type><name>wheat_head</name><pose>Unspecified</pose><truncated>0</truncated><difficult>0</difficult><robndbox><cx>154.0187</cx><cy>704.2343</cy><w>98.8108</w><h>31.9149</h><angle>2.890108</angle></robndbox></object><object><type>robndbox</type><name>wheat_head</name><pose>Unspecified</pose><truncated>0</truncated><difficult>0</difficult><robndbox><cx>85.3562</cx><cy>609.1762</cy><w>145.7091</w><h>37.2788</h><angle>2.97396</angle></robndbox></object><object><type>robndbox</type><name>wheat_head</name><pose>Unspecified</pose><truncated>0</truncated><difficult>0</difficult><robndbox><cx>36.5301</cx><cy>85.3747</cy><w>80.2108</w><h>37.0658</h><angle>0.566062</angle></robndbox></object><object><type>robndbox</type><name>wheat_head</name><pose>Unspecified</pose><truncated>0</truncated><difficult>0</difficult><robndbox><cx>683.8878</cx><cy>939.2146</cy><w>117.8268</w><h>39.6971</h><angle>2.784793</angle></robndbox></object><object><type>robndbox</type><name>wheat_head</name><pose>Unspecified</pose><truncated>0</truncated><difficult>0</difficult><robndbox><cx>275.5097</cx><cy>207.58</cy><w>100.2505</w><h>30.6753</h><angle>0.068007</angle></robndbox></object><object><type>robndbox</type><name>wheat_head</name><pose>Unspecified</pose><truncated>0</truncated><difficult>0</difficult><robndbox><cx>135.6838</cx><cy>428.4005</cy><w>64.825</w><h>32.8995</h><angle>0.340903</angle></robndbox></object><object><type>robndbox</type><name>wheat_head</name><pose>Unspecified</pose><truncated>0</truncated><difficult>0</difficult><robndbox><cx>717.0626</cx><cy>428.3134</cy><w>52.9517</w><h>24.8666</h><angle>0.223608</angle></robndbox></object><object><type>robndbox</type><name>wheat_head</name><pose>Unspecified</pose><truncated>0</truncated><difficult>0</difficult><robndbox><cx>281.9596</cx><cy>534.6411</cy><w>53.6327</w><h>19.812</h><angle>3.135286</angle></robndbox></object><object><type>robndbox</type><name>wheat_head</name><pose>Unspecified</pose><truncated>0</truncated><difficult>0</difficult><robndbox><cx>853.063</cx><cy>539.0514</cy><w>118.5276</w><h>35.9643</h><angle>0.051553</angle></robndbox></object><object><type>robndbox</type><name>wheat_head</name><pose>Unspecified</pose><truncated>0</truncated><difficult>0</difficult><robndbox><cx>190.8457</cx><cy>1003.7758</cy><w>39.9137</w><h>23.9476</h><angle>0.436393</angle></robndbox></object><object><type>robndbox</type><name>wheat_head</name><pose>Unspecified</pose><truncated>0</truncated><difficult>0</difficult><robndbox><cx>985.7909</cx><cy>938.9245</cy><w>55.2979</w><h>25.9534</h><angle>2.99121</angle></robndbox></object><object><type>robndbox</type><name>wheat_head</name><pose>Unspecified</pose><truncated>0</truncated><difficult>0</difficult><robndbox><cx>152.3408</cx><cy>19.7019</cy><w>76.2777</w><h>19.592</h><angle>0.014008</angle></robndbox></object><object><type>robndbox</type><name>wheat_head</name><pose>Unspecified</pose><truncated>0</truncated><difficult>0</difficult><robndbox><cx>457.7463</cx><cy>296.2179</cy><w>82.0443</w><h>30.6755</h><angle>0.183546</angle></robndbox></object><object><type>robndbox</type><name>wheat_head</name><pose>Unspecified</pose><truncated>0</truncated><difficult>0</difficult><robndbox><cx>846.936</cx><cy>963.7344</cy><w>103.4709</w><h>29.6269</h><angle>1.686767</angle></robndbox></object><object><type>robndbox</type><name>wheat_head</name><pose>Unspecified</pose><truncated>0</truncated><difficult>0</difficult><robndbox><cx>170.7917</cx><cy>832.3661</cy><w>93.9213</w><h>35.8428</h><angle>0.464244</angle></robndbox></object><object><type>robndbox</type><name>wheat_head</name><pose>Unspecified</pose><truncated>0</truncated><difficult>0</difficult><robndbox><cx>977.2131</cx><cy>103.9498</cy><w>78.0626</w><h>38.5964</h><angle>0.721809</angle></robndbox></object><object><type>robndbox</type><name>wheat_head</name><pose>Unspecified</pose><truncated>0</truncated><difficult>0</difficult><robndbox><cx>399.3719</cx><cy>245.3662</cy><w>101.245</w><h>23.8274</h><angle>0.199176</angle></robndbox></object><object><type>robndbox</type><name>wheat_head</name><pose>Unspecified</pose><truncated>0</truncated><difficult>0</difficult><robndbox><cx>255.3335</cx><cy>438.1103</cy><w>198.162</w><h>39.9223</h><angle>0.301038</angle></robndbox></object><object><type>robndbox</type><name>wheat_head</name><pose>Unspecified</pose><truncated>0</truncated><difficult>0</difficult><robndbox><cx>976.7591</cx><cy>858.1321</cy><w>73.2735</w><h>33.5772</h><angle>2.996819</angle></robndbox></object><object><type>robndbox</type><name>wheat_head</name><pose>Unspecified</pose><truncated>0</truncated><difficult>0</difficult><robndbox><cx>988.7009</cx><cy>693.2924</cy><w>52.9361</w><h>33.8973</h><angle>0.601301</angle></robndbox></object><object><type>robndbox</type><name>wheat_head</name><pose>Unspecified</pose><truncated>0</truncated><difficult>0</difficult><robndbox><cx>634.6152</cx><cy>169.5311</cy><w>97.6922</w><h>31.0239</h><angle>0.230982</angle></robndbox></object><object><type>robndbox</type><name>wheat_head</name><pose>Unspecified</pose><truncated>0</truncated><difficult>0</difficult><robndbox><cx>580.9612</cx><cy>911.164</cy><w>36.7354</w><h>36.7028</h><angle>2.937725</angle></robndbox></object><object><type>robndbox</type><name>wheat_head</name><pose>Unspecified</pose><truncated>0</truncated><difficult>0</difficult><robndbox><cx>457.9271</cx><cy>229.3284</cy><w>45.0188</w><h>20.8115</h><angle>0.135577</angle></robndbox></object><object><type>robndbox</type><name>wheat_head</name><pose>Unspecified</pose><truncated>0</truncated><difficult>0</difficult><robndbox><cx>995.0462</cx><cy>213.3672</cy><w>43.7747</w><h>23.1267</h><angle>0.03738</angle></robndbox></object><object><type>robndbox</type><name>wheat_head</name><pose>Unspecified</pose><truncated>0</truncated><difficult>0</difficult><robndbox><cx>709.2914</cx><cy>800.4243</cy><w>102.1054</w><h>32.1541</h><angle>0.04977</angle></robndbox></object><object><type>robndbox</type><name>wheat_head</name><pose>Unspecified</pose><truncated>0</truncated><difficult>0</difficult><robndbox><cx>641.341</cx><cy>656.3835</cy><w>63.8072</w><h>28.1133</h><angle>3.104104</angle></robndbox></object><object><type>robndbox</type><name>wheat_head</name><pose>Unspecified</pose><truncated>0</truncated><difficult>0</difficult><robndbox><cx>261.9761</cx><cy>968.5414</cy><w>146.3643</w><h>39.4626</h><angle>0.550508</angle></robndbox></object><object><type>robndbox</type><name>wheat_head</name><pose>Unspecified</pose><truncated>0</truncated><difficult>0</difficult><robndbox><cx>152.6213</cx><cy>207.7203</cy><w>82.2793</w><h>29.7813</h><angle>1.360736</angle></robndbox></object><object><type>robndbox</type><name>wheat_head</name><pose>Unspecified</pose><truncated>0</truncated><difficult>0</difficult><robndbox><cx>814.6024</cx><cy>654.6222</cy><w>55.2362</w><h>23.2505</h><angle>3.112419</angle></robndbox></object><object><type>robndbox</type><name>wheat_head</name><pose>Unspecified</pose><truncated>0</truncated><difficult>0</difficult><robndbox><cx>515.6708</cx><cy>1006.2838</cy><w>35.771</w><h>25.5365</h><angle>2.897221</angle></robndbox></object><object><type>robndbox</type><name>wheat_head</name><pose>Unspecified</pose><truncated>0</truncated><difficult>0</difficult><robndbox><cx>351.3106</cx><cy>348.3321</cy><w>83.3598</w><h>27.5351</h><angle>0.02512</angle></robndbox></object><object><type>robndbox</type><name>wheat_head</name><pose>Unspecified</pose><truncated>0</truncated><difficult>0</difficult><robndbox><cx>179.5378</cx><cy>661.4899</cy><w>92.7291</w><h>22.6245</h><angle>3.10231</angle></robndbox></object><object><type>robndbox</type><name>wheat_head</name><pose>Unspecified</pose><truncated>0</truncated><difficult>0</difficult><robndbox><cx>114.7617</cx><cy>713.5749</cy><w>119.0343</w><h>37.4359</h><angle>0.849226</angle></robndbox></object><object><type>robndbox</type><name>wheat_head</name><pose>Unspecified</pose><truncated>0</truncated><difficult>0</difficult><robndbox><cx>33.9717</cx><cy>844.3728</cy><w>50.5794</w><h>30.2102</h><angle>3.100379</angle></robndbox></object><object><type>robndbox</type><name>wheat_head</name><pose>Unspecified</pose><truncated>0</truncated><difficult>0</difficult><robndbox><cx>380.8191</cx><cy>898.9703</cy><w>193.5558</w><h>41.4937</h><angle>0.014703</angle></robndbox></object><object><type>robndbox</type><name>wheat_head</name><pose>Unspecified</pose><truncated>0</truncated><difficult>0</difficult><robndbox><cx>454.6686</cx><cy>564.5166</cy><w>62.1802</w><h>34.9436</h><angle>0.136233</angle></robndbox></object><object><type>robndbox</type><name>wheat_head</name><pose>Unspecified</pose><truncated>0</truncated><difficult>0</difficult><robndbox><cx>274.845</cx><cy>572.4398</cy><w>53.5245</w><h>29.7526</h><angle>3.098806</angle></robndbox></object><object><type>robndbox</type><name>wheat_head</name><pose>Unspecified</pose><truncated>0</truncated><difficult>0</difficult><robndbox><cx>371.4545</cx><cy>591.1798</cy><w>100.8519</w><h>24.4846</h><angle>0.070418</angle></robndbox></object><object><type>robndbox</type><name>wheat_head</name><pose>Unspecified</pose><truncated>0</truncated><difficult>0</difficult><robndbox><cx>469.7097</cx><cy>837.9999</cy><w>73.8908</w><h>33.2395</h><angle>0.093372</angle></robndbox></object><object><type>robndbox</type><name>wheat_head</name><pose>Unspecified</pose><truncated>0</truncated><difficult>0</difficult><robndbox><cx>381.5373</cx><cy>270.2133</cy><w>77.785</w><h>20.3694</h><angle>3.140769</angle></robndbox></object><object><type>robndbox</type><name>wheat_head</name><pose>Unspecified</pose><truncated>0</truncated><difficult>0</difficult><robndbox><cx>895.5043</cx><cy>905.7149</cy><w>34.4618</w><h>20.9456</h><angle>0.158279</angle></robndbox></object><object><type>robndbox</type><name>wheat_head</name><pose>Unspecified</pose><truncated>0</truncated><difficult>0</difficult><robndbox><cx>31.5</cx><cy>601.5</cy><w>47.0211</w><h>44.9784</h><angle>2.843897</angle></robndbox></object><object><type>robndbox</type><name>wheat_head</name><pose>Unspecified</pose><truncated>0</truncated><difficult>0</difficult><robndbox><cx>599.5</cx><cy>26.5</cy><w>25.1514</w><h>17.8567</h><angle>1.461005</angle></robndbox></object><object><type>robndbox</type><name>wheat_head</name><pose>Unspecified</pose><truncated>0</truncated><difficult>0</difficult><robndbox><cx>892.9868</cx><cy>867.2162</cy><w>87.6993</w><h>31.9867</h><angle>2.977098</angle></robndbox></object><object><type>robndbox</type><name>wheat_head</name><pose>Unspecified</pose><truncated>0</truncated><difficult>0</difficult><robndbox><cx>790.108</cx><cy>906.644</cy><w>115.2706</w><h>25.3972</h><angle>0.088013</angle></robndbox></object><object><type>robndbox</type><name>wheat_head</name><pose>Unspecified</pose><truncated>0</truncated><difficult>0</difficult><robndbox><cx>250.229</cx><cy>862.8976</cy><w>98.3749</w><h>38.5612</h><angle>0.038572</angle></robndbox></object><object><type>robndbox</type><name>wheat_head</name><pose>Unspecified</pose><truncated>0</truncated><difficult>0</difficult><robndbox><cx>425.5443</cx><cy>585.2743</cy><w>29.4109</w><h>28.2602</h><angle>2.630594</angle></robndbox></object><object><type>robndbox</type><name>wheat_head</name><pose>Unspecified</pose><truncated>0</truncated><difficult>0</difficult><robndbox><cx>838.6081</cx><cy>975.0671</cy><w>143.8923</w><h>26.5341</h><angle>2.609516</angle></robndbox></object></annotation>