<annotation verified="no"><folder>images</folder><filename>769847044</filename><path>/home/badhon/Documents/thesis/final_dataset/ethz_1/images/769847044.jpg</path><source><database>Unknown</database></source><size><width>1024</width><height>1024</height><depth>3</depth></size><segmented>0</segmented><object><type>robndbox</type><name>wheat_head</name><pose>Unspecified</pose><truncated>0</truncated><difficult>0</difficult><robndbox><cx>797.4503</cx><cy>858.9973</cy><w>90.1161</w><h>36.3996</h><angle>1.064444</angle></robndbox></object><object><type>robndbox</type><name>wheat_head</name><pose>Unspecified</pose><truncated>0</truncated><difficult>0</difficult><robndbox><cx>782.9392</cx><cy>341.1376</cy><w>59.8813</w><h>34.8978</h><angle>1.105935</angle></robndbox></object><object><type>robndbox</type><name>wheat_head</name><pose>Unspecified</pose><truncated>0</truncated><difficult>0</difficult><robndbox><cx>687.2449</cx><cy>410.6911</cy><w>73.712</w><h>35.9191</h><angle>0.984173</angle></robndbox></object><object><type>robndbox</type><name>wheat_head</name><pose>Unspecified</pose><truncated>0</truncated><difficult>0</difficult><robndbox><cx>538.5485</cx><cy>119.6267</cy><w>98.8185</w><h>32.1561</h><angle>1.841749</angle></robndbox></object><object><type>robndbox</type><name>wheat_head</name><pose>Unspecified</pose><truncated>0</truncated><difficult>0</difficult><robndbox><cx>914.7332</cx><cy>861.128</cy><w>59.9519</w><h>31.7097</h><angle>1.030643</angle></robndbox></object><object><type>robndbox</type><name>wheat_head</name><pose>Unspecified</pose><truncated>0</truncated><difficult>0</difficult><robndbox><cx>771.7394</cx><cy>516.8654</cy><w>86.1661</w><h>35.6801</h><angle>0.576802</angle></robndbox></object><object><type>robndbox</type><name>wheat_head</name><pose>Unspecified</pose><truncated>0</truncated><difficult>0</difficult><robndbox><cx>700.0748</cx><cy>71.6068</cy><w>111.2123</w><h>34.5575</h><angle>1.1194</angle></robndbox></object><object><type>robndbox</type><name>wheat_head</name><pose>Unspecified</pose><truncated>0</truncated><difficult>0</difficult><robndbox><cx>196.0883</cx><cy>320.5758</cy><w>79.5519</w><h>30.0078</h><angle>0.512287</angle></robndbox></object><object><type>robndbox</type><name>wheat_head</name><pose>Unspecified</pose><truncated>0</truncated><difficult>0</difficult><robndbox><cx>36.0033</cx><cy>694.9476</cy><w>74.0063</w><h>32.7953</h><angle>0.561313</angle></robndbox></object><object><type>robndbox</type><name>wheat_head</name><pose>Unspecified</pose><truncated>0</truncated><difficult>0</difficult><robndbox><cx>370.7173</cx><cy>284.0132</cy><w>114.7188</w><h>34.0592</h><angle>0.302787</angle></robndbox></object><object><type>robndbox</type><name>wheat_head</name><pose>Unspecified</pose><truncated>0</truncated><difficult>0</difficult><robndbox><cx>191.7917</cx><cy>94.8073</cy><w>176.6191</w><h>34.6495</h><angle>0.464931</angle></robndbox></object><object><type>robndbox</type><name>wheat_head</name><pose>Unspecified</pose><truncated>0</truncated><difficult>0</difficult><robndbox><cx>157.4788</cx><cy>452.7423</cy><w>83.8486</w><h>36.0005</h><angle>1.032723</angle></robndbox></object><object><type>robndbox</type><name>wheat_head</name><pose>Unspecified</pose><truncated>0</truncated><difficult>0</difficult><robndbox><cx>971.6199</cx><cy>160.409</cy><w>76.1615</w><h>29.376</h><angle>1.019272</angle></robndbox></object><object><type>robndbox</type><name>wheat_head</name><pose>Unspecified</pose><truncated>0</truncated><difficult>0</difficult><robndbox><cx>114.5791</cx><cy>674.8013</cy><w>77.2048</w><h>30.5269</h><angle>0.606148</angle></robndbox></object><object><type>robndbox</type><name>wheat_head</name><pose>Unspecified</pose><truncated>0</truncated><difficult>0</difficult><robndbox><cx>447.9106</cx><cy>120.5675</cy><w>103.0753</w><h>36.8954</h><angle>1.034272</angle></robndbox></object><object><type>robndbox</type><name>wheat_head</name><pose>Unspecified</pose><truncated>0</truncated><difficult>0</difficult><robndbox><cx>932.4022</cx><cy>488.6701</cy><w>122.4563</w><h>37.852</h><angle>0.570891</angle></robndbox></object><object><type>robndbox</type><name>wheat_head</name><pose>Unspecified</pose><truncated>0</truncated><difficult>0</difficult><robndbox><cx>891.3044</cx><cy>208.7417</cy><w>51.9516</w><h>25.9782</h><angle>0.977312</angle></robndbox></object><object><type>robndbox</type><name>wheat_head</name><pose>Unspecified</pose><truncated>0</truncated><difficult>0</difficult><robndbox><cx>138.4686</cx><cy>548.3031</cy><w>76.0031</w><h>30.5001</h><angle>0.478588</angle></robndbox></object><object><type>robndbox</type><name>wheat_head</name><pose>Unspecified</pose><truncated>0</truncated><difficult>0</difficult><robndbox><cx>44.7525</cx><cy>25.1418</cy><w>85.6854</w><h>31.9885</h><angle>0.596283</angle></robndbox></object><object><type>robndbox</type><name>wheat_head</name><pose>Unspecified</pose><truncated>0</truncated><difficult>0</difficult><robndbox><cx>188.2874</cx><cy>807.4631</cy><w>142.2653</w><h>40.9815</h><angle>0.548744</angle></robndbox></object><object><type>robndbox</type><name>wheat_head</name><pose>Unspecified</pose><truncated>0</truncated><difficult>0</difficult><robndbox><cx>46.0772</cx><cy>381.4507</cy><w>102.401</w><h>38.3827</h><angle>0.737337</angle></robndbox></object><object><type>robndbox</type><name>wheat_head</name><pose>Unspecified</pose><truncated>0</truncated><difficult>0</difficult><robndbox><cx>567.4821</cx><cy>616.9505</cy><w>77.5236</w><h>34.1321</h><angle>1.19116</angle></robndbox></object><object><type>robndbox</type><name>wheat_head</name><pose>Unspecified</pose><truncated>0</truncated><difficult>0</difficult><robndbox><cx>802.8342</cx><cy>13.5768</cy><w>66.434</w><h>28.48</h><angle>0.426141</angle></robndbox></object><object><type>robndbox</type><name>wheat_head</name><pose>Unspecified</pose><truncated>0</truncated><difficult>0</difficult><robndbox><cx>225.4538</cx><cy>555.0244</cy><w>134.9541</w><h>39.4148</h><angle>0.602578</angle></robndbox></object><object><type>robndbox</type><name>wheat_head</name><pose>Unspecified</pose><truncated>0</truncated><difficult>0</difficult><robndbox><cx>427.5362</cx><cy>448.8739</cy><w>111.9614</w><h>40.7868</h><angle>0.816516</angle></robndbox></object><object><type>robndbox</type><name>wheat_head</name><pose>Unspecified</pose><truncated>0</truncated><difficult>0</difficult><robndbox><cx>974.0444</cx><cy>288.4161</cy><w>70.4087</w><h>20.0074</h><angle>0.780343</angle></robndbox></object><object><type>robndbox</type><name>wheat_head</name><pose>Unspecified</pose><truncated>0</truncated><difficult>0</difficult><robndbox><cx>441.4152</cx><cy>604.1736</cy><w>85.656</w><h>31.3985</h><angle>0.255359</angle></robndbox></object><object><type>robndbox</type><name>wheat_head</name><pose>Unspecified</pose><truncated>0</truncated><difficult>0</difficult><robndbox><cx>102.0335</cx><cy>623.6255</cy><w>105.1136</w><h>33.8849</h><angle>0.387967</angle></robndbox></object><object><type>robndbox</type><name>wheat_head</name><pose>Unspecified</pose><truncated>0</truncated><difficult>0</difficult><robndbox><cx>988.6057</cx><cy>340.9915</cy><w>69.981</w><h>33.5638</h><angle>0.528715</angle></robndbox></object><object><type>robndbox</type><name>wheat_head</name><pose>Unspecified</pose><truncated>0</truncated><difficult>0</difficult><robndbox><cx>964.7368</cx><cy>83.558</cy><w>41.7467</w><h>25.2526</h><angle>1.556494</angle></robndbox></object><object><type>robndbox</type><name>wheat_head</name><pose>Unspecified</pose><truncated>0</truncated><difficult>0</difficult><robndbox><cx>240.7343</cx><cy>55.948</cy><w>87.3358</w><h>32.7988</h><angle>0.900584</angle></robndbox></object><object><type>robndbox</type><name>wheat_head</name><pose>Unspecified</pose><truncated>0</truncated><difficult>0</difficult><robndbox><cx>386.0759</cx><cy>522.6441</cy><w>53.9033</w><h>29.305</h><angle>0.666645</angle></robndbox></object><object><type>robndbox</type><name>wheat_head</name><pose>Unspecified</pose><truncated>0</truncated><difficult>0</difficult><robndbox><cx>948.2875</cx><cy>368.5833</cy><w>52.247</w><h>29.4279</h><angle>0.939455</angle></robndbox></object><object><type>robndbox</type><name>wheat_head</name><pose>Unspecified</pose><truncated>0</truncated><difficult>0</difficult><robndbox><cx>435.0269</cx><cy>786.915</cy><w>65.2263</w><h>34.107</h><angle>0.57322</angle></robndbox></object><object><type>robndbox</type><name>wheat_head</name><pose>Unspecified</pose><truncated>0</truncated><difficult>0</difficult><robndbox><cx>367.7054</cx><cy>178.153</cy><w>77.0567</w><h>32.8684</h><angle>0.505378</angle></robndbox></object><object><type>robndbox</type><name>wheat_head</name><pose>Unspecified</pose><truncated>0</truncated><difficult>0</difficult><robndbox><cx>987.5392</cx><cy>723.145</cy><w>40.844</w><h>26.7582</h><angle>1.414397</angle></robndbox></object><object><type>robndbox</type><name>wheat_head</name><pose>Unspecified</pose><truncated>0</truncated><difficult>0</difficult><robndbox><cx>333.3292</cx><cy>232.9468</cy><w>57.9889</w><h>28.9936</h><angle>0.632082</angle></robndbox></object><object><type>robndbox</type><name>wheat_head</name><pose>Unspecified</pose><truncated>0</truncated><difficult>0</difficult><robndbox><cx>667.643</cx><cy>136.0373</cy><w>84.5699</w><h>33.2447</h><angle>1.31365</angle></robndbox></object><object><type>robndbox</type><name>wheat_head</name><pose>Unspecified</pose><truncated>0</truncated><difficult>0</difficult><robndbox><cx>366.9466</cx><cy>359.1029</cy><w>95.9595</w><h>36.1661</h><angle>0.233988</angle></robndbox></object><object><type>robndbox</type><name>wheat_head</name><pose>Unspecified</pose><truncated>0</truncated><difficult>0</difficult><robndbox><cx>814.0399</cx><cy>653.6407</cy><w>56.0484</w><h>29.513</h><angle>0.459688</angle></robndbox></object><object><type>robndbox</type><name>wheat_head</name><pose>Unspecified</pose><truncated>0</truncated><difficult>0</difficult><robndbox><cx>885.2469</cx><cy>308.7395</cy><w>50.8553</w><h>31.625</h><angle>0.972393</angle></robndbox></object><object><type>robndbox</type><name>wheat_head</name><pose>Unspecified</pose><truncated>0</truncated><difficult>0</difficult><robndbox><cx>478.0502</cx><cy>572.0815</cy><w>66.3462</w><h>34.9824</h><angle>1.260476</angle></robndbox></object><object><type>robndbox</type><name>wheat_head</name><pose>Unspecified</pose><truncated>0</truncated><difficult>0</difficult><robndbox><cx>124.0437</cx><cy>389.5833</cy><w>71.9418</w><h>26.0789</h><angle>0.607166</angle></robndbox></object><object><type>robndbox</type><name>wheat_head</name><pose>Unspecified</pose><truncated>0</truncated><difficult>0</difficult><robndbox><cx>283.6826</cx><cy>231.3721</cy><w>60.7579</w><h>26.4833</h><angle>0.756961</angle></robndbox></object><object><type>robndbox</type><name>wheat_head</name><pose>Unspecified</pose><truncated>0</truncated><difficult>0</difficult><robndbox><cx>237.3831</cx><cy>988.6312</cy><w>85.4797</w><h>32.8835</h><angle>0.414174</angle></robndbox></object><object><type>robndbox</type><name>wheat_head</name><pose>Unspecified</pose><truncated>0</truncated><difficult>0</difficult><robndbox><cx>36.7282</cx><cy>1009.1213</cy><w>58.3996</w><h>22.84</h><angle>3.13513</angle></robndbox></object><object><type>robndbox</type><name>wheat_head</name><pose>Unspecified</pose><truncated>0</truncated><difficult>0</difficult><robndbox><cx>584.214</cx><cy>118.9768</cy><w>55.2478</w><h>33.4533</h><angle>1.197665</angle></robndbox></object><object><type>robndbox</type><name>wheat_head</name><pose>Unspecified</pose><truncated>0</truncated><difficult>0</difficult><robndbox><cx>466.7181</cx><cy>667.2687</cy><w>67.5463</w><h>37.6204</h><angle>0.544233</angle></robndbox></object><object><type>robndbox</type><name>wheat_head</name><pose>Unspecified</pose><truncated>0</truncated><difficult>0</difficult><robndbox><cx>1003.5478</cx><cy>647.378</cy><w>38.1223</w><h>32.7558</h><angle>0.595434</angle></robndbox></object><object><type>robndbox</type><name>wheat_head</name><pose>Unspecified</pose><truncated>0</truncated><difficult>0</difficult><robndbox><cx>884.5</cx><cy>1000.0</cy><w>25.1135</w><h>17.972</h><angle>0.095118</angle></robndbox></object><object><type>robndbox</type><name>wheat_head</name><pose>Unspecified</pose><truncated>0</truncated><difficult>0</difficult><robndbox><cx>796.3444</cx><cy>610.2059</cy><w>48.9252</w><h>24.3229</h><angle>0.403304</angle></robndbox></object><object><type>robndbox</type><name>wheat_head</name><pose>Unspecified</pose><truncated>0</truncated><difficult>0</difficult><robndbox><cx>775.4205</cx><cy>988.1826</cy><w>55.4086</w><h>27.519</h><angle>3.042957</angle></robndbox></object><object><type>robndbox</type><name>wheat_head</name><pose>Unspecified</pose><truncated>0</truncated><difficult>0</difficult><robndbox><cx>667.643</cx><cy>136.0373</cy><w>84.5699</w><h>33.2447</h><angle>1.31365</angle></robndbox></object><object><type>robndbox</type><name>wheat_head</name><pose>Unspecified</pose><truncated>0</truncated><difficult>0</difficult><robndbox><cx>917.4993</cx><cy>285.8433</cy><w>71.7345</w><h>25.7177</h><angle>0.687347</angle></robndbox></object><object><type>robndbox</type><name>wheat_head</name><pose>Unspecified</pose><truncated>0</truncated><difficult>0</difficult><robndbox><cx>124.0437</cx><cy>389.5833</cy><w>71.9418</w><h>26.0789</h><angle>0.607166</angle></robndbox></object><object><type>robndbox</type><name>wheat_head</name><pose>Unspecified</pose><truncated>0</truncated><difficult>0</difficult><robndbox><cx>671.1138</cx><cy>529.321</cy><w>44.0468</w><h>34.022</h><angle>0.888904</angle></robndbox></object><object><type>robndbox</type><name>wheat_head</name><pose>Unspecified</pose><truncated>0</truncated><difficult>0</difficult><robndbox><cx>707.9785</cx><cy>945.0349</cy><w>30.9515</w><h>29.6733</h><angle>0.149169</angle></robndbox></object><object><type>robndbox</type><name>wheat_head</name><pose>Unspecified</pose><truncated>0</truncated><difficult>0</difficult><robndbox><cx>964.0087</cx><cy>605.1823</cy><w>44.8761</w><h>29.2385</h><angle>1.36227</angle></robndbox></object><object><type>robndbox</type><name>wheat_head</name><pose>Unspecified</pose><truncated>0</truncated><difficult>0</difficult><robndbox><cx>279.1494</cx><cy>863.0924</cy><w>61.473</w><h>31.3963</h><angle>0.862116</angle></robndbox></object><object><type>robndbox</type><name>wheat_head</name><pose>Unspecified</pose><truncated>0</truncated><difficult>0</difficult><robndbox><cx>486.0</cx><cy>14.0</cy><w>30.2725</w><h>25.1439</h><angle>1.96074</angle></robndbox></object><object><type>robndbox</type><name>wheat_head</name><pose>Unspecified</pose><truncated>0</truncated><difficult>0</difficult><robndbox><cx>46.0772</cx><cy>381.4507</cy><w>102.401</w><h>38.3827</h><angle>0.737337</angle></robndbox></object><object><type>robndbox</type><name>wheat_head</name><pose>Unspecified</pose><truncated>0</truncated><difficult>0</difficult><robndbox><cx>644.5742</cx><cy>785.7083</cy><w>25.4369</w><h>16.2701</h><angle>0.848792</angle></robndbox></object><object><type>robndbox</type><name>wheat_head</name><pose>Unspecified</pose><truncated>0</truncated><difficult>0</difficult><robndbox><cx>441.4809</cx><cy>526.0944</cy><w>57.117</w><h>31.9697</h><angle>0.380377</angle></robndbox></object><object><type>robndbox</type><name>wheat_head</name><pose>Unspecified</pose><truncated>0</truncated><difficult>0</difficult><robndbox><cx>550.8286</cx><cy>1013.1149</cy><w>20.9021</w><h>19.1186</h><angle>1.659706</angle></robndbox></object><object><type>robndbox</type><name>wheat_head</name><pose>Unspecified</pose><truncated>0</truncated><difficult>0</difficult><robndbox><cx>511.9997</cx><cy>984.3977</cy><w>42.9066</w><h>26.2877</h><angle>0.407419</angle></robndbox></object><object><type>robndbox</type><name>wheat_head</name><pose>Unspecified</pose><truncated>0</truncated><difficult>0</difficult><robndbox><cx>482.6213</cx><cy>954.2646</cy><w>43.3243</w><h>31.0641</h><angle>0.536594</angle></robndbox></object><object><type>robndbox</type><name>wheat_head</name><pose>Unspecified</pose><truncated>0</truncated><difficult>0</difficult><robndbox><cx>932.7454</cx><cy>151.8993</cy><w>49.0887</w><h>23.3078</h><angle>0.874632</angle></robndbox></object></annotation>