<annotation verified="no"><folder>images</folder><filename>78746472c</filename><path>/home/badhon/Documents/thesis/final_dataset/ethz_1/images/78746472c.jpg</path><source><database>Unknown</database></source><size><width>1024</width><height>1024</height><depth>3</depth></size><segmented>0</segmented><object><type>robndbox</type><name>wheat_head</name><pose>Unspecified</pose><truncated>0</truncated><difficult>0</difficult><robndbox><cx>661.1062</cx><cy>30.8508</cy><w>82.2692</w><h>33.1884</h><angle>0.983328</angle></robndbox></object><object><type>robndbox</type><name>wheat_head</name><pose>Unspecified</pose><truncated>0</truncated><difficult>0</difficult><robndbox><cx>595.0464</cx><cy>771.1164</cy><w>104.1326</w><h>41.1655</h><angle>0.987457</angle></robndbox></object><object><type>robndbox</type><name>wheat_head</name><pose>Unspecified</pose><truncated>0</truncated><difficult>0</difficult><robndbox><cx>801.8354</cx><cy>711.1991</cy><w>83.3863</w><h>37.2303</h><angle>0.575376</angle></robndbox></object><object><type>robndbox</type><name>wheat_head</name><pose>Unspecified</pose><truncated>0</truncated><difficult>0</difficult><robndbox><cx>710.2209</cx><cy>717.7927</cy><w>82.205</w><h>36.2625</h><angle>0.96345</angle></robndbox></object><object><type>robndbox</type><name>wheat_head</name><pose>Unspecified</pose><truncated>0</truncated><difficult>0</difficult><robndbox><cx>307.8305</cx><cy>485.6971</cy><w>75.1003</w><h>34.4975</h><angle>0.678848</angle></robndbox></object><object><type>robndbox</type><name>wheat_head</name><pose>Unspecified</pose><truncated>0</truncated><difficult>0</difficult><robndbox><cx>302.2375</cx><cy>1000.8531</cy><w>45.7003</w><h>26.0923</h><angle>0.214362</angle></robndbox></object><object><type>robndbox</type><name>wheat_head</name><pose>Unspecified</pose><truncated>0</truncated><difficult>0</difficult><robndbox><cx>875.527</cx><cy>691.0683</cy><w>104.3363</w><h>39.0291</h><angle>1.000881</angle></robndbox></object><object><type>robndbox</type><name>wheat_head</name><pose>Unspecified</pose><truncated>0</truncated><difficult>0</difficult><robndbox><cx>364.995</cx><cy>44.453</cy><w>60.6518</w><h>28.3445</h><angle>1.075508</angle></robndbox></object><object><type>robndbox</type><name>wheat_head</name><pose>Unspecified</pose><truncated>0</truncated><difficult>0</difficult><robndbox><cx>552.3866</cx><cy>408.9365</cy><w>88.4086</w><h>39.4387</h><angle>0.419852</angle></robndbox></object><object><type>robndbox</type><name>wheat_head</name><pose>Unspecified</pose><truncated>0</truncated><difficult>0</difficult><robndbox><cx>177.0646</cx><cy>391.993</cy><w>86.494</w><h>33.6705</h><angle>1.080501</angle></robndbox></object><object><type>robndbox</type><name>wheat_head</name><pose>Unspecified</pose><truncated>0</truncated><difficult>0</difficult><robndbox><cx>28.4657</cx><cy>344.7821</cy><w>64.8019</w><h>31.7298</h><angle>0.728217</angle></robndbox></object><object><type>robndbox</type><name>wheat_head</name><pose>Unspecified</pose><truncated>0</truncated><difficult>0</difficult><robndbox><cx>330.2113</cx><cy>237.1489</cy><w>70.0875</w><h>35.4362</h><angle>0.488479</angle></robndbox></object><object><type>robndbox</type><name>wheat_head</name><pose>Unspecified</pose><truncated>0</truncated><difficult>0</difficult><robndbox><cx>470.6445</cx><cy>898.3281</cy><w>137.3388</w><h>42.9711</h><angle>0.569519</angle></robndbox></object><object><type>robndbox</type><name>wheat_head</name><pose>Unspecified</pose><truncated>0</truncated><difficult>0</difficult><robndbox><cx>304.056</cx><cy>394.8474</cy><w>82.3293</w><h>34.3576</h><angle>0.906425</angle></robndbox></object><object><type>robndbox</type><name>wheat_head</name><pose>Unspecified</pose><truncated>0</truncated><difficult>0</difficult><robndbox><cx>786.502</cx><cy>392.6404</cy><w>98.2398</w><h>34.5973</h><angle>1.258362</angle></robndbox></object><object><type>robndbox</type><name>wheat_head</name><pose>Unspecified</pose><truncated>0</truncated><difficult>0</difficult><robndbox><cx>800.244</cx><cy>476.574</cy><w>109.9536</w><h>39.4662</h><angle>0.60236</angle></robndbox></object><object><type>robndbox</type><name>wheat_head</name><pose>Unspecified</pose><truncated>0</truncated><difficult>0</difficult><robndbox><cx>197.4396</cx><cy>712.9734</cy><w>112.8394</w><h>30.4447</h><angle>0.474949</angle></robndbox></object><object><type>robndbox</type><name>wheat_head</name><pose>Unspecified</pose><truncated>0</truncated><difficult>0</difficult><robndbox><cx>694.3901</cx><cy>569.486</cy><w>53.7181</w><h>29.9031</h><angle>0.996699</angle></robndbox></object><object><type>robndbox</type><name>wheat_head</name><pose>Unspecified</pose><truncated>0</truncated><difficult>0</difficult><robndbox><cx>339.0047</cx><cy>746.1566</cy><w>101.4367</w><h>37.0335</h><angle>0.223917</angle></robndbox></object><object><type>robndbox</type><name>wheat_head</name><pose>Unspecified</pose><truncated>0</truncated><difficult>0</difficult><robndbox><cx>298.1815</cx><cy>118.076</cy><w>88.0019</w><h>40.168</h><angle>0.507589</angle></robndbox></object><object><type>robndbox</type><name>wheat_head</name><pose>Unspecified</pose><truncated>0</truncated><difficult>0</difficult><robndbox><cx>223.6136</cx><cy>806.6099</cy><w>88.278</w><h>35.373</h><angle>1.007428</angle></robndbox></object><object><type>robndbox</type><name>wheat_head</name><pose>Unspecified</pose><truncated>0</truncated><difficult>0</difficult><robndbox><cx>64.8556</cx><cy>156.2807</cy><w>64.2884</w><h>32.6804</h><angle>0.560944</angle></robndbox></object><object><type>robndbox</type><name>wheat_head</name><pose>Unspecified</pose><truncated>0</truncated><difficult>0</difficult><robndbox><cx>963.2317</cx><cy>439.3538</cy><w>84.049</w><h>41.0907</h><angle>1.062356</angle></robndbox></object><object><type>robndbox</type><name>wheat_head</name><pose>Unspecified</pose><truncated>0</truncated><difficult>0</difficult><robndbox><cx>81.6109</cx><cy>49.8011</cy><w>109.2029</w><h>30.3496</h><angle>0.57295</angle></robndbox></object><object><type>robndbox</type><name>wheat_head</name><pose>Unspecified</pose><truncated>0</truncated><difficult>0</difficult><robndbox><cx>189.3897</cx><cy>667.8293</cy><w>111.2901</w><h>28.9388</h><angle>0.504247</angle></robndbox></object><object><type>robndbox</type><name>wheat_head</name><pose>Unspecified</pose><truncated>0</truncated><difficult>0</difficult><robndbox><cx>964.5007</cx><cy>150.2871</cy><w>56.4443</w><h>31.5793</h><angle>1.002254</angle></robndbox></object><object><type>robndbox</type><name>wheat_head</name><pose>Unspecified</pose><truncated>0</truncated><difficult>0</difficult><robndbox><cx>804.6747</cx><cy>181.6053</cy><w>124.7966</w><h>29.2124</h><angle>1.200556</angle></robndbox></object><object><type>robndbox</type><name>wheat_head</name><pose>Unspecified</pose><truncated>0</truncated><difficult>0</difficult><robndbox><cx>501.3918</cx><cy>784.0072</cy><w>31.4394</w><h>21.7162</h><angle>0.22634</angle></robndbox></object><object><type>robndbox</type><name>wheat_head</name><pose>Unspecified</pose><truncated>0</truncated><difficult>0</difficult><robndbox><cx>462.2365</cx><cy>442.8739</cy><w>60.1254</w><h>35.9787</h><angle>1.584506</angle></robndbox></object><object><type>robndbox</type><name>wheat_head</name><pose>Unspecified</pose><truncated>0</truncated><difficult>0</difficult><robndbox><cx>915.7143</cx><cy>863.3969</cy><w>79.4456</w><h>30.2914</h><angle>0.612128</angle></robndbox></object><object><type>robndbox</type><name>wheat_head</name><pose>Unspecified</pose><truncated>0</truncated><difficult>0</difficult><robndbox><cx>68.2269</cx><cy>479.4455</cy><w>127.1638</w><h>39.939</h><angle>0.409978</angle></robndbox></object><object><type>robndbox</type><name>wheat_head</name><pose>Unspecified</pose><truncated>0</truncated><difficult>0</difficult><robndbox><cx>285.4243</cx><cy>680.0958</cy><w>93.5544</w><h>30.6981</h><angle>0.520879</angle></robndbox></object><object><type>robndbox</type><name>wheat_head</name><pose>Unspecified</pose><truncated>0</truncated><difficult>0</difficult><robndbox><cx>69.292</cx><cy>97.4449</cy><w>127.4378</w><h>36.7684</h><angle>0.626275</angle></robndbox></object><object><type>robndbox</type><name>wheat_head</name><pose>Unspecified</pose><truncated>0</truncated><difficult>0</difficult><robndbox><cx>27.4172</cx><cy>744.1365</cy><w>60.3594</w><h>37.8319</h><angle>0.416749</angle></robndbox></object><object><type>robndbox</type><name>wheat_head</name><pose>Unspecified</pose><truncated>0</truncated><difficult>0</difficult><robndbox><cx>123.5097</cx><cy>548.4163</cy><w>99.9947</w><h>34.5366</h><angle>0.549027</angle></robndbox></object><object><type>robndbox</type><name>wheat_head</name><pose>Unspecified</pose><truncated>0</truncated><difficult>0</difficult><robndbox><cx>433.6838</cx><cy>747.0263</cy><w>106.5535</w><h>42.7685</h><angle>0.578633</angle></robndbox></object><object><type>robndbox</type><name>wheat_head</name><pose>Unspecified</pose><truncated>0</truncated><difficult>0</difficult><robndbox><cx>108.3032</cx><cy>469.9863</cy><w>91.6809</w><h>21.8809</h><angle>0.509978</angle></robndbox></object><object><type>robndbox</type><name>wheat_head</name><pose>Unspecified</pose><truncated>0</truncated><difficult>0</difficult><robndbox><cx>412.2963</cx><cy>988.5501</cy><w>77.6812</w><h>36.6754</h><angle>0.401073</angle></robndbox></object><object><type>robndbox</type><name>wheat_head</name><pose>Unspecified</pose><truncated>0</truncated><difficult>0</difficult><robndbox><cx>212.3641</cx><cy>567.6497</cy><w>69.6648</w><h>37.4865</h><angle>2.606962</angle></robndbox></object><object><type>robndbox</type><name>wheat_head</name><pose>Unspecified</pose><truncated>0</truncated><difficult>0</difficult><robndbox><cx>852.3142</cx><cy>195.7029</cy><w>79.5798</w><h>35.9727</h><angle>0.648175</angle></robndbox></object><object><type>robndbox</type><name>wheat_head</name><pose>Unspecified</pose><truncated>0</truncated><difficult>0</difficult><robndbox><cx>506.4248</cx><cy>502.0681</cy><w>78.6074</w><h>37.062</h><angle>0.622833</angle></robndbox></object><object><type>robndbox</type><name>wheat_head</name><pose>Unspecified</pose><truncated>0</truncated><difficult>0</difficult><robndbox><cx>911.2975</cx><cy>569.3323</cy><w>59.0395</w><h>34.288</h><angle>1.130336</angle></robndbox></object><object><type>robndbox</type><name>wheat_head</name><pose>Unspecified</pose><truncated>0</truncated><difficult>0</difficult><robndbox><cx>434.8807</cx><cy>570.9046</cy><w>115.6749</w><h>40.3731</h><angle>0.050988</angle></robndbox></object><object><type>robndbox</type><name>wheat_head</name><pose>Unspecified</pose><truncated>0</truncated><difficult>0</difficult><robndbox><cx>363.8435</cx><cy>1000.1341</cy><w>40.3317</w><h>28.5774</h><angle>0.212806</angle></robndbox></object><object><type>robndbox</type><name>wheat_head</name><pose>Unspecified</pose><truncated>0</truncated><difficult>0</difficult><robndbox><cx>197.5248</cx><cy>506.0506</cy><w>71.3928</w><h>35.4619</h><angle>0.346934</angle></robndbox></object><object><type>robndbox</type><name>wheat_head</name><pose>Unspecified</pose><truncated>0</truncated><difficult>0</difficult><robndbox><cx>251.6765</cx><cy>202.2303</cy><w>53.6657</w><h>33.8457</h><angle>0.397159</angle></robndbox></object><object><type>robndbox</type><name>wheat_head</name><pose>Unspecified</pose><truncated>0</truncated><difficult>0</difficult><robndbox><cx>661.8148</cx><cy>247.9851</cy><w>34.6898</w><h>24.2815</h><angle>0.854362</angle></robndbox></object><object><type>robndbox</type><name>wheat_head</name><pose>Unspecified</pose><truncated>0</truncated><difficult>0</difficult><robndbox><cx>838.8851</cx><cy>1007.2977</cy><w>33.3303</w><h>28.0345</h><angle>0.140237</angle></robndbox></object><object><type>robndbox</type><name>wheat_head</name><pose>Unspecified</pose><truncated>0</truncated><difficult>0</difficult><robndbox><cx>762.0277</cx><cy>549.504</cy><w>72.239</w><h>33.2155</h><angle>0.170808</angle></robndbox></object><object><type>robndbox</type><name>wheat_head</name><pose>Unspecified</pose><truncated>0</truncated><difficult>0</difficult><robndbox><cx>322.537</cx><cy>964.4282</cy><w>38.2929</w><h>25.183</h><angle>0.14095</angle></robndbox></object><object><type>robndbox</type><name>wheat_head</name><pose>Unspecified</pose><truncated>0</truncated><difficult>0</difficult><robndbox><cx>935.893</cx><cy>989.0701</cy><w>92.4586</w><h>39.0313</h><angle>0.298994</angle></robndbox></object><object><type>robndbox</type><name>wheat_head</name><pose>Unspecified</pose><truncated>0</truncated><difficult>0</difficult><robndbox><cx>892.9554</cx><cy>905.0155</cy><w>69.6806</w><h>31.9941</h><angle>0.34287</angle></robndbox></object><object><type>robndbox</type><name>wheat_head</name><pose>Unspecified</pose><truncated>0</truncated><difficult>0</difficult><robndbox><cx>773.7489</cx><cy>129.8316</cy><w>80.4754</w><h>31.7921</h><angle>0.583831</angle></robndbox></object><object><type>robndbox</type><name>wheat_head</name><pose>Unspecified</pose><truncated>0</truncated><difficult>0</difficult><robndbox><cx>773.7489</cx><cy>129.8316</cy><w>80.4754</w><h>31.7921</h><angle>0.583831</angle></robndbox></object><object><type>robndbox</type><name>wheat_head</name><pose>Unspecified</pose><truncated>0</truncated><difficult>0</difficult><robndbox><cx>462.2615</cx><cy>425.0603</cy><w>97.2471</w><h>27.0633</h><angle>0.528074</angle></robndbox></object><object><type>robndbox</type><name>wheat_head</name><pose>Unspecified</pose><truncated>0</truncated><difficult>0</difficult><robndbox><cx>218.9999</cx><cy>635.1504</cy><w>58.7963</w><h>35.5781</h><angle>0.72523</angle></robndbox></object></annotation>