<annotation verified="no"><folder>images</folder><filename>78cf5b3fd</filename><path>/home/badhon/Documents/thesis/final_dataset/ethz_1/images/78cf5b3fd.jpg</path><source><database>Unknown</database></source><size><width>1024</width><height>1024</height><depth>3</depth></size><segmented>0</segmented><object><type>robndbox</type><name>wheat_head</name><pose>Unspecified</pose><truncated>0</truncated><difficult>0</difficult><robndbox><cx>293.3837</cx><cy>734.9449</cy><w>86.5325</w><h>33.3764</h><angle>1.205423</angle></robndbox></object><object><type>robndbox</type><name>wheat_head</name><pose>Unspecified</pose><truncated>0</truncated><difficult>0</difficult><robndbox><cx>952.5654</cx><cy>242.0524</cy><w>79.2646</w><h>26.1308</h><angle>1.144351</angle></robndbox></object><object><type>robndbox</type><name>wheat_head</name><pose>Unspecified</pose><truncated>0</truncated><difficult>0</difficult><robndbox><cx>231.4818</cx><cy>616.4449</cy><w>83.1374</w><h>34.3022</h><angle>0.578488</angle></robndbox></object><object><type>robndbox</type><name>wheat_head</name><pose>Unspecified</pose><truncated>0</truncated><difficult>0</difficult><robndbox><cx>578.3733</cx><cy>469.1108</cy><w>63.7966</w><h>35.2366</h><angle>1.021671</angle></robndbox></object><object><type>robndbox</type><name>wheat_head</name><pose>Unspecified</pose><truncated>0</truncated><difficult>0</difficult><robndbox><cx>489.5184</cx><cy>326.8155</cy><w>90.1218</w><h>34.1244</h><angle>0.694398</angle></robndbox></object><object><type>robndbox</type><name>wheat_head</name><pose>Unspecified</pose><truncated>0</truncated><difficult>0</difficult><robndbox><cx>600.5299</cx><cy>414.1425</cy><w>82.9364</w><h>29.6959</h><angle>1.055079</angle></robndbox></object><object><type>robndbox</type><name>wheat_head</name><pose>Unspecified</pose><truncated>0</truncated><difficult>0</difficult><robndbox><cx>425.9863</cx><cy>750.3976</cy><w>130.7562</w><h>38.6179</h><angle>1.181059</angle></robndbox></object><object><type>robndbox</type><name>wheat_head</name><pose>Unspecified</pose><truncated>0</truncated><difficult>0</difficult><robndbox><cx>677.8362</cx><cy>834.4648</cy><w>77.5677</w><h>27.6103</h><angle>1.311997</angle></robndbox></object><object><type>robndbox</type><name>wheat_head</name><pose>Unspecified</pose><truncated>0</truncated><difficult>0</difficult><robndbox><cx>293.294</cx><cy>461.1904</cy><w>126.0085</w><h>34.3522</h><angle>1.04981</angle></robndbox></object><object><type>robndbox</type><name>wheat_head</name><pose>Unspecified</pose><truncated>0</truncated><difficult>0</difficult><robndbox><cx>748.9882</cx><cy>419.6381</cy><w>62.6378</w><h>31.0169</h><angle>0.989144</angle></robndbox></object><object><type>robndbox</type><name>wheat_head</name><pose>Unspecified</pose><truncated>0</truncated><difficult>0</difficult><robndbox><cx>154.1797</cx><cy>405.8472</cy><w>63.6507</w><h>30.52</h><angle>0.692531</angle></robndbox></object><object><type>robndbox</type><name>wheat_head</name><pose>Unspecified</pose><truncated>0</truncated><difficult>0</difficult><robndbox><cx>573.8208</cx><cy>564.535</cy><w>103.7554</w><h>33.136</h><angle>0.664262</angle></robndbox></object><object><type>robndbox</type><name>wheat_head</name><pose>Unspecified</pose><truncated>0</truncated><difficult>0</difficult><robndbox><cx>741.5937</cx><cy>238.8991</cy><w>61.457</w><h>31.482</h><angle>2.260105</angle></robndbox></object><object><type>robndbox</type><name>wheat_head</name><pose>Unspecified</pose><truncated>0</truncated><difficult>0</difficult><robndbox><cx>697.804</cx><cy>582.7533</cy><w>72.4161</w><h>34.0775</h><angle>0.671037</angle></robndbox></object><object><type>robndbox</type><name>wheat_head</name><pose>Unspecified</pose><truncated>0</truncated><difficult>0</difficult><robndbox><cx>418.1095</cx><cy>157.0155</cy><w>82.9086</w><h>25.07</h><angle>0.682994</angle></robndbox></object><object><type>robndbox</type><name>wheat_head</name><pose>Unspecified</pose><truncated>0</truncated><difficult>0</difficult><robndbox><cx>694.005</cx><cy>498.9507</cy><w>99.4215</w><h>40.3306</h><angle>1.106748</angle></robndbox></object><object><type>robndbox</type><name>wheat_head</name><pose>Unspecified</pose><truncated>0</truncated><difficult>0</difficult><robndbox><cx>488.112</cx><cy>475.4467</cy><w>79.5987</w><h>27.1617</h><angle>0.951518</angle></robndbox></object><object><type>robndbox</type><name>wheat_head</name><pose>Unspecified</pose><truncated>0</truncated><difficult>0</difficult><robndbox><cx>695.042</cx><cy>794.0009</cy><w>75.1529</w><h>31.6723</h><angle>1.245279</angle></robndbox></object><object><type>robndbox</type><name>wheat_head</name><pose>Unspecified</pose><truncated>0</truncated><difficult>0</difficult><robndbox><cx>914.9032</cx><cy>160.7652</cy><w>107.3656</w><h>25.6098</h><angle>0.266312</angle></robndbox></object><object><type>robndbox</type><name>wheat_head</name><pose>Unspecified</pose><truncated>0</truncated><difficult>0</difficult><robndbox><cx>379.3118</cx><cy>161.3052</cy><w>71.3488</w><h>26.0339</h><angle>0.670925</angle></robndbox></object><object><type>robndbox</type><name>wheat_head</name><pose>Unspecified</pose><truncated>0</truncated><difficult>0</difficult><robndbox><cx>879.765</cx><cy>343.8859</cy><w>59.4651</w><h>30.0147</h><angle>0.663925</angle></robndbox></object><object><type>robndbox</type><name>wheat_head</name><pose>Unspecified</pose><truncated>0</truncated><difficult>0</difficult><robndbox><cx>711.3469</cx><cy>114.81</cy><w>79.7767</w><h>32.885</h><angle>0.331837</angle></robndbox></object><object><type>robndbox</type><name>wheat_head</name><pose>Unspecified</pose><truncated>0</truncated><difficult>0</difficult><robndbox><cx>827.8359</cx><cy>118.9752</cy><w>104.7019</w><h>34.6317</h><angle>1.127625</angle></robndbox></object><object><type>robndbox</type><name>wheat_head</name><pose>Unspecified</pose><truncated>0</truncated><difficult>0</difficult><robndbox><cx>593.2118</cx><cy>17.4725</cy><w>38.2983</w><h>27.1456</h><angle>1.029324</angle></robndbox></object><object><type>robndbox</type><name>wheat_head</name><pose>Unspecified</pose><truncated>0</truncated><difficult>0</difficult><robndbox><cx>194.463</cx><cy>499.3408</cy><w>106.6326</w><h>31.0448</h><angle>0.858301</angle></robndbox></object><object><type>robndbox</type><name>wheat_head</name><pose>Unspecified</pose><truncated>0</truncated><difficult>0</difficult><robndbox><cx>821.6311</cx><cy>31.6534</cy><w>57.0132</w><h>27.4032</h><angle>0.51883</angle></robndbox></object><object><type>robndbox</type><name>wheat_head</name><pose>Unspecified</pose><truncated>0</truncated><difficult>0</difficult><robndbox><cx>698.0198</cx><cy>929.9246</cy><w>126.3074</w><h>39.2347</h><angle>2.789207</angle></robndbox></object><object><type>robndbox</type><name>wheat_head</name><pose>Unspecified</pose><truncated>0</truncated><difficult>0</difficult><robndbox><cx>550.3582</cx><cy>835.1941</cy><w>77.5139</w><h>29.3718</h><angle>1.577905</angle></robndbox></object><object><type>robndbox</type><name>wheat_head</name><pose>Unspecified</pose><truncated>0</truncated><difficult>0</difficult><robndbox><cx>586.9635</cx><cy>976.1729</cy><w>158.066</w><h>39.8085</h><angle>2.768266</angle></robndbox></object><object><type>robndbox</type><name>wheat_head</name><pose>Unspecified</pose><truncated>0</truncated><difficult>0</difficult><robndbox><cx>19.1168</cx><cy>499.4526</cy><w>34.7112</w><h>20.7443</h><angle>3.079117</angle></robndbox></object><object><type>robndbox</type><name>wheat_head</name><pose>Unspecified</pose><truncated>0</truncated><difficult>0</difficult><robndbox><cx>287.3718</cx><cy>544.4365</cy><w>68.2611</w><h>31.6278</h><angle>0.31774</angle></robndbox></object><object><type>robndbox</type><name>wheat_head</name><pose>Unspecified</pose><truncated>0</truncated><difficult>0</difficult><robndbox><cx>219.5704</cx><cy>376.5222</cy><w>121.558</w><h>36.5594</h><angle>1.064414</angle></robndbox></object><object><type>robndbox</type><name>wheat_head</name><pose>Unspecified</pose><truncated>0</truncated><difficult>0</difficult><robndbox><cx>240.0349</cx><cy>182.3303</cy><w>28.8896</w><h>21.8977</h><angle>0.998248</angle></robndbox></object><object><type>robndbox</type><name>wheat_head</name><pose>Unspecified</pose><truncated>0</truncated><difficult>0</difficult><robndbox><cx>907.4593</cx><cy>305.8957</cy><w>38.6914</w><h>19.5482</h><angle>0.79335</angle></robndbox></object><object><type>robndbox</type><name>wheat_head</name><pose>Unspecified</pose><truncated>0</truncated><difficult>0</difficult><robndbox><cx>252.3222</cx><cy>590.6455</cy><w>36.2496</w><h>22.6023</h><angle>1.148134</angle></robndbox></object><object><type>robndbox</type><name>wheat_head</name><pose>Unspecified</pose><truncated>0</truncated><difficult>0</difficult><robndbox><cx>479.7754</cx><cy>900.1939</cy><w>60.1287</w><h>31.0033</h><angle>0.58498</angle></robndbox></object><object><type>robndbox</type><name>wheat_head</name><pose>Unspecified</pose><truncated>0</truncated><difficult>0</difficult><robndbox><cx>669.5806</cx><cy>7.832</cy><w>34.9416</w><h>14.9365</h><angle>0.129461</angle></robndbox></object><object><type>robndbox</type><name>wheat_head</name><pose>Unspecified</pose><truncated>0</truncated><difficult>0</difficult><robndbox><cx>380.3856</cx><cy>955.6719</cy><w>34.2451</w><h>24.1811</h><angle>0.398615</angle></robndbox></object><object><type>robndbox</type><name>wheat_head</name><pose>Unspecified</pose><truncated>0</truncated><difficult>0</difficult><robndbox><cx>555.9692</cx><cy>515.472</cy><w>39.1753</w><h>24.4281</h><angle>2.601508</angle></robndbox></object><object><type>robndbox</type><name>wheat_head</name><pose>Unspecified</pose><truncated>0</truncated><difficult>0</difficult><robndbox><cx>681.5518</cx><cy>419.422</cy><w>58.8553</w><h>30.7818</h><angle>1.386932</angle></robndbox></object><object><type>robndbox</type><name>wheat_head</name><pose>Unspecified</pose><truncated>0</truncated><difficult>0</difficult><robndbox><cx>911.4374</cx><cy>863.6765</cy><w>67.0724</w><h>31.8978</h><angle>1.079465</angle></robndbox></object><object><type>robndbox</type><name>wheat_head</name><pose>Unspecified</pose><truncated>0</truncated><difficult>0</difficult><robndbox><cx>48.4835</cx><cy>726.6815</cy><w>31.0294</w><h>23.5537</h><angle>0.657922</angle></robndbox></object><object><type>robndbox</type><name>wheat_head</name><pose>Unspecified</pose><truncated>0</truncated><difficult>0</difficult><robndbox><cx>586.9635</cx><cy>975.6423</cy><w>158.066</w><h>39.8085</h><angle>2.768266</angle></robndbox></object><object><type>robndbox</type><name>wheat_head</name><pose>Unspecified</pose><truncated>0</truncated><difficult>0</difficult><robndbox><cx>557.0323</cx><cy>265.284</cy><w>40.1207</w><h>27.1234</h><angle>3.048883</angle></robndbox></object><object><type>robndbox</type><name>wheat_head</name><pose>Unspecified</pose><truncated>0</truncated><difficult>0</difficult><robndbox><cx>18.5587</cx><cy>292.2911</cy><w>59.4142</w><h>26.7918</h><angle>1.188744</angle></robndbox></object><object><type>robndbox</type><name>wheat_head</name><pose>Unspecified</pose><truncated>0</truncated><difficult>0</difficult><robndbox><cx>104.9212</cx><cy>150.1215</cy><w>215.5887</w><h>46.1325</h><angle>1.618144</angle></robndbox></object><object><type>robndbox</type><name>wheat_head</name><pose>Unspecified</pose><truncated>0</truncated><difficult>0</difficult><robndbox><cx>18.5587</cx><cy>292.2911</cy><w>59.4142</w><h>26.7918</h><angle>1.188744</angle></robndbox></object><object><type>robndbox</type><name>wheat_head</name><pose>Unspecified</pose><truncated>0</truncated><difficult>0</difficult><robndbox><cx>983.1214</cx><cy>524.8256</cy><w>42.3459</w><h>20.3609</h><angle>1.55957</angle></robndbox></object><object><type>robndbox</type><name>wheat_head</name><pose>Unspecified</pose><truncated>0</truncated><difficult>0</difficult><robndbox><cx>53.0694</cx><cy>1010.6133</cy><w>75.8252</w><h>20.9641</h><angle>0.186182</angle></robndbox></object><object><type>robndbox</type><name>wheat_head</name><pose>Unspecified</pose><truncated>0</truncated><difficult>0</difficult><robndbox><cx>994.4102</cx><cy>717.7118</cy><w>43.5944</w><h>28.7463</h><angle>0.107953</angle></robndbox></object><object><type>robndbox</type><name>wheat_head</name><pose>Unspecified</pose><truncated>0</truncated><difficult>0</difficult><robndbox><cx>1011.0882</cx><cy>633.4837</cy><w>34.202</w><h>26.4861</h><angle>1.630521</angle></robndbox></object><object><type>robndbox</type><name>wheat_head</name><pose>Unspecified</pose><truncated>0</truncated><difficult>0</difficult><robndbox><cx>954.7758</cx><cy>533.8074</cy><w>66.4209</w><h>32.4344</h><angle>1.33111</angle></robndbox></object><object><type>robndbox</type><name>wheat_head</name><pose>Unspecified</pose><truncated>0</truncated><difficult>0</difficult><robndbox><cx>856.0052</cx><cy>817.1243</cy><w>63.7677</w><h>34.7623</h><angle>0.668994</angle></robndbox></object><object><type>robndbox</type><name>wheat_head</name><pose>Unspecified</pose><truncated>0</truncated><difficult>0</difficult><robndbox><cx>41.0785</cx><cy>170.2585</cy><w>82.3772</w><h>29.6985</h><angle>0.183111</angle></robndbox></object><object><type>robndbox</type><name>wheat_head</name><pose>Unspecified</pose><truncated>0</truncated><difficult>0</difficult><robndbox><cx>13.4472</cx><cy>682.5537</cy><w>30.9611</w><h>18.868</h><angle>1.012197</angle></robndbox></object><object><type>robndbox</type><name>wheat_head</name><pose>Unspecified</pose><truncated>0</truncated><difficult>0</difficult><robndbox><cx>14.8663</cx><cy>748.1452</cy><w>22.3607</w><h>17.0065</h><angle>2.677945</angle></robndbox></object><object><type>robndbox</type><name>wheat_head</name><pose>Unspecified</pose><truncated>0</truncated><difficult>0</difficult><robndbox><cx>445.9383</cx><cy>449.9368</cy><w>72.111</w><h>30.1713</h><angle>1.231504</angle></robndbox></object></annotation>