<annotation verified="no"><folder>images</folder><filename>7e416089d</filename><path>/home/badhon/Documents/thesis/final_dataset/ethz_1/images/7e416089d.jpg</path><source><database>Unknown</database></source><size><width>1024</width><height>1024</height><depth>3</depth></size><segmented>0</segmented><object><type>robndbox</type><name>wheat_head</name><pose>Unspecified</pose><truncated>0</truncated><difficult>0</difficult><robndbox><cx>842.7761</cx><cy>191.2579</cy><w>86.3605</w><h>33.3019</h><angle>0.919812</angle></robndbox></object><object><type>robndbox</type><name>wheat_head</name><pose>Unspecified</pose><truncated>0</truncated><difficult>0</difficult><robndbox><cx>333.6026</cx><cy>888.9739</cy><w>81.3037</w><h>36.1715</h><angle>1.191327</angle></robndbox></object><object><type>robndbox</type><name>wheat_head</name><pose>Unspecified</pose><truncated>0</truncated><difficult>0</difficult><robndbox><cx>871.9317</cx><cy>773.5666</cy><w>124.0063</w><h>37.7464</h><angle>0.971967</angle></robndbox></object><object><type>robndbox</type><name>wheat_head</name><pose>Unspecified</pose><truncated>0</truncated><difficult>0</difficult><robndbox><cx>915.1437</cx><cy>423.8488</cy><w>80.1569</w><h>31.1945</h><angle>0.968624</angle></robndbox></object><object><type>robndbox</type><name>wheat_head</name><pose>Unspecified</pose><truncated>0</truncated><difficult>0</difficult><robndbox><cx>466.8321</cx><cy>131.5232</cy><w>108.9225</w><h>33.4425</h><angle>1.164323</angle></robndbox></object><object><type>robndbox</type><name>wheat_head</name><pose>Unspecified</pose><truncated>0</truncated><difficult>0</difficult><robndbox><cx>655.8447</cx><cy>557.1237</cy><w>79.8933</w><h>37.7623</h><angle>1.280416</angle></robndbox></object><object><type>robndbox</type><name>wheat_head</name><pose>Unspecified</pose><truncated>0</truncated><difficult>0</difficult><robndbox><cx>790.9271</cx><cy>674.4537</cy><w>94.3209</w><h>37.49</h><angle>1.193465</angle></robndbox></object><object><type>robndbox</type><name>wheat_head</name><pose>Unspecified</pose><truncated>0</truncated><difficult>0</difficult><robndbox><cx>177.1722</cx><cy>918.8198</cy><w>81.1218</w><h>37.3942</h><angle>0.664866</angle></robndbox></object><object><type>robndbox</type><name>wheat_head</name><pose>Unspecified</pose><truncated>0</truncated><difficult>0</difficult><robndbox><cx>877.1385</cx><cy>364.531</cy><w>88.642</w><h>38.0817</h><angle>0.429565</angle></robndbox></object><object><type>robndbox</type><name>wheat_head</name><pose>Unspecified</pose><truncated>0</truncated><difficult>0</difficult><robndbox><cx>706.3842</cx><cy>681.4717</cy><w>88.2345</w><h>36.1436</h><angle>0.534325</angle></robndbox></object><object><type>robndbox</type><name>wheat_head</name><pose>Unspecified</pose><truncated>0</truncated><difficult>0</difficult><robndbox><cx>112.568</cx><cy>63.0673</cy><w>83.0626</w><h>32.8554</h><angle>1.03722</angle></robndbox></object><object><type>robndbox</type><name>wheat_head</name><pose>Unspecified</pose><truncated>0</truncated><difficult>0</difficult><robndbox><cx>704.6862</cx><cy>913.8476</cy><w>148.3433</w><h>35.0398</h><angle>0.924865</angle></robndbox></object><object><type>robndbox</type><name>wheat_head</name><pose>Unspecified</pose><truncated>0</truncated><difficult>0</difficult><robndbox><cx>720.7277</cx><cy>475.3427</cy><w>121.3981</w><h>30.9449</h><angle>1.014562</angle></robndbox></object><object><type>robndbox</type><name>wheat_head</name><pose>Unspecified</pose><truncated>0</truncated><difficult>0</difficult><robndbox><cx>632.6824</cx><cy>292.1221</cy><w>153.9042</w><h>40.6708</h><angle>1.026356</angle></robndbox></object><object><type>robndbox</type><name>wheat_head</name><pose>Unspecified</pose><truncated>0</truncated><difficult>0</difficult><robndbox><cx>572.2858</cx><cy>753.52</cy><w>109.3607</w><h>36.1825</h><angle>0.885336</angle></robndbox></object><object><type>robndbox</type><name>wheat_head</name><pose>Unspecified</pose><truncated>0</truncated><difficult>0</difficult><robndbox><cx>109.219</cx><cy>602.2683</cy><w>101.4034</w><h>31.1211</h><angle>1.056043</angle></robndbox></object><object><type>robndbox</type><name>wheat_head</name><pose>Unspecified</pose><truncated>0</truncated><difficult>0</difficult><robndbox><cx>243.7005</cx><cy>355.3039</cy><w>109.1609</w><h>39.5712</h><angle>0.653427</angle></robndbox></object><object><type>robndbox</type><name>wheat_head</name><pose>Unspecified</pose><truncated>0</truncated><difficult>0</difficult><robndbox><cx>383.6613</cx><cy>563.3886</cy><w>154.439</w><h>43.009</h><angle>0.476494</angle></robndbox></object><object><type>robndbox</type><name>wheat_head</name><pose>Unspecified</pose><truncated>0</truncated><difficult>0</difficult><robndbox><cx>294.8655</cx><cy>16.8501</cy><w>58.3686</w><h>33.071</h><angle>0.670082</angle></robndbox></object><object><type>robndbox</type><name>wheat_head</name><pose>Unspecified</pose><truncated>0</truncated><difficult>0</difficult><robndbox><cx>814.0231</cx><cy>552.9787</cy><w>94.7872</w><h>37.3017</h><angle>0.972506</angle></robndbox></object><object><type>robndbox</type><name>wheat_head</name><pose>Unspecified</pose><truncated>0</truncated><difficult>0</difficult><robndbox><cx>167.3753</cx><cy>363.5249</cy><w>137.3898</w><h>37.3632</h><angle>0.939427</angle></robndbox></object><object><type>robndbox</type><name>wheat_head</name><pose>Unspecified</pose><truncated>0</truncated><difficult>0</difficult><robndbox><cx>330.9677</cx><cy>665.3356</cy><w>87.5576</w><h>38.8273</h><angle>0.539832</angle></robndbox></object><object><type>robndbox</type><name>wheat_head</name><pose>Unspecified</pose><truncated>0</truncated><difficult>0</difficult><robndbox><cx>33.255</cx><cy>833.2312</cy><w>64.2981</w><h>35.9036</h><angle>0.659702</angle></robndbox></object><object><type>robndbox</type><name>wheat_head</name><pose>Unspecified</pose><truncated>0</truncated><difficult>0</difficult><robndbox><cx>87.0461</cx><cy>127.7986</cy><w>78.4698</w><h>35.8901</h><angle>1.193423</angle></robndbox></object><object><type>robndbox</type><name>wheat_head</name><pose>Unspecified</pose><truncated>0</truncated><difficult>0</difficult><robndbox><cx>662.0967</cx><cy>391.12</cy><w>60.8447</w><h>31.8048</h><angle>0.607889</angle></robndbox></object><object><type>robndbox</type><name>wheat_head</name><pose>Unspecified</pose><truncated>0</truncated><difficult>0</difficult><robndbox><cx>147.7628</cx><cy>278.325</cy><w>75.0301</w><h>32.9837</h><angle>0.491127</angle></robndbox></object><object><type>robndbox</type><name>wheat_head</name><pose>Unspecified</pose><truncated>0</truncated><difficult>0</difficult><robndbox><cx>548.2825</cx><cy>145.3543</cy><w>64.1998</w><h>24.9619</h><angle>1.443495</angle></robndbox></object><object><type>robndbox</type><name>wheat_head</name><pose>Unspecified</pose><truncated>0</truncated><difficult>0</difficult><robndbox><cx>865.939</cx><cy>516.1177</cy><w>102.9326</w><h>40.4526</h><angle>1.081554</angle></robndbox></object><object><type>robndbox</type><name>wheat_head</name><pose>Unspecified</pose><truncated>0</truncated><difficult>0</difficult><robndbox><cx>477.6823</cx><cy>565.8792</cy><w>88.101</w><h>30.1021</h><angle>1.054464</angle></robndbox></object><object><type>robndbox</type><name>wheat_head</name><pose>Unspecified</pose><truncated>0</truncated><difficult>0</difficult><robndbox><cx>386.4928</cx><cy>360.1799</cy><w>75.9271</w><h>36.2845</h><angle>0.987203</angle></robndbox></object><object><type>robndbox</type><name>wheat_head</name><pose>Unspecified</pose><truncated>0</truncated><difficult>0</difficult><robndbox><cx>514.4601</cx><cy>950.9054</cy><w>58.7772</w><h>25.6361</h><angle>1.274161</angle></robndbox></object><object><type>robndbox</type><name>wheat_head</name><pose>Unspecified</pose><truncated>0</truncated><difficult>0</difficult><robndbox><cx>131.4379</cx><cy>30.9672</cy><w>46.081</w><h>22.615</h><angle>1.256523</angle></robndbox></object><object><type>robndbox</type><name>wheat_head</name><pose>Unspecified</pose><truncated>0</truncated><difficult>0</difficult><robndbox><cx>187.2989</cx><cy>983.9677</cy><w>62.7881</w><h>31.5132</h><angle>1.027489</angle></robndbox></object><object><type>robndbox</type><name>wheat_head</name><pose>Unspecified</pose><truncated>0</truncated><difficult>0</difficult><robndbox><cx>506.0463</cx><cy>989.4873</cy><w>57.7241</w><h>35.5031</h><angle>0.996006</angle></robndbox></object><object><type>robndbox</type><name>wheat_head</name><pose>Unspecified</pose><truncated>0</truncated><difficult>0</difficult><robndbox><cx>572.5773</cx><cy>471.3314</cy><w>54.7192</w><h>29.6469</h><angle>0.605723</angle></robndbox></object><object><type>robndbox</type><name>wheat_head</name><pose>Unspecified</pose><truncated>0</truncated><difficult>0</difficult><robndbox><cx>780.303</cx><cy>54.4285</cy><w>128.4276</w><h>27.9735</h><angle>2.887066</angle></robndbox></object><object><type>robndbox</type><name>wheat_head</name><pose>Unspecified</pose><truncated>0</truncated><difficult>0</difficult><robndbox><cx>126.7848</cx><cy>982.7327</cy><w>55.4079</w><h>26.9237</h><angle>0.351516</angle></robndbox></object><object><type>robndbox</type><name>wheat_head</name><pose>Unspecified</pose><truncated>0</truncated><difficult>0</difficult><robndbox><cx>702.7591</cx><cy>12.2615</cy><w>40.5034</w><h>25.6119</h><angle>0.542341</angle></robndbox></object><object><type>robndbox</type><name>wheat_head</name><pose>Unspecified</pose><truncated>0</truncated><difficult>0</difficult><robndbox><cx>677.6218</cx><cy>543.1269</cy><w>49.005</w><h>30.6777</h><angle>1.598618</angle></robndbox></object><object><type>robndbox</type><name>wheat_head</name><pose>Unspecified</pose><truncated>0</truncated><difficult>0</difficult><robndbox><cx>466.7663</cx><cy>262.5857</cy><w>79.3184</w><h>36.6802</h><angle>0.647952</angle></robndbox></object><object><type>robndbox</type><name>wheat_head</name><pose>Unspecified</pose><truncated>0</truncated><difficult>0</difficult><robndbox><cx>809.5505</cx><cy>457.8645</cy><w>100.568</w><h>29.6217</h><angle>1.648367</angle></robndbox></object><object><type>robndbox</type><name>wheat_head</name><pose>Unspecified</pose><truncated>0</truncated><difficult>0</difficult><robndbox><cx>803.3277</cx><cy>126.335</cy><w>52.3699</w><h>30.7173</h><angle>0.443938</angle></robndbox></object><object><type>robndbox</type><name>wheat_head</name><pose>Unspecified</pose><truncated>0</truncated><difficult>0</difficult><robndbox><cx>765.1395</cx><cy>456.246</cy><w>68.0404</w><h>26.8456</h><angle>1.080544</angle></robndbox></object><object><type>robndbox</type><name>wheat_head</name><pose>Unspecified</pose><truncated>0</truncated><difficult>0</difficult><robndbox><cx>1010.5919</cx><cy>262.9215</cy><w>60.6183</w><h>24.5352</h><angle>1.575438</angle></robndbox></object><object><type>robndbox</type><name>wheat_head</name><pose>Unspecified</pose><truncated>0</truncated><difficult>0</difficult><robndbox><cx>74.8666</cx><cy>1003.9791</cy><w>32.2344</w><h>26.1457</h><angle>0.121725</angle></robndbox></object><object><type>robndbox</type><name>wheat_head</name><pose>Unspecified</pose><truncated>0</truncated><difficult>0</difficult><robndbox><cx>179.3537</cx><cy>471.3866</cy><w>87.0913</w><h>19.5926</h><angle>0.826803</angle></robndbox></object><object><type>robndbox</type><name>wheat_head</name><pose>Unspecified</pose><truncated>0</truncated><difficult>0</difficult><robndbox><cx>33.255</cx><cy>833.2312</cy><w>64.2981</w><h>35.9036</h><angle>0.659702</angle></robndbox></object><object><type>robndbox</type><name>wheat_head</name><pose>Unspecified</pose><truncated>0</truncated><difficult>0</difficult><robndbox><cx>635.5354</cx><cy>677.9938</cy><w>39.5514</w><h>23.8504</h><angle>0.980464</angle></robndbox></object><object><type>robndbox</type><name>wheat_head</name><pose>Unspecified</pose><truncated>0</truncated><difficult>0</difficult><robndbox><cx>764.7684</cx><cy>911.2946</cy><w>41.6688</w><h>27.8075</h><angle>0.567983</angle></robndbox></object><object><type>robndbox</type><name>wheat_head</name><pose>Unspecified</pose><truncated>0</truncated><difficult>0</difficult><robndbox><cx>467.7782</cx><cy>1002.0213</cy><w>32.8464</w><h>28.3482</h><angle>1.320905</angle></robndbox></object><object><type>robndbox</type><name>wheat_head</name><pose>Unspecified</pose><truncated>0</truncated><difficult>0</difficult><robndbox><cx>519.4841</cx><cy>629.9965</cy><w>55.6754</w><h>26.2173</h><angle>1.108295</angle></robndbox></object><object><type>robndbox</type><name>wheat_head</name><pose>Unspecified</pose><truncated>0</truncated><difficult>0</difficult><robndbox><cx>444.3558</cx><cy>965.4183</cy><w>40.6431</w><h>25.7339</h><angle>0.306572</angle></robndbox></object><object><type>robndbox</type><name>wheat_head</name><pose>Unspecified</pose><truncated>0</truncated><difficult>0</difficult><robndbox><cx>18.7727</cx><cy>739.3872</cy><w>26.5606</w><h>22.896</h><angle>0.181677</angle></robndbox></object><object><type>robndbox</type><name>wheat_head</name><pose>Unspecified</pose><truncated>0</truncated><difficult>0</difficult><robndbox><cx>780.3572</cx><cy>776.6718</cy><w>57.3271</w><h>33.0293</h><angle>0.2323</angle></robndbox></object><object><type>robndbox</type><name>wheat_head</name><pose>Unspecified</pose><truncated>0</truncated><difficult>0</difficult><robndbox><cx>491.9767</cx><cy>445.4032</cy><w>150.1152</w><h>41.3208</h><angle>2.879464</angle></robndbox></object><object><type>robndbox</type><name>wheat_head</name><pose>Unspecified</pose><truncated>0</truncated><difficult>0</difficult><robndbox><cx>624.4929</cx><cy>387.8602</cy><w>52.6972</w><h>38.2271</h><angle>2.558853</angle></robndbox></object></annotation>