<annotation verified="no"><folder>images</folder><filename>85189f1bf</filename><path>/home/badhon/Documents/thesis/final_dataset/ethz_1/images/85189f1bf.jpg</path><source><database>Unknown</database></source><size><width>1024</width><height>1024</height><depth>3</depth></size><segmented>0</segmented><object><type>robndbox</type><name>wheat_head</name><pose>Unspecified</pose><truncated>0</truncated><difficult>0</difficult><robndbox><cx>49.2553</cx><cy>400.7058</cy><w>95.3732</w><h>35.3666</h><angle>0.975532</angle></robndbox></object><object><type>robndbox</type><name>wheat_head</name><pose>Unspecified</pose><truncated>0</truncated><difficult>0</difficult><robndbox><cx>499.0981</cx><cy>444.338</cy><w>87.4091</w><h>38.1659</h><angle>1.100178</angle></robndbox></object><object><type>robndbox</type><name>wheat_head</name><pose>Unspecified</pose><truncated>0</truncated><difficult>0</difficult><robndbox><cx>942.832</cx><cy>613.1368</cy><w>67.188</w><h>33.6014</h><angle>1.248804</angle></robndbox></object><object><type>robndbox</type><name>wheat_head</name><pose>Unspecified</pose><truncated>0</truncated><difficult>0</difficult><robndbox><cx>421.72</cx><cy>193.106</cy><w>61.0755</w><h>30.9272</h><angle>1.978931</angle></robndbox></object><object><type>robndbox</type><name>wheat_head</name><pose>Unspecified</pose><truncated>0</truncated><difficult>0</difficult><robndbox><cx>744.2002</cx><cy>742.6317</cy><w>83.6482</w><h>34.4002</h><angle>0.992984</angle></robndbox></object><object><type>robndbox</type><name>wheat_head</name><pose>Unspecified</pose><truncated>0</truncated><difficult>0</difficult><robndbox><cx>820.0896</cx><cy>868.8031</cy><w>77.3462</w><h>34.899</h><angle>1.0091</angle></robndbox></object><object><type>robndbox</type><name>wheat_head</name><pose>Unspecified</pose><truncated>0</truncated><difficult>0</difficult><robndbox><cx>82.2143</cx><cy>808.7397</cy><w>88.5783</w><h>33.856</h><angle>1.0857</angle></robndbox></object><object><type>robndbox</type><name>wheat_head</name><pose>Unspecified</pose><truncated>0</truncated><difficult>0</difficult><robndbox><cx>651.0578</cx><cy>338.0634</cy><w>90.8424</w><h>35.8566</h><angle>1.254268</angle></robndbox></object><object><type>robndbox</type><name>wheat_head</name><pose>Unspecified</pose><truncated>0</truncated><difficult>0</difficult><robndbox><cx>152.2635</cx><cy>88.1044</cy><w>63.9279</w><h>29.3302</h><angle>1.088884</angle></robndbox></object><object><type>robndbox</type><name>wheat_head</name><pose>Unspecified</pose><truncated>0</truncated><difficult>0</difficult><robndbox><cx>309.7032</cx><cy>73.5611</cy><w>110.4577</w><h>36.2166</h><angle>1.313729</angle></robndbox></object><object><type>robndbox</type><name>wheat_head</name><pose>Unspecified</pose><truncated>0</truncated><difficult>0</difficult><robndbox><cx>145.0179</cx><cy>336.0733</cy><w>81.9913</w><h>36.9185</h><angle>1.208721</angle></robndbox></object><object><type>robndbox</type><name>wheat_head</name><pose>Unspecified</pose><truncated>0</truncated><difficult>0</difficult><robndbox><cx>72.0946</cx><cy>215.4302</cy><w>114.9671</w><h>35.7196</h><angle>1.446805</angle></robndbox></object><object><type>robndbox</type><name>wheat_head</name><pose>Unspecified</pose><truncated>0</truncated><difficult>0</difficult><robndbox><cx>1011.9104</cx><cy>35.5908</cy><w>51.6175</w><h>19.7654</h><angle>1.779497</angle></robndbox></object><object><type>robndbox</type><name>wheat_head</name><pose>Unspecified</pose><truncated>0</truncated><difficult>0</difficult><robndbox><cx>170.3476</cx><cy>615.1558</cy><w>94.1908</w><h>34.6187</h><angle>1.11487</angle></robndbox></object><object><type>robndbox</type><name>wheat_head</name><pose>Unspecified</pose><truncated>0</truncated><difficult>0</difficult><robndbox><cx>729.6673</cx><cy>515.263</cy><w>71.9594</w><h>40.9397</h><angle>1.127738</angle></robndbox></object><object><type>robndbox</type><name>wheat_head</name><pose>Unspecified</pose><truncated>0</truncated><difficult>0</difficult><robndbox><cx>637.4751</cx><cy>496.1937</cy><w>81.6248</w><h>33.0702</h><angle>1.384741</angle></robndbox></object><object><type>robndbox</type><name>wheat_head</name><pose>Unspecified</pose><truncated>0</truncated><difficult>0</difficult><robndbox><cx>598.043</cx><cy>155.4942</cy><w>89.5833</w><h>28.3488</h><angle>1.708347</angle></robndbox></object><object><type>robndbox</type><name>wheat_head</name><pose>Unspecified</pose><truncated>0</truncated><difficult>0</difficult><robndbox><cx>770.5352</cx><cy>160.4095</cy><w>82.0844</w><h>38.7867</h><angle>1.754835</angle></robndbox></object><object><type>robndbox</type><name>wheat_head</name><pose>Unspecified</pose><truncated>0</truncated><difficult>0</difficult><robndbox><cx>926.2418</cx><cy>152.3038</cy><w>71.1473</w><h>33.7918</h><angle>1.75729</angle></robndbox></object><object><type>robndbox</type><name>wheat_head</name><pose>Unspecified</pose><truncated>0</truncated><difficult>0</difficult><robndbox><cx>260.8337</cx><cy>197.3224</cy><w>64.5652</w><h>38.2324</h><angle>1.905008</angle></robndbox></object><object><type>robndbox</type><name>wheat_head</name><pose>Unspecified</pose><truncated>0</truncated><difficult>0</difficult><robndbox><cx>728.5604</cx><cy>281.0851</cy><w>83.2123</w><h>32.1485</h><angle>1.393046</angle></robndbox></object><object><type>robndbox</type><name>wheat_head</name><pose>Unspecified</pose><truncated>0</truncated><difficult>0</difficult><robndbox><cx>8.0903</cx><cy>530.2888</cy><w>45.9339</w><h>13.4994</h><angle>1.565952</angle></robndbox></object><object><type>robndbox</type><name>wheat_head</name><pose>Unspecified</pose><truncated>0</truncated><difficult>0</difficult><robndbox><cx>876.8185</cx><cy>186.8638</cy><w>67.1182</w><h>30.5208</h><angle>1.552213</angle></robndbox></object><object><type>robndbox</type><name>wheat_head</name><pose>Unspecified</pose><truncated>0</truncated><difficult>0</difficult><robndbox><cx>502.7228</cx><cy>591.2638</cy><w>38.9968</w><h>27.1246</h><angle>1.551118</angle></robndbox></object><object><type>robndbox</type><name>wheat_head</name><pose>Unspecified</pose><truncated>0</truncated><difficult>0</difficult><robndbox><cx>776.8149</cx><cy>603.676</cy><w>53.3209</w><h>28.5825</h><angle>1.554811</angle></robndbox></object><object><type>robndbox</type><name>wheat_head</name><pose>Unspecified</pose><truncated>0</truncated><difficult>0</difficult><robndbox><cx>330.8408</cx><cy>316.8661</cy><w>82.5885</w><h>32.4696</h><angle>1.345417</angle></robndbox></object><object><type>robndbox</type><name>wheat_head</name><pose>Unspecified</pose><truncated>0</truncated><difficult>0</difficult><robndbox><cx>368.9736</cx><cy>307.1474</cy><w>48.2472</w><h>27.345</h><angle>0.484676</angle></robndbox></object><object><type>robndbox</type><name>wheat_head</name><pose>Unspecified</pose><truncated>0</truncated><difficult>0</difficult><robndbox><cx>229.1328</cx><cy>612.063</cy><w>59.7597</w><h>34.8272</h><angle>1.79884</angle></robndbox></object><object><type>robndbox</type><name>wheat_head</name><pose>Unspecified</pose><truncated>0</truncated><difficult>0</difficult><robndbox><cx>978.1453</cx><cy>318.3382</cy><w>52.1831</w><h>30.2526</h><angle>1.236306</angle></robndbox></object><object><type>robndbox</type><name>wheat_head</name><pose>Unspecified</pose><truncated>0</truncated><difficult>0</difficult><robndbox><cx>856.9583</cx><cy>820.2558</cy><w>61.8133</w><h>34.0305</h><angle>1.356058</angle></robndbox></object><object><type>robndbox</type><name>wheat_head</name><pose>Unspecified</pose><truncated>0</truncated><difficult>0</difficult><robndbox><cx>158.9998</cx><cy>25.2226</cy><w>62.796</w><h>27.3862</h><angle>1.157365</angle></robndbox></object><object><type>robndbox</type><name>wheat_head</name><pose>Unspecified</pose><truncated>0</truncated><difficult>0</difficult><robndbox><cx>77.0454</cx><cy>28.0973</cy><w>60.1666</w><h>30.7404</h><angle>1.544421</angle></robndbox></object><object><type>robndbox</type><name>wheat_head</name><pose>Unspecified</pose><truncated>0</truncated><difficult>0</difficult><robndbox><cx>540.814</cx><cy>118.0482</cy><w>112.1632</w><h>37.166</h><angle>1.466242</angle></robndbox></object><object><type>robndbox</type><name>wheat_head</name><pose>Unspecified</pose><truncated>0</truncated><difficult>0</difficult><robndbox><cx>460.1823</cx><cy>987.2529</cy><w>41.6957</w><h>30.4246</h><angle>1.55214</angle></robndbox></object><object><type>robndbox</type><name>wheat_head</name><pose>Unspecified</pose><truncated>0</truncated><difficult>0</difficult><robndbox><cx>919.7572</cx><cy>431.1296</cy><w>73.8707</w><h>39.6989</h><angle>1.080553</angle></robndbox></object><object><type>robndbox</type><name>wheat_head</name><pose>Unspecified</pose><truncated>0</truncated><difficult>0</difficult><robndbox><cx>600.9972</cx><cy>314.9507</cy><w>59.3764</w><h>32.5491</h><angle>1.624748</angle></robndbox></object><object><type>robndbox</type><name>wheat_head</name><pose>Unspecified</pose><truncated>0</truncated><difficult>0</difficult><robndbox><cx>912.2582</cx><cy>625.7891</cy><w>47.9187</w><h>19.1747</h><angle>1.996397</angle></robndbox></object><object><type>robndbox</type><name>wheat_head</name><pose>Unspecified</pose><truncated>0</truncated><difficult>0</difficult><robndbox><cx>839.3738</cx><cy>759.9791</cy><w>38.2796</w><h>22.196</h><angle>1.410648</angle></robndbox></object><object><type>robndbox</type><name>wheat_head</name><pose>Unspecified</pose><truncated>0</truncated><difficult>0</difficult><robndbox><cx>710.5991</cx><cy>75.7897</cy><w>42.8739</w><h>28.7508</h><angle>1.622869</angle></robndbox></object><object><type>robndbox</type><name>wheat_head</name><pose>Unspecified</pose><truncated>0</truncated><difficult>0</difficult><robndbox><cx>889.5607</cx><cy>363.2461</cy><w>67.2461</w><h>33.9323</h><angle>1.393585</angle></robndbox></object><object><type>robndbox</type><name>wheat_head</name><pose>Unspecified</pose><truncated>0</truncated><difficult>0</difficult><robndbox><cx>148.3168</cx><cy>262.1763</cy><w>91.6696</w><h>24.6276</h><angle>1.343646</angle></robndbox></object><object><type>robndbox</type><name>wheat_head</name><pose>Unspecified</pose><truncated>0</truncated><difficult>0</difficult><robndbox><cx>578.7289</cx><cy>828.8502</cy><w>51.2345</w><h>35.5615</h><angle>1.230762</angle></robndbox></object><object><type>robndbox</type><name>wheat_head</name><pose>Unspecified</pose><truncated>0</truncated><difficult>0</difficult><robndbox><cx>994.3943</cx><cy>420.4449</cy><w>57.972</w><h>35.2525</h><angle>1.402126</angle></robndbox></object><object><type>robndbox</type><name>wheat_head</name><pose>Unspecified</pose><truncated>0</truncated><difficult>0</difficult><robndbox><cx>483.5326</cx><cy>19.9557</cy><w>53.5135</w><h>31.812</h><angle>1.819696</angle></robndbox></object><object><type>robndbox</type><name>wheat_head</name><pose>Unspecified</pose><truncated>0</truncated><difficult>0</difficult><robndbox><cx>361.4939</cx><cy>258.6349</cy><w>51.5551</w><h>35.4705</h><angle>0.486637</angle></robndbox></object><object><type>robndbox</type><name>wheat_head</name><pose>Unspecified</pose><truncated>0</truncated><difficult>0</difficult><robndbox><cx>244.607</cx><cy>344.8788</cy><w>97.8192</w><h>39.3268</h><angle>1.328508</angle></robndbox></object><object><type>robndbox</type><name>wheat_head</name><pose>Unspecified</pose><truncated>0</truncated><difficult>0</difficult><robndbox><cx>209.8186</cx><cy>860.3882</cy><w>89.3124</w><h>36.4221</h><angle>0.199002</angle></robndbox></object><object><type>robndbox</type><name>wheat_head</name><pose>Unspecified</pose><truncated>0</truncated><difficult>0</difficult><robndbox><cx>241.9027</cx><cy>862.5732</cy><w>61.9768</w><h>35.7854</h><angle>1.543439</angle></robndbox></object><object><type>robndbox</type><name>wheat_head</name><pose>Unspecified</pose><truncated>0</truncated><difficult>0</difficult><robndbox><cx>690.1568</cx><cy>270.2493</cy><w>52.3725</w><h>29.1064</h><angle>1.311025</angle></robndbox></object><object><type>robndbox</type><name>wheat_head</name><pose>Unspecified</pose><truncated>0</truncated><difficult>0</difficult><robndbox><cx>991.5497</cx><cy>1002.1147</cy><w>30.6582</w><h>24.8087</h><angle>0.090271</angle></robndbox></object><object><type>robndbox</type><name>wheat_head</name><pose>Unspecified</pose><truncated>0</truncated><difficult>0</difficult><robndbox><cx>93.3539</cx><cy>1005.353</cy><w>28.0533</w><h>19.7234</h><angle>0.063948</angle></robndbox></object><object><type>robndbox</type><name>wheat_head</name><pose>Unspecified</pose><truncated>0</truncated><difficult>0</difficult><robndbox><cx>927.5358</cx><cy>891.0543</cy><w>41.1207</w><h>26.6907</h><angle>1.579889</angle></robndbox></object><object><type>robndbox</type><name>wheat_head</name><pose>Unspecified</pose><truncated>0</truncated><difficult>0</difficult><robndbox><cx>895.1673</cx><cy>21.2433</cy><w>35.3988</w><h>28.996</h><angle>1.691958</angle></robndbox></object><object><type>robndbox</type><name>wheat_head</name><pose>Unspecified</pose><truncated>0</truncated><difficult>0</difficult><robndbox><cx>345.398</cx><cy>621.1807</cy><w>76.3626</w><h>41.6948</h><angle>0.306621</angle></robndbox></object><object><type>robndbox</type><name>wheat_head</name><pose>Unspecified</pose><truncated>0</truncated><difficult>0</difficult><robndbox><cx>541.2549</cx><cy>679.4727</cy><w>42.8954</w><h>34.3141</h><angle>1.517914</angle></robndbox></object><object><type>robndbox</type><name>wheat_head</name><pose>Unspecified</pose><truncated>0</truncated><difficult>0</difficult><robndbox><cx>355.8884</cx><cy>734.3521</cy><w>46.5518</w><h>31.8618</h><angle>1.726857</angle></robndbox></object><object><type>robndbox</type><name>wheat_head</name><pose>Unspecified</pose><truncated>0</truncated><difficult>0</difficult><robndbox><cx>633.2356</cx><cy>227.3464</cy><w>68.6973</w><h>37.8946</h><angle>0.945707</angle></robndbox></object><object><type>robndbox</type><name>wheat_head</name><pose>Unspecified</pose><truncated>0</truncated><difficult>0</difficult><robndbox><cx>836.1168</cx><cy>23.5327</cy><w>54.8356</w><h>38.6629</h><angle>1.716057</angle></robndbox></object><object><type>robndbox</type><name>wheat_head</name><pose>Unspecified</pose><truncated>0</truncated><difficult>0</difficult><robndbox><cx>483.5472</cx><cy>659.3784</cy><w>73.7485</w><h>37.2429</h><angle>0.305532</angle></robndbox></object><object><type>robndbox</type><name>wheat_head</name><pose>Unspecified</pose><truncated>0</truncated><difficult>0</difficult><robndbox><cx>810.1893</cx><cy>21.2421</cy><w>39.8632</w><h>15.4413</h><angle>1.420138</angle></robndbox></object><object><type>robndbox</type><name>wheat_head</name><pose>Unspecified</pose><truncated>0</truncated><difficult>0</difficult><robndbox><cx>257.7997</cx><cy>620.8308</cy><w>36.9804</w><h>26.4656</h><angle>1.481053</angle></robndbox></object><object><type>robndbox</type><name>wheat_head</name><pose>Unspecified</pose><truncated>0</truncated><difficult>0</difficult><robndbox><cx>174.0</cx><cy>1011.0</cy><w>26.7288</w><h>18.7566</h><angle>1.804856</angle></robndbox></object><object><type>robndbox</type><name>wheat_head</name><pose>Unspecified</pose><truncated>0</truncated><difficult>0</difficult><robndbox><cx>797.5742</cx><cy>470.376</cy><w>39.5042</w><h>30.3597</h><angle>1.222036</angle></robndbox></object><object><type>robndbox</type><name>wheat_head</name><pose>Unspecified</pose><truncated>0</truncated><difficult>0</difficult><robndbox><cx>330.0</cx><cy>9.5</cy><w>19.6938</w><h>17.6474</h><angle>1.837016</angle></robndbox></object><object><type>robndbox</type><name>wheat_head</name><pose>Unspecified</pose><truncated>0</truncated><difficult>0</difficult><robndbox><cx>961.6968</cx><cy>464.6396</cy><w>93.0942</w><h>34.1183</h><angle>1.87099</angle></robndbox></object><object><type>robndbox</type><name>wheat_head</name><pose>Unspecified</pose><truncated>0</truncated><difficult>0</difficult><robndbox><cx>1015.5</cx><cy>708.0</cy><w>17.5014</w><h>17.0376</h><angle>1.504343</angle></robndbox></object><object><type>robndbox</type><name>wheat_head</name><pose>Unspecified</pose><truncated>0</truncated><difficult>0</difficult><robndbox><cx>275.6991</cx><cy>833.4349</cy><w>63.5166</w><h>30.5558</h><angle>1.406122</angle></robndbox></object><object><type>robndbox</type><name>wheat_head</name><pose>Unspecified</pose><truncated>0</truncated><difficult>0</difficult><robndbox><cx>184.9893</cx><cy>493.9887</cy><w>115.6195</w><h>39.1908</h><angle>0.661784</angle></robndbox></object><object><type>robndbox</type><name>wheat_head</name><pose>Unspecified</pose><truncated>0</truncated><difficult>0</difficult><robndbox><cx>326.4407</cx><cy>783.0385</cy><w>45.1882</w><h>37.8313</h><angle>0.211954</angle></robndbox></object><object><type>robndbox</type><name>wheat_head</name><pose>Unspecified</pose><truncated>0</truncated><difficult>0</difficult><robndbox><cx>461.094</cx><cy>739.5785</cy><w>41.1306</w><h>30.2148</h><angle>1.401721</angle></robndbox></object><object><type>robndbox</type><name>wheat_head</name><pose>Unspecified</pose><truncated>0</truncated><difficult>0</difficult><robndbox><cx>427.1461</cx><cy>745.1241</cy><w>62.109</w><h>30.4711</h><angle>1.243169</angle></robndbox></object><object><type>robndbox</type><name>wheat_head</name><pose>Unspecified</pose><truncated>0</truncated><difficult>0</difficult><robndbox><cx>266.7203</cx><cy>989.6484</cy><w>41.5748</w><h>23.2699</h><angle>1.388998</angle></robndbox></object><object><type>robndbox</type><name>wheat_head</name><pose>Unspecified</pose><truncated>0</truncated><difficult>0</difficult><robndbox><cx>298.4639</cx><cy>959.1724</cy><w>49.61</w><h>29.0558</h><angle>1.59858</angle></robndbox></object><object><type>robndbox</type><name>wheat_head</name><pose>Unspecified</pose><truncated>0</truncated><difficult>0</difficult><robndbox><cx>323.5422</cx><cy>883.674</cy><w>55.0482</w><h>27.42</h><angle>1.23126</angle></robndbox></object><object><type>robndbox</type><name>wheat_head</name><pose>Unspecified</pose><truncated>0</truncated><difficult>0</difficult><robndbox><cx>342.2014</cx><cy>943.9833</cy><w>39.7941</w><h>26.83</h><angle>1.233511</angle></robndbox></object><object><type>robndbox</type><name>wheat_head</name><pose>Unspecified</pose><truncated>0</truncated><difficult>0</difficult><robndbox><cx>370.6432</cx><cy>927.4977</cy><w>69.9094</w><h>26.2857</h><angle>1.428757</angle></robndbox></object><object><type>robndbox</type><name>wheat_head</name><pose>Unspecified</pose><truncated>0</truncated><difficult>0</difficult><robndbox><cx>384.8645</cx><cy>986.2731</cy><w>49.1542</w><h>33.5664</h><angle>1.143766</angle></robndbox></object><object><type>robndbox</type><name>wheat_head</name><pose>Unspecified</pose><truncated>0</truncated><difficult>0</difficult><robndbox><cx>348.5</cx><cy>1014.5</cy><w>19.0029</w><h>18.5667</h><angle>1.588326</angle></robndbox></object></annotation>