<annotation verified="no"><folder>images</folder><filename>8ecb44432</filename><path>/home/badhon/Documents/thesis/final_dataset/ethz_1/images/8ecb44432.jpg</path><source><database>Unknown</database></source><size><width>1024</width><height>1024</height><depth>3</depth></size><segmented>0</segmented><object><type>robndbox</type><name>wheat_head</name><pose>Unspecified</pose><truncated>0</truncated><difficult>0</difficult><robndbox><cx>843.2225</cx><cy>42.0221</cy><w>93.5385</w><h>30.8285</h><angle>0.857698</angle></robndbox></object><object><type>robndbox</type><name>wheat_head</name><pose>Unspecified</pose><truncated>0</truncated><difficult>0</difficult><robndbox><cx>694.7518</cx><cy>216.1837</cy><w>75.6907</w><h>31.7188</h><angle>0.86536</angle></robndbox></object><object><type>robndbox</type><name>wheat_head</name><pose>Unspecified</pose><truncated>0</truncated><difficult>0</difficult><robndbox><cx>823.8896</cx><cy>346.7672</cy><w>127.7205</w><h>33.8242</h><angle>0.930041</angle></robndbox></object><object><type>robndbox</type><name>wheat_head</name><pose>Unspecified</pose><truncated>0</truncated><difficult>0</difficult><robndbox><cx>992.9709</cx><cy>177.5598</cy><w>126.3522</w><h>29.7386</h><angle>1.431173</angle></robndbox></object><object><type>robndbox</type><name>wheat_head</name><pose>Unspecified</pose><truncated>0</truncated><difficult>0</difficult><robndbox><cx>608.489</cx><cy>561.0242</cy><w>114.2698</w><h>27.2783</h><angle>0.404754</angle></robndbox></object><object><type>robndbox</type><name>wheat_head</name><pose>Unspecified</pose><truncated>0</truncated><difficult>0</difficult><robndbox><cx>811.4597</cx><cy>217.6806</cy><w>125.2048</w><h>37.3075</h><angle>0.297098</angle></robndbox></object><object><type>robndbox</type><name>wheat_head</name><pose>Unspecified</pose><truncated>0</truncated><difficult>0</difficult><robndbox><cx>905.7157</cx><cy>830.6424</cy><w>64.6988</w><h>24.7165</h><angle>1.471167</angle></robndbox></object><object><type>robndbox</type><name>wheat_head</name><pose>Unspecified</pose><truncated>0</truncated><difficult>0</difficult><robndbox><cx>517.0025</cx><cy>238.4341</cy><w>81.3028</w><h>32.6636</h><angle>0.33914</angle></robndbox></object><object><type>robndbox</type><name>wheat_head</name><pose>Unspecified</pose><truncated>0</truncated><difficult>0</difficult><robndbox><cx>214.5125</cx><cy>813.0641</cy><w>109.3319</w><h>35.6457</h><angle>0.256084</angle></robndbox></object><object><type>robndbox</type><name>wheat_head</name><pose>Unspecified</pose><truncated>0</truncated><difficult>0</difficult><robndbox><cx>209.2379</cx><cy>236.8791</cy><w>114.5868</w><h>35.3359</h><angle>0.223301</angle></robndbox></object><object><type>robndbox</type><name>wheat_head</name><pose>Unspecified</pose><truncated>0</truncated><difficult>0</difficult><robndbox><cx>138.4841</cx><cy>319.6613</cy><w>98.1913</w><h>28.639</h><angle>0.279756</angle></robndbox></object><object><type>robndbox</type><name>wheat_head</name><pose>Unspecified</pose><truncated>0</truncated><difficult>0</difficult><robndbox><cx>43.6408</cx><cy>166.5338</cy><w>95.9071</w><h>40.247</h><angle>0.460562</angle></robndbox></object><object><type>robndbox</type><name>wheat_head</name><pose>Unspecified</pose><truncated>0</truncated><difficult>0</difficult><robndbox><cx>986.678</cx><cy>80.2359</cy><w>60.9291</w><h>35.2467</h><angle>0.594612</angle></robndbox></object><object><type>robndbox</type><name>wheat_head</name><pose>Unspecified</pose><truncated>0</truncated><difficult>0</difficult><robndbox><cx>97.9744</cx><cy>352.2672</cy><w>108.2196</w><h>32.6609</h><angle>0.217851</angle></robndbox></object><object><type>robndbox</type><name>wheat_head</name><pose>Unspecified</pose><truncated>0</truncated><difficult>0</difficult><robndbox><cx>553.748</cx><cy>76.0062</cy><w>103.7484</w><h>34.8968</h><angle>0.702735</angle></robndbox></object><object><type>robndbox</type><name>wheat_head</name><pose>Unspecified</pose><truncated>0</truncated><difficult>0</difficult><robndbox><cx>682.8315</cx><cy>891.0751</cy><w>97.5546</w><h>32.6611</h><angle>0.245485</angle></robndbox></object><object><type>robndbox</type><name>wheat_head</name><pose>Unspecified</pose><truncated>0</truncated><difficult>0</difficult><robndbox><cx>75.4462</cx><cy>567.4324</cy><w>126.6757</w><h>27.459</h><angle>0.17496</angle></robndbox></object><object><type>robndbox</type><name>wheat_head</name><pose>Unspecified</pose><truncated>0</truncated><difficult>0</difficult><robndbox><cx>301.1859</cx><cy>66.6645</cy><w>84.4805</w><h>28.2008</h><angle>0.398793</angle></robndbox></object><object><type>robndbox</type><name>wheat_head</name><pose>Unspecified</pose><truncated>0</truncated><difficult>0</difficult><robndbox><cx>139.6275</cx><cy>537.8822</cy><w>167.7269</w><h>32.6303</h><angle>0.184365</angle></robndbox></object><object><type>robndbox</type><name>wheat_head</name><pose>Unspecified</pose><truncated>0</truncated><difficult>0</difficult><robndbox><cx>702.348</cx><cy>385.016</cy><w>91.2551</w><h>36.92</h><angle>0.637065</angle></robndbox></object><object><type>robndbox</type><name>wheat_head</name><pose>Unspecified</pose><truncated>0</truncated><difficult>0</difficult><robndbox><cx>400.7349</cx><cy>635.5709</cy><w>63.7858</w><h>31.1552</h><angle>2.801112</angle></robndbox></object><object><type>robndbox</type><name>wheat_head</name><pose>Unspecified</pose><truncated>0</truncated><difficult>0</difficult><robndbox><cx>504.7727</cx><cy>743.5236</cy><w>80.1744</w><h>36.7851</h><angle>2.862366</angle></robndbox></object><object><type>robndbox</type><name>wheat_head</name><pose>Unspecified</pose><truncated>0</truncated><difficult>0</difficult><robndbox><cx>331.161</cx><cy>567.5042</cy><w>75.7812</w><h>27.9391</h><angle>0.307455</angle></robndbox></object><object><type>robndbox</type><name>wheat_head</name><pose>Unspecified</pose><truncated>0</truncated><difficult>0</difficult><robndbox><cx>359.931</cx><cy>681.5219</cy><w>65.0303</w><h>34.3425</h><angle>2.807919</angle></robndbox></object><object><type>robndbox</type><name>wheat_head</name><pose>Unspecified</pose><truncated>0</truncated><difficult>0</difficult><robndbox><cx>387.8792</cx><cy>340.2805</cy><w>78.5049</w><h>15.8403</h><angle>0.318759</angle></robndbox></object><object><type>robndbox</type><name>wheat_head</name><pose>Unspecified</pose><truncated>0</truncated><difficult>0</difficult><robndbox><cx>324.7458</cx><cy>535.4486</cy><w>105.9695</w><h>21.7334</h><angle>0.287659</angle></robndbox></object><object><type>robndbox</type><name>wheat_head</name><pose>Unspecified</pose><truncated>0</truncated><difficult>0</difficult><robndbox><cx>365.5742</cx><cy>73.3209</cy><w>62.1328</w><h>24.5317</h><angle>0.518426</angle></robndbox></object><object><type>robndbox</type><name>wheat_head</name><pose>Unspecified</pose><truncated>0</truncated><difficult>0</difficult><robndbox><cx>663.6815</cx><cy>21.1519</cy><w>150.8954</w><h>40.0114</h><angle>2.789081</angle></robndbox></object><object><type>robndbox</type><name>wheat_head</name><pose>Unspecified</pose><truncated>0</truncated><difficult>0</difficult><robndbox><cx>690.1521</cx><cy>564.4235</cy><w>70.5812</w><h>41.8348</h><angle>0.426255</angle></robndbox></object><object><type>robndbox</type><name>wheat_head</name><pose>Unspecified</pose><truncated>0</truncated><difficult>0</difficult><robndbox><cx>486.055</cx><cy>376.6823</cy><w>56.3795</w><h>32.5246</h><angle>2.787205</angle></robndbox></object><object><type>robndbox</type><name>wheat_head</name><pose>Unspecified</pose><truncated>0</truncated><difficult>0</difficult><robndbox><cx>222.2975</cx><cy>641.2897</cy><w>86.6733</w><h>28.6579</h><angle>0.113018</angle></robndbox></object><object><type>robndbox</type><name>wheat_head</name><pose>Unspecified</pose><truncated>0</truncated><difficult>0</difficult><robndbox><cx>619.1637</cx><cy>604.3875</cy><w>53.0804</w><h>23.6884</h><angle>0.44818</angle></robndbox></object><object><type>robndbox</type><name>wheat_head</name><pose>Unspecified</pose><truncated>0</truncated><difficult>0</difficult><robndbox><cx>573.9676</cx><cy>107.7957</cy><w>67.6309</w><h>28.6527</h><angle>0.39614</angle></robndbox></object><object><type>robndbox</type><name>wheat_head</name><pose>Unspecified</pose><truncated>0</truncated><difficult>0</difficult><robndbox><cx>943.2227</cx><cy>249.3043</cy><w>67.3199</w><h>34.2192</h><angle>0.165435</angle></robndbox></object><object><type>robndbox</type><name>wheat_head</name><pose>Unspecified</pose><truncated>0</truncated><difficult>0</difficult><robndbox><cx>596.6804</cx><cy>698.2082</cy><w>104.4432</w><h>36.9861</h><angle>2.912961</angle></robndbox></object><object><type>robndbox</type><name>wheat_head</name><pose>Unspecified</pose><truncated>0</truncated><difficult>0</difficult><robndbox><cx>213.747</cx><cy>49.8098</cy><w>56.6936</w><h>24.9116</h><angle>0.159448</angle></robndbox></object><object><type>robndbox</type><name>wheat_head</name><pose>Unspecified</pose><truncated>0</truncated><difficult>0</difficult><robndbox><cx>873.1276</cx><cy>556.2134</cy><w>82.2988</w><h>31.2107</h><angle>0.078901</angle></robndbox></object><object><type>robndbox</type><name>wheat_head</name><pose>Unspecified</pose><truncated>0</truncated><difficult>0</difficult><robndbox><cx>908.8074</cx><cy>1011.822</cy><w>76.5359</w><h>17.7735</h><angle>3.081261</angle></robndbox></object><object><type>robndbox</type><name>wheat_head</name><pose>Unspecified</pose><truncated>0</truncated><difficult>0</difficult><robndbox><cx>800.9673</cx><cy>912.1136</cy><w>42.3794</w><h>26.5188</h><angle>0.455134</angle></robndbox></object><object><type>robndbox</type><name>wheat_head</name><pose>Unspecified</pose><truncated>0</truncated><difficult>0</difficult><robndbox><cx>392.8893</cx><cy>368.0164</cy><w>47.1139</w><h>32.7263</h><angle>0.37494</angle></robndbox></object><object><type>robndbox</type><name>wheat_head</name><pose>Unspecified</pose><truncated>0</truncated><difficult>0</difficult><robndbox><cx>953.7679</cx><cy>909.4526</cy><w>128.7547</w><h>37.0167</h><angle>0.060897</angle></robndbox></object><object><type>robndbox</type><name>wheat_head</name><pose>Unspecified</pose><truncated>0</truncated><difficult>0</difficult><robndbox><cx>764.1699</cx><cy>378.2782</cy><w>63.1463</w><h>31.8969</h><angle>0.245004</angle></robndbox></object><object><type>robndbox</type><name>wheat_head</name><pose>Unspecified</pose><truncated>0</truncated><difficult>0</difficult><robndbox><cx>420.1487</cx><cy>310.9061</cy><w>85.4404</w><h>25.7228</h><angle>0.143124</angle></robndbox></object><object><type>robndbox</type><name>wheat_head</name><pose>Unspecified</pose><truncated>0</truncated><difficult>0</difficult><robndbox><cx>588.9985</cx><cy>281.7229</cy><w>45.6582</w><h>22.5209</h><angle>0.291038</angle></robndbox></object><object><type>robndbox</type><name>wheat_head</name><pose>Unspecified</pose><truncated>0</truncated><difficult>0</difficult><robndbox><cx>127.3366</cx><cy>259.5635</cy><w>63.0719</w><h>27.7729</h><angle>3.010996</angle></robndbox></object><object><type>robndbox</type><name>wheat_head</name><pose>Unspecified</pose><truncated>0</truncated><difficult>0</difficult><robndbox><cx>511.338</cx><cy>916.2198</cy><w>57.3454</w><h>22.4267</h><angle>3.120547</angle></robndbox></object><object><type>robndbox</type><name>wheat_head</name><pose>Unspecified</pose><truncated>0</truncated><difficult>0</difficult><robndbox><cx>593.5726</cx><cy>1010.9826</cy><w>27.3952</w><h>26.2033</h><angle>2.964235</angle></robndbox></object><object><type>robndbox</type><name>wheat_head</name><pose>Unspecified</pose><truncated>0</truncated><difficult>0</difficult><robndbox><cx>53.2448</cx><cy>938.2823</cy><w>94.5766</w><h>34.0778</h><angle>0.212841</angle></robndbox></object><object><type>robndbox</type><name>wheat_head</name><pose>Unspecified</pose><truncated>0</truncated><difficult>0</difficult><robndbox><cx>824.2493</cx><cy>614.6902</cy><w>84.8818</w><h>29.8172</h><angle>0.040527</angle></robndbox></object><object><type>robndbox</type><name>wheat_head</name><pose>Unspecified</pose><truncated>0</truncated><difficult>0</difficult><robndbox><cx>645.7717</cx><cy>976.1329</cy><w>94.9239</w><h>35.7289</h><angle>3.034721</angle></robndbox></object><object><type>robndbox</type><name>wheat_head</name><pose>Unspecified</pose><truncated>0</truncated><difficult>0</difficult><robndbox><cx>635.4918</cx><cy>748.9356</cy><w>61.1868</w><h>27.1275</h><angle>3.136068</angle></robndbox></object><object><type>robndbox</type><name>wheat_head</name><pose>Unspecified</pose><truncated>0</truncated><difficult>0</difficult><robndbox><cx>48.3893</cx><cy>690.1859</cy><w>78.3135</w><h>28.8246</h><angle>3.104795</angle></robndbox></object><object><type>robndbox</type><name>wheat_head</name><pose>Unspecified</pose><truncated>0</truncated><difficult>0</difficult><robndbox><cx>819.0051</cx><cy>274.8413</cy><w>43.7825</w><h>20.7032</h><angle>0.198097</angle></robndbox></object><object><type>robndbox</type><name>wheat_head</name><pose>Unspecified</pose><truncated>0</truncated><difficult>0</difficult><robndbox><cx>992.5574</cx><cy>400.1549</cy><w>55.2702</w><h>28.8769</h><angle>2.949194</angle></robndbox></object><object><type>robndbox</type><name>wheat_head</name><pose>Unspecified</pose><truncated>0</truncated><difficult>0</difficult><robndbox><cx>626.8718</cx><cy>528.972</cy><w>55.1798</w><h>23.6887</h><angle>0.29685</angle></robndbox></object><object><type>robndbox</type><name>wheat_head</name><pose>Unspecified</pose><truncated>0</truncated><difficult>0</difficult><robndbox><cx>695.4381</cx><cy>616.7337</cy><w>53.9856</w><h>26.2101</h><angle>0.015942</angle></robndbox></object><object><type>robndbox</type><name>wheat_head</name><pose>Unspecified</pose><truncated>0</truncated><difficult>0</difficult><robndbox><cx>8.4609</cx><cy>767.3635</cy><w>35.145</w><h>18.0136</h><angle>1.400662</angle></robndbox></object><object><type>robndbox</type><name>wheat_head</name><pose>Unspecified</pose><truncated>0</truncated><difficult>0</difficult><robndbox><cx>943.2227</cx><cy>249.3043</cy><w>67.3199</w><h>34.2192</h><angle>0.165435</angle></robndbox></object><object><type>robndbox</type><name>wheat_head</name><pose>Unspecified</pose><truncated>0</truncated><difficult>0</difficult><robndbox><cx>421.7887</cx><cy>768.8861</cy><w>52.1044</w><h>25.2002</h><angle>0.023578</angle></robndbox></object><object><type>robndbox</type><name>wheat_head</name><pose>Unspecified</pose><truncated>0</truncated><difficult>0</difficult><robndbox><cx>533.9897</cx><cy>985.9629</cy><w>124.6154</w><h>50.869</h><angle>0.161191</angle></robndbox></object><object><type>robndbox</type><name>wheat_head</name><pose>Unspecified</pose><truncated>0</truncated><difficult>0</difficult><robndbox><cx>425.2146</cx><cy>557.7092</cy><w>86.2213</w><h>34.9343</h><angle>0.384169</angle></robndbox></object><object><type>robndbox</type><name>wheat_head</name><pose>Unspecified</pose><truncated>0</truncated><difficult>0</difficult><robndbox><cx>710.7729</cx><cy>552.0807</cy><w>130.4301</w><h>31.4995</h><angle>0.622032</angle></robndbox></object><object><type>robndbox</type><name>wheat_head</name><pose>Unspecified</pose><truncated>0</truncated><difficult>0</difficult><robndbox><cx>900.2999</cx><cy>625.3586</cy><w>55.7853</w><h>26.8479</h><angle>0.253674</angle></robndbox></object></annotation>