<annotation verified="no"><folder>images</folder><filename>901ee2848</filename><path>/home/badhon/Documents/thesis/final_dataset/ethz_1/images/901ee2848.jpg</path><source><database>Unknown</database></source><size><width>1024</width><height>1024</height><depth>3</depth></size><segmented>0</segmented><object><type>robndbox</type><name>wheat_head</name><pose>Unspecified</pose><truncated>0</truncated><difficult>0</difficult><robndbox><cx>604.777</cx><cy>45.3144</cy><w>93.8153</w><h>32.3231</h><angle>1.997311</angle></robndbox></object><object><type>robndbox</type><name>wheat_head</name><pose>Unspecified</pose><truncated>0</truncated><difficult>0</difficult><robndbox><cx>252.488</cx><cy>793.0897</cy><w>74.9655</w><h>34.032</h><angle>0.969465</angle></robndbox></object><object><type>robndbox</type><name>wheat_head</name><pose>Unspecified</pose><truncated>0</truncated><difficult>0</difficult><robndbox><cx>180.4609</cx><cy>97.9395</cy><w>104.0967</w><h>42.8441</h><angle>0.525645</angle></robndbox></object><object><type>robndbox</type><name>wheat_head</name><pose>Unspecified</pose><truncated>0</truncated><difficult>0</difficult><robndbox><cx>64.7507</cx><cy>113.8591</cy><w>71.5984</w><h>31.2096</h><angle>1.050436</angle></robndbox></object><object><type>robndbox</type><name>wheat_head</name><pose>Unspecified</pose><truncated>0</truncated><difficult>0</difficult><robndbox><cx>143.4029</cx><cy>487.4393</cy><w>83.0553</w><h>32.7627</h><angle>1.172213</angle></robndbox></object><object><type>robndbox</type><name>wheat_head</name><pose>Unspecified</pose><truncated>0</truncated><difficult>0</difficult><robndbox><cx>657.2348</cx><cy>361.4076</cy><w>72.0164</w><h>31.0515</h><angle>1.28992</angle></robndbox></object><object><type>robndbox</type><name>wheat_head</name><pose>Unspecified</pose><truncated>0</truncated><difficult>0</difficult><robndbox><cx>240.8023</cx><cy>397.9392</cy><w>118.312</w><h>38.9101</h><angle>0.514929</angle></robndbox></object><object><type>robndbox</type><name>wheat_head</name><pose>Unspecified</pose><truncated>0</truncated><difficult>0</difficult><robndbox><cx>723.064</cx><cy>58.939</cy><w>132.3076</w><h>41.5269</h><angle>1.021699</angle></robndbox></object><object><type>robndbox</type><name>wheat_head</name><pose>Unspecified</pose><truncated>0</truncated><difficult>0</difficult><robndbox><cx>855.9847</cx><cy>273.94</cy><w>115.107</w><h>39.1234</h><angle>1.097976</angle></robndbox></object><object><type>robndbox</type><name>wheat_head</name><pose>Unspecified</pose><truncated>0</truncated><difficult>0</difficult><robndbox><cx>682.574</cx><cy>804.1318</cy><w>75.3687</w><h>41.1193</h><angle>0.598285</angle></robndbox></object><object><type>robndbox</type><name>wheat_head</name><pose>Unspecified</pose><truncated>0</truncated><difficult>0</difficult><robndbox><cx>372.2426</cx><cy>778.3141</cy><w>74.9853</w><h>27.4836</h><angle>1.254378</angle></robndbox></object><object><type>robndbox</type><name>wheat_head</name><pose>Unspecified</pose><truncated>0</truncated><difficult>0</difficult><robndbox><cx>840.6151</cx><cy>471.8015</cy><w>146.7315</w><h>41.7738</h><angle>0.573244</angle></robndbox></object><object><type>robndbox</type><name>wheat_head</name><pose>Unspecified</pose><truncated>0</truncated><difficult>0</difficult><robndbox><cx>187.6415</cx><cy>950.049</cy><w>84.9297</w><h>35.7838</h><angle>0.45276</angle></robndbox></object><object><type>robndbox</type><name>wheat_head</name><pose>Unspecified</pose><truncated>0</truncated><difficult>0</difficult><robndbox><cx>65.8461</cx><cy>713.0807</cy><w>103.1927</w><h>43.1025</h><angle>2.643912</angle></robndbox></object><object><type>robndbox</type><name>wheat_head</name><pose>Unspecified</pose><truncated>0</truncated><difficult>0</difficult><robndbox><cx>259.8214</cx><cy>206.5706</cy><w>74.6379</w><h>27.6793</h><angle>1.562068</angle></robndbox></object><object><type>robndbox</type><name>wheat_head</name><pose>Unspecified</pose><truncated>0</truncated><difficult>0</difficult><robndbox><cx>443.4395</cx><cy>519.6078</cy><w>86.0451</w><h>39.6674</h><angle>0.309228</angle></robndbox></object><object><type>robndbox</type><name>wheat_head</name><pose>Unspecified</pose><truncated>0</truncated><difficult>0</difficult><robndbox><cx>973.2847</cx><cy>754.2222</cy><w>105.1273</w><h>29.6639</h><angle>1.342324</angle></robndbox></object><object><type>robndbox</type><name>wheat_head</name><pose>Unspecified</pose><truncated>0</truncated><difficult>0</difficult><robndbox><cx>620.2084</cx><cy>123.8281</cy><w>59.9754</w><h>37.9889</h><angle>0.61502</angle></robndbox></object><object><type>robndbox</type><name>wheat_head</name><pose>Unspecified</pose><truncated>0</truncated><difficult>0</difficult><robndbox><cx>310.3538</cx><cy>752.8751</cy><w>95.1177</w><h>40.1684</h><angle>0.71523</angle></robndbox></object><object><type>robndbox</type><name>wheat_head</name><pose>Unspecified</pose><truncated>0</truncated><difficult>0</difficult><robndbox><cx>949.7597</cx><cy>51.6011</cy><w>88.303</w><h>34.1025</h><angle>1.71358</angle></robndbox></object><object><type>robndbox</type><name>wheat_head</name><pose>Unspecified</pose><truncated>0</truncated><difficult>0</difficult><robndbox><cx>594.9297</cx><cy>701.8069</cy><w>118.4152</w><h>38.4491</h><angle>1.135682</angle></robndbox></object><object><type>robndbox</type><name>wheat_head</name><pose>Unspecified</pose><truncated>0</truncated><difficult>0</difficult><robndbox><cx>432.5854</cx><cy>384.8128</cy><w>83.2963</w><h>37.0072</h><angle>1.288424</angle></robndbox></object><object><type>robndbox</type><name>wheat_head</name><pose>Unspecified</pose><truncated>0</truncated><difficult>0</difficult><robndbox><cx>176.7585</cx><cy>659.478</cy><w>162.1054</w><h>36.1208</h><angle>1.431577</angle></robndbox></object><object><type>robndbox</type><name>wheat_head</name><pose>Unspecified</pose><truncated>0</truncated><difficult>0</difficult><robndbox><cx>804.3622</cx><cy>923.9843</cy><w>127.9379</w><h>36.4181</h><angle>1.382651</angle></robndbox></object><object><type>robndbox</type><name>wheat_head</name><pose>Unspecified</pose><truncated>0</truncated><difficult>0</difficult><robndbox><cx>891.2258</cx><cy>70.6297</cy><w>68.8626</w><h>32.2373</h><angle>1.498286</angle></robndbox></object><object><type>robndbox</type><name>wheat_head</name><pose>Unspecified</pose><truncated>0</truncated><difficult>0</difficult><robndbox><cx>35.6242</cx><cy>27.4911</cy><w>55.7248</w><h>35.3228</h><angle>1.01354</angle></robndbox></object><object><type>robndbox</type><name>wheat_head</name><pose>Unspecified</pose><truncated>0</truncated><difficult>0</difficult><robndbox><cx>78.6918</cx><cy>985.5613</cy><w>62.8977</w><h>40.5783</h><angle>1.120995</angle></robndbox></object><object><type>robndbox</type><name>wheat_head</name><pose>Unspecified</pose><truncated>0</truncated><difficult>0</difficult><robndbox><cx>912.8422</cx><cy>935.9509</cy><w>74.6525</w><h>40.8348</h><angle>0.362885</angle></robndbox></object><object><type>robndbox</type><name>wheat_head</name><pose>Unspecified</pose><truncated>0</truncated><difficult>0</difficult><robndbox><cx>331.8874</cx><cy>649.157</cy><w>79.3897</w><h>37.1345</h><angle>0.980437</angle></robndbox></object><object><type>robndbox</type><name>wheat_head</name><pose>Unspecified</pose><truncated>0</truncated><difficult>0</difficult><robndbox><cx>712.3553</cx><cy>378.1141</cy><w>106.1334</w><h>30.0949</h><angle>1.653221</angle></robndbox></object><object><type>robndbox</type><name>wheat_head</name><pose>Unspecified</pose><truncated>0</truncated><difficult>0</difficult><robndbox><cx>565.9722</cx><cy>979.28</cy><w>80.7395</w><h>37.7618</h><angle>0.372666</angle></robndbox></object><object><type>robndbox</type><name>wheat_head</name><pose>Unspecified</pose><truncated>0</truncated><difficult>0</difficult><robndbox><cx>844.0515</cx><cy>878.6844</cy><w>57.348</w><h>27.3122</h><angle>1.023381</angle></robndbox></object><object><type>robndbox</type><name>wheat_head</name><pose>Unspecified</pose><truncated>0</truncated><difficult>0</difficult><robndbox><cx>142.3345</cx><cy>799.0617</cy><w>89.463</w><h>29.4875</h><angle>1.553228</angle></robndbox></object><object><type>robndbox</type><name>wheat_head</name><pose>Unspecified</pose><truncated>0</truncated><difficult>0</difficult><robndbox><cx>751.5302</cx><cy>1003.9577</cy><w>66.3928</w><h>28.7897</h><angle>0.145061</angle></robndbox></object><object><type>robndbox</type><name>wheat_head</name><pose>Unspecified</pose><truncated>0</truncated><difficult>0</difficult><robndbox><cx>230.0066</cx><cy>270.7478</cy><w>114.9465</w><h>37.2237</h><angle>0.164631</angle></robndbox></object><object><type>robndbox</type><name>wheat_head</name><pose>Unspecified</pose><truncated>0</truncated><difficult>0</difficult><robndbox><cx>119.1249</cx><cy>629.4114</cy><w>73.4062</w><h>34.1697</h><angle>1.44644</angle></robndbox></object><object><type>robndbox</type><name>wheat_head</name><pose>Unspecified</pose><truncated>0</truncated><difficult>0</difficult><robndbox><cx>140.0501</cx><cy>146.3909</cy><w>47.1631</w><h>26.8064</h><angle>0.905719</angle></robndbox></object><object><type>robndbox</type><name>wheat_head</name><pose>Unspecified</pose><truncated>0</truncated><difficult>0</difficult><robndbox><cx>530.8857</cx><cy>121.8185</cy><w>52.6351</w><h>28.6432</h><angle>1.594113</angle></robndbox></object><object><type>robndbox</type><name>wheat_head</name><pose>Unspecified</pose><truncated>0</truncated><difficult>0</difficult><robndbox><cx>55.5954</cx><cy>253.9035</cy><w>67.985</w><h>33.4272</h><angle>0.453216</angle></robndbox></object><object><type>robndbox</type><name>wheat_head</name><pose>Unspecified</pose><truncated>0</truncated><difficult>0</difficult><robndbox><cx>167.6519</cx><cy>319.4462</cy><w>59.9812</w><h>31.3329</h><angle>0.381563</angle></robndbox></object><object><type>robndbox</type><name>wheat_head</name><pose>Unspecified</pose><truncated>0</truncated><difficult>0</difficult><robndbox><cx>95.1135</cx><cy>408.9756</cy><w>51.7134</w><h>33.298</h><angle>1.46607</angle></robndbox></object><object><type>robndbox</type><name>wheat_head</name><pose>Unspecified</pose><truncated>0</truncated><difficult>0</difficult><robndbox><cx>46.788</cx><cy>326.3268</cy><w>101.021</w><h>38.1609</h><angle>0.592208</angle></robndbox></object><object><type>robndbox</type><name>wheat_head</name><pose>Unspecified</pose><truncated>0</truncated><difficult>0</difficult><robndbox><cx>960.5</cx><cy>1015.5</cy><w>19.5959</w><h>17.0</h><angle>0.0</angle></robndbox></object><object><type>robndbox</type><name>wheat_head</name><pose>Unspecified</pose><truncated>0</truncated><difficult>0</difficult><robndbox><cx>19.8017</cx><cy>951.1682</cy><w>34.8416</w><h>29.1264</h><angle>0.184934</angle></robndbox></object><object><type>robndbox</type><name>wheat_head</name><pose>Unspecified</pose><truncated>0</truncated><difficult>0</difficult><robndbox><cx>124.0374</cx><cy>335.1184</cy><w>138.6929</w><h>41.5892</h><angle>1.2668</angle></robndbox></object><object><type>robndbox</type><name>wheat_head</name><pose>Unspecified</pose><truncated>0</truncated><difficult>0</difficult><robndbox><cx>174.9979</cx><cy>552.783</cy><w>56.3728</w><h>30.4222</h><angle>2.019223</angle></robndbox></object><object><type>robndbox</type><name>wheat_head</name><pose>Unspecified</pose><truncated>0</truncated><difficult>0</difficult><robndbox><cx>423.2022</cx><cy>471.1007</cy><w>31.8912</w><h>24.5076</h><angle>1.680895</angle></robndbox></object><object><type>robndbox</type><name>wheat_head</name><pose>Unspecified</pose><truncated>0</truncated><difficult>0</difficult><robndbox><cx>939.6109</cx><cy>780.9125</cy><w>46.0426</w><h>21.4036</h><angle>1.834817</angle></robndbox></object><object><type>robndbox</type><name>wheat_head</name><pose>Unspecified</pose><truncated>0</truncated><difficult>0</difficult><robndbox><cx>248.0588</cx><cy>639.2985</cy><w>41.5877</w><h>30.9344</h><angle>0.487195</angle></robndbox></object><object><type>robndbox</type><name>wheat_head</name><pose>Unspecified</pose><truncated>0</truncated><difficult>0</difficult><robndbox><cx>21.9503</cx><cy>999.9679</cy><w>36.8575</w><h>29.9295</h><angle>0.491305</angle></robndbox></object><object><type>robndbox</type><name>wheat_head</name><pose>Unspecified</pose><truncated>0</truncated><difficult>0</difficult><robndbox><cx>1008.3979</cx><cy>556.9855</cy><w>36.1129</w><h>23.7084</h><angle>1.795429</angle></robndbox></object><object><type>robndbox</type><name>wheat_head</name><pose>Unspecified</pose><truncated>0</truncated><difficult>0</difficult><robndbox><cx>116.6128</cx><cy>915.0693</cy><w>45.6091</w><h>30.2962</h><angle>0.085225</angle></robndbox></object><object><type>robndbox</type><name>wheat_head</name><pose>Unspecified</pose><truncated>0</truncated><difficult>0</difficult><robndbox><cx>594.9297</cx><cy>701.8069</cy><w>118.4152</w><h>38.4491</h><angle>1.135682</angle></robndbox></object><object><type>robndbox</type><name>wheat_head</name><pose>Unspecified</pose><truncated>0</truncated><difficult>0</difficult><robndbox><cx>534.8262</cx><cy>649.97</cy><w>65.0692</w><h>26.8511</h><angle>2.37793</angle></robndbox></object><object><type>robndbox</type><name>wheat_head</name><pose>Unspecified</pose><truncated>0</truncated><difficult>0</difficult><robndbox><cx>640.5385</cx><cy>744.3009</cy><w>43.2782</w><h>27.1533</h><angle>0.703614</angle></robndbox></object></annotation>