<annotation verified="no"><folder>images</folder><filename>9182c159f</filename><path>/home/badhon/Documents/thesis/final_dataset/ethz_1/images/9182c159f.jpg</path><source><database>Unknown</database></source><size><width>1024</width><height>1024</height><depth>3</depth></size><segmented>0</segmented><object><type>robndbox</type><name>wheat_head</name><pose>Unspecified</pose><truncated>0</truncated><difficult>0</difficult><robndbox><cx>868.5247</cx><cy>145.2004</cy><w>115.4389</w><h>36.2794</h><angle>1.001091</angle></robndbox></object><object><type>robndbox</type><name>wheat_head</name><pose>Unspecified</pose><truncated>0</truncated><difficult>0</difficult><robndbox><cx>838.9937</cx><cy>814.5461</cy><w>83.7376</w><h>31.4265</h><angle>0.907497</angle></robndbox></object><object><type>robndbox</type><name>wheat_head</name><pose>Unspecified</pose><truncated>0</truncated><difficult>0</difficult><robndbox><cx>962.4442</cx><cy>531.7008</cy><w>70.5623</w><h>30.629</h><angle>1.062853</angle></robndbox></object><object><type>robndbox</type><name>wheat_head</name><pose>Unspecified</pose><truncated>0</truncated><difficult>0</difficult><robndbox><cx>885.2814</cx><cy>421.662</cy><w>96.8167</w><h>33.5467</h><angle>1.091292</angle></robndbox></object><object><type>robndbox</type><name>wheat_head</name><pose>Unspecified</pose><truncated>0</truncated><difficult>0</difficult><robndbox><cx>1006.7391</cx><cy>447.2798</cy><w>76.8423</w><h>24.9324</h><angle>1.470221</angle></robndbox></object><object><type>robndbox</type><name>wheat_head</name><pose>Unspecified</pose><truncated>0</truncated><difficult>0</difficult><robndbox><cx>918.4568</cx><cy>571.8731</cy><w>80.4862</w><h>35.465</h><angle>0.93424</angle></robndbox></object><object><type>robndbox</type><name>wheat_head</name><pose>Unspecified</pose><truncated>0</truncated><difficult>0</difficult><robndbox><cx>939.8555</cx><cy>149.4798</cy><w>57.3509</w><h>28.0005</h><angle>1.178205</angle></robndbox></object><object><type>robndbox</type><name>wheat_head</name><pose>Unspecified</pose><truncated>0</truncated><difficult>0</difficult><robndbox><cx>40.2896</cx><cy>436.149</cy><w>103.9759</w><h>31.8334</h><angle>1.054948</angle></robndbox></object><object><type>robndbox</type><name>wheat_head</name><pose>Unspecified</pose><truncated>0</truncated><difficult>0</difficult><robndbox><cx>160.1009</cx><cy>519.5289</cy><w>123.9678</w><h>39.4014</h><angle>0.581778</angle></robndbox></object><object><type>robndbox</type><name>wheat_head</name><pose>Unspecified</pose><truncated>0</truncated><difficult>0</difficult><robndbox><cx>450.51</cx><cy>372.5043</cy><w>105.8889</w><h>34.4125</h><angle>0.939812</angle></robndbox></object><object><type>robndbox</type><name>wheat_head</name><pose>Unspecified</pose><truncated>0</truncated><difficult>0</difficult><robndbox><cx>652.2472</cx><cy>76.5307</cy><w>77.1378</w><h>21.5288</h><angle>1.138384</angle></robndbox></object><object><type>robndbox</type><name>wheat_head</name><pose>Unspecified</pose><truncated>0</truncated><difficult>0</difficult><robndbox><cx>632.6762</cx><cy>874.5865</cy><w>95.3916</w><h>33.9179</h><angle>0.703459</angle></robndbox></object><object><type>robndbox</type><name>wheat_head</name><pose>Unspecified</pose><truncated>0</truncated><difficult>0</difficult><robndbox><cx>585.4888</cx><cy>99.6025</cy><w>76.8704</w><h>33.4071</h><angle>0.896369</angle></robndbox></object><object><type>robndbox</type><name>wheat_head</name><pose>Unspecified</pose><truncated>0</truncated><difficult>0</difficult><robndbox><cx>32.3441</cx><cy>503.2785</cy><w>73.9856</w><h>33.7473</h><angle>0.522177</angle></robndbox></object><object><type>robndbox</type><name>wheat_head</name><pose>Unspecified</pose><truncated>0</truncated><difficult>0</difficult><robndbox><cx>710.9404</cx><cy>633.746</cy><w>100.5284</w><h>34.8359</h><angle>1.1001</angle></robndbox></object><object><type>robndbox</type><name>wheat_head</name><pose>Unspecified</pose><truncated>0</truncated><difficult>0</difficult><robndbox><cx>597.8032</cx><cy>382.1457</cy><w>109.4563</w><h>40.0177</h><angle>0.299334</angle></robndbox></object><object><type>robndbox</type><name>wheat_head</name><pose>Unspecified</pose><truncated>0</truncated><difficult>0</difficult><robndbox><cx>83.4259</cx><cy>68.0466</cy><w>144.8326</w><h>42.2253</h><angle>0.593746</angle></robndbox></object><object><type>robndbox</type><name>wheat_head</name><pose>Unspecified</pose><truncated>0</truncated><difficult>0</difficult><robndbox><cx>618.8625</cx><cy>657.2202</cy><w>72.3624</w><h>33.6331</h><angle>0.981287</angle></robndbox></object><object><type>robndbox</type><name>wheat_head</name><pose>Unspecified</pose><truncated>0</truncated><difficult>0</difficult><robndbox><cx>248.3053</cx><cy>885.5325</cy><w>72.6739</w><h>32.0828</h><angle>1.129072</angle></robndbox></object><object><type>robndbox</type><name>wheat_head</name><pose>Unspecified</pose><truncated>0</truncated><difficult>0</difficult><robndbox><cx>283.356</cx><cy>844.052</cy><w>110.4531</w><h>32.4659</h><angle>0.983803</angle></robndbox></object><object><type>robndbox</type><name>wheat_head</name><pose>Unspecified</pose><truncated>0</truncated><difficult>0</difficult><robndbox><cx>968.8315</cx><cy>879.4018</cy><w>100.3936</w><h>39.1278</h><angle>0.99487</angle></robndbox></object><object><type>robndbox</type><name>wheat_head</name><pose>Unspecified</pose><truncated>0</truncated><difficult>0</difficult><robndbox><cx>495.4959</cx><cy>165.9526</cy><w>127.225</w><h>35.9202</h><angle>0.90119</angle></robndbox></object><object><type>robndbox</type><name>wheat_head</name><pose>Unspecified</pose><truncated>0</truncated><difficult>0</difficult><robndbox><cx>892.5168</cx><cy>792.6848</cy><w>119.1045</w><h>35.5707</h><angle>1.044091</angle></robndbox></object><object><type>robndbox</type><name>wheat_head</name><pose>Unspecified</pose><truncated>0</truncated><difficult>0</difficult><robndbox><cx>806.2214</cx><cy>453.2394</cy><w>70.6838</w><h>30.7485</h><angle>1.462254</angle></robndbox></object><object><type>robndbox</type><name>wheat_head</name><pose>Unspecified</pose><truncated>0</truncated><difficult>0</difficult><robndbox><cx>424.6906</cx><cy>789.3868</cy><w>103.4877</w><h>38.0438</h><angle>1.198831</angle></robndbox></object><object><type>robndbox</type><name>wheat_head</name><pose>Unspecified</pose><truncated>0</truncated><difficult>0</difficult><robndbox><cx>234.8773</cx><cy>197.4164</cy><w>128.6708</w><h>37.2604</h><angle>0.488233</angle></robndbox></object><object><type>robndbox</type><name>wheat_head</name><pose>Unspecified</pose><truncated>0</truncated><difficult>0</difficult><robndbox><cx>705.6613</cx><cy>234.3866</cy><w>77.0997</w><h>31.4841</h><angle>1.082945</angle></robndbox></object><object><type>robndbox</type><name>wheat_head</name><pose>Unspecified</pose><truncated>0</truncated><difficult>0</difficult><robndbox><cx>186.1352</cx><cy>210.3509</cy><w>105.375</w><h>27.5702</h><angle>0.587106</angle></robndbox></object><object><type>robndbox</type><name>wheat_head</name><pose>Unspecified</pose><truncated>0</truncated><difficult>0</difficult><robndbox><cx>648.6962</cx><cy>820.4428</cy><w>77.3065</w><h>33.2517</h><angle>0.944951</angle></robndbox></object><object><type>robndbox</type><name>wheat_head</name><pose>Unspecified</pose><truncated>0</truncated><difficult>0</difficult><robndbox><cx>764.1356</cx><cy>86.7894</cy><w>78.8692</w><h>36.1478</h><angle>0.530131</angle></robndbox></object><object><type>robndbox</type><name>wheat_head</name><pose>Unspecified</pose><truncated>0</truncated><difficult>0</difficult><robndbox><cx>421.1388</cx><cy>217.0689</cy><w>112.2433</w><h>43.3864</h><angle>0.70854</angle></robndbox></object><object><type>robndbox</type><name>wheat_head</name><pose>Unspecified</pose><truncated>0</truncated><difficult>0</difficult><robndbox><cx>752.1541</cx><cy>466.9146</cy><w>101.4519</w><h>32.5186</h><angle>1.368998</angle></robndbox></object><object><type>robndbox</type><name>wheat_head</name><pose>Unspecified</pose><truncated>0</truncated><difficult>0</difficult><robndbox><cx>527.8599</cx><cy>922.6051</cy><w>79.3698</w><h>34.6598</h><angle>1.114352</angle></robndbox></object><object><type>robndbox</type><name>wheat_head</name><pose>Unspecified</pose><truncated>0</truncated><difficult>0</difficult><robndbox><cx>384.8341</cx><cy>345.8491</cy><w>66.9877</w><h>29.1081</h><angle>0.917779</angle></robndbox></object><object><type>robndbox</type><name>wheat_head</name><pose>Unspecified</pose><truncated>0</truncated><difficult>0</difficult><robndbox><cx>226.6824</cx><cy>13.4423</cy><w>42.19</w><h>27.1124</h><angle>0.998454</angle></robndbox></object><object><type>robndbox</type><name>wheat_head</name><pose>Unspecified</pose><truncated>0</truncated><difficult>0</difficult><robndbox><cx>209.2206</cx><cy>424.7851</cy><w>84.8704</w><h>38.0897</h><angle>0.560891</angle></robndbox></object><object><type>robndbox</type><name>wheat_head</name><pose>Unspecified</pose><truncated>0</truncated><difficult>0</difficult><robndbox><cx>454.1873</cx><cy>984.9929</cy><w>62.344</w><h>33.3342</h><angle>0.62184</angle></robndbox></object><object><type>robndbox</type><name>wheat_head</name><pose>Unspecified</pose><truncated>0</truncated><difficult>0</difficult><robndbox><cx>1012.8474</cx><cy>575.5954</cy><w>48.4105</w><h>20.4743</h><angle>1.602162</angle></robndbox></object><object><type>robndbox</type><name>wheat_head</name><pose>Unspecified</pose><truncated>0</truncated><difficult>0</difficult><robndbox><cx>525.7908</cx><cy>524.3477</cy><w>94.6373</w><h>37.4795</h><angle>1.006702</angle></robndbox></object><object><type>robndbox</type><name>wheat_head</name><pose>Unspecified</pose><truncated>0</truncated><difficult>0</difficult><robndbox><cx>586.9811</cx><cy>944.1445</cy><w>66.0626</w><h>30.5988</h><angle>1.143326</angle></robndbox></object><object><type>robndbox</type><name>wheat_head</name><pose>Unspecified</pose><truncated>0</truncated><difficult>0</difficult><robndbox><cx>209.8619</cx><cy>356.3099</cy><w>68.0187</w><h>31.846</h><angle>0.715422</angle></robndbox></object><object><type>robndbox</type><name>wheat_head</name><pose>Unspecified</pose><truncated>0</truncated><difficult>0</difficult><robndbox><cx>133.9102</cx><cy>225.1838</cy><w>58.2641</w><h>31.5723</h><angle>1.009324</angle></robndbox></object><object><type>robndbox</type><name>wheat_head</name><pose>Unspecified</pose><truncated>0</truncated><difficult>0</difficult><robndbox><cx>122.6804</cx><cy>801.2889</cy><w>119.6808</w><h>31.7484</h><angle>0.556761</angle></robndbox></object><object><type>robndbox</type><name>wheat_head</name><pose>Unspecified</pose><truncated>0</truncated><difficult>0</difficult><robndbox><cx>990.2862</cx><cy>248.718</cy><w>60.1208</w><h>38.2477</h><angle>0.607055</angle></robndbox></object><object><type>robndbox</type><name>wheat_head</name><pose>Unspecified</pose><truncated>0</truncated><difficult>0</difficult><robndbox><cx>668.7625</cx><cy>331.6145</cy><w>68.094</w><h>32.3302</h><angle>0.480342</angle></robndbox></object><object><type>robndbox</type><name>wheat_head</name><pose>Unspecified</pose><truncated>0</truncated><difficult>0</difficult><robndbox><cx>527.1614</cx><cy>779.2333</cy><w>73.3917</w><h>39.8719</h><angle>0.473381</angle></robndbox></object><object><type>robndbox</type><name>wheat_head</name><pose>Unspecified</pose><truncated>0</truncated><difficult>0</difficult><robndbox><cx>321.42</cx><cy>592.5294</cy><w>68.1028</w><h>33.929</h><angle>0.336673</angle></robndbox></object><object><type>robndbox</type><name>wheat_head</name><pose>Unspecified</pose><truncated>0</truncated><difficult>0</difficult><robndbox><cx>373.1174</cx><cy>253.4846</cy><w>29.5541</w><h>24.9746</h><angle>1.407707</angle></robndbox></object><object><type>robndbox</type><name>wheat_head</name><pose>Unspecified</pose><truncated>0</truncated><difficult>0</difficult><robndbox><cx>214.9079</cx><cy>674.4564</cy><w>82.5993</w><h>38.9079</h><angle>0.625355</angle></robndbox></object><object><type>robndbox</type><name>wheat_head</name><pose>Unspecified</pose><truncated>0</truncated><difficult>0</difficult><robndbox><cx>36.0737</cx><cy>823.2585</cy><w>65.6557</w><h>37.3126</h><angle>0.590055</angle></robndbox></object><object><type>robndbox</type><name>wheat_head</name><pose>Unspecified</pose><truncated>0</truncated><difficult>0</difficult><robndbox><cx>493.978</cx><cy>459.5566</cy><w>45.5561</w><h>27.4286</h><angle>1.136393</angle></robndbox></object><object><type>robndbox</type><name>wheat_head</name><pose>Unspecified</pose><truncated>0</truncated><difficult>0</difficult><robndbox><cx>19.896</cx><cy>931.4136</cy><w>40.6008</w><h>28.4907</h><angle>0.446459</angle></robndbox></object><object><type>robndbox</type><name>wheat_head</name><pose>Unspecified</pose><truncated>0</truncated><difficult>0</difficult><robndbox><cx>351.13</cx><cy>35.3642</cy><w>60.4537</w><h>36.888</h><angle>0.618477</angle></robndbox></object><object><type>robndbox</type><name>wheat_head</name><pose>Unspecified</pose><truncated>0</truncated><difficult>0</difficult><robndbox><cx>681.9422</cx><cy>263.9752</cy><w>57.9983</w><h>30.7664</h><angle>0.481355</angle></robndbox></object><object><type>robndbox</type><name>wheat_head</name><pose>Unspecified</pose><truncated>0</truncated><difficult>0</difficult><robndbox><cx>395.972</cx><cy>153.7563</cy><w>56.5439</w><h>28.6303</h><angle>0.473769</angle></robndbox></object><object><type>robndbox</type><name>wheat_head</name><pose>Unspecified</pose><truncated>0</truncated><difficult>0</difficult><robndbox><cx>877.7458</cx><cy>675.809</cy><w>57.203</w><h>32.041</h><angle>0.95919</angle></robndbox></object><object><type>robndbox</type><name>wheat_head</name><pose>Unspecified</pose><truncated>0</truncated><difficult>0</difficult><robndbox><cx>733.3722</cx><cy>534.5339</cy><w>70.7698</w><h>27.942</h><angle>0.215928</angle></robndbox></object><object><type>robndbox</type><name>wheat_head</name><pose>Unspecified</pose><truncated>0</truncated><difficult>0</difficult><robndbox><cx>134.4863</cx><cy>757.2077</cy><w>109.4597</w><h>39.3301</h><angle>1.053702</angle></robndbox></object><object><type>robndbox</type><name>wheat_head</name><pose>Unspecified</pose><truncated>0</truncated><difficult>0</difficult><robndbox><cx>565.974</cx><cy>1002.3265</cy><w>56.5775</w><h>22.6142</h><angle>0.074304</angle></robndbox></object><object><type>robndbox</type><name>wheat_head</name><pose>Unspecified</pose><truncated>0</truncated><difficult>0</difficult><robndbox><cx>398.1152</cx><cy>472.6887</cy><w>98.6894</w><h>39.9364</h><angle>0.308244</angle></robndbox></object><object><type>robndbox</type><name>wheat_head</name><pose>Unspecified</pose><truncated>0</truncated><difficult>0</difficult><robndbox><cx>844.2806</cx><cy>416.1746</cy><w>48.2707</w><h>23.8989</h><angle>1.191698</angle></robndbox></object><object><type>robndbox</type><name>wheat_head</name><pose>Unspecified</pose><truncated>0</truncated><difficult>0</difficult><robndbox><cx>365.7742</cx><cy>815.8135</cy><w>48.356</w><h>36.0335</h><angle>1.109561</angle></robndbox></object><object><type>robndbox</type><name>wheat_head</name><pose>Unspecified</pose><truncated>0</truncated><difficult>0</difficult><robndbox><cx>201.9518</cx><cy>780.2417</cy><w>92.0545</w><h>37.4937</h><angle>0.363015</angle></robndbox></object><object><type>robndbox</type><name>wheat_head</name><pose>Unspecified</pose><truncated>0</truncated><difficult>0</difficult><robndbox><cx>954.7107</cx><cy>7.3138</cy><w>34.54</w><h>18.0439</h><angle>0.027841</angle></robndbox></object><object><type>robndbox</type><name>wheat_head</name><pose>Unspecified</pose><truncated>0</truncated><difficult>0</difficult><robndbox><cx>195.3297</cx><cy>895.4973</cy><w>69.2865</w><h>32.0813</h><angle>2.943806</angle></robndbox></object><object><type>robndbox</type><name>wheat_head</name><pose>Unspecified</pose><truncated>0</truncated><difficult>0</difficult><robndbox><cx>756.0866</cx><cy>5.8369</cy><w>18.5986</w><h>14.9104</h><angle>3.065579</angle></robndbox></object><object><type>robndbox</type><name>wheat_head</name><pose>Unspecified</pose><truncated>0</truncated><difficult>0</difficult><robndbox><cx>928.6475</cx><cy>292.1776</cy><w>58.4749</w><h>35.8827</h><angle>0.136122</angle></robndbox></object><object><type>robndbox</type><name>wheat_head</name><pose>Unspecified</pose><truncated>0</truncated><difficult>0</difficult><robndbox><cx>654.3669</cx><cy>546.9722</cy><w>38.0943</w><h>28.3231</h><angle>1.578342</angle></robndbox></object><object><type>robndbox</type><name>wheat_head</name><pose>Unspecified</pose><truncated>0</truncated><difficult>0</difficult><robndbox><cx>876.6216</cx><cy>919.9924</cy><w>46.1937</w><h>30.7022</h><angle>0.126291</angle></robndbox></object><object><type>robndbox</type><name>wheat_head</name><pose>Unspecified</pose><truncated>0</truncated><difficult>0</difficult><robndbox><cx>283.6795</cx><cy>682.8703</cy><w>43.4313</w><h>34.736</h><angle>3.119128</angle></robndbox></object><object><type>robndbox</type><name>wheat_head</name><pose>Unspecified</pose><truncated>0</truncated><difficult>0</difficult><robndbox><cx>840.3666</cx><cy>967.9492</cy><w>42.4264</w><h>33.5476</h><angle>0.141897</angle></robndbox></object><object><type>robndbox</type><name>wheat_head</name><pose>Unspecified</pose><truncated>0</truncated><difficult>0</difficult><robndbox><cx>839.3126</cx><cy>498.5021</cy><w>27.8039</w><h>24.1868</h><angle>2.089942</angle></robndbox></object><object><type>robndbox</type><name>wheat_head</name><pose>Unspecified</pose><truncated>0</truncated><difficult>0</difficult><robndbox><cx>683.009</cx><cy>49.6769</cy><w>31.1448</w><h>23.1923</h><angle>0.830821</angle></robndbox></object></annotation>