<annotation verified="no"><folder>images</folder><filename>958c0ad3d</filename><path>/home/badhon/Documents/thesis/final_dataset/ethz_1/images/958c0ad3d.jpg</path><source><database>Unknown</database></source><size><width>1024</width><height>1024</height><depth>3</depth></size><segmented>0</segmented><object><type>robndbox</type><name>wheat_head</name><pose>Unspecified</pose><truncated>0</truncated><difficult>0</difficult><robndbox><cx>58.8708</cx><cy>283.8158</cy><w>84.3711</w><h>33.5477</h><angle>1.027076</angle></robndbox></object><object><type>robndbox</type><name>wheat_head</name><pose>Unspecified</pose><truncated>0</truncated><difficult>0</difficult><robndbox><cx>230.268</cx><cy>229.0699</cy><w>97.16</w><h>34.2342</h><angle>1.008899</angle></robndbox></object><object><type>robndbox</type><name>wheat_head</name><pose>Unspecified</pose><truncated>0</truncated><difficult>0</difficult><robndbox><cx>887.951</cx><cy>762.0496</cy><w>80.1192</w><h>34.4297</h><angle>1.127317</angle></robndbox></object><object><type>robndbox</type><name>wheat_head</name><pose>Unspecified</pose><truncated>0</truncated><difficult>0</difficult><robndbox><cx>561.9692</cx><cy>268.2554</cy><w>78.5442</w><h>32.0139</h><angle>1.080792</angle></robndbox></object><object><type>robndbox</type><name>wheat_head</name><pose>Unspecified</pose><truncated>0</truncated><difficult>0</difficult><robndbox><cx>30.8761</cx><cy>479.0301</cy><w>88.6421</w><h>35.2592</h><angle>1.092693</angle></robndbox></object><object><type>robndbox</type><name>wheat_head</name><pose>Unspecified</pose><truncated>0</truncated><difficult>0</difficult><robndbox><cx>852.4696</cx><cy>291.22</cy><w>78.5311</w><h>32.9979</h><angle>0.928445</angle></robndbox></object><object><type>robndbox</type><name>wheat_head</name><pose>Unspecified</pose><truncated>0</truncated><difficult>0</difficult><robndbox><cx>683.2246</cx><cy>418.0637</cy><w>96.6481</w><h>26.7493</h><angle>0.93646</angle></robndbox></object><object><type>robndbox</type><name>wheat_head</name><pose>Unspecified</pose><truncated>0</truncated><difficult>0</difficult><robndbox><cx>547.4523</cx><cy>167.86</cy><w>104.1794</w><h>35.9305</h><angle>1.08489</angle></robndbox></object><object><type>robndbox</type><name>wheat_head</name><pose>Unspecified</pose><truncated>0</truncated><difficult>0</difficult><robndbox><cx>122.4009</cx><cy>258.1644</cy><w>88.5539</w><h>29.1281</h><angle>0.956698</angle></robndbox></object><object><type>robndbox</type><name>wheat_head</name><pose>Unspecified</pose><truncated>0</truncated><difficult>0</difficult><robndbox><cx>425.6068</cx><cy>924.6158</cy><w>76.584</w><h>29.26</h><angle>1.026992</angle></robndbox></object><object><type>robndbox</type><name>wheat_head</name><pose>Unspecified</pose><truncated>0</truncated><difficult>0</difficult><robndbox><cx>27.5141</cx><cy>102.1285</cy><w>83.1265</w><h>26.3662</h><angle>1.088617</angle></robndbox></object><object><type>robndbox</type><name>wheat_head</name><pose>Unspecified</pose><truncated>0</truncated><difficult>0</difficult><robndbox><cx>108.5285</cx><cy>169.4803</cy><w>81.4448</w><h>35.9661</h><angle>0.913289</angle></robndbox></object><object><type>robndbox</type><name>wheat_head</name><pose>Unspecified</pose><truncated>0</truncated><difficult>0</difficult><robndbox><cx>125.2606</cx><cy>352.5341</cy><w>84.2505</w><h>35.4034</h><angle>1.031951</angle></robndbox></object><object><type>robndbox</type><name>wheat_head</name><pose>Unspecified</pose><truncated>0</truncated><difficult>0</difficult><robndbox><cx>585.6479</cx><cy>604.7861</cy><w>103.5052</w><h>36.062</h><angle>1.049515</angle></robndbox></object><object><type>robndbox</type><name>wheat_head</name><pose>Unspecified</pose><truncated>0</truncated><difficult>0</difficult><robndbox><cx>650.0087</cx><cy>30.0303</cy><w>60.7974</w><h>19.0458</h><angle>0.92707</angle></robndbox></object><object><type>robndbox</type><name>wheat_head</name><pose>Unspecified</pose><truncated>0</truncated><difficult>0</difficult><robndbox><cx>790.3005</cx><cy>773.2396</cy><w>76.2789</w><h>35.1595</h><angle>0.716667</angle></robndbox></object><object><type>robndbox</type><name>wheat_head</name><pose>Unspecified</pose><truncated>0</truncated><difficult>0</difficult><robndbox><cx>617.3729</cx><cy>390.5292</cy><w>77.4463</w><h>24.367</h><angle>1.210185</angle></robndbox></object><object><type>robndbox</type><name>wheat_head</name><pose>Unspecified</pose><truncated>0</truncated><difficult>0</difficult><robndbox><cx>202.1947</cx><cy>325.8183</cy><w>74.1323</w><h>29.8046</h><angle>0.913615</angle></robndbox></object><object><type>robndbox</type><name>wheat_head</name><pose>Unspecified</pose><truncated>0</truncated><difficult>0</difficult><robndbox><cx>713.4578</cx><cy>636.3435</cy><w>108.843</w><h>37.4866</h><angle>0.952261</angle></robndbox></object><object><type>robndbox</type><name>wheat_head</name><pose>Unspecified</pose><truncated>0</truncated><difficult>0</difficult><robndbox><cx>184.6055</cx><cy>491.3198</cy><w>104.3847</w><h>36.7742</h><angle>0.885045</angle></robndbox></object><object><type>robndbox</type><name>wheat_head</name><pose>Unspecified</pose><truncated>0</truncated><difficult>0</difficult><robndbox><cx>992.818</cx><cy>645.5071</cy><w>96.8882</w><h>28.2783</h><angle>1.323155</angle></robndbox></object><object><type>robndbox</type><name>wheat_head</name><pose>Unspecified</pose><truncated>0</truncated><difficult>0</difficult><robndbox><cx>453.8087</cx><cy>682.6953</cy><w>68.0321</w><h>30.5041</h><angle>0.952563</angle></robndbox></object><object><type>robndbox</type><name>wheat_head</name><pose>Unspecified</pose><truncated>0</truncated><difficult>0</difficult><robndbox><cx>777.0891</cx><cy>532.8597</cy><w>79.66</w><h>41.8051</h><angle>0.925974</angle></robndbox></object><object><type>robndbox</type><name>wheat_head</name><pose>Unspecified</pose><truncated>0</truncated><difficult>0</difficult><robndbox><cx>741.9301</cx><cy>982.7593</cy><w>63.4597</w><h>32.5519</h><angle>0.527486</angle></robndbox></object><object><type>robndbox</type><name>wheat_head</name><pose>Unspecified</pose><truncated>0</truncated><difficult>0</difficult><robndbox><cx>370.7177</cx><cy>739.0673</cy><w>72.1821</w><h>31.1854</h><angle>1.006943</angle></robndbox></object><object><type>robndbox</type><name>wheat_head</name><pose>Unspecified</pose><truncated>0</truncated><difficult>0</difficult><robndbox><cx>970.9915</cx><cy>714.2969</cy><w>111.4052</w><h>29.1359</h><angle>1.284678</angle></robndbox></object><object><type>robndbox</type><name>wheat_head</name><pose>Unspecified</pose><truncated>0</truncated><difficult>0</difficult><robndbox><cx>88.1953</cx><cy>686.3121</cy><w>98.891</w><h>34.7329</h><angle>0.997414</angle></robndbox></object><object><type>robndbox</type><name>wheat_head</name><pose>Unspecified</pose><truncated>0</truncated><difficult>0</difficult><robndbox><cx>158.0214</cx><cy>537.1547</cy><w>106.7217</w><h>33.4522</h><angle>0.700384</angle></robndbox></object><object><type>robndbox</type><name>wheat_head</name><pose>Unspecified</pose><truncated>0</truncated><difficult>0</difficult><robndbox><cx>431.4284</cx><cy>167.7785</cy><w>121.06</w><h>23.4769</h><angle>1.102579</angle></robndbox></object><object><type>robndbox</type><name>wheat_head</name><pose>Unspecified</pose><truncated>0</truncated><difficult>0</difficult><robndbox><cx>64.7044</cx><cy>81.2671</cy><w>78.5603</w><h>28.0612</h><angle>0.921207</angle></robndbox></object><object><type>robndbox</type><name>wheat_head</name><pose>Unspecified</pose><truncated>0</truncated><difficult>0</difficult><robndbox><cx>536.6279</cx><cy>57.6523</cy><w>112.4885</w><h>31.6816</h><angle>1.291462</angle></robndbox></object><object><type>robndbox</type><name>wheat_head</name><pose>Unspecified</pose><truncated>0</truncated><difficult>0</difficult><robndbox><cx>437.7935</cx><cy>309.1002</cy><w>74.5795</w><h>29.2886</h><angle>0.953214</angle></robndbox></object><object><type>robndbox</type><name>wheat_head</name><pose>Unspecified</pose><truncated>0</truncated><difficult>0</difficult><robndbox><cx>886.4987</cx><cy>37.5001</cy><w>60.9753</w><h>29.183</h><angle>1.316084</angle></robndbox></object><object><type>robndbox</type><name>wheat_head</name><pose>Unspecified</pose><truncated>0</truncated><difficult>0</difficult><robndbox><cx>621.5416</cx><cy>915.4957</cy><w>66.716</w><h>32.9038</h><angle>0.912327</angle></robndbox></object><object><type>robndbox</type><name>wheat_head</name><pose>Unspecified</pose><truncated>0</truncated><difficult>0</difficult><robndbox><cx>303.6261</cx><cy>395.9843</cy><w>96.4643</w><h>32.2909</h><angle>1.078818</angle></robndbox></object><object><type>robndbox</type><name>wheat_head</name><pose>Unspecified</pose><truncated>0</truncated><difficult>0</difficult><robndbox><cx>195.779</cx><cy>951.4224</cy><w>53.5848</w><h>29.2219</h><angle>0.559732</angle></robndbox></object><object><type>robndbox</type><name>wheat_head</name><pose>Unspecified</pose><truncated>0</truncated><difficult>0</difficult><robndbox><cx>275.5759</cx><cy>988.0484</cy><w>77.3415</w><h>39.3034</h><angle>0.566775</angle></robndbox></object><object><type>robndbox</type><name>wheat_head</name><pose>Unspecified</pose><truncated>0</truncated><difficult>0</difficult><robndbox><cx>356.6868</cx><cy>580.7734</cy><w>65.0209</w><h>30.5018</h><angle>0.897726</angle></robndbox></object><object><type>robndbox</type><name>wheat_head</name><pose>Unspecified</pose><truncated>0</truncated><difficult>0</difficult><robndbox><cx>177.1411</cx><cy>986.6119</cy><w>56.6391</w><h>25.567</h><angle>0.466532</angle></robndbox></object><object><type>robndbox</type><name>wheat_head</name><pose>Unspecified</pose><truncated>0</truncated><difficult>0</difficult><robndbox><cx>616.8264</cx><cy>522.5509</cy><w>70.2695</w><h>30.0062</h><angle>1.213186</angle></robndbox></object><object><type>robndbox</type><name>wheat_head</name><pose>Unspecified</pose><truncated>0</truncated><difficult>0</difficult><robndbox><cx>606.0292</cx><cy>784.9177</cy><w>53.7373</w><h>32.7621</h><angle>0.983421</angle></robndbox></object><object><type>robndbox</type><name>wheat_head</name><pose>Unspecified</pose><truncated>0</truncated><difficult>0</difficult><robndbox><cx>842.9378</cx><cy>365.8023</cy><w>71.6432</w><h>29.2634</h><angle>1.298853</angle></robndbox></object><object><type>robndbox</type><name>wheat_head</name><pose>Unspecified</pose><truncated>0</truncated><difficult>0</difficult><robndbox><cx>452.4107</cx><cy>263.6741</cy><w>120.0666</w><h>36.3402</h><angle>0.573146</angle></robndbox></object><object><type>robndbox</type><name>wheat_head</name><pose>Unspecified</pose><truncated>0</truncated><difficult>0</difficult><robndbox><cx>991.1904</cx><cy>558.3279</cy><w>85.2402</w><h>30.3166</h><angle>1.112482</angle></robndbox></object><object><type>robndbox</type><name>wheat_head</name><pose>Unspecified</pose><truncated>0</truncated><difficult>0</difficult><robndbox><cx>110.2688</cx><cy>934.0675</cy><w>75.5413</w><h>39.1271</h><angle>0.344226</angle></robndbox></object><object><type>robndbox</type><name>wheat_head</name><pose>Unspecified</pose><truncated>0</truncated><difficult>0</difficult><robndbox><cx>940.8982</cx><cy>991.6685</cy><w>44.3803</w><h>29.5846</h><angle>0.560878</angle></robndbox></object><object><type>robndbox</type><name>wheat_head</name><pose>Unspecified</pose><truncated>0</truncated><difficult>0</difficult><robndbox><cx>783.8381</cx><cy>12.9984</cy><w>37.9001</w><h>26.1657</h><angle>1.068993</angle></robndbox></object><object><type>robndbox</type><name>wheat_head</name><pose>Unspecified</pose><truncated>0</truncated><difficult>0</difficult><robndbox><cx>252.2666</cx><cy>374.6899</cy><w>107.6114</w><h>27.5964</h><angle>1.113615</angle></robndbox></object><object><type>robndbox</type><name>wheat_head</name><pose>Unspecified</pose><truncated>0</truncated><difficult>0</difficult><robndbox><cx>498.8283</cx><cy>698.4591</cy><w>55.0861</w><h>20.8508</h><angle>1.230223</angle></robndbox></object><object><type>robndbox</type><name>wheat_head</name><pose>Unspecified</pose><truncated>0</truncated><difficult>0</difficult><robndbox><cx>222.0843</cx><cy>669.9754</cy><w>62.5583</w><h>31.9842</h><angle>0.619052</angle></robndbox></object><object><type>robndbox</type><name>wheat_head</name><pose>Unspecified</pose><truncated>0</truncated><difficult>0</difficult><robndbox><cx>1013.0</cx><cy>23.0</cy><w>23.1767</w><h>22.5798</h><angle>2.821578</angle></robndbox></object><object><type>robndbox</type><name>wheat_head</name><pose>Unspecified</pose><truncated>0</truncated><difficult>0</difficult><robndbox><cx>670.4859</cx><cy>108.3514</cy><w>65.6257</w><h>17.3114</h><angle>1.117534</angle></robndbox></object><object><type>robndbox</type><name>wheat_head</name><pose>Unspecified</pose><truncated>0</truncated><difficult>0</difficult><robndbox><cx>987.5356</cx><cy>997.9406</cy><w>32.5383</w><h>29.861</h><angle>1.39231</angle></robndbox></object><object><type>robndbox</type><name>wheat_head</name><pose>Unspecified</pose><truncated>0</truncated><difficult>0</difficult><robndbox><cx>915.5</cx><cy>758.0</cy><w>43.1904</w><h>43.1699</h><angle>3.047666</angle></robndbox></object><object><type>robndbox</type><name>wheat_head</name><pose>Unspecified</pose><truncated>0</truncated><difficult>0</difficult><robndbox><cx>175.5344</cx><cy>680.5745</cy><w>44.7316</w><h>25.7729</h><angle>1.19694</angle></robndbox></object><object><type>robndbox</type><name>wheat_head</name><pose>Unspecified</pose><truncated>0</truncated><difficult>0</difficult><robndbox><cx>675.7007</cx><cy>11.705</cy><w>27.7948</w><h>23.5345</h><angle>1.277407</angle></robndbox></object><object><type>robndbox</type><name>wheat_head</name><pose>Unspecified</pose><truncated>0</truncated><difficult>0</difficult><robndbox><cx>467.226</cx><cy>13.4205</cy><w>38.24</w><h>29.5261</h><angle>1.246855</angle></robndbox></object><object><type>robndbox</type><name>wheat_head</name><pose>Unspecified</pose><truncated>0</truncated><difficult>0</difficult><robndbox><cx>573.0</cx><cy>364.0</cy><w>55.8191</w><h>18.2924</h><angle>1.169532</angle></robndbox></object><object><type>robndbox</type><name>wheat_head</name><pose>Unspecified</pose><truncated>0</truncated><difficult>0</difficult><robndbox><cx>197.1181</cx><cy>783.7914</cy><w>42.5599</w><h>26.0137</h><angle>1.092792</angle></robndbox></object><object><type>robndbox</type><name>wheat_head</name><pose>Unspecified</pose><truncated>0</truncated><difficult>0</difficult><robndbox><cx>970.9915</cx><cy>714.2969</cy><w>111.4052</w><h>29.1359</h><angle>1.284678</angle></robndbox></object><object><type>robndbox</type><name>wheat_head</name><pose>Unspecified</pose><truncated>0</truncated><difficult>0</difficult><robndbox><cx>110.7013</cx><cy>440.2328</cy><w>45.1819</w><h>25.6484</h><angle>1.027694</angle></robndbox></object><object><type>robndbox</type><name>wheat_head</name><pose>Unspecified</pose><truncated>0</truncated><difficult>0</difficult><robndbox><cx>154.4773</cx><cy>741.4867</cy><w>47.4695</w><h>32.2634</h><angle>0.214731</angle></robndbox></object><object><type>robndbox</type><name>wheat_head</name><pose>Unspecified</pose><truncated>0</truncated><difficult>0</difficult><robndbox><cx>777.0891</cx><cy>532.8597</cy><w>79.66</w><h>41.8051</h><angle>0.925974</angle></robndbox></object><object><type>robndbox</type><name>wheat_head</name><pose>Unspecified</pose><truncated>0</truncated><difficult>0</difficult><robndbox><cx>210.5652</cx><cy>567.9361</cy><w>52.5581</w><h>15.6312</h><angle>0.788255</angle></robndbox></object><object><type>robndbox</type><name>wheat_head</name><pose>Unspecified</pose><truncated>0</truncated><difficult>0</difficult><robndbox><cx>173.0231</cx><cy>24.4964</cy><w>48.9183</w><h>24.5595</h><angle>0.857735</angle></robndbox></object><object><type>robndbox</type><name>wheat_head</name><pose>Unspecified</pose><truncated>0</truncated><difficult>0</difficult><robndbox><cx>473.2392</cx><cy>213.0723</cy><w>59.9416</w><h>15.9353</h><angle>1.084764</angle></robndbox></object></annotation>