<annotation>
    <folder>images</folder>
    <filename>0ee812df9.jpg</filename>
    <path>/home/badhon/Documents/thesis/final_dataset/ethz_1/images/0ee812df9.jpg</path>
    <source>
        <database>Unknown</database>
    </source>
    <size>
        <width>1024</width>
        <height>1024</height>
        <depth>3</depth>
    </size>
    <segmented>0</segmented>
    <object>
        <name>wheat_head</name>
        <pose>Unspecified</pose>
        <truncated>0</truncated>
        <difficult>0</difficult>
        <bndbox>
            <xmin>748</xmin>
            <ymin>240</ymin>
            <xmax>808</xmax>
            <ymax>329</ymax>
        </bndbox>
    </object>    <object>
        <name>wheat_head</name>
        <pose>Unspecified</pose>
        <truncated>0</truncated>
        <difficult>0</difficult>
        <bndbox>
            <xmin>376</xmin>
            <ymin>148</ymin>
            <xmax>446</xmax>
            <ymax>237</ymax>
        </bndbox>
    </object>    <object>
        <name>wheat_head</name>
        <pose>Unspecified</pose>
        <truncated>0</truncated>
        <difficult>0</difficult>
        <bndbox>
            <xmin>790</xmin>
            <ymin>887</ymin>
            <xmax>866</xmax>
            <ymax>991</ymax>
        </bndbox>
    </object>    <object>
        <name>wheat_head</name>
        <pose>Unspecified</pose>
        <truncated>0</truncated>
        <difficult>0</difficult>
        <bndbox>
            <xmin>230</xmin>
            <ymin>202</ymin>
            <xmax>364</xmax>
            <ymax>259</ymax>
        </bndbox>
    </object>    <object>
        <name>wheat_head</name>
        <pose>Unspecified</pose>
        <truncated>0</truncated>
        <difficult>0</difficult>
        <bndbox>
            <xmin>767</xmin>
            <ymin>152</ymin>
            <xmax>858</xmax>
            <ymax>211</ymax>
        </bndbox>
    </object>    <object>
        <name>wheat_head</name>
        <pose>Unspecified</pose>
        <truncated>0</truncated>
        <difficult>0</difficult>
        <bndbox>
            <xmin>733</xmin>
            <ymin>884</ymin>
            <xmax>805</xmax>
            <ymax>974</ymax>
        </bndbox>
    </object>    <object>
        <name>wheat_head</name>
        <pose>Unspecified</pose>
        <truncated>0</truncated>
        <difficult>0</difficult>
        <bndbox>
            <xmin>628</xmin>
            <ymin>288</ymin>
            <xmax>696</xmax>
            <ymax>372</ymax>
        </bndbox>
    </object>    <object>
        <name>wheat_head</name>
        <pose>Unspecified</pose>
        <truncated>0</truncated>
        <difficult>0</difficult>
        <bndbox>
            <xmin>0</xmin>
            <ymin>311</ymin>
            <xmax>34</xmax>
            <ymax>378</ymax>
        </bndbox>
    </object>    <object>
        <name>wheat_head</name>
        <pose>Unspecified</pose>
        <truncated>0</truncated>
        <difficult>0</difficult>
        <bndbox>
            <xmin>0</xmin>
            <ymin>294</ymin>
            <xmax>98</xmax>
            <ymax>348</ymax>
        </bndbox>
    </object>    <object>
        <name>wheat_head</name>
        <pose>Unspecified</pose>
        <truncated>0</truncated>
        <difficult>0</difficult>
        <bndbox>
            <xmin>856</xmin>
            <ymin>864</ymin>
            <xmax>917</xmax>
            <ymax>954</ymax>
        </bndbox>
    </object>    <object>
        <name>wheat_head</name>
        <pose>Unspecified</pose>
        <truncated>0</truncated>
        <difficult>0</difficult>
        <bndbox>
            <xmin>0</xmin>
            <ymin>993</ymin>
            <xmax>109</xmax>
            <ymax>1022</ymax>
        </bndbox>
    </object>    <object>
        <name>wheat_head</name>
        <pose>Unspecified</pose>
        <truncated>0</truncated>
        <difficult>0</difficult>
        <bndbox>
            <xmin>539</xmin>
            <ymin>679</ymin>
            <xmax>621</xmax>
            <ymax>733</ymax>
        </bndbox>
    </object>    <object>
        <name>wheat_head</name>
        <pose>Unspecified</pose>
        <truncated>0</truncated>
        <difficult>0</difficult>
        <bndbox>
            <xmin>0</xmin>
            <ymin>378</ymin>
            <xmax>49</xmax>
            <ymax>455</ymax>
        </bndbox>
    </object>    <object>
        <name>wheat_head</name>
        <pose>Unspecified</pose>
        <truncated>0</truncated>
        <difficult>0</difficult>
        <bndbox>
            <xmin>479</xmin>
            <ymin>838</ymin>
            <xmax>543</xmax>
            <ymax>897</ymax>
        </bndbox>
    </object>    <object>
        <name>wheat_head</name>
        <pose>Unspecified</pose>
        <truncated>0</truncated>
        <difficult>0</difficult>
        <bndbox>
            <xmin>460</xmin>
            <ymin>219</ymin>
            <xmax>544</xmax>
            <ymax>258</ymax>
        </bndbox>
    </object>    <object>
        <name>wheat_head</name>
        <pose>Unspecified</pose>
        <truncated>0</truncated>
        <difficult>0</difficult>
        <bndbox>
            <xmin>81</xmin>
            <ymin>303</ymin>
            <xmax>189</xmax>
            <ymax>349</ymax>
        </bndbox>
    </object>    <object>
        <name>wheat_head</name>
        <pose>Unspecified</pose>
        <truncated>0</truncated>
        <difficult>0</difficult>
        <bndbox>
            <xmin>50</xmin>
            <ymin>430</ymin>
            <xmax>141</xmax>
            <ymax>495</ymax>
        </bndbox>
    </object>    <object>
        <name>wheat_head</name>
        <pose>Unspecified</pose>
        <truncated>0</truncated>
        <difficult>0</difficult>
        <bndbox>
            <xmin>417</xmin>
            <ymin>476</ymin>
            <xmax>514</xmax>
            <ymax>522</ymax>
        </bndbox>
    </object>    <object>
        <name>wheat_head</name>
        <pose>Unspecified</pose>
        <truncated>0</truncated>
        <difficult>0</difficult>
        <bndbox>
            <xmin>409</xmin>
            <ymin>146</ymin>
            <xmax>535</xmax>
            <ymax>225</ymax>
        </bndbox>
    </object>    <object>
        <name>wheat_head</name>
        <pose>Unspecified</pose>
        <truncated>0</truncated>
        <difficult>0</difficult>
        <bndbox>
            <xmin>782</xmin>
            <ymin>999</ymin>
            <xmax>845</xmax>
            <ymax>1024</ymax>
        </bndbox>
    </object>    <object>
        <name>wheat_head</name>
        <pose>Unspecified</pose>
        <truncated>0</truncated>
        <difficult>0</difficult>
        <bndbox>
            <xmin>669</xmin>
            <ymin>622</ymin>
            <xmax>716</xmax>
            <ymax>659</ymax>
        </bndbox>
    </object>    <object>
        <name>wheat_head</name>
        <pose>Unspecified</pose>
        <truncated>0</truncated>
        <difficult>0</difficult>
        <bndbox>
            <xmin>963</xmin>
            <ymin>91</ymin>
            <xmax>1002</xmax>
            <ymax>150</ymax>
        </bndbox>
    </object>    <object>
        <name>wheat_head</name>
        <pose>Unspecified</pose>
        <truncated>0</truncated>
        <difficult>0</difficult>
        <bndbox>
            <xmin>402</xmin>
            <ymin>975</ymin>
            <xmax>480</xmax>
            <ymax>1016</ymax>
        </bndbox>
    </object>    <object>
        <name>wheat_head</name>
        <pose>Unspecified</pose>
        <truncated>0</truncated>
        <difficult>0</difficult>
        <bndbox>
            <xmin>400</xmin>
            <ymin>876</ymin>
            <xmax>492</xmax>
            <ymax>922</ymax>
        </bndbox>
    </object>    <object>
        <name>wheat_head</name>
        <pose>Unspecified</pose>
        <truncated>0</truncated>
        <difficult>0</difficult>
        <bndbox>
            <xmin>795</xmin>
            <ymin>628</ymin>
            <xmax>826</xmax>
            <ymax>707</ymax>
        </bndbox>
    </object>    <object>
        <name>wheat_head</name>
        <pose>Unspecified</pose>
        <truncated>0</truncated>
        <difficult>0</difficult>
        <bndbox>
            <xmin>112</xmin>
            <ymin>736</ymin>
            <xmax>203</xmax>
            <ymax>785</ymax>
        </bndbox>
    </object>    <object>
        <name>wheat_head</name>
        <pose>Unspecified</pose>
        <truncated>0</truncated>
        <difficult>0</difficult>
        <bndbox>
            <xmin>188</xmin>
            <ymin>581</ymin>
            <xmax>301</xmax>
            <ymax>628</ymax>
        </bndbox>
    </object>    <object>
        <name>wheat_head</name>
        <pose>Unspecified</pose>
        <truncated>0</truncated>
        <difficult>0</difficult>
        <bndbox>
            <xmin>469</xmin>
            <ymin>427</ymin>
            <xmax>533</xmax>
            <ymax>454</ymax>
        </bndbox>
    </object>    <object>
        <name>wheat_head</name>
        <pose>Unspecified</pose>
        <truncated>0</truncated>
        <difficult>0</difficult>
        <bndbox>
            <xmin>678</xmin>
            <ymin>827</ymin>
            <xmax>731</xmax>
            <ymax>877</ymax>
        </bndbox>
    </object>    <object>
        <name>wheat_head</name>
        <pose>Unspecified</pose>
        <truncated>0</truncated>
        <difficult>0</difficult>
        <bndbox>
            <xmin>144</xmin>
            <ymin>228</ymin>
            <xmax>233</xmax>
            <ymax>286</ymax>
        </bndbox>
    </object>    <object>
        <name>wheat_head</name>
        <pose>Unspecified</pose>
        <truncated>0</truncated>
        <difficult>0</difficult>
        <bndbox>
            <xmin>491</xmin>
            <ymin>644</ymin>
            <xmax>536</xmax>
            <ymax>670</ymax>
        </bndbox>
    </object>    <object>
        <name>wheat_head</name>
        <pose>Unspecified</pose>
        <truncated>0</truncated>
        <difficult>0</difficult>
        <bndbox>
            <xmin>816</xmin>
            <ymin>499</ymin>
            <xmax>847</xmax>
            <ymax>561</ymax>
        </bndbox>
    </object>    <object>
        <name>wheat_head</name>
        <pose>Unspecified</pose>
        <truncated>0</truncated>
        <difficult>0</difficult>
        <bndbox>
            <xmin>475</xmin>
            <ymin>708</ymin>
            <xmax>536</xmax>
            <ymax>734</ymax>
        </bndbox>
    </object>    <object>
        <name>wheat_head</name>
        <pose>Unspecified</pose>
        <truncated>0</truncated>
        <difficult>0</difficult>
        <bndbox>
            <xmin>950</xmin>
            <ymin>993</ymin>
            <xmax>988</xmax>
            <ymax>1024</ymax>
        </bndbox>
    </object>    <object>
        <name>wheat_head</name>
        <pose>Unspecified</pose>
        <truncated>0</truncated>
        <difficult>0</difficult>
        <bndbox>
            <xmin>615</xmin>
            <ymin>0</ymin>
            <xmax>707</xmax>
            <ymax>19</ymax>
        </bndbox>
    </object>    <object>
        <name>wheat_head</name>
        <pose>Unspecified</pose>
        <truncated>0</truncated>
        <difficult>0</difficult>
        <bndbox>
            <xmin>121</xmin>
            <ymin>240</ymin>
            <xmax>180</xmax>
            <ymax>282</ymax>
        </bndbox>
    </object>    <object>
        <name>wheat_head</name>
        <pose>Unspecified</pose>
        <truncated>0</truncated>
        <difficult>0</difficult>
        <bndbox>
            <xmin>950</xmin>
            <ymin>632</ymin>
            <xmax>1000</xmax>
            <ymax>712</ymax>
        </bndbox>
    </object>    <object>
        <name>wheat_head</name>
        <pose>Unspecified</pose>
        <truncated>0</truncated>
        <difficult>0</difficult>
        <bndbox>
            <xmin>54</xmin>
            <ymin>600</ymin>
            <xmax>114</xmax>
            <ymax>645</ymax>
        </bndbox>
    </object>    <object>
        <name>wheat_head</name>
        <pose>Unspecified</pose>
        <truncated>0</truncated>
        <difficult>0</difficult>
        <bndbox>
            <xmin>304</xmin>
            <ymin>854</ymin>
            <xmax>364</xmax>
            <ymax>894</ymax>
        </bndbox>
    </object>    <object>
        <name>wheat_head</name>
        <pose>Unspecified</pose>
        <truncated>0</truncated>
        <difficult>0</difficult>
        <bndbox>
            <xmin>215</xmin>
            <ymin>924</ymin>
            <xmax>305</xmax>
            <ymax>955</ymax>
        </bndbox>
    </object>    <object>
        <name>wheat_head</name>
        <pose>Unspecified</pose>
        <truncated>0</truncated>
        <difficult>0</difficult>
        <bndbox>
            <xmin>406</xmin>
            <ymin>933</ymin>
            <xmax>483</xmax>
            <ymax>976</ymax>
        </bndbox>
    </object>    <object>
        <name>wheat_head</name>
        <pose>Unspecified</pose>
        <truncated>0</truncated>
        <difficult>0</difficult>
        <bndbox>
            <xmin>378</xmin>
            <ymin>830</ymin>
            <xmax>436</xmax>
            <ymax>884</ymax>
        </bndbox>
    </object>    <object>
        <name>wheat_head</name>
        <pose>Unspecified</pose>
        <truncated>0</truncated>
        <difficult>0</difficult>
        <bndbox>
            <xmin>688</xmin>
            <ymin>1006</ymin>
            <xmax>727</xmax>
            <ymax>1024</ymax>
        </bndbox>
    </object>    <object>
        <name>wheat_head</name>
        <pose>Unspecified</pose>
        <truncated>0</truncated>
        <difficult>0</difficult>
        <bndbox>
            <xmin>542</xmin>
            <ymin>719</ymin>
            <xmax>612</xmax>
            <ymax>757</ymax>
        </bndbox>
    </object>    <object>
        <name>wheat_head</name>
        <pose>Unspecified</pose>
        <truncated>0</truncated>
        <difficult>0</difficult>
        <bndbox>
            <xmin>241</xmin>
            <ymin>0</ymin>
            <xmax>307</xmax>
            <ymax>39</ymax>
        </bndbox>
    </object>    <object>
        <name>wheat_head</name>
        <pose>Unspecified</pose>
        <truncated>0</truncated>
        <difficult>0</difficult>
        <bndbox>
            <xmin>860</xmin>
            <ymin>10</ymin>
            <xmax>935</xmax>
            <ymax>46</ymax>
        </bndbox>
    </object>    <object>
        <name>wheat_head</name>
        <pose>Unspecified</pose>
        <truncated>0</truncated>
        <difficult>0</difficult>
        <bndbox>
            <xmin>838</xmin>
            <ymin>152</ymin>
            <xmax>892</xmax>
            <ymax>212</ymax>
        </bndbox>
    </object>    <object>
        <name>wheat_head</name>
        <pose>Unspecified</pose>
        <truncated>0</truncated>
        <difficult>0</difficult>
        <bndbox>
            <xmin>237</xmin>
            <ymin>864</ymin>
            <xmax>339</xmax>
            <ymax>929</ymax>
        </bndbox>
    </object>    <object>
        <name>wheat_head</name>
        <pose>Unspecified</pose>
        <truncated>0</truncated>
        <difficult>0</difficult>
        <bndbox>
            <xmin>632</xmin>
            <ymin>838</ymin>
            <xmax>675</xmax>
            <ymax>873</ymax>
        </bndbox>
    </object>    <object>
        <name>wheat_head</name>
        <pose>Unspecified</pose>
        <truncated>0</truncated>
        <difficult>0</difficult>
        <bndbox>
            <xmin>536</xmin>
            <ymin>397</ymin>
            <xmax>604</xmax>
            <ymax>430</ymax>
        </bndbox>
    </object>    <object>
        <name>wheat_head</name>
        <pose>Unspecified</pose>
        <truncated>0</truncated>
        <difficult>0</difficult>
        <bndbox>
            <xmin>77</xmin>
            <ymin>376</ymin>
            <xmax>164</xmax>
            <ymax>406</ymax>
        </bndbox>
    </object>    <object>
        <name>wheat_head</name>
        <pose>Unspecified</pose>
        <truncated>0</truncated>
        <difficult>0</difficult>
        <bndbox>
            <xmin>55</xmin>
            <ymin>264</ymin>
            <xmax>141</xmax>
            <ymax>307</ymax>
        </bndbox>
    </object>    <object>
        <name>wheat_head</name>
        <pose>Unspecified</pose>
        <truncated>0</truncated>
        <difficult>0</difficult>
        <bndbox>
            <xmin>534</xmin>
            <ymin>368</ymin>
            <xmax>618</xmax>
            <ymax>403</ymax>
        </bndbox>
    </object>    <object>
        <name>wheat_head</name>
        <pose>Unspecified</pose>
        <truncated>0</truncated>
        <difficult>0</difficult>
        <bndbox>
            <xmin>644</xmin>
            <ymin>851</ymin>
            <xmax>689</xmax>
            <ymax>879</ymax>
        </bndbox>
    </object>    <object>
        <name>wheat_head</name>
        <pose>Unspecified</pose>
        <truncated>0</truncated>
        <difficult>0</difficult>
        <bndbox>
            <xmin>551</xmin>
            <ymin>645</ymin>
            <xmax>592</xmax>
            <ymax>688</ymax>
        </bndbox>
    </object>    <object>
        <name>wheat_head</name>
        <pose>Unspecified</pose>
        <truncated>0</truncated>
        <difficult>0</difficult>
        <bndbox>
            <xmin>0</xmin>
            <ymin>940</ymin>
            <xmax>97</xmax>
            <ymax>992</ymax>
        </bndbox>
    </object>    <object>
        <name>wheat_head</name>
        <pose>Unspecified</pose>
        <truncated>0</truncated>
        <difficult>0</difficult>
        <bndbox>
            <xmin>750</xmin>
            <ymin>380</ymin>
            <xmax>843</xmax>
            <ymax>438</ymax>
        </bndbox>
    </object>    <object>
        <name>wheat_head</name>
        <pose>Unspecified</pose>
        <truncated>0</truncated>
        <difficult>0</difficult>
        <bndbox>
            <xmin>962</xmin>
            <ymin>887</ymin>
            <xmax>1020</xmax>
            <ymax>927</ymax>
        </bndbox>
    </object>    <object>
        <name>wheat_head</name>
        <pose>Unspecified</pose>
        <truncated>0</truncated>
        <difficult>0</difficult>
        <bndbox>
            <xmin>277</xmin>
            <ymin>719</ymin>
            <xmax>329</xmax>
            <ymax>737</ymax>
        </bndbox>
    </object>    <object>
        <name>wheat_head</name>
        <pose>Unspecified</pose>
        <truncated>0</truncated>
        <difficult>0</difficult>
        <bndbox>
            <xmin>879</xmin>
            <ymin>637</ymin>
            <xmax>988</xmax>
            <ymax>703</ymax>
        </bndbox>
    </object>    <object>
        <name>wheat_head</name>
        <pose>Unspecified</pose>
        <truncated>0</truncated>
        <difficult>0</difficult>
        <bndbox>
            <xmin>973</xmin>
            <ymin>426</ymin>
            <xmax>1024</xmax>
            <ymax>485</ymax>
        </bndbox>
    </object>    <object>
        <name>wheat_head</name>
        <pose>Unspecified</pose>
        <truncated>0</truncated>
        <difficult>0</difficult>
        <bndbox>
            <xmin>529</xmin>
            <ymin>293</ymin>
            <xmax>609</xmax>
            <ymax>337</ymax>
        </bndbox>
    </object>    <object>
        <name>wheat_head</name>
        <pose>Unspecified</pose>
        <truncated>0</truncated>
        <difficult>0</difficult>
        <bndbox>
            <xmin>638</xmin>
            <ymin>261</ymin>
            <xmax>699</xmax>
            <ymax>315</ymax>
        </bndbox>
    </object>    <object>
        <name>wheat_head</name>
        <pose>Unspecified</pose>
        <truncated>0</truncated>
        <difficult>0</difficult>
        <bndbox>
            <xmin>68</xmin>
            <ymin>688</ymin>
            <xmax>117</xmax>
            <ymax>726</ymax>
        </bndbox>
    </object>    <object>
        <name>wheat_head</name>
        <pose>Unspecified</pose>
        <truncated>0</truncated>
        <difficult>0</difficult>
        <bndbox>
            <xmin>208</xmin>
            <ymin>326</ymin>
            <xmax>269</xmax>
            <ymax>353</ymax>
        </bndbox>
    </object>    <object>
        <name>wheat_head</name>
        <pose>Unspecified</pose>
        <truncated>0</truncated>
        <difficult>0</difficult>
        <bndbox>
            <xmin>166</xmin>
            <ymin>305</ymin>
            <xmax>246</xmax>
            <ymax>341</ymax>
        </bndbox>
    </object>    <object>
        <name>wheat_head</name>
        <pose>Unspecified</pose>
        <truncated>0</truncated>
        <difficult>0</difficult>
        <bndbox>
            <xmin>215</xmin>
            <ymin>253</ymin>
            <xmax>285</xmax>
            <ymax>299</ymax>
        </bndbox>
    </object>    <object>
        <name>wheat_head</name>
        <pose>Unspecified</pose>
        <truncated>0</truncated>
        <difficult>0</difficult>
        <bndbox>
            <xmin>453</xmin>
            <ymin>390</ymin>
            <xmax>497</xmax>
            <ymax>439</ymax>
        </bndbox>
    </object>    <object>
        <name>wheat_head</name>
        <pose>Unspecified</pose>
        <truncated>0</truncated>
        <difficult>0</difficult>
        <bndbox>
            <xmin>430</xmin>
            <ymin>934</ymin>
            <xmax>483</xmax>
            <ymax>979</ymax>
        </bndbox>
    </object>
</annotation>
