<annotation>
    <folder>images</folder>
    <filename>1ecc491e7.jpg</filename>
    <path>/home/badhon/Documents/thesis/final_dataset/ethz_1/images/1ecc491e7.jpg</path>
    <source>
        <database>Unknown</database>
    </source>
    <size>
        <width>1024</width>
        <height>1024</height>
        <depth>3</depth>
    </size>
    <segmented>0</segmented>
    <object>
        <name>wheat_head</name>
        <pose>Unspecified</pose>
        <truncated>0</truncated>
        <difficult>0</difficult>
        <bndbox>
            <xmin>757</xmin>
            <ymin>188</ymin>
            <xmax>831</xmax>
            <ymax>282</ymax>
        </bndbox>
    </object>    <object>
        <name>wheat_head</name>
        <pose>Unspecified</pose>
        <truncated>0</truncated>
        <difficult>0</difficult>
        <bndbox>
            <xmin>352</xmin>
            <ymin>329</ymin>
            <xmax>421</xmax>
            <ymax>408</ymax>
        </bndbox>
    </object>    <object>
        <name>wheat_head</name>
        <pose>Unspecified</pose>
        <truncated>0</truncated>
        <difficult>0</difficult>
        <bndbox>
            <xmin>658</xmin>
            <ymin>305</ymin>
            <xmax>735</xmax>
            <ymax>379</ymax>
        </bndbox>
    </object>    <object>
        <name>wheat_head</name>
        <pose>Unspecified</pose>
        <truncated>0</truncated>
        <difficult>0</difficult>
        <bndbox>
            <xmin>626</xmin>
            <ymin>593</ymin>
            <xmax>709</xmax>
            <ymax>675</ymax>
        </bndbox>
    </object>    <object>
        <name>wheat_head</name>
        <pose>Unspecified</pose>
        <truncated>0</truncated>
        <difficult>0</difficult>
        <bndbox>
            <xmin>133</xmin>
            <ymin>499</ymin>
            <xmax>240</xmax>
            <ymax>578</ymax>
        </bndbox>
    </object>    <object>
        <name>wheat_head</name>
        <pose>Unspecified</pose>
        <truncated>0</truncated>
        <difficult>0</difficult>
        <bndbox>
            <xmin>517</xmin>
            <ymin>5</ymin>
            <xmax>627</xmax>
            <ymax>91</ymax>
        </bndbox>
    </object>    <object>
        <name>wheat_head</name>
        <pose>Unspecified</pose>
        <truncated>0</truncated>
        <difficult>0</difficult>
        <bndbox>
            <xmin>696</xmin>
            <ymin>589</ymin>
            <xmax>775</xmax>
            <ymax>663</ymax>
        </bndbox>
    </object>    <object>
        <name>wheat_head</name>
        <pose>Unspecified</pose>
        <truncated>0</truncated>
        <difficult>0</difficult>
        <bndbox>
            <xmin>838</xmin>
            <ymin>338</ymin>
            <xmax>905</xmax>
            <ymax>416</ymax>
        </bndbox>
    </object>    <object>
        <name>wheat_head</name>
        <pose>Unspecified</pose>
        <truncated>0</truncated>
        <difficult>0</difficult>
        <bndbox>
            <xmin>225</xmin>
            <ymin>946</ymin>
            <xmax>335</xmax>
            <ymax>1011</ymax>
        </bndbox>
    </object>    <object>
        <name>wheat_head</name>
        <pose>Unspecified</pose>
        <truncated>0</truncated>
        <difficult>0</difficult>
        <bndbox>
            <xmin>820</xmin>
            <ymin>638</ymin>
            <xmax>895</xmax>
            <ymax>730</ymax>
        </bndbox>
    </object>    <object>
        <name>wheat_head</name>
        <pose>Unspecified</pose>
        <truncated>0</truncated>
        <difficult>0</difficult>
        <bndbox>
            <xmin>737</xmin>
            <ymin>290</ymin>
            <xmax>811</xmax>
            <ymax>380</ymax>
        </bndbox>
    </object>    <object>
        <name>wheat_head</name>
        <pose>Unspecified</pose>
        <truncated>0</truncated>
        <difficult>0</difficult>
        <bndbox>
            <xmin>260</xmin>
            <ymin>297</ymin>
            <xmax>344</xmax>
            <ymax>389</ymax>
        </bndbox>
    </object>    <object>
        <name>wheat_head</name>
        <pose>Unspecified</pose>
        <truncated>0</truncated>
        <difficult>0</difficult>
        <bndbox>
            <xmin>619</xmin>
            <ymin>517</ymin>
            <xmax>696</xmax>
            <ymax>602</ymax>
        </bndbox>
    </object>    <object>
        <name>wheat_head</name>
        <pose>Unspecified</pose>
        <truncated>0</truncated>
        <difficult>0</difficult>
        <bndbox>
            <xmin>428</xmin>
            <ymin>473</ymin>
            <xmax>501</xmax>
            <ymax>567</ymax>
        </bndbox>
    </object>    <object>
        <name>wheat_head</name>
        <pose>Unspecified</pose>
        <truncated>0</truncated>
        <difficult>0</difficult>
        <bndbox>
            <xmin>929</xmin>
            <ymin>563</ymin>
            <xmax>988</xmax>
            <ymax>649</ymax>
        </bndbox>
    </object>    <object>
        <name>wheat_head</name>
        <pose>Unspecified</pose>
        <truncated>0</truncated>
        <difficult>0</difficult>
        <bndbox>
            <xmin>677</xmin>
            <ymin>886</ymin>
            <xmax>795</xmax>
            <ymax>985</ymax>
        </bndbox>
    </object>    <object>
        <name>wheat_head</name>
        <pose>Unspecified</pose>
        <truncated>0</truncated>
        <difficult>0</difficult>
        <bndbox>
            <xmin>155</xmin>
            <ymin>406</ymin>
            <xmax>217</xmax>
            <ymax>496</ymax>
        </bndbox>
    </object>    <object>
        <name>wheat_head</name>
        <pose>Unspecified</pose>
        <truncated>0</truncated>
        <difficult>0</difficult>
        <bndbox>
            <xmin>394</xmin>
            <ymin>653</ymin>
            <xmax>484</xmax>
            <ymax>705</ymax>
        </bndbox>
    </object>    <object>
        <name>wheat_head</name>
        <pose>Unspecified</pose>
        <truncated>0</truncated>
        <difficult>0</difficult>
        <bndbox>
            <xmin>129</xmin>
            <ymin>636</ymin>
            <xmax>222</xmax>
            <ymax>745</ymax>
        </bndbox>
    </object>    <object>
        <name>wheat_head</name>
        <pose>Unspecified</pose>
        <truncated>0</truncated>
        <difficult>0</difficult>
        <bndbox>
            <xmin>225</xmin>
            <ymin>746</ymin>
            <xmax>309</xmax>
            <ymax>821</ymax>
        </bndbox>
    </object>    <object>
        <name>wheat_head</name>
        <pose>Unspecified</pose>
        <truncated>0</truncated>
        <difficult>0</difficult>
        <bndbox>
            <xmin>114</xmin>
            <ymin>0</ymin>
            <xmax>196</xmax>
            <ymax>84</ymax>
        </bndbox>
    </object>    <object>
        <name>wheat_head</name>
        <pose>Unspecified</pose>
        <truncated>0</truncated>
        <difficult>0</difficult>
        <bndbox>
            <xmin>927</xmin>
            <ymin>741</ymin>
            <xmax>987</xmax>
            <ymax>821</ymax>
        </bndbox>
    </object>    <object>
        <name>wheat_head</name>
        <pose>Unspecified</pose>
        <truncated>0</truncated>
        <difficult>0</difficult>
        <bndbox>
            <xmin>831</xmin>
            <ymin>910</ymin>
            <xmax>910</xmax>
            <ymax>965</ymax>
        </bndbox>
    </object>    <object>
        <name>wheat_head</name>
        <pose>Unspecified</pose>
        <truncated>0</truncated>
        <difficult>0</difficult>
        <bndbox>
            <xmin>404</xmin>
            <ymin>897</ymin>
            <xmax>484</xmax>
            <ymax>961</ymax>
        </bndbox>
    </object>    <object>
        <name>wheat_head</name>
        <pose>Unspecified</pose>
        <truncated>0</truncated>
        <difficult>0</difficult>
        <bndbox>
            <xmin>700</xmin>
            <ymin>61</ymin>
            <xmax>785</xmax>
            <ymax>158</ymax>
        </bndbox>
    </object>    <object>
        <name>wheat_head</name>
        <pose>Unspecified</pose>
        <truncated>0</truncated>
        <difficult>0</difficult>
        <bndbox>
            <xmin>46</xmin>
            <ymin>638</ymin>
            <xmax>148</xmax>
            <ymax>714</ymax>
        </bndbox>
    </object>    <object>
        <name>wheat_head</name>
        <pose>Unspecified</pose>
        <truncated>0</truncated>
        <difficult>0</difficult>
        <bndbox>
            <xmin>86</xmin>
            <ymin>61</ymin>
            <xmax>181</xmax>
            <ymax>157</ymax>
        </bndbox>
    </object>    <object>
        <name>wheat_head</name>
        <pose>Unspecified</pose>
        <truncated>0</truncated>
        <difficult>0</difficult>
        <bndbox>
            <xmin>501</xmin>
            <ymin>624</ymin>
            <xmax>591</xmax>
            <ymax>692</ymax>
        </bndbox>
    </object>    <object>
        <name>wheat_head</name>
        <pose>Unspecified</pose>
        <truncated>0</truncated>
        <difficult>0</difficult>
        <bndbox>
            <xmin>484</xmin>
            <ymin>87</ymin>
            <xmax>589</xmax>
            <ymax>169</ymax>
        </bndbox>
    </object>    <object>
        <name>wheat_head</name>
        <pose>Unspecified</pose>
        <truncated>0</truncated>
        <difficult>0</difficult>
        <bndbox>
            <xmin>102</xmin>
            <ymin>140</ymin>
            <xmax>182</xmax>
            <ymax>206</ymax>
        </bndbox>
    </object>    <object>
        <name>wheat_head</name>
        <pose>Unspecified</pose>
        <truncated>0</truncated>
        <difficult>0</difficult>
        <bndbox>
            <xmin>262</xmin>
            <ymin>704</ymin>
            <xmax>354</xmax>
            <ymax>782</ymax>
        </bndbox>
    </object>    <object>
        <name>wheat_head</name>
        <pose>Unspecified</pose>
        <truncated>0</truncated>
        <difficult>0</difficult>
        <bndbox>
            <xmin>965</xmin>
            <ymin>75</ymin>
            <xmax>1024</xmax>
            <ymax>188</ymax>
        </bndbox>
    </object>    <object>
        <name>wheat_head</name>
        <pose>Unspecified</pose>
        <truncated>0</truncated>
        <difficult>0</difficult>
        <bndbox>
            <xmin>23</xmin>
            <ymin>685</ymin>
            <xmax>101</xmax>
            <ymax>749</ymax>
        </bndbox>
    </object>    <object>
        <name>wheat_head</name>
        <pose>Unspecified</pose>
        <truncated>0</truncated>
        <difficult>0</difficult>
        <bndbox>
            <xmin>128</xmin>
            <ymin>58</ymin>
            <xmax>200</xmax>
            <ymax>131</ymax>
        </bndbox>
    </object>    <object>
        <name>wheat_head</name>
        <pose>Unspecified</pose>
        <truncated>0</truncated>
        <difficult>0</difficult>
        <bndbox>
            <xmin>618</xmin>
            <ymin>137</ymin>
            <xmax>715</xmax>
            <ymax>255</ymax>
        </bndbox>
    </object>    <object>
        <name>wheat_head</name>
        <pose>Unspecified</pose>
        <truncated>0</truncated>
        <difficult>0</difficult>
        <bndbox>
            <xmin>565</xmin>
            <ymin>203</ymin>
            <xmax>647</xmax>
            <ymax>298</ymax>
        </bndbox>
    </object>    <object>
        <name>wheat_head</name>
        <pose>Unspecified</pose>
        <truncated>0</truncated>
        <difficult>0</difficult>
        <bndbox>
            <xmin>625</xmin>
            <ymin>636</ymin>
            <xmax>692</xmax>
            <ymax>697</ymax>
        </bndbox>
    </object>    <object>
        <name>wheat_head</name>
        <pose>Unspecified</pose>
        <truncated>0</truncated>
        <difficult>0</difficult>
        <bndbox>
            <xmin>296</xmin>
            <ymin>647</ymin>
            <xmax>374</xmax>
            <ymax>712</ymax>
        </bndbox>
    </object>    <object>
        <name>wheat_head</name>
        <pose>Unspecified</pose>
        <truncated>0</truncated>
        <difficult>0</difficult>
        <bndbox>
            <xmin>582</xmin>
            <ymin>449</ymin>
            <xmax>636</xmax>
            <ymax>532</ymax>
        </bndbox>
    </object>    <object>
        <name>wheat_head</name>
        <pose>Unspecified</pose>
        <truncated>0</truncated>
        <difficult>0</difficult>
        <bndbox>
            <xmin>445</xmin>
            <ymin>809</ymin>
            <xmax>520</xmax>
            <ymax>871</ymax>
        </bndbox>
    </object>    <object>
        <name>wheat_head</name>
        <pose>Unspecified</pose>
        <truncated>0</truncated>
        <difficult>0</difficult>
        <bndbox>
            <xmin>561</xmin>
            <ymin>491</ymin>
            <xmax>626</xmax>
            <ymax>558</ymax>
        </bndbox>
    </object>    <object>
        <name>wheat_head</name>
        <pose>Unspecified</pose>
        <truncated>0</truncated>
        <difficult>0</difficult>
        <bndbox>
            <xmin>339</xmin>
            <ymin>552</ymin>
            <xmax>409</xmax>
            <ymax>623</ymax>
        </bndbox>
    </object>    <object>
        <name>wheat_head</name>
        <pose>Unspecified</pose>
        <truncated>0</truncated>
        <difficult>0</difficult>
        <bndbox>
            <xmin>1</xmin>
            <ymin>494</ymin>
            <xmax>102</xmax>
            <ymax>574</ymax>
        </bndbox>
    </object>    <object>
        <name>wheat_head</name>
        <pose>Unspecified</pose>
        <truncated>0</truncated>
        <difficult>0</difficult>
        <bndbox>
            <xmin>268</xmin>
            <ymin>92</ymin>
            <xmax>389</xmax>
            <ymax>232</ymax>
        </bndbox>
    </object>    <object>
        <name>wheat_head</name>
        <pose>Unspecified</pose>
        <truncated>0</truncated>
        <difficult>0</difficult>
        <bndbox>
            <xmin>854</xmin>
            <ymin>554</ymin>
            <xmax>944</xmax>
            <ymax>640</ymax>
        </bndbox>
    </object>    <object>
        <name>wheat_head</name>
        <pose>Unspecified</pose>
        <truncated>0</truncated>
        <difficult>0</difficult>
        <bndbox>
            <xmin>58</xmin>
            <ymin>777</ymin>
            <xmax>138</xmax>
            <ymax>842</ymax>
        </bndbox>
    </object>    <object>
        <name>wheat_head</name>
        <pose>Unspecified</pose>
        <truncated>0</truncated>
        <difficult>0</difficult>
        <bndbox>
            <xmin>360</xmin>
            <ymin>510</ymin>
            <xmax>460</xmax>
            <ymax>572</ymax>
        </bndbox>
    </object>    <object>
        <name>wheat_head</name>
        <pose>Unspecified</pose>
        <truncated>0</truncated>
        <difficult>0</difficult>
        <bndbox>
            <xmin>703</xmin>
            <ymin>518</ymin>
            <xmax>780</xmax>
            <ymax>582</ymax>
        </bndbox>
    </object>    <object>
        <name>wheat_head</name>
        <pose>Unspecified</pose>
        <truncated>0</truncated>
        <difficult>0</difficult>
        <bndbox>
            <xmin>398</xmin>
            <ymin>551</ymin>
            <xmax>483</xmax>
            <ymax>651</ymax>
        </bndbox>
    </object>    <object>
        <name>wheat_head</name>
        <pose>Unspecified</pose>
        <truncated>0</truncated>
        <difficult>0</difficult>
        <bndbox>
            <xmin>466</xmin>
            <ymin>776</ymin>
            <xmax>543</xmax>
            <ymax>838</ymax>
        </bndbox>
    </object>    <object>
        <name>wheat_head</name>
        <pose>Unspecified</pose>
        <truncated>0</truncated>
        <difficult>0</difficult>
        <bndbox>
            <xmin>951</xmin>
            <ymin>105</ymin>
            <xmax>984</xmax>
            <ymax>191</ymax>
        </bndbox>
    </object>    <object>
        <name>wheat_head</name>
        <pose>Unspecified</pose>
        <truncated>0</truncated>
        <difficult>0</difficult>
        <bndbox>
            <xmin>932</xmin>
            <ymin>914</ymin>
            <xmax>1013</xmax>
            <ymax>985</ymax>
        </bndbox>
    </object>    <object>
        <name>wheat_head</name>
        <pose>Unspecified</pose>
        <truncated>0</truncated>
        <difficult>0</difficult>
        <bndbox>
            <xmin>451</xmin>
            <ymin>0</ymin>
            <xmax>522</xmax>
            <ymax>58</ymax>
        </bndbox>
    </object>    <object>
        <name>wheat_head</name>
        <pose>Unspecified</pose>
        <truncated>0</truncated>
        <difficult>0</difficult>
        <bndbox>
            <xmin>148</xmin>
            <ymin>600</ymin>
            <xmax>228</xmax>
            <ymax>658</ymax>
        </bndbox>
    </object>    <object>
        <name>wheat_head</name>
        <pose>Unspecified</pose>
        <truncated>0</truncated>
        <difficult>0</difficult>
        <bndbox>
            <xmin>726</xmin>
            <ymin>733</ymin>
            <xmax>808</xmax>
            <ymax>797</ymax>
        </bndbox>
    </object>    <object>
        <name>wheat_head</name>
        <pose>Unspecified</pose>
        <truncated>0</truncated>
        <difficult>0</difficult>
        <bndbox>
            <xmin>584</xmin>
            <ymin>809</ymin>
            <xmax>644</xmax>
            <ymax>854</ymax>
        </bndbox>
    </object>    <object>
        <name>wheat_head</name>
        <pose>Unspecified</pose>
        <truncated>0</truncated>
        <difficult>0</difficult>
        <bndbox>
            <xmin>136</xmin>
            <ymin>962</ymin>
            <xmax>184</xmax>
            <ymax>1022</ymax>
        </bndbox>
    </object>    <object>
        <name>wheat_head</name>
        <pose>Unspecified</pose>
        <truncated>0</truncated>
        <difficult>0</difficult>
        <bndbox>
            <xmin>393</xmin>
            <ymin>679</ymin>
            <xmax>473</xmax>
            <ymax>729</ymax>
        </bndbox>
    </object>    <object>
        <name>wheat_head</name>
        <pose>Unspecified</pose>
        <truncated>0</truncated>
        <difficult>0</difficult>
        <bndbox>
            <xmin>466</xmin>
            <ymin>341</ymin>
            <xmax>550</xmax>
            <ymax>404</ymax>
        </bndbox>
    </object>    <object>
        <name>wheat_head</name>
        <pose>Unspecified</pose>
        <truncated>0</truncated>
        <difficult>0</difficult>
        <bndbox>
            <xmin>263</xmin>
            <ymin>344</ymin>
            <xmax>341</xmax>
            <ymax>400</ymax>
        </bndbox>
    </object>    <object>
        <name>wheat_head</name>
        <pose>Unspecified</pose>
        <truncated>0</truncated>
        <difficult>0</difficult>
        <bndbox>
            <xmin>40</xmin>
            <ymin>807</ymin>
            <xmax>131</xmax>
            <ymax>890</ymax>
        </bndbox>
    </object>    <object>
        <name>wheat_head</name>
        <pose>Unspecified</pose>
        <truncated>0</truncated>
        <difficult>0</difficult>
        <bndbox>
            <xmin>69</xmin>
            <ymin>618</ymin>
            <xmax>144</xmax>
            <ymax>677</ymax>
        </bndbox>
    </object>    <object>
        <name>wheat_head</name>
        <pose>Unspecified</pose>
        <truncated>0</truncated>
        <difficult>0</difficult>
        <bndbox>
            <xmin>27</xmin>
            <ymin>305</ymin>
            <xmax>98</xmax>
            <ymax>341</ymax>
        </bndbox>
    </object>    <object>
        <name>wheat_head</name>
        <pose>Unspecified</pose>
        <truncated>0</truncated>
        <difficult>0</difficult>
        <bndbox>
            <xmin>615</xmin>
            <ymin>992</ymin>
            <xmax>671</xmax>
            <ymax>1022</ymax>
        </bndbox>
    </object>    <object>
        <name>wheat_head</name>
        <pose>Unspecified</pose>
        <truncated>0</truncated>
        <difficult>0</difficult>
        <bndbox>
            <xmin>107</xmin>
            <ymin>839</ymin>
            <xmax>195</xmax>
            <ymax>905</ymax>
        </bndbox>
    </object>    <object>
        <name>wheat_head</name>
        <pose>Unspecified</pose>
        <truncated>0</truncated>
        <difficult>0</difficult>
        <bndbox>
            <xmin>806</xmin>
            <ymin>486</ymin>
            <xmax>868</xmax>
            <ymax>569</ymax>
        </bndbox>
    </object>    <object>
        <name>wheat_head</name>
        <pose>Unspecified</pose>
        <truncated>0</truncated>
        <difficult>0</difficult>
        <bndbox>
            <xmin>2</xmin>
            <ymin>746</ymin>
            <xmax>107</xmax>
            <ymax>794</ymax>
        </bndbox>
    </object>    <object>
        <name>wheat_head</name>
        <pose>Unspecified</pose>
        <truncated>0</truncated>
        <difficult>0</difficult>
        <bndbox>
            <xmin>775</xmin>
            <ymin>460</ymin>
            <xmax>834</xmax>
            <ymax>557</ymax>
        </bndbox>
    </object>    <object>
        <name>wheat_head</name>
        <pose>Unspecified</pose>
        <truncated>0</truncated>
        <difficult>0</difficult>
        <bndbox>
            <xmin>350</xmin>
            <ymin>985</ymin>
            <xmax>423</xmax>
            <ymax>1023</ymax>
        </bndbox>
    </object>    <object>
        <name>wheat_head</name>
        <pose>Unspecified</pose>
        <truncated>0</truncated>
        <difficult>0</difficult>
        <bndbox>
            <xmin>260</xmin>
            <ymin>458</ymin>
            <xmax>329</xmax>
            <ymax>492</ymax>
        </bndbox>
    </object>    <object>
        <name>wheat_head</name>
        <pose>Unspecified</pose>
        <truncated>0</truncated>
        <difficult>0</difficult>
        <bndbox>
            <xmin>959</xmin>
            <ymin>431</ymin>
            <xmax>1007</xmax>
            <ymax>494</ymax>
        </bndbox>
    </object>    <object>
        <name>wheat_head</name>
        <pose>Unspecified</pose>
        <truncated>0</truncated>
        <difficult>0</difficult>
        <bndbox>
            <xmin>705</xmin>
            <ymin>39</ymin>
            <xmax>789</xmax>
            <ymax>110</ymax>
        </bndbox>
    </object>    <object>
        <name>wheat_head</name>
        <pose>Unspecified</pose>
        <truncated>0</truncated>
        <difficult>0</difficult>
        <bndbox>
            <xmin>703</xmin>
            <ymin>0</ymin>
            <xmax>759</xmax>
            <ymax>55</ymax>
        </bndbox>
    </object>    <object>
        <name>wheat_head</name>
        <pose>Unspecified</pose>
        <truncated>0</truncated>
        <difficult>0</difficult>
        <bndbox>
            <xmin>987</xmin>
            <ymin>32</ymin>
            <xmax>1024</xmax>
            <ymax>105</ymax>
        </bndbox>
    </object>    <object>
        <name>wheat_head</name>
        <pose>Unspecified</pose>
        <truncated>0</truncated>
        <difficult>0</difficult>
        <bndbox>
            <xmin>906</xmin>
            <ymin>0</ymin>
            <xmax>961</xmax>
            <ymax>47</ymax>
        </bndbox>
    </object>    <object>
        <name>wheat_head</name>
        <pose>Unspecified</pose>
        <truncated>0</truncated>
        <difficult>0</difficult>
        <bndbox>
            <xmin>162</xmin>
            <ymin>907</ymin>
            <xmax>255</xmax>
            <ymax>968</ymax>
        </bndbox>
    </object>    <object>
        <name>wheat_head</name>
        <pose>Unspecified</pose>
        <truncated>0</truncated>
        <difficult>0</difficult>
        <bndbox>
            <xmin>75</xmin>
            <ymin>17</ymin>
            <xmax>136</xmax>
            <ymax>77</ymax>
        </bndbox>
    </object>    <object>
        <name>wheat_head</name>
        <pose>Unspecified</pose>
        <truncated>0</truncated>
        <difficult>0</difficult>
        <bndbox>
            <xmin>194</xmin>
            <ymin>1001</ymin>
            <xmax>291</xmax>
            <ymax>1024</ymax>
        </bndbox>
    </object>    <object>
        <name>wheat_head</name>
        <pose>Unspecified</pose>
        <truncated>0</truncated>
        <difficult>0</difficult>
        <bndbox>
            <xmin>277</xmin>
            <ymin>2</ymin>
            <xmax>345</xmax>
            <ymax>69</ymax>
        </bndbox>
    </object>    <object>
        <name>wheat_head</name>
        <pose>Unspecified</pose>
        <truncated>0</truncated>
        <difficult>0</difficult>
        <bndbox>
            <xmin>708</xmin>
            <ymin>789</ymin>
            <xmax>761</xmax>
            <ymax>847</ymax>
        </bndbox>
    </object>    <object>
        <name>wheat_head</name>
        <pose>Unspecified</pose>
        <truncated>0</truncated>
        <difficult>0</difficult>
        <bndbox>
            <xmin>759</xmin>
            <ymin>806</ymin>
            <xmax>801</xmax>
            <ymax>861</ymax>
        </bndbox>
    </object>
</annotation>
