<annotation>
    <folder>images</folder>
    <filename>2b2612efa.jpg</filename>
    <path>/home/badhon/Documents/thesis/final_dataset/ethz_1/images/2b2612efa.jpg</path>
    <source>
        <database>Unknown</database>
    </source>
    <size>
        <width>1024</width>
        <height>1024</height>
        <depth>3</depth>
    </size>
    <segmented>0</segmented>
    <object>
        <name>wheat_head</name>
        <pose>Unspecified</pose>
        <truncated>0</truncated>
        <difficult>0</difficult>
        <bndbox>
            <xmin>57</xmin>
            <ymin>753</ymin>
            <xmax>120</xmax>
            <ymax>851</ymax>
        </bndbox>
    </object>    <object>
        <name>wheat_head</name>
        <pose>Unspecified</pose>
        <truncated>0</truncated>
        <difficult>0</difficult>
        <bndbox>
            <xmin>849</xmin>
            <ymin>688</ymin>
            <xmax>902</xmax>
            <ymax>782</ymax>
        </bndbox>
    </object>    <object>
        <name>wheat_head</name>
        <pose>Unspecified</pose>
        <truncated>0</truncated>
        <difficult>0</difficult>
        <bndbox>
            <xmin>592</xmin>
            <ymin>516</ymin>
            <xmax>673</xmax>
            <ymax>584</ymax>
        </bndbox>
    </object>    <object>
        <name>wheat_head</name>
        <pose>Unspecified</pose>
        <truncated>0</truncated>
        <difficult>0</difficult>
        <bndbox>
            <xmin>16</xmin>
            <ymin>2</ymin>
            <xmax>107</xmax>
            <ymax>66</ymax>
        </bndbox>
    </object>    <object>
        <name>wheat_head</name>
        <pose>Unspecified</pose>
        <truncated>0</truncated>
        <difficult>0</difficult>
        <bndbox>
            <xmin>443</xmin>
            <ymin>425</ymin>
            <xmax>505</xmax>
            <ymax>505</ymax>
        </bndbox>
    </object>    <object>
        <name>wheat_head</name>
        <pose>Unspecified</pose>
        <truncated>0</truncated>
        <difficult>0</difficult>
        <bndbox>
            <xmin>675</xmin>
            <ymin>125</ymin>
            <xmax>726</xmax>
            <ymax>223</ymax>
        </bndbox>
    </object>    <object>
        <name>wheat_head</name>
        <pose>Unspecified</pose>
        <truncated>0</truncated>
        <difficult>0</difficult>
        <bndbox>
            <xmin>0</xmin>
            <ymin>262</ymin>
            <xmax>19</xmax>
            <ymax>324</ymax>
        </bndbox>
    </object>    <object>
        <name>wheat_head</name>
        <pose>Unspecified</pose>
        <truncated>0</truncated>
        <difficult>0</difficult>
        <bndbox>
            <xmin>363</xmin>
            <ymin>809</ymin>
            <xmax>402</xmax>
            <ymax>899</ymax>
        </bndbox>
    </object>    <object>
        <name>wheat_head</name>
        <pose>Unspecified</pose>
        <truncated>0</truncated>
        <difficult>0</difficult>
        <bndbox>
            <xmin>432</xmin>
            <ymin>349</ymin>
            <xmax>501</xmax>
            <ymax>432</ymax>
        </bndbox>
    </object>    <object>
        <name>wheat_head</name>
        <pose>Unspecified</pose>
        <truncated>0</truncated>
        <difficult>0</difficult>
        <bndbox>
            <xmin>303</xmin>
            <ymin>151</ymin>
            <xmax>338</xmax>
            <ymax>232</ymax>
        </bndbox>
    </object>    <object>
        <name>wheat_head</name>
        <pose>Unspecified</pose>
        <truncated>0</truncated>
        <difficult>0</difficult>
        <bndbox>
            <xmin>613</xmin>
            <ymin>711</ymin>
            <xmax>664</xmax>
            <ymax>801</ymax>
        </bndbox>
    </object>    <object>
        <name>wheat_head</name>
        <pose>Unspecified</pose>
        <truncated>0</truncated>
        <difficult>0</difficult>
        <bndbox>
            <xmin>46</xmin>
            <ymin>628</ymin>
            <xmax>77</xmax>
            <ymax>709</ymax>
        </bndbox>
    </object>    <object>
        <name>wheat_head</name>
        <pose>Unspecified</pose>
        <truncated>0</truncated>
        <difficult>0</difficult>
        <bndbox>
            <xmin>391</xmin>
            <ymin>462</ymin>
            <xmax>434</xmax>
            <ymax>565</ymax>
        </bndbox>
    </object>    <object>
        <name>wheat_head</name>
        <pose>Unspecified</pose>
        <truncated>0</truncated>
        <difficult>0</difficult>
        <bndbox>
            <xmin>189</xmin>
            <ymin>221</ymin>
            <xmax>237</xmax>
            <ymax>293</ymax>
        </bndbox>
    </object>    <object>
        <name>wheat_head</name>
        <pose>Unspecified</pose>
        <truncated>0</truncated>
        <difficult>0</difficult>
        <bndbox>
            <xmin>1</xmin>
            <ymin>759</ymin>
            <xmax>92</xmax>
            <ymax>860</ymax>
        </bndbox>
    </object>    <object>
        <name>wheat_head</name>
        <pose>Unspecified</pose>
        <truncated>0</truncated>
        <difficult>0</difficult>
        <bndbox>
            <xmin>118</xmin>
            <ymin>872</ymin>
            <xmax>202</xmax>
            <ymax>937</ymax>
        </bndbox>
    </object>    <object>
        <name>wheat_head</name>
        <pose>Unspecified</pose>
        <truncated>0</truncated>
        <difficult>0</difficult>
        <bndbox>
            <xmin>16</xmin>
            <ymin>372</ymin>
            <xmax>96</xmax>
            <ymax>481</ymax>
        </bndbox>
    </object>    <object>
        <name>wheat_head</name>
        <pose>Unspecified</pose>
        <truncated>0</truncated>
        <difficult>0</difficult>
        <bndbox>
            <xmin>110</xmin>
            <ymin>525</ymin>
            <xmax>185</xmax>
            <ymax>614</ymax>
        </bndbox>
    </object>    <object>
        <name>wheat_head</name>
        <pose>Unspecified</pose>
        <truncated>0</truncated>
        <difficult>0</difficult>
        <bndbox>
            <xmin>38</xmin>
            <ymin>73</ymin>
            <xmax>107</xmax>
            <ymax>188</ymax>
        </bndbox>
    </object>    <object>
        <name>wheat_head</name>
        <pose>Unspecified</pose>
        <truncated>0</truncated>
        <difficult>0</difficult>
        <bndbox>
            <xmin>567</xmin>
            <ymin>591</ymin>
            <xmax>596</xmax>
            <ymax>656</ymax>
        </bndbox>
    </object>    <object>
        <name>wheat_head</name>
        <pose>Unspecified</pose>
        <truncated>0</truncated>
        <difficult>0</difficult>
        <bndbox>
            <xmin>421</xmin>
            <ymin>781</ymin>
            <xmax>513</xmax>
            <ymax>866</ymax>
        </bndbox>
    </object>    <object>
        <name>wheat_head</name>
        <pose>Unspecified</pose>
        <truncated>0</truncated>
        <difficult>0</difficult>
        <bndbox>
            <xmin>846</xmin>
            <ymin>528</ymin>
            <xmax>927</xmax>
            <ymax>598</ymax>
        </bndbox>
    </object>    <object>
        <name>wheat_head</name>
        <pose>Unspecified</pose>
        <truncated>0</truncated>
        <difficult>0</difficult>
        <bndbox>
            <xmin>106</xmin>
            <ymin>60</ymin>
            <xmax>162</xmax>
            <ymax>170</ymax>
        </bndbox>
    </object>    <object>
        <name>wheat_head</name>
        <pose>Unspecified</pose>
        <truncated>0</truncated>
        <difficult>0</difficult>
        <bndbox>
            <xmin>49</xmin>
            <ymin>516</ymin>
            <xmax>120</xmax>
            <ymax>600</ymax>
        </bndbox>
    </object>    <object>
        <name>wheat_head</name>
        <pose>Unspecified</pose>
        <truncated>0</truncated>
        <difficult>0</difficult>
        <bndbox>
            <xmin>679</xmin>
            <ymin>704</ymin>
            <xmax>752</xmax>
            <ymax>828</ymax>
        </bndbox>
    </object>    <object>
        <name>wheat_head</name>
        <pose>Unspecified</pose>
        <truncated>0</truncated>
        <difficult>0</difficult>
        <bndbox>
            <xmin>496</xmin>
            <ymin>869</ymin>
            <xmax>574</xmax>
            <ymax>931</ymax>
        </bndbox>
    </object>    <object>
        <name>wheat_head</name>
        <pose>Unspecified</pose>
        <truncated>0</truncated>
        <difficult>0</difficult>
        <bndbox>
            <xmin>391</xmin>
            <ymin>767</ymin>
            <xmax>432</xmax>
            <ymax>858</ymax>
        </bndbox>
    </object>    <object>
        <name>wheat_head</name>
        <pose>Unspecified</pose>
        <truncated>0</truncated>
        <difficult>0</difficult>
        <bndbox>
            <xmin>860</xmin>
            <ymin>230</ymin>
            <xmax>910</xmax>
            <ymax>326</ymax>
        </bndbox>
    </object>    <object>
        <name>wheat_head</name>
        <pose>Unspecified</pose>
        <truncated>0</truncated>
        <difficult>0</difficult>
        <bndbox>
            <xmin>279</xmin>
            <ymin>359</ymin>
            <xmax>330</xmax>
            <ymax>426</ymax>
        </bndbox>
    </object>    <object>
        <name>wheat_head</name>
        <pose>Unspecified</pose>
        <truncated>0</truncated>
        <difficult>0</difficult>
        <bndbox>
            <xmin>529</xmin>
            <ymin>420</ymin>
            <xmax>572</xmax>
            <ymax>520</ymax>
        </bndbox>
    </object>    <object>
        <name>wheat_head</name>
        <pose>Unspecified</pose>
        <truncated>0</truncated>
        <difficult>0</difficult>
        <bndbox>
            <xmin>813</xmin>
            <ymin>778</ymin>
            <xmax>861</xmax>
            <ymax>849</ymax>
        </bndbox>
    </object>    <object>
        <name>wheat_head</name>
        <pose>Unspecified</pose>
        <truncated>0</truncated>
        <difficult>0</difficult>
        <bndbox>
            <xmin>473</xmin>
            <ymin>146</ymin>
            <xmax>542</xmax>
            <ymax>217</ymax>
        </bndbox>
    </object>    <object>
        <name>wheat_head</name>
        <pose>Unspecified</pose>
        <truncated>0</truncated>
        <difficult>0</difficult>
        <bndbox>
            <xmin>724</xmin>
            <ymin>827</ymin>
            <xmax>816</xmax>
            <ymax>886</ymax>
        </bndbox>
    </object>    <object>
        <name>wheat_head</name>
        <pose>Unspecified</pose>
        <truncated>0</truncated>
        <difficult>0</difficult>
        <bndbox>
            <xmin>314</xmin>
            <ymin>912</ymin>
            <xmax>357</xmax>
            <ymax>1005</ymax>
        </bndbox>
    </object>    <object>
        <name>wheat_head</name>
        <pose>Unspecified</pose>
        <truncated>0</truncated>
        <difficult>0</difficult>
        <bndbox>
            <xmin>349</xmin>
            <ymin>748</ymin>
            <xmax>408</xmax>
            <ymax>846</ymax>
        </bndbox>
    </object>    <object>
        <name>wheat_head</name>
        <pose>Unspecified</pose>
        <truncated>0</truncated>
        <difficult>0</difficult>
        <bndbox>
            <xmin>502</xmin>
            <ymin>970</ymin>
            <xmax>551</xmax>
            <ymax>1022</ymax>
        </bndbox>
    </object>    <object>
        <name>wheat_head</name>
        <pose>Unspecified</pose>
        <truncated>0</truncated>
        <difficult>0</difficult>
        <bndbox>
            <xmin>4</xmin>
            <ymin>344</ymin>
            <xmax>76</xmax>
            <ymax>397</ymax>
        </bndbox>
    </object>    <object>
        <name>wheat_head</name>
        <pose>Unspecified</pose>
        <truncated>0</truncated>
        <difficult>0</difficult>
        <bndbox>
            <xmin>311</xmin>
            <ymin>326</ymin>
            <xmax>342</xmax>
            <ymax>407</ymax>
        </bndbox>
    </object>    <object>
        <name>wheat_head</name>
        <pose>Unspecified</pose>
        <truncated>0</truncated>
        <difficult>0</difficult>
        <bndbox>
            <xmin>81</xmin>
            <ymin>471</ymin>
            <xmax>144</xmax>
            <ymax>540</ymax>
        </bndbox>
    </object>    <object>
        <name>wheat_head</name>
        <pose>Unspecified</pose>
        <truncated>0</truncated>
        <difficult>0</difficult>
        <bndbox>
            <xmin>0</xmin>
            <ymin>853</ymin>
            <xmax>96</xmax>
            <ymax>892</ymax>
        </bndbox>
    </object>    <object>
        <name>wheat_head</name>
        <pose>Unspecified</pose>
        <truncated>0</truncated>
        <difficult>0</difficult>
        <bndbox>
            <xmin>432</xmin>
            <ymin>551</ymin>
            <xmax>494</xmax>
            <ymax>626</ymax>
        </bndbox>
    </object>    <object>
        <name>wheat_head</name>
        <pose>Unspecified</pose>
        <truncated>0</truncated>
        <difficult>0</difficult>
        <bndbox>
            <xmin>916</xmin>
            <ymin>790</ymin>
            <xmax>969</xmax>
            <ymax>843</ymax>
        </bndbox>
    </object>    <object>
        <name>wheat_head</name>
        <pose>Unspecified</pose>
        <truncated>0</truncated>
        <difficult>0</difficult>
        <bndbox>
            <xmin>484</xmin>
            <ymin>553</ymin>
            <xmax>534</xmax>
            <ymax>617</ymax>
        </bndbox>
    </object>    <object>
        <name>wheat_head</name>
        <pose>Unspecified</pose>
        <truncated>0</truncated>
        <difficult>0</difficult>
        <bndbox>
            <xmin>50</xmin>
            <ymin>570</ymin>
            <xmax>111</xmax>
            <ymax>641</ymax>
        </bndbox>
    </object>    <object>
        <name>wheat_head</name>
        <pose>Unspecified</pose>
        <truncated>0</truncated>
        <difficult>0</difficult>
        <bndbox>
            <xmin>270</xmin>
            <ymin>913</ymin>
            <xmax>319</xmax>
            <ymax>1024</ymax>
        </bndbox>
    </object>    <object>
        <name>wheat_head</name>
        <pose>Unspecified</pose>
        <truncated>0</truncated>
        <difficult>0</difficult>
        <bndbox>
            <xmin>589</xmin>
            <ymin>899</ymin>
            <xmax>634</xmax>
            <ymax>955</ymax>
        </bndbox>
    </object>    <object>
        <name>wheat_head</name>
        <pose>Unspecified</pose>
        <truncated>0</truncated>
        <difficult>0</difficult>
        <bndbox>
            <xmin>416</xmin>
            <ymin>510</ymin>
            <xmax>479</xmax>
            <ymax>559</ymax>
        </bndbox>
    </object>    <object>
        <name>wheat_head</name>
        <pose>Unspecified</pose>
        <truncated>0</truncated>
        <difficult>0</difficult>
        <bndbox>
            <xmin>912</xmin>
            <ymin>56</ymin>
            <xmax>967</xmax>
            <ymax>170</ymax>
        </bndbox>
    </object>    <object>
        <name>wheat_head</name>
        <pose>Unspecified</pose>
        <truncated>0</truncated>
        <difficult>0</difficult>
        <bndbox>
            <xmin>780</xmin>
            <ymin>430</ymin>
            <xmax>811</xmax>
            <ymax>516</ymax>
        </bndbox>
    </object>    <object>
        <name>wheat_head</name>
        <pose>Unspecified</pose>
        <truncated>0</truncated>
        <difficult>0</difficult>
        <bndbox>
            <xmin>278</xmin>
            <ymin>443</ymin>
            <xmax>345</xmax>
            <ymax>499</ymax>
        </bndbox>
    </object>    <object>
        <name>wheat_head</name>
        <pose>Unspecified</pose>
        <truncated>0</truncated>
        <difficult>0</difficult>
        <bndbox>
            <xmin>854</xmin>
            <ymin>0</ymin>
            <xmax>888</xmax>
            <ymax>42</ymax>
        </bndbox>
    </object>    <object>
        <name>wheat_head</name>
        <pose>Unspecified</pose>
        <truncated>0</truncated>
        <difficult>0</difficult>
        <bndbox>
            <xmin>219</xmin>
            <ymin>511</ymin>
            <xmax>300</xmax>
            <ymax>560</ymax>
        </bndbox>
    </object>    <object>
        <name>wheat_head</name>
        <pose>Unspecified</pose>
        <truncated>0</truncated>
        <difficult>0</difficult>
        <bndbox>
            <xmin>309</xmin>
            <ymin>312</ymin>
            <xmax>356</xmax>
            <ymax>368</ymax>
        </bndbox>
    </object>    <object>
        <name>wheat_head</name>
        <pose>Unspecified</pose>
        <truncated>0</truncated>
        <difficult>0</difficult>
        <bndbox>
            <xmin>419</xmin>
            <ymin>86</ymin>
            <xmax>458</xmax>
            <ymax>136</ymax>
        </bndbox>
    </object>    <object>
        <name>wheat_head</name>
        <pose>Unspecified</pose>
        <truncated>0</truncated>
        <difficult>0</difficult>
        <bndbox>
            <xmin>350</xmin>
            <ymin>484</ymin>
            <xmax>389</xmax>
            <ymax>567</ymax>
        </bndbox>
    </object>    <object>
        <name>wheat_head</name>
        <pose>Unspecified</pose>
        <truncated>0</truncated>
        <difficult>0</difficult>
        <bndbox>
            <xmin>416</xmin>
            <ymin>906</ymin>
            <xmax>449</xmax>
            <ymax>1018</ymax>
        </bndbox>
    </object>    <object>
        <name>wheat_head</name>
        <pose>Unspecified</pose>
        <truncated>0</truncated>
        <difficult>0</difficult>
        <bndbox>
            <xmin>534</xmin>
            <ymin>372</ymin>
            <xmax>564</xmax>
            <ymax>445</ymax>
        </bndbox>
    </object>    <object>
        <name>wheat_head</name>
        <pose>Unspecified</pose>
        <truncated>0</truncated>
        <difficult>0</difficult>
        <bndbox>
            <xmin>225</xmin>
            <ymin>529</ymin>
            <xmax>308</xmax>
            <ymax>600</ymax>
        </bndbox>
    </object>    <object>
        <name>wheat_head</name>
        <pose>Unspecified</pose>
        <truncated>0</truncated>
        <difficult>0</difficult>
        <bndbox>
            <xmin>182</xmin>
            <ymin>169</ymin>
            <xmax>210</xmax>
            <ymax>230</ymax>
        </bndbox>
    </object>    <object>
        <name>wheat_head</name>
        <pose>Unspecified</pose>
        <truncated>0</truncated>
        <difficult>0</difficult>
        <bndbox>
            <xmin>794</xmin>
            <ymin>479</ymin>
            <xmax>849</xmax>
            <ymax>546</ymax>
        </bndbox>
    </object>    <object>
        <name>wheat_head</name>
        <pose>Unspecified</pose>
        <truncated>0</truncated>
        <difficult>0</difficult>
        <bndbox>
            <xmin>305</xmin>
            <ymin>539</ymin>
            <xmax>338</xmax>
            <ymax>606</ymax>
        </bndbox>
    </object>    <object>
        <name>wheat_head</name>
        <pose>Unspecified</pose>
        <truncated>0</truncated>
        <difficult>0</difficult>
        <bndbox>
            <xmin>737</xmin>
            <ymin>908</ymin>
            <xmax>806</xmax>
            <ymax>962</ymax>
        </bndbox>
    </object>    <object>
        <name>wheat_head</name>
        <pose>Unspecified</pose>
        <truncated>0</truncated>
        <difficult>0</difficult>
        <bndbox>
            <xmin>693</xmin>
            <ymin>0</ymin>
            <xmax>724</xmax>
            <ymax>28</ymax>
        </bndbox>
    </object>    <object>
        <name>wheat_head</name>
        <pose>Unspecified</pose>
        <truncated>0</truncated>
        <difficult>0</difficult>
        <bndbox>
            <xmin>857</xmin>
            <ymin>999</ymin>
            <xmax>886</xmax>
            <ymax>1024</ymax>
        </bndbox>
    </object>    <object>
        <name>wheat_head</name>
        <pose>Unspecified</pose>
        <truncated>0</truncated>
        <difficult>0</difficult>
        <bndbox>
            <xmin>921</xmin>
            <ymin>858</ymin>
            <xmax>965</xmax>
            <ymax>913</ymax>
        </bndbox>
    </object>    <object>
        <name>wheat_head</name>
        <pose>Unspecified</pose>
        <truncated>0</truncated>
        <difficult>0</difficult>
        <bndbox>
            <xmin>357</xmin>
            <ymin>968</ymin>
            <xmax>398</xmax>
            <ymax>1007</ymax>
        </bndbox>
    </object>    <object>
        <name>wheat_head</name>
        <pose>Unspecified</pose>
        <truncated>0</truncated>
        <difficult>0</difficult>
        <bndbox>
            <xmin>649</xmin>
            <ymin>1</ymin>
            <xmax>694</xmax>
            <ymax>21</ymax>
        </bndbox>
    </object>    <object>
        <name>wheat_head</name>
        <pose>Unspecified</pose>
        <truncated>0</truncated>
        <difficult>0</difficult>
        <bndbox>
            <xmin>904</xmin>
            <ymin>0</ymin>
            <xmax>943</xmax>
            <ymax>26</ymax>
        </bndbox>
    </object>    <object>
        <name>wheat_head</name>
        <pose>Unspecified</pose>
        <truncated>0</truncated>
        <difficult>0</difficult>
        <bndbox>
            <xmin>789</xmin>
            <ymin>0</ymin>
            <xmax>835</xmax>
            <ymax>19</ymax>
        </bndbox>
    </object>    <object>
        <name>wheat_head</name>
        <pose>Unspecified</pose>
        <truncated>0</truncated>
        <difficult>0</difficult>
        <bndbox>
            <xmin>436</xmin>
            <ymin>974</ymin>
            <xmax>467</xmax>
            <ymax>1024</ymax>
        </bndbox>
    </object>
</annotation>
