<annotation>
    <folder>images</folder>
    <filename>302fd5e69.jpg</filename>
    <path>/home/badhon/Documents/thesis/final_dataset/ethz_1/images/302fd5e69.jpg</path>
    <source>
        <database>Unknown</database>
    </source>
    <size>
        <width>1024</width>
        <height>1024</height>
        <depth>3</depth>
    </size>
    <segmented>0</segmented>
    <object>
        <name>wheat_head</name>
        <pose>Unspecified</pose>
        <truncated>0</truncated>
        <difficult>0</difficult>
        <bndbox>
            <xmin>789</xmin>
            <ymin>27</ymin>
            <xmax>858</xmax>
            <ymax>126</ymax>
        </bndbox>
    </object>    <object>
        <name>wheat_head</name>
        <pose>Unspecified</pose>
        <truncated>0</truncated>
        <difficult>0</difficult>
        <bndbox>
            <xmin>775</xmin>
            <ymin>238</ymin>
            <xmax>832</xmax>
            <ymax>333</ymax>
        </bndbox>
    </object>    <object>
        <name>wheat_head</name>
        <pose>Unspecified</pose>
        <truncated>0</truncated>
        <difficult>0</difficult>
        <bndbox>
            <xmin>481</xmin>
            <ymin>214</ymin>
            <xmax>548</xmax>
            <ymax>299</ymax>
        </bndbox>
    </object>    <object>
        <name>wheat_head</name>
        <pose>Unspecified</pose>
        <truncated>0</truncated>
        <difficult>0</difficult>
        <bndbox>
            <xmin>974</xmin>
            <ymin>202</ymin>
            <xmax>1024</xmax>
            <ymax>293</ymax>
        </bndbox>
    </object>    <object>
        <name>wheat_head</name>
        <pose>Unspecified</pose>
        <truncated>0</truncated>
        <difficult>0</difficult>
        <bndbox>
            <xmin>0</xmin>
            <ymin>79</ymin>
            <xmax>42</xmax>
            <ymax>177</ymax>
        </bndbox>
    </object>    <object>
        <name>wheat_head</name>
        <pose>Unspecified</pose>
        <truncated>0</truncated>
        <difficult>0</difficult>
        <bndbox>
            <xmin>860</xmin>
            <ymin>432</ymin>
            <xmax>933</xmax>
            <ymax>518</ymax>
        </bndbox>
    </object>    <object>
        <name>wheat_head</name>
        <pose>Unspecified</pose>
        <truncated>0</truncated>
        <difficult>0</difficult>
        <bndbox>
            <xmin>72</xmin>
            <ymin>468</ymin>
            <xmax>159</xmax>
            <ymax>516</ymax>
        </bndbox>
    </object>    <object>
        <name>wheat_head</name>
        <pose>Unspecified</pose>
        <truncated>0</truncated>
        <difficult>0</difficult>
        <bndbox>
            <xmin>229</xmin>
            <ymin>970</ymin>
            <xmax>293</xmax>
            <ymax>1022</ymax>
        </bndbox>
    </object>    <object>
        <name>wheat_head</name>
        <pose>Unspecified</pose>
        <truncated>0</truncated>
        <difficult>0</difficult>
        <bndbox>
            <xmin>610</xmin>
            <ymin>408</ymin>
            <xmax>679</xmax>
            <ymax>471</ymax>
        </bndbox>
    </object>    <object>
        <name>wheat_head</name>
        <pose>Unspecified</pose>
        <truncated>0</truncated>
        <difficult>0</difficult>
        <bndbox>
            <xmin>68</xmin>
            <ymin>107</ymin>
            <xmax>128</xmax>
            <ymax>182</ymax>
        </bndbox>
    </object>    <object>
        <name>wheat_head</name>
        <pose>Unspecified</pose>
        <truncated>0</truncated>
        <difficult>0</difficult>
        <bndbox>
            <xmin>0</xmin>
            <ymin>473</ymin>
            <xmax>91</xmax>
            <ymax>543</ymax>
        </bndbox>
    </object>    <object>
        <name>wheat_head</name>
        <pose>Unspecified</pose>
        <truncated>0</truncated>
        <difficult>0</difficult>
        <bndbox>
            <xmin>716</xmin>
            <ymin>817</ymin>
            <xmax>786</xmax>
            <ymax>868</ymax>
        </bndbox>
    </object>    <object>
        <name>wheat_head</name>
        <pose>Unspecified</pose>
        <truncated>0</truncated>
        <difficult>0</difficult>
        <bndbox>
            <xmin>297</xmin>
            <ymin>719</ymin>
            <xmax>353</xmax>
            <ymax>787</ymax>
        </bndbox>
    </object>    <object>
        <name>wheat_head</name>
        <pose>Unspecified</pose>
        <truncated>0</truncated>
        <difficult>0</difficult>
        <bndbox>
            <xmin>797</xmin>
            <ymin>378</ymin>
            <xmax>875</xmax>
            <ymax>423</ymax>
        </bndbox>
    </object>    <object>
        <name>wheat_head</name>
        <pose>Unspecified</pose>
        <truncated>0</truncated>
        <difficult>0</difficult>
        <bndbox>
            <xmin>315</xmin>
            <ymin>386</ymin>
            <xmax>380</xmax>
            <ymax>435</ymax>
        </bndbox>
    </object>    <object>
        <name>wheat_head</name>
        <pose>Unspecified</pose>
        <truncated>0</truncated>
        <difficult>0</difficult>
        <bndbox>
            <xmin>809</xmin>
            <ymin>819</ymin>
            <xmax>880</xmax>
            <ymax>882</ymax>
        </bndbox>
    </object>    <object>
        <name>wheat_head</name>
        <pose>Unspecified</pose>
        <truncated>0</truncated>
        <difficult>0</difficult>
        <bndbox>
            <xmin>551</xmin>
            <ymin>778</ymin>
            <xmax>622</xmax>
            <ymax>836</ymax>
        </bndbox>
    </object>    <object>
        <name>wheat_head</name>
        <pose>Unspecified</pose>
        <truncated>0</truncated>
        <difficult>0</difficult>
        <bndbox>
            <xmin>402</xmin>
            <ymin>933</ymin>
            <xmax>482</xmax>
            <ymax>993</ymax>
        </bndbox>
    </object>    <object>
        <name>wheat_head</name>
        <pose>Unspecified</pose>
        <truncated>0</truncated>
        <difficult>0</difficult>
        <bndbox>
            <xmin>275</xmin>
            <ymin>252</ymin>
            <xmax>353</xmax>
            <ymax>290</ymax>
        </bndbox>
    </object>    <object>
        <name>wheat_head</name>
        <pose>Unspecified</pose>
        <truncated>0</truncated>
        <difficult>0</difficult>
        <bndbox>
            <xmin>0</xmin>
            <ymin>331</ymin>
            <xmax>154</xmax>
            <ymax>410</ymax>
        </bndbox>
    </object>    <object>
        <name>wheat_head</name>
        <pose>Unspecified</pose>
        <truncated>0</truncated>
        <difficult>0</difficult>
        <bndbox>
            <xmin>615</xmin>
            <ymin>774</ymin>
            <xmax>673</xmax>
            <ymax>830</ymax>
        </bndbox>
    </object>    <object>
        <name>wheat_head</name>
        <pose>Unspecified</pose>
        <truncated>0</truncated>
        <difficult>0</difficult>
        <bndbox>
            <xmin>307</xmin>
            <ymin>525</ymin>
            <xmax>380</xmax>
            <ymax>566</ymax>
        </bndbox>
    </object>    <object>
        <name>wheat_head</name>
        <pose>Unspecified</pose>
        <truncated>0</truncated>
        <difficult>0</difficult>
        <bndbox>
            <xmin>667</xmin>
            <ymin>510</ymin>
            <xmax>750</xmax>
            <ymax>550</ymax>
        </bndbox>
    </object>    <object>
        <name>wheat_head</name>
        <pose>Unspecified</pose>
        <truncated>0</truncated>
        <difficult>0</difficult>
        <bndbox>
            <xmin>800</xmin>
            <ymin>673</ymin>
            <xmax>854</xmax>
            <ymax>709</ymax>
        </bndbox>
    </object>    <object>
        <name>wheat_head</name>
        <pose>Unspecified</pose>
        <truncated>0</truncated>
        <difficult>0</difficult>
        <bndbox>
            <xmin>232</xmin>
            <ymin>555</ymin>
            <xmax>286</xmax>
            <ymax>611</ymax>
        </bndbox>
    </object>    <object>
        <name>wheat_head</name>
        <pose>Unspecified</pose>
        <truncated>0</truncated>
        <difficult>0</difficult>
        <bndbox>
            <xmin>927</xmin>
            <ymin>928</ymin>
            <xmax>981</xmax>
            <ymax>987</ymax>
        </bndbox>
    </object>    <object>
        <name>wheat_head</name>
        <pose>Unspecified</pose>
        <truncated>0</truncated>
        <difficult>0</difficult>
        <bndbox>
            <xmin>670</xmin>
            <ymin>943</ymin>
            <xmax>715</xmax>
            <ymax>1024</ymax>
        </bndbox>
    </object>    <object>
        <name>wheat_head</name>
        <pose>Unspecified</pose>
        <truncated>0</truncated>
        <difficult>0</difficult>
        <bndbox>
            <xmin>150</xmin>
            <ymin>378</ymin>
            <xmax>207</xmax>
            <ymax>427</ymax>
        </bndbox>
    </object>    <object>
        <name>wheat_head</name>
        <pose>Unspecified</pose>
        <truncated>0</truncated>
        <difficult>0</difficult>
        <bndbox>
            <xmin>141</xmin>
            <ymin>199</ymin>
            <xmax>197</xmax>
            <ymax>247</ymax>
        </bndbox>
    </object>    <object>
        <name>wheat_head</name>
        <pose>Unspecified</pose>
        <truncated>0</truncated>
        <difficult>0</difficult>
        <bndbox>
            <xmin>869</xmin>
            <ymin>805</ymin>
            <xmax>921</xmax>
            <ymax>875</ymax>
        </bndbox>
    </object>    <object>
        <name>wheat_head</name>
        <pose>Unspecified</pose>
        <truncated>0</truncated>
        <difficult>0</difficult>
        <bndbox>
            <xmin>401</xmin>
            <ymin>690</ymin>
            <xmax>464</xmax>
            <ymax>723</ymax>
        </bndbox>
    </object>    <object>
        <name>wheat_head</name>
        <pose>Unspecified</pose>
        <truncated>0</truncated>
        <difficult>0</difficult>
        <bndbox>
            <xmin>208</xmin>
            <ymin>294</ymin>
            <xmax>271</xmax>
            <ymax>333</ymax>
        </bndbox>
    </object>    <object>
        <name>wheat_head</name>
        <pose>Unspecified</pose>
        <truncated>0</truncated>
        <difficult>0</difficult>
        <bndbox>
            <xmin>498</xmin>
            <ymin>595</ymin>
            <xmax>592</xmax>
            <ymax>648</ymax>
        </bndbox>
    </object>    <object>
        <name>wheat_head</name>
        <pose>Unspecified</pose>
        <truncated>0</truncated>
        <difficult>0</difficult>
        <bndbox>
            <xmin>368</xmin>
            <ymin>279</ymin>
            <xmax>430</xmax>
            <ymax>323</ymax>
        </bndbox>
    </object>    <object>
        <name>wheat_head</name>
        <pose>Unspecified</pose>
        <truncated>0</truncated>
        <difficult>0</difficult>
        <bndbox>
            <xmin>510</xmin>
            <ymin>349</ymin>
            <xmax>562</xmax>
            <ymax>395</ymax>
        </bndbox>
    </object>    <object>
        <name>wheat_head</name>
        <pose>Unspecified</pose>
        <truncated>0</truncated>
        <difficult>0</difficult>
        <bndbox>
            <xmin>144</xmin>
            <ymin>524</ymin>
            <xmax>227</xmax>
            <ymax>569</ymax>
        </bndbox>
    </object>    <object>
        <name>wheat_head</name>
        <pose>Unspecified</pose>
        <truncated>0</truncated>
        <difficult>0</difficult>
        <bndbox>
            <xmin>4</xmin>
            <ymin>225</ymin>
            <xmax>81</xmax>
            <ymax>262</ymax>
        </bndbox>
    </object>    <object>
        <name>wheat_head</name>
        <pose>Unspecified</pose>
        <truncated>0</truncated>
        <difficult>0</difficult>
        <bndbox>
            <xmin>507</xmin>
            <ymin>185</ymin>
            <xmax>554</xmax>
            <ymax>245</ymax>
        </bndbox>
    </object>    <object>
        <name>wheat_head</name>
        <pose>Unspecified</pose>
        <truncated>0</truncated>
        <difficult>0</difficult>
        <bndbox>
            <xmin>170</xmin>
            <ymin>0</ymin>
            <xmax>211</xmax>
            <ymax>28</ymax>
        </bndbox>
    </object>    <object>
        <name>wheat_head</name>
        <pose>Unspecified</pose>
        <truncated>0</truncated>
        <difficult>0</difficult>
        <bndbox>
            <xmin>0</xmin>
            <ymin>167</ymin>
            <xmax>151</xmax>
            <ymax>262</ymax>
        </bndbox>
    </object>    <object>
        <name>wheat_head</name>
        <pose>Unspecified</pose>
        <truncated>0</truncated>
        <difficult>0</difficult>
        <bndbox>
            <xmin>694</xmin>
            <ymin>420</ymin>
            <xmax>754</xmax>
            <ymax>459</ymax>
        </bndbox>
    </object>    <object>
        <name>wheat_head</name>
        <pose>Unspecified</pose>
        <truncated>0</truncated>
        <difficult>0</difficult>
        <bndbox>
            <xmin>0</xmin>
            <ymin>993</ymin>
            <xmax>28</xmax>
            <ymax>1024</ymax>
        </bndbox>
    </object>    <object>
        <name>wheat_head</name>
        <pose>Unspecified</pose>
        <truncated>0</truncated>
        <difficult>0</difficult>
        <bndbox>
            <xmin>375</xmin>
            <ymin>547</ymin>
            <xmax>463</xmax>
            <ymax>584</ymax>
        </bndbox>
    </object>    <object>
        <name>wheat_head</name>
        <pose>Unspecified</pose>
        <truncated>0</truncated>
        <difficult>0</difficult>
        <bndbox>
            <xmin>356</xmin>
            <ymin>800</ymin>
            <xmax>423</xmax>
            <ymax>841</ymax>
        </bndbox>
    </object>    <object>
        <name>wheat_head</name>
        <pose>Unspecified</pose>
        <truncated>0</truncated>
        <difficult>0</difficult>
        <bndbox>
            <xmin>782</xmin>
            <ymin>575</ymin>
            <xmax>865</xmax>
            <ymax>631</ymax>
        </bndbox>
    </object>    <object>
        <name>wheat_head</name>
        <pose>Unspecified</pose>
        <truncated>0</truncated>
        <difficult>0</difficult>
        <bndbox>
            <xmin>186</xmin>
            <ymin>652</ymin>
            <xmax>241</xmax>
            <ymax>696</ymax>
        </bndbox>
    </object>    <object>
        <name>wheat_head</name>
        <pose>Unspecified</pose>
        <truncated>0</truncated>
        <difficult>0</difficult>
        <bndbox>
            <xmin>621</xmin>
            <ymin>767</ymin>
            <xmax>675</xmax>
            <ymax>808</ymax>
        </bndbox>
    </object>    <object>
        <name>wheat_head</name>
        <pose>Unspecified</pose>
        <truncated>0</truncated>
        <difficult>0</difficult>
        <bndbox>
            <xmin>143</xmin>
            <ymin>2</ymin>
            <xmax>191</xmax>
            <ymax>47</ymax>
        </bndbox>
    </object>    <object>
        <name>wheat_head</name>
        <pose>Unspecified</pose>
        <truncated>0</truncated>
        <difficult>0</difficult>
        <bndbox>
            <xmin>337</xmin>
            <ymin>580</ymin>
            <xmax>372</xmax>
            <ymax>638</ymax>
        </bndbox>
    </object>    <object>
        <name>wheat_head</name>
        <pose>Unspecified</pose>
        <truncated>0</truncated>
        <difficult>0</difficult>
        <bndbox>
            <xmin>124</xmin>
            <ymin>131</ymin>
            <xmax>173</xmax>
            <ymax>172</ymax>
        </bndbox>
    </object>    <object>
        <name>wheat_head</name>
        <pose>Unspecified</pose>
        <truncated>0</truncated>
        <difficult>0</difficult>
        <bndbox>
            <xmin>0</xmin>
            <ymin>891</ymin>
            <xmax>33</xmax>
            <ymax>929</ymax>
        </bndbox>
    </object>    <object>
        <name>wheat_head</name>
        <pose>Unspecified</pose>
        <truncated>0</truncated>
        <difficult>0</difficult>
        <bndbox>
            <xmin>180</xmin>
            <ymin>794</ymin>
            <xmax>228</xmax>
            <ymax>832</ymax>
        </bndbox>
    </object>    <object>
        <name>wheat_head</name>
        <pose>Unspecified</pose>
        <truncated>0</truncated>
        <difficult>0</difficult>
        <bndbox>
            <xmin>763</xmin>
            <ymin>813</ymin>
            <xmax>821</xmax>
            <ymax>846</ymax>
        </bndbox>
    </object>    <object>
        <name>wheat_head</name>
        <pose>Unspecified</pose>
        <truncated>0</truncated>
        <difficult>0</difficult>
        <bndbox>
            <xmin>389</xmin>
            <ymin>498</ymin>
            <xmax>435</xmax>
            <ymax>521</ymax>
        </bndbox>
    </object>    <object>
        <name>wheat_head</name>
        <pose>Unspecified</pose>
        <truncated>0</truncated>
        <difficult>0</difficult>
        <bndbox>
            <xmin>572</xmin>
            <ymin>501</ymin>
            <xmax>615</xmax>
            <ymax>536</ymax>
        </bndbox>
    </object>    <object>
        <name>wheat_head</name>
        <pose>Unspecified</pose>
        <truncated>0</truncated>
        <difficult>0</difficult>
        <bndbox>
            <xmin>632</xmin>
            <ymin>1003</ymin>
            <xmax>663</xmax>
            <ymax>1024</ymax>
        </bndbox>
    </object>    <object>
        <name>wheat_head</name>
        <pose>Unspecified</pose>
        <truncated>0</truncated>
        <difficult>0</difficult>
        <bndbox>
            <xmin>561</xmin>
            <ymin>569</ymin>
            <xmax>613</xmax>
            <ymax>614</ymax>
        </bndbox>
    </object>    <object>
        <name>wheat_head</name>
        <pose>Unspecified</pose>
        <truncated>0</truncated>
        <difficult>0</difficult>
        <bndbox>
            <xmin>958</xmin>
            <ymin>751</ymin>
            <xmax>994</xmax>
            <ymax>797</ymax>
        </bndbox>
    </object>    <object>
        <name>wheat_head</name>
        <pose>Unspecified</pose>
        <truncated>0</truncated>
        <difficult>0</difficult>
        <bndbox>
            <xmin>499</xmin>
            <ymin>891</ymin>
            <xmax>561</xmax>
            <ymax>928</ymax>
        </bndbox>
    </object>    <object>
        <name>wheat_head</name>
        <pose>Unspecified</pose>
        <truncated>0</truncated>
        <difficult>0</difficult>
        <bndbox>
            <xmin>517</xmin>
            <ymin>678</ymin>
            <xmax>562</xmax>
            <ymax>730</ymax>
        </bndbox>
    </object>    <object>
        <name>wheat_head</name>
        <pose>Unspecified</pose>
        <truncated>0</truncated>
        <difficult>0</difficult>
        <bndbox>
            <xmin>656</xmin>
            <ymin>400</ymin>
            <xmax>712</xmax>
            <ymax>420</ymax>
        </bndbox>
    </object>    <object>
        <name>wheat_head</name>
        <pose>Unspecified</pose>
        <truncated>0</truncated>
        <difficult>0</difficult>
        <bndbox>
            <xmin>912</xmin>
            <ymin>969</ymin>
            <xmax>944</xmax>
            <ymax>1006</ymax>
        </bndbox>
    </object>    <object>
        <name>wheat_head</name>
        <pose>Unspecified</pose>
        <truncated>0</truncated>
        <difficult>0</difficult>
        <bndbox>
            <xmin>989</xmin>
            <ymin>589</ymin>
            <xmax>1024</xmax>
            <ymax>650</ymax>
        </bndbox>
    </object>
</annotation>
