<annotation>
    <folder>images</folder>
    <filename>40b8f078e.jpg</filename>
    <path>/home/badhon/Documents/thesis/final_dataset/ethz_1/images/40b8f078e.jpg</path>
    <source>
        <database>Unknown</database>
    </source>
    <size>
        <width>1024</width>
        <height>1024</height>
        <depth>3</depth>
    </size>
    <segmented>0</segmented>
    <object>
        <name>wheat_head</name>
        <pose>Unspecified</pose>
        <truncated>0</truncated>
        <difficult>0</difficult>
        <bndbox>
            <xmin>307</xmin>
            <ymin>24</ymin>
            <xmax>361</xmax>
            <ymax>135</ymax>
        </bndbox>
    </object>    <object>
        <name>wheat_head</name>
        <pose>Unspecified</pose>
        <truncated>0</truncated>
        <difficult>0</difficult>
        <bndbox>
            <xmin>42</xmin>
            <ymin>484</ymin>
            <xmax>113</xmax>
            <ymax>574</ymax>
        </bndbox>
    </object>    <object>
        <name>wheat_head</name>
        <pose>Unspecified</pose>
        <truncated>0</truncated>
        <difficult>0</difficult>
        <bndbox>
            <xmin>240</xmin>
            <ymin>771</ymin>
            <xmax>364</xmax>
            <ymax>855</ymax>
        </bndbox>
    </object>    <object>
        <name>wheat_head</name>
        <pose>Unspecified</pose>
        <truncated>0</truncated>
        <difficult>0</difficult>
        <bndbox>
            <xmin>81</xmin>
            <ymin>151</ymin>
            <xmax>155</xmax>
            <ymax>247</ymax>
        </bndbox>
    </object>    <object>
        <name>wheat_head</name>
        <pose>Unspecified</pose>
        <truncated>0</truncated>
        <difficult>0</difficult>
        <bndbox>
            <xmin>34</xmin>
            <ymin>957</ymin>
            <xmax>106</xmax>
            <ymax>1021</ymax>
        </bndbox>
    </object>    <object>
        <name>wheat_head</name>
        <pose>Unspecified</pose>
        <truncated>0</truncated>
        <difficult>0</difficult>
        <bndbox>
            <xmin>27</xmin>
            <ymin>927</ymin>
            <xmax>121</xmax>
            <ymax>984</ymax>
        </bndbox>
    </object>    <object>
        <name>wheat_head</name>
        <pose>Unspecified</pose>
        <truncated>0</truncated>
        <difficult>0</difficult>
        <bndbox>
            <xmin>582</xmin>
            <ymin>266</ymin>
            <xmax>629</xmax>
            <ymax>344</ymax>
        </bndbox>
    </object>    <object>
        <name>wheat_head</name>
        <pose>Unspecified</pose>
        <truncated>0</truncated>
        <difficult>0</difficult>
        <bndbox>
            <xmin>816</xmin>
            <ymin>868</ymin>
            <xmax>866</xmax>
            <ymax>980</ymax>
        </bndbox>
    </object>    <object>
        <name>wheat_head</name>
        <pose>Unspecified</pose>
        <truncated>0</truncated>
        <difficult>0</difficult>
        <bndbox>
            <xmin>225</xmin>
            <ymin>490</ymin>
            <xmax>303</xmax>
            <ymax>604</ymax>
        </bndbox>
    </object>    <object>
        <name>wheat_head</name>
        <pose>Unspecified</pose>
        <truncated>0</truncated>
        <difficult>0</difficult>
        <bndbox>
            <xmin>547</xmin>
            <ymin>943</ymin>
            <xmax>603</xmax>
            <ymax>1024</ymax>
        </bndbox>
    </object>    <object>
        <name>wheat_head</name>
        <pose>Unspecified</pose>
        <truncated>0</truncated>
        <difficult>0</difficult>
        <bndbox>
            <xmin>879</xmin>
            <ymin>882</ymin>
            <xmax>957</xmax>
            <ymax>1019</ymax>
        </bndbox>
    </object>    <object>
        <name>wheat_head</name>
        <pose>Unspecified</pose>
        <truncated>0</truncated>
        <difficult>0</difficult>
        <bndbox>
            <xmin>368</xmin>
            <ymin>477</ymin>
            <xmax>434</xmax>
            <ymax>557</ymax>
        </bndbox>
    </object>    <object>
        <name>wheat_head</name>
        <pose>Unspecified</pose>
        <truncated>0</truncated>
        <difficult>0</difficult>
        <bndbox>
            <xmin>970</xmin>
            <ymin>0</ymin>
            <xmax>1019</xmax>
            <ymax>53</ymax>
        </bndbox>
    </object>    <object>
        <name>wheat_head</name>
        <pose>Unspecified</pose>
        <truncated>0</truncated>
        <difficult>0</difficult>
        <bndbox>
            <xmin>816</xmin>
            <ymin>521</ymin>
            <xmax>880</xmax>
            <ymax>604</ymax>
        </bndbox>
    </object>    <object>
        <name>wheat_head</name>
        <pose>Unspecified</pose>
        <truncated>0</truncated>
        <difficult>0</difficult>
        <bndbox>
            <xmin>977</xmin>
            <ymin>467</ymin>
            <xmax>1018</xmax>
            <ymax>555</ymax>
        </bndbox>
    </object>    <object>
        <name>wheat_head</name>
        <pose>Unspecified</pose>
        <truncated>0</truncated>
        <difficult>0</difficult>
        <bndbox>
            <xmin>645</xmin>
            <ymin>755</ymin>
            <xmax>689</xmax>
            <ymax>819</ymax>
        </bndbox>
    </object>    <object>
        <name>wheat_head</name>
        <pose>Unspecified</pose>
        <truncated>0</truncated>
        <difficult>0</difficult>
        <bndbox>
            <xmin>521</xmin>
            <ymin>97</ymin>
            <xmax>676</xmax>
            <ymax>154</ymax>
        </bndbox>
    </object>    <object>
        <name>wheat_head</name>
        <pose>Unspecified</pose>
        <truncated>0</truncated>
        <difficult>0</difficult>
        <bndbox>
            <xmin>0</xmin>
            <ymin>40</ymin>
            <xmax>50</xmax>
            <ymax>100</ymax>
        </bndbox>
    </object>    <object>
        <name>wheat_head</name>
        <pose>Unspecified</pose>
        <truncated>0</truncated>
        <difficult>0</difficult>
        <bndbox>
            <xmin>443</xmin>
            <ymin>232</ymin>
            <xmax>475</xmax>
            <ymax>292</ymax>
        </bndbox>
    </object>    <object>
        <name>wheat_head</name>
        <pose>Unspecified</pose>
        <truncated>0</truncated>
        <difficult>0</difficult>
        <bndbox>
            <xmin>580</xmin>
            <ymin>450</ymin>
            <xmax>645</xmax>
            <ymax>492</ymax>
        </bndbox>
    </object>    <object>
        <name>wheat_head</name>
        <pose>Unspecified</pose>
        <truncated>0</truncated>
        <difficult>0</difficult>
        <bndbox>
            <xmin>453</xmin>
            <ymin>652</ymin>
            <xmax>535</xmax>
            <ymax>692</ymax>
        </bndbox>
    </object>    <object>
        <name>wheat_head</name>
        <pose>Unspecified</pose>
        <truncated>0</truncated>
        <difficult>0</difficult>
        <bndbox>
            <xmin>518</xmin>
            <ymin>251</ymin>
            <xmax>576</xmax>
            <ymax>330</ymax>
        </bndbox>
    </object>    <object>
        <name>wheat_head</name>
        <pose>Unspecified</pose>
        <truncated>0</truncated>
        <difficult>0</difficult>
        <bndbox>
            <xmin>70</xmin>
            <ymin>278</ymin>
            <xmax>125</xmax>
            <ymax>385</ymax>
        </bndbox>
    </object>    <object>
        <name>wheat_head</name>
        <pose>Unspecified</pose>
        <truncated>0</truncated>
        <difficult>0</difficult>
        <bndbox>
            <xmin>615</xmin>
            <ymin>558</ymin>
            <xmax>694</xmax>
            <ymax>599</ymax>
        </bndbox>
    </object>    <object>
        <name>wheat_head</name>
        <pose>Unspecified</pose>
        <truncated>0</truncated>
        <difficult>0</difficult>
        <bndbox>
            <xmin>765</xmin>
            <ymin>296</ymin>
            <xmax>809</xmax>
            <ymax>367</ymax>
        </bndbox>
    </object>    <object>
        <name>wheat_head</name>
        <pose>Unspecified</pose>
        <truncated>0</truncated>
        <difficult>0</difficult>
        <bndbox>
            <xmin>525</xmin>
            <ymin>582</ymin>
            <xmax>573</xmax>
            <ymax>655</ymax>
        </bndbox>
    </object>    <object>
        <name>wheat_head</name>
        <pose>Unspecified</pose>
        <truncated>0</truncated>
        <difficult>0</difficult>
        <bndbox>
            <xmin>905</xmin>
            <ymin>555</ymin>
            <xmax>1015</xmax>
            <ymax>685</ymax>
        </bndbox>
    </object>    <object>
        <name>wheat_head</name>
        <pose>Unspecified</pose>
        <truncated>0</truncated>
        <difficult>0</difficult>
        <bndbox>
            <xmin>95</xmin>
            <ymin>456</ymin>
            <xmax>157</xmax>
            <ymax>496</ymax>
        </bndbox>
    </object>    <object>
        <name>wheat_head</name>
        <pose>Unspecified</pose>
        <truncated>0</truncated>
        <difficult>0</difficult>
        <bndbox>
            <xmin>850</xmin>
            <ymin>379</ymin>
            <xmax>902</xmax>
            <ymax>428</ymax>
        </bndbox>
    </object>    <object>
        <name>wheat_head</name>
        <pose>Unspecified</pose>
        <truncated>0</truncated>
        <difficult>0</difficult>
        <bndbox>
            <xmin>382</xmin>
            <ymin>331</ymin>
            <xmax>456</xmax>
            <ymax>512</ymax>
        </bndbox>
    </object>    <object>
        <name>wheat_head</name>
        <pose>Unspecified</pose>
        <truncated>0</truncated>
        <difficult>0</difficult>
        <bndbox>
            <xmin>0</xmin>
            <ymin>722</ymin>
            <xmax>36</xmax>
            <ymax>752</ymax>
        </bndbox>
    </object>    <object>
        <name>wheat_head</name>
        <pose>Unspecified</pose>
        <truncated>0</truncated>
        <difficult>0</difficult>
        <bndbox>
            <xmin>626</xmin>
            <ymin>874</ymin>
            <xmax>674</xmax>
            <ymax>944</ymax>
        </bndbox>
    </object>    <object>
        <name>wheat_head</name>
        <pose>Unspecified</pose>
        <truncated>0</truncated>
        <difficult>0</difficult>
        <bndbox>
            <xmin>196</xmin>
            <ymin>60</ymin>
            <xmax>247</xmax>
            <ymax>121</ymax>
        </bndbox>
    </object>    <object>
        <name>wheat_head</name>
        <pose>Unspecified</pose>
        <truncated>0</truncated>
        <difficult>0</difficult>
        <bndbox>
            <xmin>898</xmin>
            <ymin>0</ymin>
            <xmax>928</xmax>
            <ymax>39</ymax>
        </bndbox>
    </object>    <object>
        <name>wheat_head</name>
        <pose>Unspecified</pose>
        <truncated>0</truncated>
        <difficult>0</difficult>
        <bndbox>
            <xmin>77</xmin>
            <ymin>819</ymin>
            <xmax>174</xmax>
            <ymax>880</ymax>
        </bndbox>
    </object>    <object>
        <name>wheat_head</name>
        <pose>Unspecified</pose>
        <truncated>0</truncated>
        <difficult>0</difficult>
        <bndbox>
            <xmin>308</xmin>
            <ymin>734</ymin>
            <xmax>396</xmax>
            <ymax>793</ymax>
        </bndbox>
    </object>    <object>
        <name>wheat_head</name>
        <pose>Unspecified</pose>
        <truncated>0</truncated>
        <difficult>0</difficult>
        <bndbox>
            <xmin>300</xmin>
            <ymin>655</ymin>
            <xmax>326</xmax>
            <ymax>716</ymax>
        </bndbox>
    </object>    <object>
        <name>wheat_head</name>
        <pose>Unspecified</pose>
        <truncated>0</truncated>
        <difficult>0</difficult>
        <bndbox>
            <xmin>0</xmin>
            <ymin>950</ymin>
            <xmax>34</xmax>
            <ymax>1024</ymax>
        </bndbox>
    </object>    <object>
        <name>wheat_head</name>
        <pose>Unspecified</pose>
        <truncated>0</truncated>
        <difficult>0</difficult>
        <bndbox>
            <xmin>171</xmin>
            <ymin>662</ymin>
            <xmax>239</xmax>
            <ymax>704</ymax>
        </bndbox>
    </object>    <object>
        <name>wheat_head</name>
        <pose>Unspecified</pose>
        <truncated>0</truncated>
        <difficult>0</difficult>
        <bndbox>
            <xmin>450</xmin>
            <ymin>606</ymin>
            <xmax>524</xmax>
            <ymax>643</ymax>
        </bndbox>
    </object>    <object>
        <name>wheat_head</name>
        <pose>Unspecified</pose>
        <truncated>0</truncated>
        <difficult>0</difficult>
        <bndbox>
            <xmin>98</xmin>
            <ymin>98</ymin>
            <xmax>151</xmax>
            <ymax>143</ymax>
        </bndbox>
    </object>    <object>
        <name>wheat_head</name>
        <pose>Unspecified</pose>
        <truncated>0</truncated>
        <difficult>0</difficult>
        <bndbox>
            <xmin>233</xmin>
            <ymin>562</ymin>
            <xmax>278</xmax>
            <ymax>629</ymax>
        </bndbox>
    </object>    <object>
        <name>wheat_head</name>
        <pose>Unspecified</pose>
        <truncated>0</truncated>
        <difficult>0</difficult>
        <bndbox>
            <xmin>972</xmin>
            <ymin>876</ymin>
            <xmax>1024</xmax>
            <ymax>996</ymax>
        </bndbox>
    </object>    <object>
        <name>wheat_head</name>
        <pose>Unspecified</pose>
        <truncated>0</truncated>
        <difficult>0</difficult>
        <bndbox>
            <xmin>114</xmin>
            <ymin>402</ymin>
            <xmax>210</xmax>
            <ymax>459</ymax>
        </bndbox>
    </object>    <object>
        <name>wheat_head</name>
        <pose>Unspecified</pose>
        <truncated>0</truncated>
        <difficult>0</difficult>
        <bndbox>
            <xmin>409</xmin>
            <ymin>911</ymin>
            <xmax>472</xmax>
            <ymax>983</ymax>
        </bndbox>
    </object>    <object>
        <name>wheat_head</name>
        <pose>Unspecified</pose>
        <truncated>0</truncated>
        <difficult>0</difficult>
        <bndbox>
            <xmin>875</xmin>
            <ymin>498</ymin>
            <xmax>909</xmax>
            <ymax>544</ymax>
        </bndbox>
    </object>    <object>
        <name>wheat_head</name>
        <pose>Unspecified</pose>
        <truncated>0</truncated>
        <difficult>0</difficult>
        <bndbox>
            <xmin>318</xmin>
            <ymin>490</ymin>
            <xmax>364</xmax>
            <ymax>529</ymax>
        </bndbox>
    </object>    <object>
        <name>wheat_head</name>
        <pose>Unspecified</pose>
        <truncated>0</truncated>
        <difficult>0</difficult>
        <bndbox>
            <xmin>0</xmin>
            <ymin>676</ymin>
            <xmax>54</xmax>
            <ymax>737</ymax>
        </bndbox>
    </object>    <object>
        <name>wheat_head</name>
        <pose>Unspecified</pose>
        <truncated>0</truncated>
        <difficult>0</difficult>
        <bndbox>
            <xmin>170</xmin>
            <ymin>601</ymin>
            <xmax>217</xmax>
            <ymax>643</ymax>
        </bndbox>
    </object>    <object>
        <name>wheat_head</name>
        <pose>Unspecified</pose>
        <truncated>0</truncated>
        <difficult>0</difficult>
        <bndbox>
            <xmin>348</xmin>
            <ymin>700</ymin>
            <xmax>399</xmax>
            <ymax>737</ymax>
        </bndbox>
    </object>    <object>
        <name>wheat_head</name>
        <pose>Unspecified</pose>
        <truncated>0</truncated>
        <difficult>0</difficult>
        <bndbox>
            <xmin>232</xmin>
            <ymin>700</ymin>
            <xmax>361</xmax>
            <ymax>752</ymax>
        </bndbox>
    </object>    <object>
        <name>wheat_head</name>
        <pose>Unspecified</pose>
        <truncated>0</truncated>
        <difficult>0</difficult>
        <bndbox>
            <xmin>890</xmin>
            <ymin>250</ymin>
            <xmax>925</xmax>
            <ymax>308</ymax>
        </bndbox>
    </object>    <object>
        <name>wheat_head</name>
        <pose>Unspecified</pose>
        <truncated>0</truncated>
        <difficult>0</difficult>
        <bndbox>
            <xmin>845</xmin>
            <ymin>185</ymin>
            <xmax>911</xmax>
            <ymax>296</ymax>
        </bndbox>
    </object>    <object>
        <name>wheat_head</name>
        <pose>Unspecified</pose>
        <truncated>0</truncated>
        <difficult>0</difficult>
        <bndbox>
            <xmin>87</xmin>
            <ymin>496</ymin>
            <xmax>128</xmax>
            <ymax>535</ymax>
        </bndbox>
    </object>
</annotation>
